solid OpenSCAD_Model
  facet normal 0.313782 -0.949495 0
    outer loop
      vertex -39.2107 -34.6004 -6.31499
      vertex -39.0709 -34.5542 -5.29999
      vertex -39.2107 -34.6004 -5.29999
    endloop
  endfacet
  facet normal 0.313782 -0.949495 0
    outer loop
      vertex -39.0709 -34.5542 -5.29999
      vertex -39.2107 -34.6004 -6.31499
      vertex -39.0709 -34.5542 -6.31499
    endloop
  endfacet
  facet normal 0.122865 0.992423 -0
    outer loop
      vertex -38.494 -40.4106 -6.31499
      vertex -38.6402 -40.3925 -5.29999
      vertex -38.494 -40.4106 -5.29999
    endloop
  endfacet
  facet normal 0.122865 0.992423 0
    outer loop
      vertex -38.6402 -40.3925 -5.29999
      vertex -38.494 -40.4106 -6.31499
      vertex -38.6402 -40.3925 -6.31499
    endloop
  endfacet
  facet normal 0.0733712 -0.997305 0
    outer loop
      vertex -38.494 -34.4394 -6.31499
      vertex -38.3472 -34.4286 -5.29999
      vertex -38.494 -34.4394 -5.29999
    endloop
  endfacet
  facet normal 0.0733712 -0.997305 0
    outer loop
      vertex -38.3472 -34.4286 -5.29999
      vertex -38.494 -34.4394 -6.31499
      vertex -38.3472 -34.4286 -6.31499
    endloop
  endfacet
  facet normal -0.0733215 0.997308 0
    outer loop
      vertex -37.9059 -40.4106 -6.31499
      vertex -38.0528 -40.4214 -5.29999
      vertex -37.9059 -40.4106 -5.29999
    endloop
  endfacet
  facet normal -0.0733215 0.997308 0
    outer loop
      vertex -38.0528 -40.4214 -5.29999
      vertex -37.9059 -40.4106 -6.31499
      vertex -38.0528 -40.4214 -6.31499
    endloop
  endfacet
  facet normal -0.359889 -0.932995 0
    outer loop
      vertex -37.1893 -34.6004 -6.31499
      vertex -37.0519 -34.6534 -5.29999
      vertex -37.1893 -34.6004 -5.29999
    endloop
  endfacet
  facet normal -0.359889 -0.932995 -0
    outer loop
      vertex -37.0519 -34.6534 -5.29999
      vertex -37.1893 -34.6004 -6.31499
      vertex -37.0519 -34.6534 -6.31499
    endloop
  endfacet
  facet normal 0.266734 0.96377 -0
    outer loop
      vertex -38.9289 -40.3351 -6.31499
      vertex -39.0709 -40.2958 -5.29999
      vertex -38.9289 -40.3351 -5.29999
    endloop
  endfacet
  facet normal 0.266734 0.96377 0
    outer loop
      vertex -39.0709 -40.2958 -5.29999
      vertex -38.9289 -40.3351 -6.31499
      vertex -39.0709 -40.2958 -6.31499
    endloop
  endfacet
  facet normal -0.535117 0.844778 0
    outer loop
      vertex -36.5333 -39.9194 -6.31499
      vertex -36.6577 -39.9982 -5.29999
      vertex -36.5333 -39.9194 -5.29999
    endloop
  endfacet
  facet normal -0.535117 0.844778 0
    outer loop
      vertex -36.6577 -39.9982 -5.29999
      vertex -36.5333 -39.9194 -6.31499
      vertex -36.6577 -39.9982 -6.31499
    endloop
  endfacet
  facet normal -0.449657 -0.893201 0
    outer loop
      vertex -36.9173 -34.713 -6.31499
      vertex -36.7858 -34.7792 -5.29999
      vertex -36.9173 -34.713 -5.29999
    endloop
  endfacet
  facet normal -0.449657 -0.893201 -0
    outer loop
      vertex -36.7858 -34.7792 -5.29999
      vertex -36.9173 -34.713 -6.31499
      vertex -36.7858 -34.7792 -6.31499
    endloop
  endfacet
  facet normal 0.535117 -0.844778 0
    outer loop
      vertex -39.8667 -34.9306 -6.31499
      vertex -39.7423 -34.8518 -5.29999
      vertex -39.8667 -34.9306 -5.29999
    endloop
  endfacet
  facet normal 0.535117 -0.844778 0
    outer loop
      vertex -39.7423 -34.8518 -5.29999
      vertex -39.8667 -34.9306 -6.31499
      vertex -39.7423 -34.8518 -6.31499
    endloop
  endfacet
  facet normal -0.493064 -0.869993 0
    outer loop
      vertex -36.7858 -34.7792 -6.31499
      vertex -36.6577 -34.8518 -5.29999
      vertex -36.7858 -34.7792 -5.29999
    endloop
  endfacet
  facet normal -0.493064 -0.869993 -0
    outer loop
      vertex -36.6577 -34.8518 -5.29999
      vertex -36.7858 -34.7792 -6.31499
      vertex -36.6577 -34.8518 -6.31499
    endloop
  endfacet
  facet normal -0.0244492 -0.999701 0
    outer loop
      vertex -38.2 -34.425 -6.31499
      vertex -38.0528 -34.4286 -5.29999
      vertex -38.2 -34.425 -5.29999
    endloop
  endfacet
  facet normal -0.0244492 -0.999701 -0
    outer loop
      vertex -38.0528 -34.4286 -5.29999
      vertex -38.2 -34.425 -6.31499
      vertex -38.0528 -34.4286 -6.31499
    endloop
  endfacet
  facet normal 0.122865 -0.992423 0
    outer loop
      vertex -38.6402 -34.4575 -6.31499
      vertex -38.494 -34.4394 -5.29999
      vertex -38.6402 -34.4575 -5.29999
    endloop
  endfacet
  facet normal 0.122865 -0.992423 0
    outer loop
      vertex -38.494 -34.4394 -5.29999
      vertex -38.6402 -34.4575 -6.31499
      vertex -38.494 -34.4394 -6.31499
    endloop
  endfacet
  facet normal 0.975624 0.219448 0
    outer loop
      vertex -41.1101 -38.1539 -5.29999
      vertex -41.1424 -38.0103 -6.31499
      vertex -41.1424 -38.0103 -5.29999
    endloop
  endfacet
  facet normal 0.975624 0.219448 0
    outer loop
      vertex -41.1424 -38.0103 -6.31499
      vertex -41.1101 -38.1539 -5.29999
      vertex -41.1101 -38.1539 -6.31499
    endloop
  endfacet
  facet normal -0.170453 -0.985366 0
    outer loop
      vertex -37.7598 -34.4575 -6.31499
      vertex -37.6147 -34.4826 -5.29999
      vertex -37.7598 -34.4575 -5.29999
    endloop
  endfacet
  facet normal -0.170453 -0.985366 -0
    outer loop
      vertex -37.6147 -34.4826 -5.29999
      vertex -37.7598 -34.4575 -6.31499
      vertex -37.6147 -34.4826 -6.31499
    endloop
  endfacet
  facet normal 0.985366 0.170453 0
    outer loop
      vertex -41.1424 -38.0103 -5.29999
      vertex -41.1675 -37.8652 -6.31499
      vertex -41.1675 -37.8652 -5.29999
    endloop
  endfacet
  facet normal 0.985366 0.170453 0
    outer loop
      vertex -41.1675 -37.8652 -6.31499
      vertex -41.1424 -38.0103 -5.29999
      vertex -41.1424 -38.0103 -6.31499
    endloop
  endfacet
  facet normal 0.949495 0.313782 0
    outer loop
      vertex -41.0246 -38.4357 -5.29999
      vertex -41.0708 -38.2959 -6.31499
      vertex -41.0708 -38.2959 -5.29999
    endloop
  endfacet
  facet normal 0.949495 0.313782 0
    outer loop
      vertex -41.0708 -38.2959 -6.31499
      vertex -41.0246 -38.4357 -5.29999
      vertex -41.0246 -38.4357 -6.31499
    endloop
  endfacet
  facet normal -0.788364 0.615209 0
    outer loop
      vertex -35.881 -39.3282 -6.31499
      vertex -35.7904 -39.2121 -5.29999
      vertex -35.7904 -39.2121 -6.31499
    endloop
  endfacet
  facet normal -0.788364 0.615209 0
    outer loop
      vertex -35.7904 -39.2121 -5.29999
      vertex -35.881 -39.3282 -6.31499
      vertex -35.881 -39.3282 -5.29999
    endloop
  endfacet
  facet normal -0.652859 0.757479 0
    outer loop
      vertex -36.1853 -39.6479 -6.31499
      vertex -36.2968 -39.744 -5.29999
      vertex -36.1853 -39.6479 -5.29999
    endloop
  endfacet
  facet normal -0.652859 0.757479 0
    outer loop
      vertex -36.2968 -39.744 -5.29999
      vertex -36.1853 -39.6479 -6.31499
      vertex -36.2968 -39.744 -6.31499
    endloop
  endfacet
  facet normal 0.999701 0.0244492 0
    outer loop
      vertex -41.1964 -37.5722 -5.29999
      vertex -41.2 -37.425 -6.31499
      vertex -41.2 -37.425 -5.29999
    endloop
  endfacet
  facet normal 0.999701 0.0244492 0
    outer loop
      vertex -41.2 -37.425 -6.31499
      vertex -41.1964 -37.5722 -5.29999
      vertex -41.1964 -37.5722 -6.31499
    endloop
  endfacet
  facet normal 0.689926 -0.723879 0
    outer loop
      vertex -40.3213 -35.3037 -6.31499
      vertex -40.2147 -35.2021 -5.29999
      vertex -40.3213 -35.3037 -5.29999
    endloop
  endfacet
  facet normal 0.689926 -0.723879 0
    outer loop
      vertex -40.2147 -35.2021 -5.29999
      vertex -40.3213 -35.3037 -6.31499
      vertex -40.2147 -35.2021 -6.31499
    endloop
  endfacet
  facet normal 0.757479 -0.652859 0
    outer loop
      vertex -40.519 -35.5218 -5.29999
      vertex -40.4229 -35.4103 -6.31499
      vertex -40.4229 -35.4103 -5.29999
    endloop
  endfacet
  facet normal 0.757479 -0.652859 0
    outer loop
      vertex -40.4229 -35.4103 -6.31499
      vertex -40.519 -35.5218 -5.29999
      vertex -40.519 -35.5218 -6.31499
    endloop
  endfacet
  facet normal 0.992413 -0.122948 0
    outer loop
      vertex -41.1856 -37.1309 -5.29999
      vertex -41.1675 -36.9848 -6.31499
      vertex -41.1675 -36.9848 -5.29999
    endloop
  endfacet
  facet normal 0.992413 -0.122948 0
    outer loop
      vertex -41.1675 -36.9848 -6.31499
      vertex -41.1856 -37.1309 -5.29999
      vertex -41.1856 -37.1309 -6.31499
    endloop
  endfacet
  facet normal -0.652859 -0.757479 0
    outer loop
      vertex -36.2968 -35.106 -6.31499
      vertex -36.1853 -35.2021 -5.29999
      vertex -36.2968 -35.106 -5.29999
    endloop
  endfacet
  facet normal -0.652859 -0.757479 -0
    outer loop
      vertex -36.1853 -35.2021 -5.29999
      vertex -36.2968 -35.106 -6.31499
      vertex -36.1853 -35.2021 -6.31499
    endloop
  endfacet
  facet normal -0.170453 0.985366 0
    outer loop
      vertex -37.6147 -40.3674 -6.31499
      vertex -37.7598 -40.3925 -5.29999
      vertex -37.6147 -40.3674 -5.29999
    endloop
  endfacet
  facet normal -0.170453 0.985366 0
    outer loop
      vertex -37.7598 -40.3925 -5.29999
      vertex -37.6147 -40.3674 -6.31499
      vertex -37.7598 -40.3925 -6.31499
    endloop
  endfacet
  facet normal -0.689926 0.723879 0
    outer loop
      vertex -36.0787 -39.5463 -6.31499
      vertex -36.1853 -39.6479 -5.29999
      vertex -36.0787 -39.5463 -5.29999
    endloop
  endfacet
  facet normal -0.689926 0.723879 0
    outer loop
      vertex -36.1853 -39.6479 -5.29999
      vertex -36.0787 -39.5463 -6.31499
      vertex -36.1853 -39.6479 -6.31499
    endloop
  endfacet
  facet normal -0.0244492 0.999701 0
    outer loop
      vertex -38.0528 -40.4214 -6.31499
      vertex -38.2 -40.425 -5.29999
      vertex -38.0528 -40.4214 -5.29999
    endloop
  endfacet
  facet normal -0.0244492 0.999701 0
    outer loop
      vertex -38.2 -40.425 -5.29999
      vertex -38.0528 -40.4214 -6.31499
      vertex -38.2 -40.425 -6.31499
    endloop
  endfacet
  facet normal -0.81757 -0.57583 0
    outer loop
      vertex -35.7056 -35.7583 -6.31499
      vertex -35.7904 -35.6379 -5.29999
      vertex -35.7904 -35.6379 -6.31499
    endloop
  endfacet
  facet normal -0.81757 -0.57583 0
    outer loop
      vertex -35.7904 -35.6379 -5.29999
      vertex -35.7056 -35.7583 -6.31499
      vertex -35.7056 -35.7583 -5.29999
    endloop
  endfacet
  facet normal 0.869993 0.493064 0
    outer loop
      vertex -40.7732 -38.9673 -5.29999
      vertex -40.8458 -38.8392 -6.31499
      vertex -40.8458 -38.8392 -5.29999
    endloop
  endfacet
  facet normal 0.869993 0.493064 0
    outer loop
      vertex -40.8458 -38.8392 -6.31499
      vertex -40.7732 -38.9673 -5.29999
      vertex -40.7732 -38.9673 -6.31499
    endloop
  endfacet
  facet normal -0.122948 -0.992413 0
    outer loop
      vertex -37.9059 -34.4394 -6.31499
      vertex -37.7598 -34.4575 -5.29999
      vertex -37.9059 -34.4394 -5.29999
    endloop
  endfacet
  facet normal -0.122948 -0.992413 -0
    outer loop
      vertex -37.7598 -34.4575 -5.29999
      vertex -37.9059 -34.4394 -6.31499
      vertex -37.7598 -34.4575 -6.31499
    endloop
  endfacet
  facet normal -0.689926 -0.723879 0
    outer loop
      vertex -36.1853 -35.2021 -6.31499
      vertex -36.0787 -35.3037 -5.29999
      vertex -36.1853 -35.2021 -5.29999
    endloop
  endfacet
  facet normal -0.689926 -0.723879 -0
    outer loop
      vertex -36.0787 -35.3037 -5.29999
      vertex -36.1853 -35.2021 -6.31499
      vertex -36.0787 -35.3037 -6.31499
    endloop
  endfacet
  facet normal 0.997308 0.0733215 0
    outer loop
      vertex -41.1856 -37.7191 -5.29999
      vertex -41.1964 -37.5722 -6.31499
      vertex -41.1964 -37.5722 -5.29999
    endloop
  endfacet
  facet normal 0.997308 0.0733215 0
    outer loop
      vertex -41.1964 -37.5722 -6.31499
      vertex -41.1856 -37.7191 -5.29999
      vertex -41.1856 -37.7191 -6.31499
    endloop
  endfacet
  facet normal 0.360117 0.932907 -0
    outer loop
      vertex -39.2107 -40.2496 -6.31499
      vertex -39.348 -40.1966 -5.29999
      vertex -39.2107 -40.2496 -5.29999
    endloop
  endfacet
  facet normal 0.360117 0.932907 0
    outer loop
      vertex -39.348 -40.1966 -5.29999
      vertex -39.2107 -40.2496 -6.31499
      vertex -39.348 -40.1966 -6.31499
    endloop
  endfacet
  facet normal 0.493064 -0.869993 0
    outer loop
      vertex -39.7423 -34.8518 -6.31499
      vertex -39.6142 -34.7792 -5.29999
      vertex -39.7423 -34.8518 -5.29999
    endloop
  endfacet
  facet normal 0.493064 -0.869993 0
    outer loop
      vertex -39.6142 -34.7792 -5.29999
      vertex -39.7423 -34.8518 -6.31499
      vertex -39.6142 -34.7792 -6.31499
    endloop
  endfacet
  facet normal -0.57583 0.81757 0
    outer loop
      vertex -36.4129 -39.8346 -6.31499
      vertex -36.5333 -39.9194 -5.29999
      vertex -36.4129 -39.8346 -5.29999
    endloop
  endfacet
  facet normal -0.57583 0.81757 0
    outer loop
      vertex -36.5333 -39.9194 -5.29999
      vertex -36.4129 -39.8346 -6.31499
      vertex -36.5333 -39.9194 -6.31499
    endloop
  endfacet
  facet normal 0.757479 0.652859 0
    outer loop
      vertex -40.4229 -39.4397 -5.29999
      vertex -40.519 -39.3282 -6.31499
      vertex -40.519 -39.3282 -5.29999
    endloop
  endfacet
  facet normal 0.757479 0.652859 0
    outer loop
      vertex -40.519 -39.3282 -6.31499
      vertex -40.4229 -39.4397 -5.29999
      vertex -40.4229 -39.4397 -6.31499
    endloop
  endfacet
  facet normal 0.652859 0.757479 -0
    outer loop
      vertex -40.1032 -39.744 -6.31499
      vertex -40.2147 -39.6479 -5.29999
      vertex -40.1032 -39.744 -5.29999
    endloop
  endfacet
  facet normal 0.652859 0.757479 0
    outer loop
      vertex -40.2147 -39.6479 -5.29999
      vertex -40.1032 -39.744 -6.31499
      vertex -40.2147 -39.6479 -6.31499
    endloop
  endfacet
  facet normal 0.914482 -0.404626 0
    outer loop
      vertex -40.9716 -36.277 -5.29999
      vertex -40.912 -36.1423 -6.31499
      vertex -40.912 -36.1423 -5.29999
    endloop
  endfacet
  facet normal 0.914482 -0.404626 0
    outer loop
      vertex -40.912 -36.1423 -6.31499
      vertex -40.9716 -36.277 -5.29999
      vertex -40.9716 -36.277 -6.31499
    endloop
  endfacet
  facet normal 0.788364 -0.615209 0
    outer loop
      vertex -40.6096 -35.6379 -5.29999
      vertex -40.519 -35.5218 -6.31499
      vertex -40.519 -35.5218 -5.29999
    endloop
  endfacet
  facet normal 0.788364 -0.615209 0
    outer loop
      vertex -40.519 -35.5218 -6.31499
      vertex -40.6096 -35.6379 -5.29999
      vertex -40.6096 -35.6379 -6.31499
    endloop
  endfacet
  facet normal 0.219448 -0.975624 0
    outer loop
      vertex -38.9289 -34.5149 -6.31499
      vertex -38.7853 -34.4826 -5.29999
      vertex -38.9289 -34.5149 -5.29999
    endloop
  endfacet
  facet normal 0.219448 -0.975624 0
    outer loop
      vertex -38.7853 -34.4826 -5.29999
      vertex -38.9289 -34.5149 -6.31499
      vertex -38.7853 -34.4826 -6.31499
    endloop
  endfacet
  facet normal 0.723879 0.689926 0
    outer loop
      vertex -40.3213 -39.5463 -5.29999
      vertex -40.4229 -39.4397 -6.31499
      vertex -40.4229 -39.4397 -5.29999
    endloop
  endfacet
  facet normal 0.723879 0.689926 0
    outer loop
      vertex -40.4229 -39.4397 -6.31499
      vertex -40.3213 -39.5463 -5.29999
      vertex -40.3213 -39.5463 -6.31499
    endloop
  endfacet
  facet normal 0.932907 -0.360117 0
    outer loop
      vertex -41.0246 -36.4143 -5.29999
      vertex -40.9716 -36.277 -6.31499
      vertex -40.9716 -36.277 -5.29999
    endloop
  endfacet
  facet normal 0.932907 -0.360117 0
    outer loop
      vertex -40.9716 -36.277 -6.31499
      vertex -41.0246 -36.4143 -5.29999
      vertex -41.0246 -36.4143 -6.31499
    endloop
  endfacet
  facet normal 0.96377 -0.266734 0
    outer loop
      vertex -41.1101 -36.6961 -5.29999
      vertex -41.0708 -36.5541 -6.31499
      vertex -41.0708 -36.5541 -5.29999
    endloop
  endfacet
  facet normal 0.96377 -0.266734 0
    outer loop
      vertex -41.0708 -36.5541 -6.31499
      vertex -41.1101 -36.6961 -5.29999
      vertex -41.1101 -36.6961 -6.31499
    endloop
  endfacet
  facet normal 0.893201 -0.449657 0
    outer loop
      vertex -40.912 -36.1423 -5.29999
      vertex -40.8458 -36.0108 -6.31499
      vertex -40.8458 -36.0108 -5.29999
    endloop
  endfacet
  facet normal 0.893201 -0.449657 0
    outer loop
      vertex -40.8458 -36.0108 -6.31499
      vertex -40.912 -36.1423 -5.29999
      vertex -40.912 -36.1423 -6.31499
    endloop
  endfacet
  facet normal -0.870048 -0.492966 0
    outer loop
      vertex -35.6 -35.93 -6.31499
      vertex -35.6268 -35.8827 -5.29999
      vertex -35.6268 -35.8827 -6.31499
    endloop
  endfacet
  facet normal -0.870048 -0.492966 0
    outer loop
      vertex -35.6268 -35.8827 -5.29999
      vertex -35.6 -35.93 -6.31499
      vertex -35.6 -35.93 -5.29999
    endloop
  endfacet
  facet normal 0.723879 -0.689926 0
    outer loop
      vertex -40.4229 -35.4103 -5.29999
      vertex -40.3213 -35.3037 -6.31499
      vertex -40.3213 -35.3037 -5.29999
    endloop
  endfacet
  facet normal 0.723879 -0.689926 0
    outer loop
      vertex -40.3213 -35.3037 -6.31499
      vertex -40.4229 -35.4103 -5.29999
      vertex -40.4229 -35.4103 -6.31499
    endloop
  endfacet
  facet normal -0.723879 0.689926 0
    outer loop
      vertex -36.0787 -39.5463 -6.31499
      vertex -35.9771 -39.4397 -5.29999
      vertex -35.9771 -39.4397 -6.31499
    endloop
  endfacet
  facet normal -0.723879 0.689926 0
    outer loop
      vertex -35.9771 -39.4397 -5.29999
      vertex -36.0787 -39.5463 -6.31499
      vertex -36.0787 -39.5463 -5.29999
    endloop
  endfacet
  facet normal -0.844778 -0.535117 0
    outer loop
      vertex -35.6268 -35.8827 -6.31499
      vertex -35.7056 -35.7583 -5.29999
      vertex -35.7056 -35.7583 -6.31499
    endloop
  endfacet
  facet normal -0.844778 -0.535117 0
    outer loop
      vertex -35.7056 -35.7583 -5.29999
      vertex -35.6268 -35.8827 -6.31499
      vertex -35.6268 -35.8827 -5.29999
    endloop
  endfacet
  facet normal 0.949495 -0.313782 0
    outer loop
      vertex -41.0708 -36.5541 -5.29999
      vertex -41.0246 -36.4143 -6.31499
      vertex -41.0246 -36.4143 -5.29999
    endloop
  endfacet
  facet normal 0.949495 -0.313782 0
    outer loop
      vertex -41.0246 -36.4143 -6.31499
      vertex -41.0708 -36.5541 -5.29999
      vertex -41.0708 -36.5541 -6.31499
    endloop
  endfacet
  facet normal 0.404626 0.914482 -0
    outer loop
      vertex -39.348 -40.1966 -6.31499
      vertex -39.4827 -40.137 -5.29999
      vertex -39.348 -40.1966 -5.29999
    endloop
  endfacet
  facet normal 0.404626 0.914482 0
    outer loop
      vertex -39.4827 -40.137 -5.29999
      vertex -39.348 -40.1966 -6.31499
      vertex -39.4827 -40.137 -6.31499
    endloop
  endfacet
  facet normal 0.999701 -0.0244492 0
    outer loop
      vertex -41.2 -37.425 -5.29999
      vertex -41.1964 -37.2778 -6.31499
      vertex -41.1964 -37.2778 -5.29999
    endloop
  endfacet
  facet normal 0.999701 -0.0244492 0
    outer loop
      vertex -41.1964 -37.2778 -6.31499
      vertex -41.2 -37.425 -5.29999
      vertex -41.2 -37.425 -6.31499
    endloop
  endfacet
  facet normal -0.404877 -0.914371 0
    outer loop
      vertex -37.0519 -34.6534 -6.31499
      vertex -36.9173 -34.713 -5.29999
      vertex -37.0519 -34.6534 -5.29999
    endloop
  endfacet
  facet normal -0.404877 -0.914371 -0
    outer loop
      vertex -36.9173 -34.713 -5.29999
      vertex -37.0519 -34.6534 -6.31499
      vertex -36.9173 -34.713 -6.31499
    endloop
  endfacet
  facet normal -0.219448 0.975624 0
    outer loop
      vertex -37.4711 -40.3351 -6.31499
      vertex -37.6147 -40.3674 -5.29999
      vertex -37.4711 -40.3351 -5.29999
    endloop
  endfacet
  facet normal -0.219448 0.975624 0
    outer loop
      vertex -37.6147 -40.3674 -5.29999
      vertex -37.4711 -40.3351 -6.31499
      vertex -37.6147 -40.3674 -6.31499
    endloop
  endfacet
  facet normal 0.689926 0.723879 -0
    outer loop
      vertex -40.2147 -39.6479 -6.31499
      vertex -40.3213 -39.5463 -5.29999
      vertex -40.2147 -39.6479 -5.29999
    endloop
  endfacet
  facet normal 0.689926 0.723879 0
    outer loop
      vertex -40.3213 -39.5463 -5.29999
      vertex -40.2147 -39.6479 -6.31499
      vertex -40.3213 -39.5463 -6.31499
    endloop
  endfacet
  facet normal 0.170453 0.985366 -0
    outer loop
      vertex -38.6402 -40.3925 -6.31499
      vertex -38.7853 -40.3674 -5.29999
      vertex -38.6402 -40.3925 -5.29999
    endloop
  endfacet
  facet normal 0.170453 0.985366 0
    outer loop
      vertex -38.7853 -40.3674 -5.29999
      vertex -38.6402 -40.3925 -6.31499
      vertex -38.7853 -40.3674 -6.31499
    endloop
  endfacet
  facet normal -0.870048 0.492966 0
    outer loop
      vertex -35.6268 -38.9673 -6.31499
      vertex -35.6 -38.92 -5.29999
      vertex -35.6 -38.92 -6.31499
    endloop
  endfacet
  facet normal -0.870048 0.492966 0
    outer loop
      vertex -35.6 -38.92 -5.29999
      vertex -35.6268 -38.9673 -6.31499
      vertex -35.6268 -38.9673 -5.29999
    endloop
  endfacet
  facet normal 0.493064 0.869993 -0
    outer loop
      vertex -39.6142 -40.0708 -6.31499
      vertex -39.7423 -39.9982 -5.29999
      vertex -39.6142 -40.0708 -5.29999
    endloop
  endfacet
  facet normal 0.493064 0.869993 0
    outer loop
      vertex -39.7423 -39.9982 -5.29999
      vertex -39.6142 -40.0708 -6.31499
      vertex -39.7423 -39.9982 -6.31499
    endloop
  endfacet
  facet normal -0.757479 0.652859 0
    outer loop
      vertex -35.9771 -39.4397 -6.31499
      vertex -35.881 -39.3282 -5.29999
      vertex -35.881 -39.3282 -6.31499
    endloop
  endfacet
  facet normal -0.757479 0.652859 0
    outer loop
      vertex -35.881 -39.3282 -5.29999
      vertex -35.9771 -39.4397 -6.31499
      vertex -35.9771 -39.4397 -5.29999
    endloop
  endfacet
  facet normal -0.359889 0.932995 0
    outer loop
      vertex -37.0519 -40.1966 -6.31499
      vertex -37.1893 -40.2496 -5.29999
      vertex -37.0519 -40.1966 -5.29999
    endloop
  endfacet
  facet normal -0.359889 0.932995 0
    outer loop
      vertex -37.1893 -40.2496 -5.29999
      vertex -37.0519 -40.1966 -6.31499
      vertex -37.1893 -40.2496 -6.31499
    endloop
  endfacet
  facet normal 0.844778 0.535117 0
    outer loop
      vertex -40.6944 -39.0917 -5.29999
      vertex -40.7732 -38.9673 -6.31499
      vertex -40.7732 -38.9673 -5.29999
    endloop
  endfacet
  facet normal 0.844778 0.535117 0
    outer loop
      vertex -40.7732 -38.9673 -6.31499
      vertex -40.6944 -39.0917 -5.29999
      vertex -40.6944 -39.0917 -6.31499
    endloop
  endfacet
  facet normal 0.992413 0.122948 0
    outer loop
      vertex -41.1675 -37.8652 -5.29999
      vertex -41.1856 -37.7191 -6.31499
      vertex -41.1856 -37.7191 -5.29999
    endloop
  endfacet
  facet normal 0.992413 0.122948 0
    outer loop
      vertex -41.1856 -37.7191 -6.31499
      vertex -41.1675 -37.8652 -5.29999
      vertex -41.1675 -37.8652 -6.31499
    endloop
  endfacet
  facet normal 0.615209 -0.788364 0
    outer loop
      vertex -40.1032 -35.106 -6.31499
      vertex -39.9871 -35.0154 -5.29999
      vertex -40.1032 -35.106 -5.29999
    endloop
  endfacet
  facet normal 0.615209 -0.788364 0
    outer loop
      vertex -39.9871 -35.0154 -5.29999
      vertex -40.1032 -35.106 -6.31499
      vertex -39.9871 -35.0154 -6.31499
    endloop
  endfacet
  facet normal 0.0733712 0.997305 -0
    outer loop
      vertex -38.3472 -40.4214 -6.31499
      vertex -38.494 -40.4106 -5.29999
      vertex -38.3472 -40.4214 -5.29999
    endloop
  endfacet
  facet normal 0.0733712 0.997305 0
    outer loop
      vertex -38.494 -40.4106 -5.29999
      vertex -38.3472 -40.4214 -6.31499
      vertex -38.494 -40.4106 -6.31499
    endloop
  endfacet
  facet normal -0.723879 -0.689926 0
    outer loop
      vertex -35.9771 -35.4103 -6.31499
      vertex -36.0787 -35.3037 -5.29999
      vertex -36.0787 -35.3037 -6.31499
    endloop
  endfacet
  facet normal -0.723879 -0.689926 0
    outer loop
      vertex -36.0787 -35.3037 -5.29999
      vertex -35.9771 -35.4103 -6.31499
      vertex -35.9771 -35.4103 -5.29999
    endloop
  endfacet
  facet normal 0.57583 -0.81757 0
    outer loop
      vertex -39.9871 -35.0154 -6.31499
      vertex -39.8667 -34.9306 -5.29999
      vertex -39.9871 -35.0154 -5.29999
    endloop
  endfacet
  facet normal 0.57583 -0.81757 0
    outer loop
      vertex -39.8667 -34.9306 -5.29999
      vertex -39.9871 -35.0154 -6.31499
      vertex -39.8667 -34.9306 -6.31499
    endloop
  endfacet
  facet normal -0.493064 0.869993 0
    outer loop
      vertex -36.6577 -39.9982 -6.31499
      vertex -36.7858 -40.0708 -5.29999
      vertex -36.6577 -39.9982 -5.29999
    endloop
  endfacet
  facet normal -0.493064 0.869993 0
    outer loop
      vertex -36.7858 -40.0708 -5.29999
      vertex -36.6577 -39.9982 -6.31499
      vertex -36.7858 -40.0708 -6.31499
    endloop
  endfacet
  facet normal -0.57583 -0.81757 0
    outer loop
      vertex -36.5333 -34.9306 -6.31499
      vertex -36.4129 -35.0154 -5.29999
      vertex -36.5333 -34.9306 -5.29999
    endloop
  endfacet
  facet normal -0.57583 -0.81757 -0
    outer loop
      vertex -36.4129 -35.0154 -5.29999
      vertex -36.5333 -34.9306 -6.31499
      vertex -36.4129 -35.0154 -6.31499
    endloop
  endfacet
  facet normal 0.360117 -0.932907 0
    outer loop
      vertex -39.348 -34.6534 -6.31499
      vertex -39.2107 -34.6004 -5.29999
      vertex -39.348 -34.6534 -5.29999
    endloop
  endfacet
  facet normal 0.360117 -0.932907 0
    outer loop
      vertex -39.2107 -34.6004 -5.29999
      vertex -39.348 -34.6534 -6.31499
      vertex -39.2107 -34.6004 -6.31499
    endloop
  endfacet
  facet normal 0.0244492 -0.999701 0
    outer loop
      vertex -38.3472 -34.4286 -6.31499
      vertex -38.2 -34.425 -5.29999
      vertex -38.3472 -34.4286 -5.29999
    endloop
  endfacet
  facet normal 0.0244492 -0.999701 0
    outer loop
      vertex -38.2 -34.425 -5.29999
      vertex -38.3472 -34.4286 -6.31499
      vertex -38.2 -34.425 -6.31499
    endloop
  endfacet
  facet normal -0.615209 -0.788364 0
    outer loop
      vertex -36.4129 -35.0154 -6.31499
      vertex -36.2968 -35.106 -5.29999
      vertex -36.4129 -35.0154 -5.29999
    endloop
  endfacet
  facet normal -0.615209 -0.788364 -0
    outer loop
      vertex -36.2968 -35.106 -5.29999
      vertex -36.4129 -35.0154 -6.31499
      vertex -36.2968 -35.106 -6.31499
    endloop
  endfacet
  facet normal 0.0244492 0.999701 -0
    outer loop
      vertex -38.2 -40.425 -6.31499
      vertex -38.3472 -40.4214 -5.29999
      vertex -38.2 -40.425 -5.29999
    endloop
  endfacet
  facet normal 0.0244492 0.999701 0
    outer loop
      vertex -38.3472 -40.4214 -5.29999
      vertex -38.2 -40.425 -6.31499
      vertex -38.3472 -40.4214 -6.31499
    endloop
  endfacet
  facet normal 0.652859 -0.757479 0
    outer loop
      vertex -40.2147 -35.2021 -6.31499
      vertex -40.1032 -35.106 -5.29999
      vertex -40.2147 -35.2021 -5.29999
    endloop
  endfacet
  facet normal 0.652859 -0.757479 0
    outer loop
      vertex -40.1032 -35.106 -5.29999
      vertex -40.2147 -35.2021 -6.31499
      vertex -40.1032 -35.106 -6.31499
    endloop
  endfacet
  facet normal 0.170453 -0.985366 0
    outer loop
      vertex -38.7853 -34.4826 -6.31499
      vertex -38.6402 -34.4575 -5.29999
      vertex -38.7853 -34.4826 -5.29999
    endloop
  endfacet
  facet normal 0.170453 -0.985366 0
    outer loop
      vertex -38.6402 -34.4575 -5.29999
      vertex -38.7853 -34.4826 -6.31499
      vertex -38.6402 -34.4575 -6.31499
    endloop
  endfacet
  facet normal 0.975624 -0.219448 0
    outer loop
      vertex -41.1424 -36.8397 -5.29999
      vertex -41.1101 -36.6961 -6.31499
      vertex -41.1101 -36.6961 -5.29999
    endloop
  endfacet
  facet normal 0.975624 -0.219448 0
    outer loop
      vertex -41.1101 -36.6961 -6.31499
      vertex -41.1424 -36.8397 -5.29999
      vertex -41.1424 -36.8397 -6.31499
    endloop
  endfacet
  facet normal 0.932907 0.360117 0
    outer loop
      vertex -40.9716 -38.573 -5.29999
      vertex -41.0246 -38.4357 -6.31499
      vertex -41.0246 -38.4357 -5.29999
    endloop
  endfacet
  facet normal 0.932907 0.360117 0
    outer loop
      vertex -41.0246 -38.4357 -6.31499
      vertex -40.9716 -38.573 -5.29999
      vertex -40.9716 -38.573 -6.31499
    endloop
  endfacet
  facet normal 0.81757 0.57583 0
    outer loop
      vertex -40.6096 -39.2121 -5.29999
      vertex -40.6944 -39.0917 -6.31499
      vertex -40.6944 -39.0917 -5.29999
    endloop
  endfacet
  facet normal 0.81757 0.57583 0
    outer loop
      vertex -40.6944 -39.0917 -6.31499
      vertex -40.6096 -39.2121 -5.29999
      vertex -40.6096 -39.2121 -6.31499
    endloop
  endfacet
  facet normal -0.844778 0.535117 0
    outer loop
      vertex -35.7056 -39.0917 -6.31499
      vertex -35.6268 -38.9673 -5.29999
      vertex -35.6268 -38.9673 -6.31499
    endloop
  endfacet
  facet normal -0.844778 0.535117 0
    outer loop
      vertex -35.6268 -38.9673 -5.29999
      vertex -35.7056 -39.0917 -6.31499
      vertex -35.7056 -39.0917 -5.29999
    endloop
  endfacet
  facet normal -0.266734 -0.96377 0
    outer loop
      vertex -37.4711 -34.5149 -6.31499
      vertex -37.3291 -34.5542 -5.29999
      vertex -37.4711 -34.5149 -5.29999
    endloop
  endfacet
  facet normal -0.266734 -0.96377 -0
    outer loop
      vertex -37.3291 -34.5542 -5.29999
      vertex -37.4711 -34.5149 -6.31499
      vertex -37.3291 -34.5542 -6.31499
    endloop
  endfacet
  facet normal -0.615209 0.788364 0
    outer loop
      vertex -36.2968 -39.744 -6.31499
      vertex -36.4129 -39.8346 -5.29999
      vertex -36.2968 -39.744 -5.29999
    endloop
  endfacet
  facet normal -0.615209 0.788364 0
    outer loop
      vertex -36.4129 -39.8346 -5.29999
      vertex -36.2968 -39.744 -6.31499
      vertex -36.4129 -39.8346 -6.31499
    endloop
  endfacet
  facet normal -0.219448 -0.975624 0
    outer loop
      vertex -37.6147 -34.4826 -6.31499
      vertex -37.4711 -34.5149 -5.29999
      vertex -37.6147 -34.4826 -5.29999
    endloop
  endfacet
  facet normal -0.219448 -0.975624 -0
    outer loop
      vertex -37.4711 -34.5149 -5.29999
      vertex -37.6147 -34.4826 -6.31499
      vertex -37.4711 -34.5149 -6.31499
    endloop
  endfacet
  facet normal -0.449657 0.893201 0
    outer loop
      vertex -36.7858 -40.0708 -6.31499
      vertex -36.9173 -40.137 -5.29999
      vertex -36.7858 -40.0708 -5.29999
    endloop
  endfacet
  facet normal -0.449657 0.893201 0
    outer loop
      vertex -36.9173 -40.137 -5.29999
      vertex -36.7858 -40.0708 -6.31499
      vertex -36.9173 -40.137 -6.31499
    endloop
  endfacet
  facet normal 0.81757 -0.57583 0
    outer loop
      vertex -40.6944 -35.7583 -5.29999
      vertex -40.6096 -35.6379 -6.31499
      vertex -40.6096 -35.6379 -5.29999
    endloop
  endfacet
  facet normal 0.81757 -0.57583 0
    outer loop
      vertex -40.6096 -35.6379 -6.31499
      vertex -40.6944 -35.7583 -5.29999
      vertex -40.6944 -35.7583 -6.31499
    endloop
  endfacet
  facet normal 0.219448 0.975624 -0
    outer loop
      vertex -38.7853 -40.3674 -6.31499
      vertex -38.9289 -40.3351 -5.29999
      vertex -38.7853 -40.3674 -5.29999
    endloop
  endfacet
  facet normal 0.219448 0.975624 0
    outer loop
      vertex -38.9289 -40.3351 -5.29999
      vertex -38.7853 -40.3674 -6.31499
      vertex -38.9289 -40.3351 -6.31499
    endloop
  endfacet
  facet normal -0.81757 0.57583 0
    outer loop
      vertex -35.7904 -39.2121 -6.31499
      vertex -35.7056 -39.0917 -5.29999
      vertex -35.7056 -39.0917 -6.31499
    endloop
  endfacet
  facet normal -0.81757 0.57583 0
    outer loop
      vertex -35.7056 -39.0917 -5.29999
      vertex -35.7904 -39.2121 -6.31499
      vertex -35.7904 -39.2121 -5.29999
    endloop
  endfacet
  facet normal -0.122948 0.992413 0
    outer loop
      vertex -37.7598 -40.3925 -6.31499
      vertex -37.9059 -40.4106 -5.29999
      vertex -37.7598 -40.3925 -5.29999
    endloop
  endfacet
  facet normal -0.122948 0.992413 0
    outer loop
      vertex -37.9059 -40.4106 -5.29999
      vertex -37.7598 -40.3925 -6.31499
      vertex -37.9059 -40.4106 -6.31499
    endloop
  endfacet
  facet normal 0.914482 0.404626 0
    outer loop
      vertex -40.912 -38.7077 -5.29999
      vertex -40.9716 -38.573 -6.31499
      vertex -40.9716 -38.573 -5.29999
    endloop
  endfacet
  facet normal 0.914482 0.404626 0
    outer loop
      vertex -40.9716 -38.573 -6.31499
      vertex -40.912 -38.7077 -5.29999
      vertex -40.912 -38.7077 -6.31499
    endloop
  endfacet
  facet normal 0.844778 -0.535117 0
    outer loop
      vertex -40.7732 -35.8827 -5.29999
      vertex -40.6944 -35.7583 -6.31499
      vertex -40.6944 -35.7583 -5.29999
    endloop
  endfacet
  facet normal 0.844778 -0.535117 0
    outer loop
      vertex -40.6944 -35.7583 -6.31499
      vertex -40.7732 -35.8827 -5.29999
      vertex -40.7732 -35.8827 -6.31499
    endloop
  endfacet
  facet normal -0.266734 0.96377 0
    outer loop
      vertex -37.3291 -40.2958 -6.31499
      vertex -37.4711 -40.3351 -5.29999
      vertex -37.3291 -40.2958 -5.29999
    endloop
  endfacet
  facet normal -0.266734 0.96377 0
    outer loop
      vertex -37.4711 -40.3351 -5.29999
      vertex -37.3291 -40.2958 -6.31499
      vertex -37.4711 -40.3351 -6.31499
    endloop
  endfacet
  facet normal 0.615209 0.788364 -0
    outer loop
      vertex -39.9871 -39.8346 -6.31499
      vertex -40.1032 -39.744 -5.29999
      vertex -39.9871 -39.8346 -5.29999
    endloop
  endfacet
  facet normal 0.615209 0.788364 0
    outer loop
      vertex -40.1032 -39.744 -5.29999
      vertex -39.9871 -39.8346 -6.31499
      vertex -40.1032 -39.744 -6.31499
    endloop
  endfacet
  facet normal -0.404877 0.914371 0
    outer loop
      vertex -36.9173 -40.137 -6.31499
      vertex -37.0519 -40.1966 -5.29999
      vertex -36.9173 -40.137 -5.29999
    endloop
  endfacet
  facet normal -0.404877 0.914371 0
    outer loop
      vertex -37.0519 -40.1966 -5.29999
      vertex -36.9173 -40.137 -6.31499
      vertex -37.0519 -40.1966 -6.31499
    endloop
  endfacet
  facet normal 0.893201 0.449657 0
    outer loop
      vertex -40.8458 -38.8392 -5.29999
      vertex -40.912 -38.7077 -6.31499
      vertex -40.912 -38.7077 -5.29999
    endloop
  endfacet
  facet normal 0.893201 0.449657 0
    outer loop
      vertex -40.912 -38.7077 -6.31499
      vertex -40.8458 -38.8392 -5.29999
      vertex -40.8458 -38.8392 -6.31499
    endloop
  endfacet
  facet normal -0.313782 -0.949495 0
    outer loop
      vertex -37.3291 -34.5542 -6.31499
      vertex -37.1893 -34.6004 -5.29999
      vertex -37.3291 -34.5542 -5.29999
    endloop
  endfacet
  facet normal -0.313782 -0.949495 -0
    outer loop
      vertex -37.1893 -34.6004 -5.29999
      vertex -37.3291 -34.5542 -6.31499
      vertex -37.1893 -34.6004 -6.31499
    endloop
  endfacet
  facet normal -0.757479 -0.652859 0
    outer loop
      vertex -35.881 -35.5218 -6.31499
      vertex -35.9771 -35.4103 -5.29999
      vertex -35.9771 -35.4103 -6.31499
    endloop
  endfacet
  facet normal -0.757479 -0.652859 0
    outer loop
      vertex -35.9771 -35.4103 -5.29999
      vertex -35.881 -35.5218 -6.31499
      vertex -35.881 -35.5218 -5.29999
    endloop
  endfacet
  facet normal 0.449657 -0.893201 0
    outer loop
      vertex -39.6142 -34.7792 -6.31499
      vertex -39.4827 -34.713 -5.29999
      vertex -39.6142 -34.7792 -5.29999
    endloop
  endfacet
  facet normal 0.449657 -0.893201 0
    outer loop
      vertex -39.4827 -34.713 -5.29999
      vertex -39.6142 -34.7792 -6.31499
      vertex -39.4827 -34.713 -6.31499
    endloop
  endfacet
  facet normal -0.0733215 -0.997308 0
    outer loop
      vertex -38.0528 -34.4286 -6.31499
      vertex -37.9059 -34.4394 -5.29999
      vertex -38.0528 -34.4286 -5.29999
    endloop
  endfacet
  facet normal -0.0733215 -0.997308 -0
    outer loop
      vertex -37.9059 -34.4394 -5.29999
      vertex -38.0528 -34.4286 -6.31499
      vertex -37.9059 -34.4394 -6.31499
    endloop
  endfacet
  facet normal -0.535117 -0.844778 0
    outer loop
      vertex -36.6577 -34.8518 -6.31499
      vertex -36.5333 -34.9306 -5.29999
      vertex -36.6577 -34.8518 -5.29999
    endloop
  endfacet
  facet normal -0.535117 -0.844778 -0
    outer loop
      vertex -36.5333 -34.9306 -5.29999
      vertex -36.6577 -34.8518 -6.31499
      vertex -36.5333 -34.9306 -6.31499
    endloop
  endfacet
  facet normal 0.313782 0.949495 -0
    outer loop
      vertex -39.0709 -40.2958 -6.31499
      vertex -39.2107 -40.2496 -5.29999
      vertex -39.0709 -40.2958 -5.29999
    endloop
  endfacet
  facet normal 0.313782 0.949495 0
    outer loop
      vertex -39.2107 -40.2496 -5.29999
      vertex -39.0709 -40.2958 -6.31499
      vertex -39.2107 -40.2496 -6.31499
    endloop
  endfacet
  facet normal 0.997308 -0.0733215 0
    outer loop
      vertex -41.1964 -37.2778 -5.29999
      vertex -41.1856 -37.1309 -6.31499
      vertex -41.1856 -37.1309 -5.29999
    endloop
  endfacet
  facet normal 0.997308 -0.0733215 0
    outer loop
      vertex -41.1856 -37.1309 -6.31499
      vertex -41.1964 -37.2778 -5.29999
      vertex -41.1964 -37.2778 -6.31499
    endloop
  endfacet
  facet normal 0.985366 -0.170453 0
    outer loop
      vertex -41.1675 -36.9848 -5.29999
      vertex -41.1424 -36.8397 -6.31499
      vertex -41.1424 -36.8397 -5.29999
    endloop
  endfacet
  facet normal 0.985366 -0.170453 0
    outer loop
      vertex -41.1424 -36.8397 -6.31499
      vertex -41.1675 -36.9848 -5.29999
      vertex -41.1675 -36.9848 -6.31499
    endloop
  endfacet
  facet normal -0.313782 0.949495 0
    outer loop
      vertex -37.1893 -40.2496 -6.31499
      vertex -37.3291 -40.2958 -5.29999
      vertex -37.1893 -40.2496 -5.29999
    endloop
  endfacet
  facet normal -0.313782 0.949495 0
    outer loop
      vertex -37.3291 -40.2958 -5.29999
      vertex -37.1893 -40.2496 -6.31499
      vertex -37.3291 -40.2958 -6.31499
    endloop
  endfacet
  facet normal 0.266734 -0.96377 0
    outer loop
      vertex -39.0709 -34.5542 -6.31499
      vertex -38.9289 -34.5149 -5.29999
      vertex -39.0709 -34.5542 -5.29999
    endloop
  endfacet
  facet normal 0.266734 -0.96377 0
    outer loop
      vertex -38.9289 -34.5149 -5.29999
      vertex -39.0709 -34.5542 -6.31499
      vertex -38.9289 -34.5149 -6.31499
    endloop
  endfacet
  facet normal 0.788364 0.615209 0
    outer loop
      vertex -40.519 -39.3282 -5.29999
      vertex -40.6096 -39.2121 -6.31499
      vertex -40.6096 -39.2121 -5.29999
    endloop
  endfacet
  facet normal 0.788364 0.615209 0
    outer loop
      vertex -40.6096 -39.2121 -6.31499
      vertex -40.519 -39.3282 -5.29999
      vertex -40.519 -39.3282 -6.31499
    endloop
  endfacet
  facet normal -0.788364 -0.615209 0
    outer loop
      vertex -35.7904 -35.6379 -6.31499
      vertex -35.881 -35.5218 -5.29999
      vertex -35.881 -35.5218 -6.31499
    endloop
  endfacet
  facet normal -0.788364 -0.615209 0
    outer loop
      vertex -35.881 -35.5218 -5.29999
      vertex -35.7904 -35.6379 -6.31499
      vertex -35.7904 -35.6379 -5.29999
    endloop
  endfacet
  facet normal 0.96377 0.266734 0
    outer loop
      vertex -41.0708 -38.2959 -5.29999
      vertex -41.1101 -38.1539 -6.31499
      vertex -41.1101 -38.1539 -5.29999
    endloop
  endfacet
  facet normal 0.96377 0.266734 0
    outer loop
      vertex -41.1101 -38.1539 -6.31499
      vertex -41.0708 -38.2959 -5.29999
      vertex -41.0708 -38.2959 -6.31499
    endloop
  endfacet
  facet normal 0.449657 0.893201 -0
    outer loop
      vertex -39.4827 -40.137 -6.31499
      vertex -39.6142 -40.0708 -5.29999
      vertex -39.4827 -40.137 -5.29999
    endloop
  endfacet
  facet normal 0.449657 0.893201 0
    outer loop
      vertex -39.6142 -40.0708 -5.29999
      vertex -39.4827 -40.137 -6.31499
      vertex -39.6142 -40.0708 -6.31499
    endloop
  endfacet
  facet normal 0.869993 -0.493064 0
    outer loop
      vertex -40.8458 -36.0108 -5.29999
      vertex -40.7732 -35.8827 -6.31499
      vertex -40.7732 -35.8827 -5.29999
    endloop
  endfacet
  facet normal 0.869993 -0.493064 0
    outer loop
      vertex -40.7732 -35.8827 -6.31499
      vertex -40.8458 -36.0108 -5.29999
      vertex -40.8458 -36.0108 -6.31499
    endloop
  endfacet
  facet normal 0.404626 -0.914482 0
    outer loop
      vertex -39.4827 -34.713 -6.31499
      vertex -39.348 -34.6534 -5.29999
      vertex -39.4827 -34.713 -5.29999
    endloop
  endfacet
  facet normal 0.404626 -0.914482 0
    outer loop
      vertex -39.348 -34.6534 -5.29999
      vertex -39.4827 -34.713 -6.31499
      vertex -39.348 -34.6534 -6.31499
    endloop
  endfacet
  facet normal 0.57583 0.81757 -0
    outer loop
      vertex -39.8667 -39.9194 -6.31499
      vertex -39.9871 -39.8346 -5.29999
      vertex -39.8667 -39.9194 -5.29999
    endloop
  endfacet
  facet normal 0.57583 0.81757 0
    outer loop
      vertex -39.9871 -39.8346 -5.29999
      vertex -39.8667 -39.9194 -6.31499
      vertex -39.9871 -39.8346 -6.31499
    endloop
  endfacet
  facet normal 0.535117 0.844778 -0
    outer loop
      vertex -39.7423 -39.9982 -6.31499
      vertex -39.8667 -39.9194 -5.29999
      vertex -39.7423 -39.9982 -5.29999
    endloop
  endfacet
  facet normal 0.535117 0.844778 0
    outer loop
      vertex -39.8667 -39.9194 -5.29999
      vertex -39.7423 -39.9982 -6.31499
      vertex -39.8667 -39.9194 -6.31499
    endloop
  endfacet
  facet normal 0.313782 -0.949495 0
    outer loop
      vertex -34.0107 -34.6004 -6.31499
      vertex -33.8709 -34.5542 -5.29999
      vertex -34.0107 -34.6004 -5.29999
    endloop
  endfacet
  facet normal 0.313782 -0.949495 0
    outer loop
      vertex -33.8709 -34.5542 -5.29999
      vertex -34.0107 -34.6004 -6.31499
      vertex -33.8709 -34.5542 -6.31499
    endloop
  endfacet
  facet normal 0.122948 0.992413 -0
    outer loop
      vertex -33.2941 -40.4106 -6.31499
      vertex -33.4402 -40.3925 -5.29999
      vertex -33.2941 -40.4106 -5.29999
    endloop
  endfacet
  facet normal 0.122948 0.992413 0
    outer loop
      vertex -33.4402 -40.3925 -5.29999
      vertex -33.2941 -40.4106 -6.31499
      vertex -33.4402 -40.3925 -6.31499
    endloop
  endfacet
  facet normal 0.0733215 -0.997308 0
    outer loop
      vertex -33.2941 -34.4394 -6.31499
      vertex -33.1472 -34.4286 -5.29999
      vertex -33.2941 -34.4394 -5.29999
    endloop
  endfacet
  facet normal 0.0733215 -0.997308 0
    outer loop
      vertex -33.1472 -34.4286 -5.29999
      vertex -33.2941 -34.4394 -6.31499
      vertex -33.1472 -34.4286 -6.31499
    endloop
  endfacet
  facet normal -0.0733215 0.997308 0
    outer loop
      vertex -32.7059 -40.4106 -6.31499
      vertex -32.8528 -40.4214 -5.29999
      vertex -32.7059 -40.4106 -5.29999
    endloop
  endfacet
  facet normal -0.0733215 0.997308 0
    outer loop
      vertex -32.8528 -40.4214 -5.29999
      vertex -32.7059 -40.4106 -6.31499
      vertex -32.8528 -40.4214 -6.31499
    endloop
  endfacet
  facet normal -0.360117 -0.932907 0
    outer loop
      vertex -31.9893 -34.6004 -6.31499
      vertex -31.852 -34.6534 -5.29999
      vertex -31.9893 -34.6004 -5.29999
    endloop
  endfacet
  facet normal -0.360117 -0.932907 -0
    outer loop
      vertex -31.852 -34.6534 -5.29999
      vertex -31.9893 -34.6004 -6.31499
      vertex -31.852 -34.6534 -6.31499
    endloop
  endfacet
  facet normal 0.266734 0.96377 -0
    outer loop
      vertex -33.7289 -40.3351 -6.31499
      vertex -33.8709 -40.2958 -5.29999
      vertex -33.7289 -40.3351 -5.29999
    endloop
  endfacet
  facet normal 0.266734 0.96377 0
    outer loop
      vertex -33.8709 -40.2958 -5.29999
      vertex -33.7289 -40.3351 -6.31499
      vertex -33.8709 -40.2958 -6.31499
    endloop
  endfacet
  facet normal -0.535117 0.844778 0
    outer loop
      vertex -31.3333 -39.9194 -6.31499
      vertex -31.4577 -39.9982 -5.29999
      vertex -31.3333 -39.9194 -5.29999
    endloop
  endfacet
  facet normal -0.535117 0.844778 0
    outer loop
      vertex -31.4577 -39.9982 -5.29999
      vertex -31.3333 -39.9194 -6.31499
      vertex -31.4577 -39.9982 -6.31499
    endloop
  endfacet
  facet normal -0.449657 -0.893201 0
    outer loop
      vertex -31.7173 -34.713 -6.31499
      vertex -31.5858 -34.7792 -5.29999
      vertex -31.7173 -34.713 -5.29999
    endloop
  endfacet
  facet normal -0.449657 -0.893201 -0
    outer loop
      vertex -31.5858 -34.7792 -5.29999
      vertex -31.7173 -34.713 -6.31499
      vertex -31.5858 -34.7792 -6.31499
    endloop
  endfacet
  facet normal 0.535117 -0.844778 0
    outer loop
      vertex -34.6667 -34.9306 -6.31499
      vertex -34.5423 -34.8518 -5.29999
      vertex -34.6667 -34.9306 -5.29999
    endloop
  endfacet
  facet normal 0.535117 -0.844778 0
    outer loop
      vertex -34.5423 -34.8518 -5.29999
      vertex -34.6667 -34.9306 -6.31499
      vertex -34.5423 -34.8518 -6.31499
    endloop
  endfacet
  facet normal -0.493064 -0.869993 0
    outer loop
      vertex -31.5858 -34.7792 -6.31499
      vertex -31.4577 -34.8518 -5.29999
      vertex -31.5858 -34.7792 -5.29999
    endloop
  endfacet
  facet normal -0.493064 -0.869993 -0
    outer loop
      vertex -31.4577 -34.8518 -5.29999
      vertex -31.5858 -34.7792 -6.31499
      vertex -31.4577 -34.8518 -6.31499
    endloop
  endfacet
  facet normal -0.0244492 -0.999701 0
    outer loop
      vertex -33 -34.425 -6.31499
      vertex -32.8528 -34.4286 -5.29999
      vertex -33 -34.425 -5.29999
    endloop
  endfacet
  facet normal -0.0244492 -0.999701 -0
    outer loop
      vertex -32.8528 -34.4286 -5.29999
      vertex -33 -34.425 -6.31499
      vertex -32.8528 -34.4286 -6.31499
    endloop
  endfacet
  facet normal 0.122948 -0.992413 0
    outer loop
      vertex -33.4402 -34.4575 -6.31499
      vertex -33.2941 -34.4394 -5.29999
      vertex -33.4402 -34.4575 -5.29999
    endloop
  endfacet
  facet normal 0.122948 -0.992413 0
    outer loop
      vertex -33.2941 -34.4394 -5.29999
      vertex -33.4402 -34.4575 -6.31499
      vertex -33.2941 -34.4394 -6.31499
    endloop
  endfacet
  facet normal -0.170453 -0.985366 0
    outer loop
      vertex -32.5598 -34.4575 -6.31499
      vertex -32.4147 -34.4826 -5.29999
      vertex -32.5598 -34.4575 -5.29999
    endloop
  endfacet
  facet normal -0.170453 -0.985366 -0
    outer loop
      vertex -32.4147 -34.4826 -5.29999
      vertex -32.5598 -34.4575 -6.31499
      vertex -32.4147 -34.4826 -6.31499
    endloop
  endfacet
  facet normal -0.788364 0.615209 0
    outer loop
      vertex -30.681 -39.3282 -6.31499
      vertex -30.5904 -39.2121 -5.29999
      vertex -30.5904 -39.2121 -6.31499
    endloop
  endfacet
  facet normal -0.788364 0.615209 0
    outer loop
      vertex -30.5904 -39.2121 -5.29999
      vertex -30.681 -39.3282 -6.31499
      vertex -30.681 -39.3282 -5.29999
    endloop
  endfacet
  facet normal -0.652859 0.757479 0
    outer loop
      vertex -30.9853 -39.6479 -6.31499
      vertex -31.0968 -39.744 -5.29999
      vertex -30.9853 -39.6479 -5.29999
    endloop
  endfacet
  facet normal -0.652859 0.757479 0
    outer loop
      vertex -31.0968 -39.744 -5.29999
      vertex -30.9853 -39.6479 -6.31499
      vertex -31.0968 -39.744 -6.31499
    endloop
  endfacet
  facet normal 0.689926 -0.723879 0
    outer loop
      vertex -35.1213 -35.3037 -6.31499
      vertex -35.0147 -35.2021 -5.29999
      vertex -35.1213 -35.3037 -5.29999
    endloop
  endfacet
  facet normal 0.689926 -0.723879 0
    outer loop
      vertex -35.0147 -35.2021 -5.29999
      vertex -35.1213 -35.3037 -6.31499
      vertex -35.0147 -35.2021 -6.31499
    endloop
  endfacet
  facet normal 0.757479 -0.652859 0
    outer loop
      vertex -35.319 -35.5218 -5.29999
      vertex -35.2229 -35.4103 -6.31499
      vertex -35.2229 -35.4103 -5.29999
    endloop
  endfacet
  facet normal 0.757479 -0.652859 0
    outer loop
      vertex -35.2229 -35.4103 -6.31499
      vertex -35.319 -35.5218 -5.29999
      vertex -35.319 -35.5218 -6.31499
    endloop
  endfacet
  facet normal -0.652859 -0.757479 0
    outer loop
      vertex -31.0968 -35.106 -6.31499
      vertex -30.9853 -35.2021 -5.29999
      vertex -31.0968 -35.106 -5.29999
    endloop
  endfacet
  facet normal -0.652859 -0.757479 -0
    outer loop
      vertex -30.9853 -35.2021 -5.29999
      vertex -31.0968 -35.106 -6.31499
      vertex -30.9853 -35.2021 -6.31499
    endloop
  endfacet
  facet normal -0.170453 0.985366 0
    outer loop
      vertex -32.4147 -40.3674 -6.31499
      vertex -32.5598 -40.3925 -5.29999
      vertex -32.4147 -40.3674 -5.29999
    endloop
  endfacet
  facet normal -0.170453 0.985366 0
    outer loop
      vertex -32.5598 -40.3925 -5.29999
      vertex -32.4147 -40.3674 -6.31499
      vertex -32.5598 -40.3925 -6.31499
    endloop
  endfacet
  facet normal -0.689926 0.723879 0
    outer loop
      vertex -30.8787 -39.5463 -6.31499
      vertex -30.9853 -39.6479 -5.29999
      vertex -30.8787 -39.5463 -5.29999
    endloop
  endfacet
  facet normal -0.689926 0.723879 0
    outer loop
      vertex -30.9853 -39.6479 -5.29999
      vertex -30.8787 -39.5463 -6.31499
      vertex -30.9853 -39.6479 -6.31499
    endloop
  endfacet
  facet normal -0.0244492 0.999701 0
    outer loop
      vertex -32.8528 -40.4214 -6.31499
      vertex -33 -40.425 -5.29999
      vertex -32.8528 -40.4214 -5.29999
    endloop
  endfacet
  facet normal -0.0244492 0.999701 0
    outer loop
      vertex -33 -40.425 -5.29999
      vertex -32.8528 -40.4214 -6.31499
      vertex -33 -40.425 -6.31499
    endloop
  endfacet
  facet normal -0.81757 -0.57583 0
    outer loop
      vertex -30.5056 -35.7583 -6.31499
      vertex -30.5904 -35.6379 -5.29999
      vertex -30.5904 -35.6379 -6.31499
    endloop
  endfacet
  facet normal -0.81757 -0.57583 0
    outer loop
      vertex -30.5904 -35.6379 -5.29999
      vertex -30.5056 -35.7583 -6.31499
      vertex -30.5056 -35.7583 -5.29999
    endloop
  endfacet
  facet normal 0.870048 0.492966 0
    outer loop
      vertex -35.5732 -38.9673 -5.29999
      vertex -35.6 -38.92 -6.31499
      vertex -35.6 -38.92 -5.29999
    endloop
  endfacet
  facet normal 0.870048 0.492966 0
    outer loop
      vertex -35.6 -38.92 -6.31499
      vertex -35.5732 -38.9673 -5.29999
      vertex -35.5732 -38.9673 -6.31499
    endloop
  endfacet
  facet normal -0.122948 -0.992413 0
    outer loop
      vertex -32.7059 -34.4394 -6.31499
      vertex -32.5598 -34.4575 -5.29999
      vertex -32.7059 -34.4394 -5.29999
    endloop
  endfacet
  facet normal -0.122948 -0.992413 -0
    outer loop
      vertex -32.5598 -34.4575 -5.29999
      vertex -32.7059 -34.4394 -6.31499
      vertex -32.5598 -34.4575 -6.31499
    endloop
  endfacet
  facet normal -0.689926 -0.723879 0
    outer loop
      vertex -30.9853 -35.2021 -6.31499
      vertex -30.8787 -35.3037 -5.29999
      vertex -30.9853 -35.2021 -5.29999
    endloop
  endfacet
  facet normal -0.689926 -0.723879 -0
    outer loop
      vertex -30.8787 -35.3037 -5.29999
      vertex -30.9853 -35.2021 -6.31499
      vertex -30.8787 -35.3037 -6.31499
    endloop
  endfacet
  facet normal 0.360117 0.932907 -0
    outer loop
      vertex -34.0107 -40.2496 -6.31499
      vertex -34.148 -40.1966 -5.29999
      vertex -34.0107 -40.2496 -5.29999
    endloop
  endfacet
  facet normal 0.360117 0.932907 0
    outer loop
      vertex -34.148 -40.1966 -5.29999
      vertex -34.0107 -40.2496 -6.31499
      vertex -34.148 -40.1966 -6.31499
    endloop
  endfacet
  facet normal 0.493064 -0.869993 0
    outer loop
      vertex -34.5423 -34.8518 -6.31499
      vertex -34.4142 -34.7792 -5.29999
      vertex -34.5423 -34.8518 -5.29999
    endloop
  endfacet
  facet normal 0.493064 -0.869993 0
    outer loop
      vertex -34.4142 -34.7792 -5.29999
      vertex -34.5423 -34.8518 -6.31499
      vertex -34.4142 -34.7792 -6.31499
    endloop
  endfacet
  facet normal -0.57583 0.81757 0
    outer loop
      vertex -31.2129 -39.8346 -6.31499
      vertex -31.3333 -39.9194 -5.29999
      vertex -31.2129 -39.8346 -5.29999
    endloop
  endfacet
  facet normal -0.57583 0.81757 0
    outer loop
      vertex -31.3333 -39.9194 -5.29999
      vertex -31.2129 -39.8346 -6.31499
      vertex -31.3333 -39.9194 -6.31499
    endloop
  endfacet
  facet normal 0.757479 0.652859 0
    outer loop
      vertex -35.2229 -39.4397 -5.29999
      vertex -35.319 -39.3282 -6.31499
      vertex -35.319 -39.3282 -5.29999
    endloop
  endfacet
  facet normal 0.757479 0.652859 0
    outer loop
      vertex -35.319 -39.3282 -6.31499
      vertex -35.2229 -39.4397 -5.29999
      vertex -35.2229 -39.4397 -6.31499
    endloop
  endfacet
  facet normal 0.652859 0.757479 -0
    outer loop
      vertex -34.9032 -39.744 -6.31499
      vertex -35.0147 -39.6479 -5.29999
      vertex -34.9032 -39.744 -5.29999
    endloop
  endfacet
  facet normal 0.652859 0.757479 0
    outer loop
      vertex -35.0147 -39.6479 -5.29999
      vertex -34.9032 -39.744 -6.31499
      vertex -35.0147 -39.6479 -6.31499
    endloop
  endfacet
  facet normal 0.788364 -0.615209 0
    outer loop
      vertex -35.4096 -35.6379 -5.29999
      vertex -35.319 -35.5218 -6.31499
      vertex -35.319 -35.5218 -5.29999
    endloop
  endfacet
  facet normal 0.788364 -0.615209 0
    outer loop
      vertex -35.319 -35.5218 -6.31499
      vertex -35.4096 -35.6379 -5.29999
      vertex -35.4096 -35.6379 -6.31499
    endloop
  endfacet
  facet normal 0.219448 -0.975624 0
    outer loop
      vertex -33.7289 -34.5149 -6.31499
      vertex -33.5853 -34.4826 -5.29999
      vertex -33.7289 -34.5149 -5.29999
    endloop
  endfacet
  facet normal 0.219448 -0.975624 0
    outer loop
      vertex -33.5853 -34.4826 -5.29999
      vertex -33.7289 -34.5149 -6.31499
      vertex -33.5853 -34.4826 -6.31499
    endloop
  endfacet
  facet normal 0.723879 0.689926 0
    outer loop
      vertex -35.1213 -39.5463 -5.29999
      vertex -35.2229 -39.4397 -6.31499
      vertex -35.2229 -39.4397 -5.29999
    endloop
  endfacet
  facet normal 0.723879 0.689926 0
    outer loop
      vertex -35.2229 -39.4397 -6.31499
      vertex -35.1213 -39.5463 -5.29999
      vertex -35.1213 -39.5463 -6.31499
    endloop
  endfacet
  facet normal -0.870048 -0.492966 0
    outer loop
      vertex -30.4 -35.93 -6.31499
      vertex -30.4268 -35.8827 -5.29999
      vertex -30.4268 -35.8827 -6.31499
    endloop
  endfacet
  facet normal -0.870048 -0.492966 0
    outer loop
      vertex -30.4268 -35.8827 -5.29999
      vertex -30.4 -35.93 -6.31499
      vertex -30.4 -35.93 -5.29999
    endloop
  endfacet
  facet normal 0.723879 -0.689926 0
    outer loop
      vertex -35.2229 -35.4103 -5.29999
      vertex -35.1213 -35.3037 -6.31499
      vertex -35.1213 -35.3037 -5.29999
    endloop
  endfacet
  facet normal 0.723879 -0.689926 0
    outer loop
      vertex -35.1213 -35.3037 -6.31499
      vertex -35.2229 -35.4103 -5.29999
      vertex -35.2229 -35.4103 -6.31499
    endloop
  endfacet
  facet normal -0.723879 0.689926 0
    outer loop
      vertex -30.8787 -39.5463 -6.31499
      vertex -30.7771 -39.4397 -5.29999
      vertex -30.7771 -39.4397 -6.31499
    endloop
  endfacet
  facet normal -0.723879 0.689926 0
    outer loop
      vertex -30.7771 -39.4397 -5.29999
      vertex -30.8787 -39.5463 -6.31499
      vertex -30.8787 -39.5463 -5.29999
    endloop
  endfacet
  facet normal -0.844778 -0.535117 0
    outer loop
      vertex -30.4268 -35.8827 -6.31499
      vertex -30.5056 -35.7583 -5.29999
      vertex -30.5056 -35.7583 -6.31499
    endloop
  endfacet
  facet normal -0.844778 -0.535117 0
    outer loop
      vertex -30.5056 -35.7583 -5.29999
      vertex -30.4268 -35.8827 -6.31499
      vertex -30.4268 -35.8827 -5.29999
    endloop
  endfacet
  facet normal 0.404626 0.914482 -0
    outer loop
      vertex -34.148 -40.1966 -6.31499
      vertex -34.2827 -40.137 -5.29999
      vertex -34.148 -40.1966 -5.29999
    endloop
  endfacet
  facet normal 0.404626 0.914482 0
    outer loop
      vertex -34.2827 -40.137 -5.29999
      vertex -34.148 -40.1966 -6.31499
      vertex -34.2827 -40.137 -6.31499
    endloop
  endfacet
  facet normal -0.404626 -0.914482 0
    outer loop
      vertex -31.852 -34.6534 -6.31499
      vertex -31.7173 -34.713 -5.29999
      vertex -31.852 -34.6534 -5.29999
    endloop
  endfacet
  facet normal -0.404626 -0.914482 -0
    outer loop
      vertex -31.7173 -34.713 -5.29999
      vertex -31.852 -34.6534 -6.31499
      vertex -31.7173 -34.713 -6.31499
    endloop
  endfacet
  facet normal -0.219448 0.975624 0
    outer loop
      vertex -32.2711 -40.3351 -6.31499
      vertex -32.4147 -40.3674 -5.29999
      vertex -32.2711 -40.3351 -5.29999
    endloop
  endfacet
  facet normal -0.219448 0.975624 0
    outer loop
      vertex -32.4147 -40.3674 -5.29999
      vertex -32.2711 -40.3351 -6.31499
      vertex -32.4147 -40.3674 -6.31499
    endloop
  endfacet
  facet normal 0.689926 0.723879 -0
    outer loop
      vertex -35.0147 -39.6479 -6.31499
      vertex -35.1213 -39.5463 -5.29999
      vertex -35.0147 -39.6479 -5.29999
    endloop
  endfacet
  facet normal 0.689926 0.723879 0
    outer loop
      vertex -35.1213 -39.5463 -5.29999
      vertex -35.0147 -39.6479 -6.31499
      vertex -35.1213 -39.5463 -6.31499
    endloop
  endfacet
  facet normal -0.870048 0.492966 0
    outer loop
      vertex -30.4268 -38.9673 -6.31499
      vertex -30.4 -38.92 -5.29999
      vertex -30.4 -38.92 -6.31499
    endloop
  endfacet
  facet normal -0.870048 0.492966 0
    outer loop
      vertex -30.4 -38.92 -5.29999
      vertex -30.4268 -38.9673 -6.31499
      vertex -30.4268 -38.9673 -5.29999
    endloop
  endfacet
  facet normal 0.493064 0.869993 -0
    outer loop
      vertex -34.4142 -40.0708 -6.31499
      vertex -34.5423 -39.9982 -5.29999
      vertex -34.4142 -40.0708 -5.29999
    endloop
  endfacet
  facet normal 0.493064 0.869993 0
    outer loop
      vertex -34.5423 -39.9982 -5.29999
      vertex -34.4142 -40.0708 -6.31499
      vertex -34.5423 -39.9982 -6.31499
    endloop
  endfacet
  facet normal -0.757479 0.652859 0
    outer loop
      vertex -30.7771 -39.4397 -6.31499
      vertex -30.681 -39.3282 -5.29999
      vertex -30.681 -39.3282 -6.31499
    endloop
  endfacet
  facet normal -0.757479 0.652859 0
    outer loop
      vertex -30.681 -39.3282 -5.29999
      vertex -30.7771 -39.4397 -6.31499
      vertex -30.7771 -39.4397 -5.29999
    endloop
  endfacet
  facet normal -0.360117 0.932907 0
    outer loop
      vertex -31.852 -40.1966 -6.31499
      vertex -31.9893 -40.2496 -5.29999
      vertex -31.852 -40.1966 -5.29999
    endloop
  endfacet
  facet normal -0.360117 0.932907 0
    outer loop
      vertex -31.9893 -40.2496 -5.29999
      vertex -31.852 -40.1966 -6.31499
      vertex -31.9893 -40.2496 -6.31499
    endloop
  endfacet
  facet normal 0.844778 0.535117 0
    outer loop
      vertex -35.4944 -39.0917 -5.29999
      vertex -35.5732 -38.9673 -6.31499
      vertex -35.5732 -38.9673 -5.29999
    endloop
  endfacet
  facet normal 0.844778 0.535117 0
    outer loop
      vertex -35.5732 -38.9673 -6.31499
      vertex -35.4944 -39.0917 -5.29999
      vertex -35.4944 -39.0917 -6.31499
    endloop
  endfacet
  facet normal 0.615209 -0.788364 0
    outer loop
      vertex -34.9032 -35.106 -6.31499
      vertex -34.7871 -35.0154 -5.29999
      vertex -34.9032 -35.106 -5.29999
    endloop
  endfacet
  facet normal 0.615209 -0.788364 0
    outer loop
      vertex -34.7871 -35.0154 -5.29999
      vertex -34.9032 -35.106 -6.31499
      vertex -34.7871 -35.0154 -6.31499
    endloop
  endfacet
  facet normal 0.0733215 0.997308 -0
    outer loop
      vertex -33.1472 -40.4214 -6.31499
      vertex -33.2941 -40.4106 -5.29999
      vertex -33.1472 -40.4214 -5.29999
    endloop
  endfacet
  facet normal 0.0733215 0.997308 0
    outer loop
      vertex -33.2941 -40.4106 -5.29999
      vertex -33.1472 -40.4214 -6.31499
      vertex -33.2941 -40.4106 -6.31499
    endloop
  endfacet
  facet normal -0.723879 -0.689926 0
    outer loop
      vertex -30.7771 -35.4103 -6.31499
      vertex -30.8787 -35.3037 -5.29999
      vertex -30.8787 -35.3037 -6.31499
    endloop
  endfacet
  facet normal -0.723879 -0.689926 0
    outer loop
      vertex -30.8787 -35.3037 -5.29999
      vertex -30.7771 -35.4103 -6.31499
      vertex -30.7771 -35.4103 -5.29999
    endloop
  endfacet
  facet normal 0.57583 -0.81757 0
    outer loop
      vertex -34.7871 -35.0154 -6.31499
      vertex -34.6667 -34.9306 -5.29999
      vertex -34.7871 -35.0154 -5.29999
    endloop
  endfacet
  facet normal 0.57583 -0.81757 0
    outer loop
      vertex -34.6667 -34.9306 -5.29999
      vertex -34.7871 -35.0154 -6.31499
      vertex -34.6667 -34.9306 -6.31499
    endloop
  endfacet
  facet normal -0.493064 0.869993 0
    outer loop
      vertex -31.4577 -39.9982 -6.31499
      vertex -31.5858 -40.0708 -5.29999
      vertex -31.4577 -39.9982 -5.29999
    endloop
  endfacet
  facet normal -0.493064 0.869993 0
    outer loop
      vertex -31.5858 -40.0708 -5.29999
      vertex -31.4577 -39.9982 -6.31499
      vertex -31.5858 -40.0708 -6.31499
    endloop
  endfacet
  facet normal -0.57583 -0.81757 0
    outer loop
      vertex -31.3333 -34.9306 -6.31499
      vertex -31.2129 -35.0154 -5.29999
      vertex -31.3333 -34.9306 -5.29999
    endloop
  endfacet
  facet normal -0.57583 -0.81757 -0
    outer loop
      vertex -31.2129 -35.0154 -5.29999
      vertex -31.3333 -34.9306 -6.31499
      vertex -31.2129 -35.0154 -6.31499
    endloop
  endfacet
  facet normal 0.360117 -0.932907 0
    outer loop
      vertex -34.148 -34.6534 -6.31499
      vertex -34.0107 -34.6004 -5.29999
      vertex -34.148 -34.6534 -5.29999
    endloop
  endfacet
  facet normal 0.360117 -0.932907 0
    outer loop
      vertex -34.0107 -34.6004 -5.29999
      vertex -34.148 -34.6534 -6.31499
      vertex -34.0107 -34.6004 -6.31499
    endloop
  endfacet
  facet normal 0.0244492 -0.999701 0
    outer loop
      vertex -33.1472 -34.4286 -6.31499
      vertex -33 -34.425 -5.29999
      vertex -33.1472 -34.4286 -5.29999
    endloop
  endfacet
  facet normal 0.0244492 -0.999701 0
    outer loop
      vertex -33 -34.425 -5.29999
      vertex -33.1472 -34.4286 -6.31499
      vertex -33 -34.425 -6.31499
    endloop
  endfacet
  facet normal -0.615209 -0.788364 0
    outer loop
      vertex -31.2129 -35.0154 -6.31499
      vertex -31.0968 -35.106 -5.29999
      vertex -31.2129 -35.0154 -5.29999
    endloop
  endfacet
  facet normal -0.615209 -0.788364 -0
    outer loop
      vertex -31.0968 -35.106 -5.29999
      vertex -31.2129 -35.0154 -6.31499
      vertex -31.0968 -35.106 -6.31499
    endloop
  endfacet
  facet normal 0.0244492 0.999701 -0
    outer loop
      vertex -33 -40.425 -6.31499
      vertex -33.1472 -40.4214 -5.29999
      vertex -33 -40.425 -5.29999
    endloop
  endfacet
  facet normal 0.0244492 0.999701 0
    outer loop
      vertex -33.1472 -40.4214 -5.29999
      vertex -33 -40.425 -6.31499
      vertex -33.1472 -40.4214 -6.31499
    endloop
  endfacet
  facet normal 0.652859 -0.757479 0
    outer loop
      vertex -35.0147 -35.2021 -6.31499
      vertex -34.9032 -35.106 -5.29999
      vertex -35.0147 -35.2021 -5.29999
    endloop
  endfacet
  facet normal 0.652859 -0.757479 0
    outer loop
      vertex -34.9032 -35.106 -5.29999
      vertex -35.0147 -35.2021 -6.31499
      vertex -34.9032 -35.106 -6.31499
    endloop
  endfacet
  facet normal 0.170453 -0.985366 0
    outer loop
      vertex -33.5853 -34.4826 -6.31499
      vertex -33.4402 -34.4575 -5.29999
      vertex -33.5853 -34.4826 -5.29999
    endloop
  endfacet
  facet normal 0.170453 -0.985366 0
    outer loop
      vertex -33.4402 -34.4575 -5.29999
      vertex -33.5853 -34.4826 -6.31499
      vertex -33.4402 -34.4575 -6.31499
    endloop
  endfacet
  facet normal 0.81757 0.57583 0
    outer loop
      vertex -35.4096 -39.2121 -5.29999
      vertex -35.4944 -39.0917 -6.31499
      vertex -35.4944 -39.0917 -5.29999
    endloop
  endfacet
  facet normal 0.81757 0.57583 0
    outer loop
      vertex -35.4944 -39.0917 -6.31499
      vertex -35.4096 -39.2121 -5.29999
      vertex -35.4096 -39.2121 -6.31499
    endloop
  endfacet
  facet normal -0.844778 0.535117 0
    outer loop
      vertex -30.5056 -39.0917 -6.31499
      vertex -30.4268 -38.9673 -5.29999
      vertex -30.4268 -38.9673 -6.31499
    endloop
  endfacet
  facet normal -0.844778 0.535117 0
    outer loop
      vertex -30.4268 -38.9673 -5.29999
      vertex -30.5056 -39.0917 -6.31499
      vertex -30.5056 -39.0917 -5.29999
    endloop
  endfacet
  facet normal -0.266734 -0.96377 0
    outer loop
      vertex -32.2711 -34.5149 -6.31499
      vertex -32.1291 -34.5542 -5.29999
      vertex -32.2711 -34.5149 -5.29999
    endloop
  endfacet
  facet normal -0.266734 -0.96377 -0
    outer loop
      vertex -32.1291 -34.5542 -5.29999
      vertex -32.2711 -34.5149 -6.31499
      vertex -32.1291 -34.5542 -6.31499
    endloop
  endfacet
  facet normal -0.615209 0.788364 0
    outer loop
      vertex -31.0968 -39.744 -6.31499
      vertex -31.2129 -39.8346 -5.29999
      vertex -31.0968 -39.744 -5.29999
    endloop
  endfacet
  facet normal -0.615209 0.788364 0
    outer loop
      vertex -31.2129 -39.8346 -5.29999
      vertex -31.0968 -39.744 -6.31499
      vertex -31.2129 -39.8346 -6.31499
    endloop
  endfacet
  facet normal -0.219448 -0.975624 0
    outer loop
      vertex -32.4147 -34.4826 -6.31499
      vertex -32.2711 -34.5149 -5.29999
      vertex -32.4147 -34.4826 -5.29999
    endloop
  endfacet
  facet normal -0.219448 -0.975624 -0
    outer loop
      vertex -32.2711 -34.5149 -5.29999
      vertex -32.4147 -34.4826 -6.31499
      vertex -32.2711 -34.5149 -6.31499
    endloop
  endfacet
  facet normal -0.449657 0.893201 0
    outer loop
      vertex -31.5858 -40.0708 -6.31499
      vertex -31.7173 -40.137 -5.29999
      vertex -31.5858 -40.0708 -5.29999
    endloop
  endfacet
  facet normal -0.449657 0.893201 0
    outer loop
      vertex -31.7173 -40.137 -5.29999
      vertex -31.5858 -40.0708 -6.31499
      vertex -31.7173 -40.137 -6.31499
    endloop
  endfacet
  facet normal 0.81757 -0.57583 0
    outer loop
      vertex -35.4944 -35.7583 -5.29999
      vertex -35.4096 -35.6379 -6.31499
      vertex -35.4096 -35.6379 -5.29999
    endloop
  endfacet
  facet normal 0.81757 -0.57583 0
    outer loop
      vertex -35.4096 -35.6379 -6.31499
      vertex -35.4944 -35.7583 -5.29999
      vertex -35.4944 -35.7583 -6.31499
    endloop
  endfacet
  facet normal 0.219448 0.975624 -0
    outer loop
      vertex -33.5853 -40.3674 -6.31499
      vertex -33.7289 -40.3351 -5.29999
      vertex -33.5853 -40.3674 -5.29999
    endloop
  endfacet
  facet normal 0.219448 0.975624 0
    outer loop
      vertex -33.7289 -40.3351 -5.29999
      vertex -33.5853 -40.3674 -6.31499
      vertex -33.7289 -40.3351 -6.31499
    endloop
  endfacet
  facet normal -0.81757 0.57583 0
    outer loop
      vertex -30.5904 -39.2121 -6.31499
      vertex -30.5056 -39.0917 -5.29999
      vertex -30.5056 -39.0917 -6.31499
    endloop
  endfacet
  facet normal -0.81757 0.57583 0
    outer loop
      vertex -30.5056 -39.0917 -5.29999
      vertex -30.5904 -39.2121 -6.31499
      vertex -30.5904 -39.2121 -5.29999
    endloop
  endfacet
  facet normal -0.122948 0.992413 0
    outer loop
      vertex -32.5598 -40.3925 -6.31499
      vertex -32.7059 -40.4106 -5.29999
      vertex -32.5598 -40.3925 -5.29999
    endloop
  endfacet
  facet normal -0.122948 0.992413 0
    outer loop
      vertex -32.7059 -40.4106 -5.29999
      vertex -32.5598 -40.3925 -6.31499
      vertex -32.7059 -40.4106 -6.31499
    endloop
  endfacet
  facet normal 0.844778 -0.535117 0
    outer loop
      vertex -35.5732 -35.8827 -5.29999
      vertex -35.4944 -35.7583 -6.31499
      vertex -35.4944 -35.7583 -5.29999
    endloop
  endfacet
  facet normal 0.844778 -0.535117 0
    outer loop
      vertex -35.4944 -35.7583 -6.31499
      vertex -35.5732 -35.8827 -5.29999
      vertex -35.5732 -35.8827 -6.31499
    endloop
  endfacet
  facet normal -0.266734 0.96377 0
    outer loop
      vertex -32.1291 -40.2958 -6.31499
      vertex -32.2711 -40.3351 -5.29999
      vertex -32.1291 -40.2958 -5.29999
    endloop
  endfacet
  facet normal -0.266734 0.96377 0
    outer loop
      vertex -32.2711 -40.3351 -5.29999
      vertex -32.1291 -40.2958 -6.31499
      vertex -32.2711 -40.3351 -6.31499
    endloop
  endfacet
  facet normal 0.615209 0.788364 -0
    outer loop
      vertex -34.7871 -39.8346 -6.31499
      vertex -34.9032 -39.744 -5.29999
      vertex -34.7871 -39.8346 -5.29999
    endloop
  endfacet
  facet normal 0.615209 0.788364 0
    outer loop
      vertex -34.9032 -39.744 -5.29999
      vertex -34.7871 -39.8346 -6.31499
      vertex -34.9032 -39.744 -6.31499
    endloop
  endfacet
  facet normal -0.404626 0.914482 0
    outer loop
      vertex -31.7173 -40.137 -6.31499
      vertex -31.852 -40.1966 -5.29999
      vertex -31.7173 -40.137 -5.29999
    endloop
  endfacet
  facet normal -0.404626 0.914482 0
    outer loop
      vertex -31.852 -40.1966 -5.29999
      vertex -31.7173 -40.137 -6.31499
      vertex -31.852 -40.1966 -6.31499
    endloop
  endfacet
  facet normal -0.313782 -0.949495 0
    outer loop
      vertex -32.1291 -34.5542 -6.31499
      vertex -31.9893 -34.6004 -5.29999
      vertex -32.1291 -34.5542 -5.29999
    endloop
  endfacet
  facet normal -0.313782 -0.949495 -0
    outer loop
      vertex -31.9893 -34.6004 -5.29999
      vertex -32.1291 -34.5542 -6.31499
      vertex -31.9893 -34.6004 -6.31499
    endloop
  endfacet
  facet normal -0.757479 -0.652859 0
    outer loop
      vertex -30.681 -35.5218 -6.31499
      vertex -30.7771 -35.4103 -5.29999
      vertex -30.7771 -35.4103 -6.31499
    endloop
  endfacet
  facet normal -0.757479 -0.652859 0
    outer loop
      vertex -30.7771 -35.4103 -5.29999
      vertex -30.681 -35.5218 -6.31499
      vertex -30.681 -35.5218 -5.29999
    endloop
  endfacet
  facet normal 0.449657 -0.893201 0
    outer loop
      vertex -34.4142 -34.7792 -6.31499
      vertex -34.2827 -34.713 -5.29999
      vertex -34.4142 -34.7792 -5.29999
    endloop
  endfacet
  facet normal 0.449657 -0.893201 0
    outer loop
      vertex -34.2827 -34.713 -5.29999
      vertex -34.4142 -34.7792 -6.31499
      vertex -34.2827 -34.713 -6.31499
    endloop
  endfacet
  facet normal -0.0733215 -0.997308 0
    outer loop
      vertex -32.8528 -34.4286 -6.31499
      vertex -32.7059 -34.4394 -5.29999
      vertex -32.8528 -34.4286 -5.29999
    endloop
  endfacet
  facet normal -0.0733215 -0.997308 -0
    outer loop
      vertex -32.7059 -34.4394 -5.29999
      vertex -32.8528 -34.4286 -6.31499
      vertex -32.7059 -34.4394 -6.31499
    endloop
  endfacet
  facet normal -0.535117 -0.844778 0
    outer loop
      vertex -31.4577 -34.8518 -6.31499
      vertex -31.3333 -34.9306 -5.29999
      vertex -31.4577 -34.8518 -5.29999
    endloop
  endfacet
  facet normal -0.535117 -0.844778 -0
    outer loop
      vertex -31.3333 -34.9306 -5.29999
      vertex -31.4577 -34.8518 -6.31499
      vertex -31.3333 -34.9306 -6.31499
    endloop
  endfacet
  facet normal 0.313782 0.949495 -0
    outer loop
      vertex -33.8709 -40.2958 -6.31499
      vertex -34.0107 -40.2496 -5.29999
      vertex -33.8709 -40.2958 -5.29999
    endloop
  endfacet
  facet normal 0.313782 0.949495 0
    outer loop
      vertex -34.0107 -40.2496 -5.29999
      vertex -33.8709 -40.2958 -6.31499
      vertex -34.0107 -40.2496 -6.31499
    endloop
  endfacet
  facet normal 0.170453 0.985366 -0
    outer loop
      vertex -33.4402 -40.3925 -6.31499
      vertex -33.5853 -40.3674 -5.29999
      vertex -33.4402 -40.3925 -5.29999
    endloop
  endfacet
  facet normal 0.170453 0.985366 0
    outer loop
      vertex -33.5853 -40.3674 -5.29999
      vertex -33.4402 -40.3925 -6.31499
      vertex -33.5853 -40.3674 -6.31499
    endloop
  endfacet
  facet normal -0.313782 0.949495 0
    outer loop
      vertex -31.9893 -40.2496 -6.31499
      vertex -32.1291 -40.2958 -5.29999
      vertex -31.9893 -40.2496 -5.29999
    endloop
  endfacet
  facet normal -0.313782 0.949495 0
    outer loop
      vertex -32.1291 -40.2958 -5.29999
      vertex -31.9893 -40.2496 -6.31499
      vertex -32.1291 -40.2958 -6.31499
    endloop
  endfacet
  facet normal 0.266734 -0.96377 0
    outer loop
      vertex -33.8709 -34.5542 -6.31499
      vertex -33.7289 -34.5149 -5.29999
      vertex -33.8709 -34.5542 -5.29999
    endloop
  endfacet
  facet normal 0.266734 -0.96377 0
    outer loop
      vertex -33.7289 -34.5149 -5.29999
      vertex -33.8709 -34.5542 -6.31499
      vertex -33.7289 -34.5149 -6.31499
    endloop
  endfacet
  facet normal 0.788364 0.615209 0
    outer loop
      vertex -35.319 -39.3282 -5.29999
      vertex -35.4096 -39.2121 -6.31499
      vertex -35.4096 -39.2121 -5.29999
    endloop
  endfacet
  facet normal 0.788364 0.615209 0
    outer loop
      vertex -35.4096 -39.2121 -6.31499
      vertex -35.319 -39.3282 -5.29999
      vertex -35.319 -39.3282 -6.31499
    endloop
  endfacet
  facet normal -0.788364 -0.615209 0
    outer loop
      vertex -30.5904 -35.6379 -6.31499
      vertex -30.681 -35.5218 -5.29999
      vertex -30.681 -35.5218 -6.31499
    endloop
  endfacet
  facet normal -0.788364 -0.615209 0
    outer loop
      vertex -30.681 -35.5218 -5.29999
      vertex -30.5904 -35.6379 -6.31499
      vertex -30.5904 -35.6379 -5.29999
    endloop
  endfacet
  facet normal 0.449657 0.893201 -0
    outer loop
      vertex -34.2827 -40.137 -6.31499
      vertex -34.4142 -40.0708 -5.29999
      vertex -34.2827 -40.137 -5.29999
    endloop
  endfacet
  facet normal 0.449657 0.893201 0
    outer loop
      vertex -34.4142 -40.0708 -5.29999
      vertex -34.2827 -40.137 -6.31499
      vertex -34.4142 -40.0708 -6.31499
    endloop
  endfacet
  facet normal 0.870048 -0.492966 0
    outer loop
      vertex -35.6 -35.93 -5.29999
      vertex -35.5732 -35.8827 -6.31499
      vertex -35.5732 -35.8827 -5.29999
    endloop
  endfacet
  facet normal 0.870048 -0.492966 0
    outer loop
      vertex -35.5732 -35.8827 -6.31499
      vertex -35.6 -35.93 -5.29999
      vertex -35.6 -35.93 -6.31499
    endloop
  endfacet
  facet normal 0.404626 -0.914482 0
    outer loop
      vertex -34.2827 -34.713 -6.31499
      vertex -34.148 -34.6534 -5.29999
      vertex -34.2827 -34.713 -5.29999
    endloop
  endfacet
  facet normal 0.404626 -0.914482 0
    outer loop
      vertex -34.148 -34.6534 -5.29999
      vertex -34.2827 -34.713 -6.31499
      vertex -34.148 -34.6534 -6.31499
    endloop
  endfacet
  facet normal 0.57583 0.81757 -0
    outer loop
      vertex -34.6667 -39.9194 -6.31499
      vertex -34.7871 -39.8346 -5.29999
      vertex -34.6667 -39.9194 -5.29999
    endloop
  endfacet
  facet normal 0.57583 0.81757 0
    outer loop
      vertex -34.7871 -39.8346 -5.29999
      vertex -34.6667 -39.9194 -6.31499
      vertex -34.7871 -39.8346 -6.31499
    endloop
  endfacet
  facet normal 0.535117 0.844778 -0
    outer loop
      vertex -34.5423 -39.9982 -6.31499
      vertex -34.6667 -39.9194 -5.29999
      vertex -34.5423 -39.9982 -5.29999
    endloop
  endfacet
  facet normal 0.535117 0.844778 0
    outer loop
      vertex -34.6667 -39.9194 -5.29999
      vertex -34.5423 -39.9982 -6.31499
      vertex -34.6667 -39.9194 -6.31499
    endloop
  endfacet
  facet normal -0.997308 -0.0733215 0
    outer loop
      vertex -24.8036 -37.2778 -6.31499
      vertex -24.8144 -37.1309 -5.29999
      vertex -24.8144 -37.1309 -6.31499
    endloop
  endfacet
  facet normal -0.997308 -0.0733215 0
    outer loop
      vertex -24.8144 -37.1309 -5.29999
      vertex -24.8036 -37.2778 -6.31499
      vertex -24.8036 -37.2778 -5.29999
    endloop
  endfacet
  facet normal -0.999701 -0.0244492 0
    outer loop
      vertex -24.8 -37.425 -6.31499
      vertex -24.8036 -37.2778 -5.29999
      vertex -24.8036 -37.2778 -6.31499
    endloop
  endfacet
  facet normal -0.999701 -0.0244492 0
    outer loop
      vertex -24.8036 -37.2778 -5.29999
      vertex -24.8 -37.425 -6.31499
      vertex -24.8 -37.425 -5.29999
    endloop
  endfacet
  facet normal -0.992413 -0.122948 0
    outer loop
      vertex -24.8144 -37.1309 -6.31499
      vertex -24.8325 -36.9848 -5.29999
      vertex -24.8325 -36.9848 -6.31499
    endloop
  endfacet
  facet normal -0.992413 -0.122948 0
    outer loop
      vertex -24.8325 -36.9848 -5.29999
      vertex -24.8144 -37.1309 -6.31499
      vertex -24.8144 -37.1309 -5.29999
    endloop
  endfacet
  facet normal -0.0733215 0.997308 0
    outer loop
      vertex -27.5059 -40.4106 -6.31499
      vertex -27.6528 -40.4214 -5.29999
      vertex -27.5059 -40.4106 -5.29999
    endloop
  endfacet
  facet normal -0.0733215 0.997308 0
    outer loop
      vertex -27.6528 -40.4214 -5.29999
      vertex -27.5059 -40.4106 -6.31499
      vertex -27.6528 -40.4214 -6.31499
    endloop
  endfacet
  facet normal -0.404626 -0.914482 0
    outer loop
      vertex -26.652 -34.6534 -6.31499
      vertex -26.5173 -34.713 -5.29999
      vertex -26.652 -34.6534 -5.29999
    endloop
  endfacet
  facet normal -0.404626 -0.914482 -0
    outer loop
      vertex -26.5173 -34.713 -5.29999
      vertex -26.652 -34.6534 -6.31499
      vertex -26.5173 -34.713 -6.31499
    endloop
  endfacet
  facet normal -0.757479 0.652859 0
    outer loop
      vertex -25.5771 -39.4397 -6.31499
      vertex -25.481 -39.3282 -5.29999
      vertex -25.481 -39.3282 -6.31499
    endloop
  endfacet
  facet normal -0.757479 0.652859 0
    outer loop
      vertex -25.481 -39.3282 -5.29999
      vertex -25.5771 -39.4397 -6.31499
      vertex -25.5771 -39.4397 -5.29999
    endloop
  endfacet
  facet normal -0.493064 0.869993 0
    outer loop
      vertex -26.2577 -39.9982 -6.31499
      vertex -26.3858 -40.0708 -5.29999
      vertex -26.2577 -39.9982 -5.29999
    endloop
  endfacet
  facet normal -0.493064 0.869993 0
    outer loop
      vertex -26.3858 -40.0708 -5.29999
      vertex -26.2577 -39.9982 -6.31499
      vertex -26.3858 -40.0708 -6.31499
    endloop
  endfacet
  facet normal -0.219448 -0.975624 0
    outer loop
      vertex -27.2147 -34.4826 -6.31499
      vertex -27.0711 -34.5149 -5.29999
      vertex -27.2147 -34.4826 -5.29999
    endloop
  endfacet
  facet normal -0.219448 -0.975624 -0
    outer loop
      vertex -27.0711 -34.5149 -5.29999
      vertex -27.2147 -34.4826 -6.31499
      vertex -27.0711 -34.5149 -6.31499
    endloop
  endfacet
  facet normal -0.975624 0.219448 0
    outer loop
      vertex -24.8899 -38.1539 -6.31499
      vertex -24.8576 -38.0103 -5.29999
      vertex -24.8576 -38.0103 -6.31499
    endloop
  endfacet
  facet normal -0.975624 0.219448 0
    outer loop
      vertex -24.8576 -38.0103 -5.29999
      vertex -24.8899 -38.1539 -6.31499
      vertex -24.8899 -38.1539 -5.29999
    endloop
  endfacet
  facet normal 0.689926 -0.723879 0
    outer loop
      vertex -29.9213 -35.3037 -6.31499
      vertex -29.8147 -35.2021 -5.29999
      vertex -29.9213 -35.3037 -5.29999
    endloop
  endfacet
  facet normal 0.689926 -0.723879 0
    outer loop
      vertex -29.8147 -35.2021 -5.29999
      vertex -29.9213 -35.3037 -6.31499
      vertex -29.8147 -35.2021 -6.31499
    endloop
  endfacet
  facet normal -0.997308 0.0733215 0
    outer loop
      vertex -24.8144 -37.7191 -6.31499
      vertex -24.8036 -37.5722 -5.29999
      vertex -24.8036 -37.5722 -6.31499
    endloop
  endfacet
  facet normal -0.997308 0.0733215 0
    outer loop
      vertex -24.8036 -37.5722 -5.29999
      vertex -24.8144 -37.7191 -6.31499
      vertex -24.8144 -37.7191 -5.29999
    endloop
  endfacet
  facet normal -0.949495 -0.313782 0
    outer loop
      vertex -24.9292 -36.5541 -6.31499
      vertex -24.9754 -36.4143 -5.29999
      vertex -24.9754 -36.4143 -6.31499
    endloop
  endfacet
  facet normal -0.949495 -0.313782 0
    outer loop
      vertex -24.9754 -36.4143 -5.29999
      vertex -24.9292 -36.5541 -6.31499
      vertex -24.9292 -36.5541 -5.29999
    endloop
  endfacet
  facet normal -0.0244492 -0.999701 0
    outer loop
      vertex -27.8 -34.425 -6.31499
      vertex -27.6528 -34.4286 -5.29999
      vertex -27.8 -34.425 -5.29999
    endloop
  endfacet
  facet normal -0.0244492 -0.999701 -0
    outer loop
      vertex -27.6528 -34.4286 -5.29999
      vertex -27.8 -34.425 -6.31499
      vertex -27.6528 -34.4286 -6.31499
    endloop
  endfacet
  facet normal -0.0244492 0.999701 0
    outer loop
      vertex -27.6528 -40.4214 -6.31499
      vertex -27.8 -40.425 -5.29999
      vertex -27.6528 -40.4214 -5.29999
    endloop
  endfacet
  facet normal -0.0244492 0.999701 0
    outer loop
      vertex -27.8 -40.425 -5.29999
      vertex -27.6528 -40.4214 -6.31499
      vertex -27.8 -40.425 -6.31499
    endloop
  endfacet
  facet normal -0.893201 0.449657 0
    outer loop
      vertex -25.1542 -38.8392 -6.31499
      vertex -25.088 -38.7077 -5.29999
      vertex -25.088 -38.7077 -6.31499
    endloop
  endfacet
  facet normal -0.893201 0.449657 0
    outer loop
      vertex -25.088 -38.7077 -5.29999
      vertex -25.1542 -38.8392 -6.31499
      vertex -25.1542 -38.8392 -5.29999
    endloop
  endfacet
  facet normal -0.615209 0.788364 0
    outer loop
      vertex -25.8968 -39.744 -6.31499
      vertex -26.0129 -39.8346 -5.29999
      vertex -25.8968 -39.744 -5.29999
    endloop
  endfacet
  facet normal -0.615209 0.788364 0
    outer loop
      vertex -26.0129 -39.8346 -5.29999
      vertex -25.8968 -39.744 -6.31499
      vertex -26.0129 -39.8346 -6.31499
    endloop
  endfacet
  facet normal 0.122948 -0.992413 0
    outer loop
      vertex -28.2402 -34.4575 -6.31499
      vertex -28.0941 -34.4394 -5.29999
      vertex -28.2402 -34.4575 -5.29999
    endloop
  endfacet
  facet normal 0.122948 -0.992413 0
    outer loop
      vertex -28.0941 -34.4394 -5.29999
      vertex -28.2402 -34.4575 -6.31499
      vertex -28.0941 -34.4394 -6.31499
    endloop
  endfacet
  facet normal 0.689926 0.723879 -0
    outer loop
      vertex -29.8147 -39.6479 -6.31499
      vertex -29.9213 -39.5463 -5.29999
      vertex -29.8147 -39.6479 -5.29999
    endloop
  endfacet
  facet normal 0.689926 0.723879 0
    outer loop
      vertex -29.9213 -39.5463 -5.29999
      vertex -29.8147 -39.6479 -6.31499
      vertex -29.9213 -39.5463 -6.31499
    endloop
  endfacet
  facet normal -0.869993 -0.493064 0
    outer loop
      vertex -25.1542 -36.0108 -6.31499
      vertex -25.2268 -35.8827 -5.29999
      vertex -25.2268 -35.8827 -6.31499
    endloop
  endfacet
  facet normal -0.869993 -0.493064 0
    outer loop
      vertex -25.2268 -35.8827 -5.29999
      vertex -25.1542 -36.0108 -6.31499
      vertex -25.1542 -36.0108 -5.29999
    endloop
  endfacet
  facet normal -0.652859 -0.757479 0
    outer loop
      vertex -25.8968 -35.106 -6.31499
      vertex -25.7853 -35.2021 -5.29999
      vertex -25.8968 -35.106 -5.29999
    endloop
  endfacet
  facet normal -0.652859 -0.757479 -0
    outer loop
      vertex -25.7853 -35.2021 -5.29999
      vertex -25.8968 -35.106 -6.31499
      vertex -25.7853 -35.2021 -6.31499
    endloop
  endfacet
  facet normal 0.615209 0.788364 -0
    outer loop
      vertex -29.5871 -39.8346 -6.31499
      vertex -29.7032 -39.744 -5.29999
      vertex -29.5871 -39.8346 -5.29999
    endloop
  endfacet
  facet normal 0.615209 0.788364 0
    outer loop
      vertex -29.7032 -39.744 -5.29999
      vertex -29.5871 -39.8346 -6.31499
      vertex -29.7032 -39.744 -6.31499
    endloop
  endfacet
  facet normal -0.788364 0.615209 0
    outer loop
      vertex -25.481 -39.3282 -6.31499
      vertex -25.3904 -39.2121 -5.29999
      vertex -25.3904 -39.2121 -6.31499
    endloop
  endfacet
  facet normal -0.788364 0.615209 0
    outer loop
      vertex -25.3904 -39.2121 -5.29999
      vertex -25.481 -39.3282 -6.31499
      vertex -25.481 -39.3282 -5.29999
    endloop
  endfacet
  facet normal 0.449657 0.893201 -0
    outer loop
      vertex -29.0827 -40.137 -6.31499
      vertex -29.2142 -40.0708 -5.29999
      vertex -29.0827 -40.137 -5.29999
    endloop
  endfacet
  facet normal 0.449657 0.893201 0
    outer loop
      vertex -29.2142 -40.0708 -5.29999
      vertex -29.0827 -40.137 -6.31499
      vertex -29.2142 -40.0708 -6.31499
    endloop
  endfacet
  facet normal 0.170453 -0.985366 0
    outer loop
      vertex -28.3853 -34.4826 -6.31499
      vertex -28.2402 -34.4575 -5.29999
      vertex -28.3853 -34.4826 -5.29999
    endloop
  endfacet
  facet normal 0.170453 -0.985366 0
    outer loop
      vertex -28.2402 -34.4575 -5.29999
      vertex -28.3853 -34.4826 -6.31499
      vertex -28.2402 -34.4575 -6.31499
    endloop
  endfacet
  facet normal -0.170453 -0.985366 0
    outer loop
      vertex -27.3598 -34.4575 -6.31499
      vertex -27.2147 -34.4826 -5.29999
      vertex -27.3598 -34.4575 -5.29999
    endloop
  endfacet
  facet normal -0.170453 -0.985366 -0
    outer loop
      vertex -27.2147 -34.4826 -5.29999
      vertex -27.3598 -34.4575 -6.31499
      vertex -27.2147 -34.4826 -6.31499
    endloop
  endfacet
  facet normal -0.844778 -0.535117 0
    outer loop
      vertex -25.2268 -35.8827 -6.31499
      vertex -25.3056 -35.7583 -5.29999
      vertex -25.3056 -35.7583 -6.31499
    endloop
  endfacet
  facet normal -0.844778 -0.535117 0
    outer loop
      vertex -25.3056 -35.7583 -5.29999
      vertex -25.2268 -35.8827 -6.31499
      vertex -25.2268 -35.8827 -5.29999
    endloop
  endfacet
  facet normal -0.449657 -0.893201 0
    outer loop
      vertex -26.5173 -34.713 -6.31499
      vertex -26.3858 -34.7792 -5.29999
      vertex -26.5173 -34.713 -5.29999
    endloop
  endfacet
  facet normal -0.449657 -0.893201 -0
    outer loop
      vertex -26.3858 -34.7792 -5.29999
      vertex -26.5173 -34.713 -6.31499
      vertex -26.3858 -34.7792 -6.31499
    endloop
  endfacet
  facet normal 0.449657 -0.893201 0
    outer loop
      vertex -29.2142 -34.7792 -6.31499
      vertex -29.0827 -34.713 -5.29999
      vertex -29.2142 -34.7792 -5.29999
    endloop
  endfacet
  facet normal 0.449657 -0.893201 0
    outer loop
      vertex -29.0827 -34.713 -5.29999
      vertex -29.2142 -34.7792 -6.31499
      vertex -29.0827 -34.713 -6.31499
    endloop
  endfacet
  facet normal -0.893201 -0.449657 0
    outer loop
      vertex -25.088 -36.1423 -6.31499
      vertex -25.1542 -36.0108 -5.29999
      vertex -25.1542 -36.0108 -6.31499
    endloop
  endfacet
  facet normal -0.893201 -0.449657 0
    outer loop
      vertex -25.1542 -36.0108 -5.29999
      vertex -25.088 -36.1423 -6.31499
      vertex -25.088 -36.1423 -5.29999
    endloop
  endfacet
  facet normal -0.219448 0.975624 0
    outer loop
      vertex -27.0711 -40.3351 -6.31499
      vertex -27.2147 -40.3674 -5.29999
      vertex -27.0711 -40.3351 -5.29999
    endloop
  endfacet
  facet normal -0.219448 0.975624 0
    outer loop
      vertex -27.2147 -40.3674 -5.29999
      vertex -27.0711 -40.3351 -6.31499
      vertex -27.2147 -40.3674 -6.31499
    endloop
  endfacet
  facet normal 0.219448 -0.975624 0
    outer loop
      vertex -28.5289 -34.5149 -6.31499
      vertex -28.3853 -34.4826 -5.29999
      vertex -28.5289 -34.5149 -5.29999
    endloop
  endfacet
  facet normal 0.219448 -0.975624 0
    outer loop
      vertex -28.3853 -34.4826 -5.29999
      vertex -28.5289 -34.5149 -6.31499
      vertex -28.3853 -34.4826 -6.31499
    endloop
  endfacet
  facet normal -0.96377 0.266734 0
    outer loop
      vertex -24.9292 -38.2959 -6.31499
      vertex -24.8899 -38.1539 -5.29999
      vertex -24.8899 -38.1539 -6.31499
    endloop
  endfacet
  facet normal -0.96377 0.266734 0
    outer loop
      vertex -24.8899 -38.1539 -5.29999
      vertex -24.9292 -38.2959 -6.31499
      vertex -24.9292 -38.2959 -5.29999
    endloop
  endfacet
  facet normal -0.985366 -0.170453 0
    outer loop
      vertex -24.8325 -36.9848 -6.31499
      vertex -24.8576 -36.8397 -5.29999
      vertex -24.8576 -36.8397 -6.31499
    endloop
  endfacet
  facet normal -0.985366 -0.170453 0
    outer loop
      vertex -24.8576 -36.8397 -5.29999
      vertex -24.8325 -36.9848 -6.31499
      vertex -24.8325 -36.9848 -5.29999
    endloop
  endfacet
  facet normal 0.359889 0.932995 -0
    outer loop
      vertex -28.8107 -40.2496 -6.31499
      vertex -28.9481 -40.1966 -5.29999
      vertex -28.8107 -40.2496 -5.29999
    endloop
  endfacet
  facet normal 0.359889 0.932995 0
    outer loop
      vertex -28.9481 -40.1966 -5.29999
      vertex -28.8107 -40.2496 -6.31499
      vertex -28.9481 -40.1966 -6.31499
    endloop
  endfacet
  facet normal -0.932907 0.360117 0
    outer loop
      vertex -25.0284 -38.573 -6.31499
      vertex -24.9754 -38.4357 -5.29999
      vertex -24.9754 -38.4357 -6.31499
    endloop
  endfacet
  facet normal -0.932907 0.360117 0
    outer loop
      vertex -24.9754 -38.4357 -5.29999
      vertex -25.0284 -38.573 -6.31499
      vertex -25.0284 -38.573 -5.29999
    endloop
  endfacet
  facet normal 0.0244492 -0.999701 0
    outer loop
      vertex -27.9472 -34.4286 -6.31499
      vertex -27.8 -34.425 -5.29999
      vertex -27.9472 -34.4286 -5.29999
    endloop
  endfacet
  facet normal 0.0244492 -0.999701 0
    outer loop
      vertex -27.8 -34.425 -5.29999
      vertex -27.9472 -34.4286 -6.31499
      vertex -27.8 -34.425 -6.31499
    endloop
  endfacet
  facet normal -0.122948 -0.992413 0
    outer loop
      vertex -27.5059 -34.4394 -6.31499
      vertex -27.3598 -34.4575 -5.29999
      vertex -27.5059 -34.4394 -5.29999
    endloop
  endfacet
  facet normal -0.122948 -0.992413 -0
    outer loop
      vertex -27.3598 -34.4575 -5.29999
      vertex -27.5059 -34.4394 -6.31499
      vertex -27.3598 -34.4575 -6.31499
    endloop
  endfacet
  facet normal -0.869993 0.493064 0
    outer loop
      vertex -25.2268 -38.9673 -6.31499
      vertex -25.1542 -38.8392 -5.29999
      vertex -25.1542 -38.8392 -6.31499
    endloop
  endfacet
  facet normal -0.869993 0.493064 0
    outer loop
      vertex -25.1542 -38.8392 -5.29999
      vertex -25.2268 -38.9673 -6.31499
      vertex -25.2268 -38.9673 -5.29999
    endloop
  endfacet
  facet normal -0.992413 0.122948 0
    outer loop
      vertex -24.8325 -37.8652 -6.31499
      vertex -24.8144 -37.7191 -5.29999
      vertex -24.8144 -37.7191 -6.31499
    endloop
  endfacet
  facet normal -0.992413 0.122948 0
    outer loop
      vertex -24.8144 -37.7191 -5.29999
      vertex -24.8325 -37.8652 -6.31499
      vertex -24.8325 -37.8652 -5.29999
    endloop
  endfacet
  facet normal -0.932907 -0.360117 0
    outer loop
      vertex -24.9754 -36.4143 -6.31499
      vertex -25.0284 -36.277 -5.29999
      vertex -25.0284 -36.277 -6.31499
    endloop
  endfacet
  facet normal -0.932907 -0.360117 0
    outer loop
      vertex -25.0284 -36.277 -5.29999
      vertex -24.9754 -36.4143 -6.31499
      vertex -24.9754 -36.4143 -5.29999
    endloop
  endfacet
  facet normal -0.493064 -0.869993 0
    outer loop
      vertex -26.3858 -34.7792 -6.31499
      vertex -26.2577 -34.8518 -5.29999
      vertex -26.3858 -34.7792 -5.29999
    endloop
  endfacet
  facet normal -0.493064 -0.869993 -0
    outer loop
      vertex -26.2577 -34.8518 -5.29999
      vertex -26.3858 -34.7792 -6.31499
      vertex -26.2577 -34.8518 -6.31499
    endloop
  endfacet
  facet normal -0.788364 -0.615209 0
    outer loop
      vertex -25.3904 -35.6379 -6.31499
      vertex -25.481 -35.5218 -5.29999
      vertex -25.481 -35.5218 -6.31499
    endloop
  endfacet
  facet normal -0.788364 -0.615209 0
    outer loop
      vertex -25.481 -35.5218 -5.29999
      vertex -25.3904 -35.6379 -6.31499
      vertex -25.3904 -35.6379 -5.29999
    endloop
  endfacet
  facet normal 0.359889 -0.932995 0
    outer loop
      vertex -28.9481 -34.6534 -6.31499
      vertex -28.8107 -34.6004 -5.29999
      vertex -28.9481 -34.6534 -5.29999
    endloop
  endfacet
  facet normal 0.359889 -0.932995 0
    outer loop
      vertex -28.8107 -34.6004 -5.29999
      vertex -28.9481 -34.6534 -6.31499
      vertex -28.8107 -34.6004 -6.31499
    endloop
  endfacet
  facet normal -0.689926 0.723879 0
    outer loop
      vertex -25.6787 -39.5463 -6.31499
      vertex -25.7853 -39.6479 -5.29999
      vertex -25.6787 -39.5463 -5.29999
    endloop
  endfacet
  facet normal -0.689926 0.723879 0
    outer loop
      vertex -25.7853 -39.6479 -5.29999
      vertex -25.6787 -39.5463 -6.31499
      vertex -25.7853 -39.6479 -6.31499
    endloop
  endfacet
  facet normal -0.170453 0.985366 0
    outer loop
      vertex -27.2147 -40.3674 -6.31499
      vertex -27.3598 -40.3925 -5.29999
      vertex -27.2147 -40.3674 -5.29999
    endloop
  endfacet
  facet normal -0.170453 0.985366 0
    outer loop
      vertex -27.3598 -40.3925 -5.29999
      vertex -27.2147 -40.3674 -6.31499
      vertex -27.3598 -40.3925 -6.31499
    endloop
  endfacet
  facet normal -0.723879 0.689926 0
    outer loop
      vertex -25.6787 -39.5463 -6.31499
      vertex -25.5771 -39.4397 -5.29999
      vertex -25.5771 -39.4397 -6.31499
    endloop
  endfacet
  facet normal -0.723879 0.689926 0
    outer loop
      vertex -25.5771 -39.4397 -5.29999
      vertex -25.6787 -39.5463 -6.31499
      vertex -25.6787 -39.5463 -5.29999
    endloop
  endfacet
  facet normal 0.652859 -0.757479 0
    outer loop
      vertex -29.8147 -35.2021 -6.31499
      vertex -29.7032 -35.106 -5.29999
      vertex -29.8147 -35.2021 -5.29999
    endloop
  endfacet
  facet normal 0.652859 -0.757479 0
    outer loop
      vertex -29.7032 -35.106 -5.29999
      vertex -29.8147 -35.2021 -6.31499
      vertex -29.7032 -35.106 -6.31499
    endloop
  endfacet
  facet normal -0.81757 0.57583 0
    outer loop
      vertex -25.3904 -39.2121 -6.31499
      vertex -25.3056 -39.0917 -5.29999
      vertex -25.3056 -39.0917 -6.31499
    endloop
  endfacet
  facet normal -0.81757 0.57583 0
    outer loop
      vertex -25.3056 -39.0917 -5.29999
      vertex -25.3904 -39.2121 -6.31499
      vertex -25.3904 -39.2121 -5.29999
    endloop
  endfacet
  facet normal 0.0733215 0.997308 -0
    outer loop
      vertex -27.9472 -40.4214 -6.31499
      vertex -28.0941 -40.4106 -5.29999
      vertex -27.9472 -40.4214 -5.29999
    endloop
  endfacet
  facet normal 0.0733215 0.997308 0
    outer loop
      vertex -28.0941 -40.4106 -5.29999
      vertex -27.9472 -40.4214 -6.31499
      vertex -28.0941 -40.4106 -6.31499
    endloop
  endfacet
  facet normal -0.0733215 -0.997308 0
    outer loop
      vertex -27.6528 -34.4286 -6.31499
      vertex -27.5059 -34.4394 -5.29999
      vertex -27.6528 -34.4286 -5.29999
    endloop
  endfacet
  facet normal -0.0733215 -0.997308 -0
    outer loop
      vertex -27.5059 -34.4394 -5.29999
      vertex -27.6528 -34.4286 -6.31499
      vertex -27.5059 -34.4394 -6.31499
    endloop
  endfacet
  facet normal 0.844778 -0.535117 0
    outer loop
      vertex -30.3732 -35.8827 -5.29999
      vertex -30.2944 -35.7583 -6.31499
      vertex -30.2944 -35.7583 -5.29999
    endloop
  endfacet
  facet normal 0.844778 -0.535117 0
    outer loop
      vertex -30.2944 -35.7583 -6.31499
      vertex -30.3732 -35.8827 -5.29999
      vertex -30.3732 -35.8827 -6.31499
    endloop
  endfacet
  facet normal -0.914482 0.404626 0
    outer loop
      vertex -25.088 -38.7077 -6.31499
      vertex -25.0284 -38.573 -5.29999
      vertex -25.0284 -38.573 -6.31499
    endloop
  endfacet
  facet normal -0.914482 0.404626 0
    outer loop
      vertex -25.0284 -38.573 -5.29999
      vertex -25.088 -38.7077 -6.31499
      vertex -25.088 -38.7077 -5.29999
    endloop
  endfacet
  facet normal -0.949495 0.313782 0
    outer loop
      vertex -24.9754 -38.4357 -6.31499
      vertex -24.9292 -38.2959 -5.29999
      vertex -24.9292 -38.2959 -6.31499
    endloop
  endfacet
  facet normal -0.949495 0.313782 0
    outer loop
      vertex -24.9292 -38.2959 -5.29999
      vertex -24.9754 -38.4357 -6.31499
      vertex -24.9754 -38.4357 -5.29999
    endloop
  endfacet
  facet normal 0.0733215 -0.997308 0
    outer loop
      vertex -28.0941 -34.4394 -6.31499
      vertex -27.9472 -34.4286 -5.29999
      vertex -28.0941 -34.4394 -5.29999
    endloop
  endfacet
  facet normal 0.0733215 -0.997308 0
    outer loop
      vertex -27.9472 -34.4286 -5.29999
      vertex -28.0941 -34.4394 -6.31499
      vertex -27.9472 -34.4286 -6.31499
    endloop
  endfacet
  facet normal 0.404877 0.914371 -0
    outer loop
      vertex -28.9481 -40.1966 -6.31499
      vertex -29.0827 -40.137 -5.29999
      vertex -28.9481 -40.1966 -5.29999
    endloop
  endfacet
  facet normal 0.404877 0.914371 0
    outer loop
      vertex -29.0827 -40.137 -5.29999
      vertex -28.9481 -40.1966 -6.31499
      vertex -29.0827 -40.137 -6.31499
    endloop
  endfacet
  facet normal 0.493064 0.869993 -0
    outer loop
      vertex -29.2142 -40.0708 -6.31499
      vertex -29.3423 -39.9982 -5.29999
      vertex -29.2142 -40.0708 -5.29999
    endloop
  endfacet
  facet normal 0.493064 0.869993 0
    outer loop
      vertex -29.3423 -39.9982 -5.29999
      vertex -29.2142 -40.0708 -6.31499
      vertex -29.3423 -39.9982 -6.31499
    endloop
  endfacet
  facet normal -0.57583 -0.81757 0
    outer loop
      vertex -26.1333 -34.9306 -6.31499
      vertex -26.0129 -35.0154 -5.29999
      vertex -26.1333 -34.9306 -5.29999
    endloop
  endfacet
  facet normal -0.57583 -0.81757 -0
    outer loop
      vertex -26.0129 -35.0154 -5.29999
      vertex -26.1333 -34.9306 -6.31499
      vertex -26.0129 -35.0154 -6.31499
    endloop
  endfacet
  facet normal -0.313782 -0.949495 0
    outer loop
      vertex -26.9291 -34.5542 -6.31499
      vertex -26.7893 -34.6004 -5.29999
      vertex -26.9291 -34.5542 -5.29999
    endloop
  endfacet
  facet normal -0.313782 -0.949495 -0
    outer loop
      vertex -26.7893 -34.6004 -5.29999
      vertex -26.9291 -34.5542 -6.31499
      vertex -26.7893 -34.6004 -6.31499
    endloop
  endfacet
  facet normal 0.0244492 0.999701 -0
    outer loop
      vertex -27.8 -40.425 -6.31499
      vertex -27.9472 -40.4214 -5.29999
      vertex -27.8 -40.425 -5.29999
    endloop
  endfacet
  facet normal 0.0244492 0.999701 0
    outer loop
      vertex -27.9472 -40.4214 -5.29999
      vertex -27.8 -40.425 -6.31499
      vertex -27.9472 -40.4214 -6.31499
    endloop
  endfacet
  facet normal 0.81757 -0.57583 0
    outer loop
      vertex -30.2944 -35.7583 -5.29999
      vertex -30.2096 -35.6379 -6.31499
      vertex -30.2096 -35.6379 -5.29999
    endloop
  endfacet
  facet normal 0.81757 -0.57583 0
    outer loop
      vertex -30.2096 -35.6379 -6.31499
      vertex -30.2944 -35.7583 -5.29999
      vertex -30.2944 -35.7583 -6.31499
    endloop
  endfacet
  facet normal 0.313782 -0.949495 0
    outer loop
      vertex -28.8107 -34.6004 -6.31499
      vertex -28.6709 -34.5542 -5.29999
      vertex -28.8107 -34.6004 -5.29999
    endloop
  endfacet
  facet normal 0.313782 -0.949495 0
    outer loop
      vertex -28.6709 -34.5542 -5.29999
      vertex -28.8107 -34.6004 -6.31499
      vertex -28.6709 -34.5542 -6.31499
    endloop
  endfacet
  facet normal -0.689926 -0.723879 0
    outer loop
      vertex -25.7853 -35.2021 -6.31499
      vertex -25.6787 -35.3037 -5.29999
      vertex -25.7853 -35.2021 -5.29999
    endloop
  endfacet
  facet normal -0.689926 -0.723879 -0
    outer loop
      vertex -25.6787 -35.3037 -5.29999
      vertex -25.7853 -35.2021 -6.31499
      vertex -25.6787 -35.3037 -6.31499
    endloop
  endfacet
  facet normal -0.81757 -0.57583 0
    outer loop
      vertex -25.3056 -35.7583 -6.31499
      vertex -25.3904 -35.6379 -5.29999
      vertex -25.3904 -35.6379 -6.31499
    endloop
  endfacet
  facet normal -0.81757 -0.57583 0
    outer loop
      vertex -25.3904 -35.6379 -5.29999
      vertex -25.3056 -35.7583 -6.31499
      vertex -25.3056 -35.7583 -5.29999
    endloop
  endfacet
  facet normal -0.57583 0.81757 0
    outer loop
      vertex -26.0129 -39.8346 -6.31499
      vertex -26.1333 -39.9194 -5.29999
      vertex -26.0129 -39.8346 -5.29999
    endloop
  endfacet
  facet normal -0.57583 0.81757 0
    outer loop
      vertex -26.1333 -39.9194 -5.29999
      vertex -26.0129 -39.8346 -6.31499
      vertex -26.1333 -39.9194 -6.31499
    endloop
  endfacet
  facet normal -0.999701 0.0244492 0
    outer loop
      vertex -24.8036 -37.5722 -6.31499
      vertex -24.8 -37.425 -5.29999
      vertex -24.8 -37.425 -6.31499
    endloop
  endfacet
  facet normal -0.999701 0.0244492 0
    outer loop
      vertex -24.8 -37.425 -5.29999
      vertex -24.8036 -37.5722 -6.31499
      vertex -24.8036 -37.5722 -5.29999
    endloop
  endfacet
  facet normal -0.360117 -0.932907 0
    outer loop
      vertex -26.7893 -34.6004 -6.31499
      vertex -26.652 -34.6534 -5.29999
      vertex -26.7893 -34.6004 -5.29999
    endloop
  endfacet
  facet normal -0.360117 -0.932907 -0
    outer loop
      vertex -26.652 -34.6534 -5.29999
      vertex -26.7893 -34.6004 -6.31499
      vertex -26.652 -34.6534 -6.31499
    endloop
  endfacet
  facet normal -0.914482 -0.404626 0
    outer loop
      vertex -25.0284 -36.277 -6.31499
      vertex -25.088 -36.1423 -5.29999
      vertex -25.088 -36.1423 -6.31499
    endloop
  endfacet
  facet normal -0.914482 -0.404626 0
    outer loop
      vertex -25.088 -36.1423 -5.29999
      vertex -25.0284 -36.277 -6.31499
      vertex -25.0284 -36.277 -5.29999
    endloop
  endfacet
  facet normal -0.535117 0.844778 0
    outer loop
      vertex -26.1333 -39.9194 -6.31499
      vertex -26.2577 -39.9982 -5.29999
      vertex -26.1333 -39.9194 -5.29999
    endloop
  endfacet
  facet normal -0.535117 0.844778 0
    outer loop
      vertex -26.2577 -39.9982 -5.29999
      vertex -26.1333 -39.9194 -6.31499
      vertex -26.2577 -39.9982 -6.31499
    endloop
  endfacet
  facet normal -0.975624 -0.219448 0
    outer loop
      vertex -24.8576 -36.8397 -6.31499
      vertex -24.8899 -36.6961 -5.29999
      vertex -24.8899 -36.6961 -6.31499
    endloop
  endfacet
  facet normal -0.975624 -0.219448 0
    outer loop
      vertex -24.8899 -36.6961 -5.29999
      vertex -24.8576 -36.8397 -6.31499
      vertex -24.8576 -36.8397 -5.29999
    endloop
  endfacet
  facet normal -0.360117 0.932907 0
    outer loop
      vertex -26.652 -40.1966 -6.31499
      vertex -26.7893 -40.2496 -5.29999
      vertex -26.652 -40.1966 -5.29999
    endloop
  endfacet
  facet normal -0.360117 0.932907 0
    outer loop
      vertex -26.7893 -40.2496 -5.29999
      vertex -26.652 -40.1966 -6.31499
      vertex -26.7893 -40.2496 -6.31499
    endloop
  endfacet
  facet normal -0.723879 -0.689926 0
    outer loop
      vertex -25.5771 -35.4103 -6.31499
      vertex -25.6787 -35.3037 -5.29999
      vertex -25.6787 -35.3037 -6.31499
    endloop
  endfacet
  facet normal -0.723879 -0.689926 0
    outer loop
      vertex -25.6787 -35.3037 -5.29999
      vertex -25.5771 -35.4103 -6.31499
      vertex -25.5771 -35.4103 -5.29999
    endloop
  endfacet
  facet normal 0.757479 0.652859 0
    outer loop
      vertex -30.0229 -39.4397 -5.29999
      vertex -30.119 -39.3282 -6.31499
      vertex -30.119 -39.3282 -5.29999
    endloop
  endfacet
  facet normal 0.757479 0.652859 0
    outer loop
      vertex -30.119 -39.3282 -6.31499
      vertex -30.0229 -39.4397 -5.29999
      vertex -30.0229 -39.4397 -6.31499
    endloop
  endfacet
  facet normal -0.96377 -0.266734 0
    outer loop
      vertex -24.8899 -36.6961 -6.31499
      vertex -24.9292 -36.5541 -5.29999
      vertex -24.9292 -36.5541 -6.31499
    endloop
  endfacet
  facet normal -0.96377 -0.266734 0
    outer loop
      vertex -24.9292 -36.5541 -5.29999
      vertex -24.8899 -36.6961 -6.31499
      vertex -24.8899 -36.6961 -5.29999
    endloop
  endfacet
  facet normal 0.170453 0.985366 -0
    outer loop
      vertex -28.2402 -40.3925 -6.31499
      vertex -28.3853 -40.3674 -5.29999
      vertex -28.2402 -40.3925 -5.29999
    endloop
  endfacet
  facet normal 0.170453 0.985366 0
    outer loop
      vertex -28.3853 -40.3674 -5.29999
      vertex -28.2402 -40.3925 -6.31499
      vertex -28.3853 -40.3674 -6.31499
    endloop
  endfacet
  facet normal 0.723879 0.689926 0
    outer loop
      vertex -29.9213 -39.5463 -5.29999
      vertex -30.0229 -39.4397 -6.31499
      vertex -30.0229 -39.4397 -5.29999
    endloop
  endfacet
  facet normal 0.723879 0.689926 0
    outer loop
      vertex -30.0229 -39.4397 -6.31499
      vertex -29.9213 -39.5463 -5.29999
      vertex -29.9213 -39.5463 -6.31499
    endloop
  endfacet
  facet normal -0.535117 -0.844778 0
    outer loop
      vertex -26.2577 -34.8518 -6.31499
      vertex -26.1333 -34.9306 -5.29999
      vertex -26.2577 -34.8518 -5.29999
    endloop
  endfacet
  facet normal -0.535117 -0.844778 -0
    outer loop
      vertex -26.1333 -34.9306 -5.29999
      vertex -26.2577 -34.8518 -6.31499
      vertex -26.1333 -34.9306 -6.31499
    endloop
  endfacet
  facet normal 0.652859 0.757479 -0
    outer loop
      vertex -29.7032 -39.744 -6.31499
      vertex -29.8147 -39.6479 -5.29999
      vertex -29.7032 -39.744 -5.29999
    endloop
  endfacet
  facet normal 0.652859 0.757479 0
    outer loop
      vertex -29.8147 -39.6479 -5.29999
      vertex -29.7032 -39.744 -6.31499
      vertex -29.8147 -39.6479 -6.31499
    endloop
  endfacet
  facet normal 0.870048 -0.492966 0
    outer loop
      vertex -30.4 -35.93 -5.29999
      vertex -30.3732 -35.8827 -6.31499
      vertex -30.3732 -35.8827 -5.29999
    endloop
  endfacet
  facet normal 0.870048 -0.492966 0
    outer loop
      vertex -30.3732 -35.8827 -6.31499
      vertex -30.4 -35.93 -5.29999
      vertex -30.4 -35.93 -6.31499
    endloop
  endfacet
  facet normal 0.615209 -0.788364 0
    outer loop
      vertex -29.7032 -35.106 -6.31499
      vertex -29.5871 -35.0154 -5.29999
      vertex -29.7032 -35.106 -5.29999
    endloop
  endfacet
  facet normal 0.615209 -0.788364 0
    outer loop
      vertex -29.5871 -35.0154 -5.29999
      vertex -29.7032 -35.106 -6.31499
      vertex -29.5871 -35.0154 -6.31499
    endloop
  endfacet
  facet normal 0.57583 -0.81757 0
    outer loop
      vertex -29.5871 -35.0154 -6.31499
      vertex -29.4667 -34.9306 -5.29999
      vertex -29.5871 -35.0154 -5.29999
    endloop
  endfacet
  facet normal 0.57583 -0.81757 0
    outer loop
      vertex -29.4667 -34.9306 -5.29999
      vertex -29.5871 -35.0154 -6.31499
      vertex -29.4667 -34.9306 -6.31499
    endloop
  endfacet
  facet normal -0.615209 -0.788364 0
    outer loop
      vertex -26.0129 -35.0154 -6.31499
      vertex -25.8968 -35.106 -5.29999
      vertex -26.0129 -35.0154 -5.29999
    endloop
  endfacet
  facet normal -0.615209 -0.788364 -0
    outer loop
      vertex -25.8968 -35.106 -5.29999
      vertex -26.0129 -35.0154 -6.31499
      vertex -25.8968 -35.106 -6.31499
    endloop
  endfacet
  facet normal 0.844778 0.535117 0
    outer loop
      vertex -30.2944 -39.0917 -5.29999
      vertex -30.3732 -38.9673 -6.31499
      vertex -30.3732 -38.9673 -5.29999
    endloop
  endfacet
  facet normal 0.844778 0.535117 0
    outer loop
      vertex -30.3732 -38.9673 -6.31499
      vertex -30.2944 -39.0917 -5.29999
      vertex -30.2944 -39.0917 -6.31499
    endloop
  endfacet
  facet normal 0.757479 -0.652859 0
    outer loop
      vertex -30.119 -35.5218 -5.29999
      vertex -30.0229 -35.4103 -6.31499
      vertex -30.0229 -35.4103 -5.29999
    endloop
  endfacet
  facet normal 0.757479 -0.652859 0
    outer loop
      vertex -30.0229 -35.4103 -6.31499
      vertex -30.119 -35.5218 -5.29999
      vertex -30.119 -35.5218 -6.31499
    endloop
  endfacet
  facet normal 0.493064 -0.869993 0
    outer loop
      vertex -29.3423 -34.8518 -6.31499
      vertex -29.2142 -34.7792 -5.29999
      vertex -29.3423 -34.8518 -5.29999
    endloop
  endfacet
  facet normal 0.493064 -0.869993 0
    outer loop
      vertex -29.2142 -34.7792 -5.29999
      vertex -29.3423 -34.8518 -6.31499
      vertex -29.2142 -34.7792 -6.31499
    endloop
  endfacet
  facet normal 0.266734 0.96377 -0
    outer loop
      vertex -28.5289 -40.3351 -6.31499
      vertex -28.6709 -40.2958 -5.29999
      vertex -28.5289 -40.3351 -5.29999
    endloop
  endfacet
  facet normal 0.266734 0.96377 0
    outer loop
      vertex -28.6709 -40.2958 -5.29999
      vertex -28.5289 -40.3351 -6.31499
      vertex -28.6709 -40.2958 -6.31499
    endloop
  endfacet
  facet normal -0.652859 0.757479 0
    outer loop
      vertex -25.7853 -39.6479 -6.31499
      vertex -25.8968 -39.744 -5.29999
      vertex -25.7853 -39.6479 -5.29999
    endloop
  endfacet
  facet normal -0.652859 0.757479 0
    outer loop
      vertex -25.8968 -39.744 -5.29999
      vertex -25.7853 -39.6479 -6.31499
      vertex -25.8968 -39.744 -6.31499
    endloop
  endfacet
  facet normal -0.122948 0.992413 0
    outer loop
      vertex -27.3598 -40.3925 -6.31499
      vertex -27.5059 -40.4106 -5.29999
      vertex -27.3598 -40.3925 -5.29999
    endloop
  endfacet
  facet normal -0.122948 0.992413 0
    outer loop
      vertex -27.5059 -40.4106 -5.29999
      vertex -27.3598 -40.3925 -6.31499
      vertex -27.5059 -40.4106 -6.31499
    endloop
  endfacet
  facet normal -0.449657 0.893201 0
    outer loop
      vertex -26.3858 -40.0708 -6.31499
      vertex -26.5173 -40.137 -5.29999
      vertex -26.3858 -40.0708 -5.29999
    endloop
  endfacet
  facet normal -0.449657 0.893201 0
    outer loop
      vertex -26.5173 -40.137 -5.29999
      vertex -26.3858 -40.0708 -6.31499
      vertex -26.5173 -40.137 -6.31499
    endloop
  endfacet
  facet normal 0.870048 0.492966 0
    outer loop
      vertex -30.3732 -38.9673 -5.29999
      vertex -30.4 -38.92 -6.31499
      vertex -30.4 -38.92 -5.29999
    endloop
  endfacet
  facet normal 0.870048 0.492966 0
    outer loop
      vertex -30.4 -38.92 -6.31499
      vertex -30.3732 -38.9673 -5.29999
      vertex -30.3732 -38.9673 -6.31499
    endloop
  endfacet
  facet normal -0.266734 0.96377 0
    outer loop
      vertex -26.9291 -40.2958 -6.31499
      vertex -27.0711 -40.3351 -5.29999
      vertex -26.9291 -40.2958 -5.29999
    endloop
  endfacet
  facet normal -0.266734 0.96377 0
    outer loop
      vertex -27.0711 -40.3351 -5.29999
      vertex -26.9291 -40.2958 -6.31499
      vertex -27.0711 -40.3351 -6.31499
    endloop
  endfacet
  facet normal -0.404626 0.914482 0
    outer loop
      vertex -26.5173 -40.137 -6.31499
      vertex -26.652 -40.1966 -5.29999
      vertex -26.5173 -40.137 -5.29999
    endloop
  endfacet
  facet normal -0.404626 0.914482 0
    outer loop
      vertex -26.652 -40.1966 -5.29999
      vertex -26.5173 -40.137 -6.31499
      vertex -26.652 -40.1966 -6.31499
    endloop
  endfacet
  facet normal 0.788364 -0.615209 0
    outer loop
      vertex -30.2096 -35.6379 -5.29999
      vertex -30.119 -35.5218 -6.31499
      vertex -30.119 -35.5218 -5.29999
    endloop
  endfacet
  facet normal 0.788364 -0.615209 0
    outer loop
      vertex -30.119 -35.5218 -6.31499
      vertex -30.2096 -35.6379 -5.29999
      vertex -30.2096 -35.6379 -6.31499
    endloop
  endfacet
  facet normal 0.723879 -0.689926 0
    outer loop
      vertex -30.0229 -35.4103 -5.29999
      vertex -29.9213 -35.3037 -6.31499
      vertex -29.9213 -35.3037 -5.29999
    endloop
  endfacet
  facet normal 0.723879 -0.689926 0
    outer loop
      vertex -29.9213 -35.3037 -6.31499
      vertex -30.0229 -35.4103 -5.29999
      vertex -30.0229 -35.4103 -6.31499
    endloop
  endfacet
  facet normal -0.985366 0.170453 0
    outer loop
      vertex -24.8576 -38.0103 -6.31499
      vertex -24.8325 -37.8652 -5.29999
      vertex -24.8325 -37.8652 -6.31499
    endloop
  endfacet
  facet normal -0.985366 0.170453 0
    outer loop
      vertex -24.8325 -37.8652 -5.29999
      vertex -24.8576 -38.0103 -6.31499
      vertex -24.8576 -38.0103 -5.29999
    endloop
  endfacet
  facet normal 0.219448 0.975624 -0
    outer loop
      vertex -28.3853 -40.3674 -6.31499
      vertex -28.5289 -40.3351 -5.29999
      vertex -28.3853 -40.3674 -5.29999
    endloop
  endfacet
  facet normal 0.219448 0.975624 0
    outer loop
      vertex -28.5289 -40.3351 -5.29999
      vertex -28.3853 -40.3674 -6.31499
      vertex -28.5289 -40.3351 -6.31499
    endloop
  endfacet
  facet normal 0.313782 0.949495 -0
    outer loop
      vertex -28.6709 -40.2958 -6.31499
      vertex -28.8107 -40.2496 -5.29999
      vertex -28.6709 -40.2958 -5.29999
    endloop
  endfacet
  facet normal 0.313782 0.949495 0
    outer loop
      vertex -28.8107 -40.2496 -5.29999
      vertex -28.6709 -40.2958 -6.31499
      vertex -28.8107 -40.2496 -6.31499
    endloop
  endfacet
  facet normal 0.535117 -0.844778 0
    outer loop
      vertex -29.4667 -34.9306 -6.31499
      vertex -29.3423 -34.8518 -5.29999
      vertex -29.4667 -34.9306 -5.29999
    endloop
  endfacet
  facet normal 0.535117 -0.844778 0
    outer loop
      vertex -29.3423 -34.8518 -5.29999
      vertex -29.4667 -34.9306 -6.31499
      vertex -29.3423 -34.8518 -6.31499
    endloop
  endfacet
  facet normal -0.313782 0.949495 0
    outer loop
      vertex -26.7893 -40.2496 -6.31499
      vertex -26.9291 -40.2958 -5.29999
      vertex -26.7893 -40.2496 -5.29999
    endloop
  endfacet
  facet normal -0.313782 0.949495 0
    outer loop
      vertex -26.9291 -40.2958 -5.29999
      vertex -26.7893 -40.2496 -6.31499
      vertex -26.9291 -40.2958 -6.31499
    endloop
  endfacet
  facet normal 0.122948 0.992413 -0
    outer loop
      vertex -28.0941 -40.4106 -6.31499
      vertex -28.2402 -40.3925 -5.29999
      vertex -28.0941 -40.4106 -5.29999
    endloop
  endfacet
  facet normal 0.122948 0.992413 0
    outer loop
      vertex -28.2402 -40.3925 -5.29999
      vertex -28.0941 -40.4106 -6.31499
      vertex -28.2402 -40.3925 -6.31499
    endloop
  endfacet
  facet normal 0.266734 -0.96377 0
    outer loop
      vertex -28.6709 -34.5542 -6.31499
      vertex -28.5289 -34.5149 -5.29999
      vertex -28.6709 -34.5542 -5.29999
    endloop
  endfacet
  facet normal 0.266734 -0.96377 0
    outer loop
      vertex -28.5289 -34.5149 -5.29999
      vertex -28.6709 -34.5542 -6.31499
      vertex -28.5289 -34.5149 -6.31499
    endloop
  endfacet
  facet normal 0.788364 0.615209 0
    outer loop
      vertex -30.119 -39.3282 -5.29999
      vertex -30.2096 -39.2121 -6.31499
      vertex -30.2096 -39.2121 -5.29999
    endloop
  endfacet
  facet normal 0.788364 0.615209 0
    outer loop
      vertex -30.2096 -39.2121 -6.31499
      vertex -30.119 -39.3282 -5.29999
      vertex -30.119 -39.3282 -6.31499
    endloop
  endfacet
  facet normal 0.81757 0.57583 0
    outer loop
      vertex -30.2096 -39.2121 -5.29999
      vertex -30.2944 -39.0917 -6.31499
      vertex -30.2944 -39.0917 -5.29999
    endloop
  endfacet
  facet normal 0.81757 0.57583 0
    outer loop
      vertex -30.2944 -39.0917 -6.31499
      vertex -30.2096 -39.2121 -5.29999
      vertex -30.2096 -39.2121 -6.31499
    endloop
  endfacet
  facet normal -0.266734 -0.96377 0
    outer loop
      vertex -27.0711 -34.5149 -6.31499
      vertex -26.9291 -34.5542 -5.29999
      vertex -27.0711 -34.5149 -5.29999
    endloop
  endfacet
  facet normal -0.266734 -0.96377 -0
    outer loop
      vertex -26.9291 -34.5542 -5.29999
      vertex -27.0711 -34.5149 -6.31499
      vertex -26.9291 -34.5542 -6.31499
    endloop
  endfacet
  facet normal -0.757479 -0.652859 0
    outer loop
      vertex -25.481 -35.5218 -6.31499
      vertex -25.5771 -35.4103 -5.29999
      vertex -25.5771 -35.4103 -6.31499
    endloop
  endfacet
  facet normal -0.757479 -0.652859 0
    outer loop
      vertex -25.5771 -35.4103 -5.29999
      vertex -25.481 -35.5218 -6.31499
      vertex -25.481 -35.5218 -5.29999
    endloop
  endfacet
  facet normal -0.844778 0.535117 0
    outer loop
      vertex -25.3056 -39.0917 -6.31499
      vertex -25.2268 -38.9673 -5.29999
      vertex -25.2268 -38.9673 -6.31499
    endloop
  endfacet
  facet normal -0.844778 0.535117 0
    outer loop
      vertex -25.2268 -38.9673 -5.29999
      vertex -25.3056 -39.0917 -6.31499
      vertex -25.3056 -39.0917 -5.29999
    endloop
  endfacet
  facet normal 0.404877 -0.914371 0
    outer loop
      vertex -29.0827 -34.713 -6.31499
      vertex -28.9481 -34.6534 -5.29999
      vertex -29.0827 -34.713 -5.29999
    endloop
  endfacet
  facet normal 0.404877 -0.914371 0
    outer loop
      vertex -28.9481 -34.6534 -5.29999
      vertex -29.0827 -34.713 -6.31499
      vertex -28.9481 -34.6534 -6.31499
    endloop
  endfacet
  facet normal 0.57583 0.81757 -0
    outer loop
      vertex -29.4667 -39.9194 -6.31499
      vertex -29.5871 -39.8346 -5.29999
      vertex -29.4667 -39.9194 -5.29999
    endloop
  endfacet
  facet normal 0.57583 0.81757 0
    outer loop
      vertex -29.5871 -39.8346 -5.29999
      vertex -29.4667 -39.9194 -6.31499
      vertex -29.5871 -39.8346 -6.31499
    endloop
  endfacet
  facet normal 0.535117 0.844778 -0
    outer loop
      vertex -29.3423 -39.9982 -6.31499
      vertex -29.4667 -39.9194 -5.29999
      vertex -29.3423 -39.9982 -5.29999
    endloop
  endfacet
  facet normal 0.535117 0.844778 0
    outer loop
      vertex -29.4667 -39.9194 -5.29999
      vertex -29.3423 -39.9982 -6.31499
      vertex -29.4667 -39.9194 -6.31499
    endloop
  endfacet
  facet normal -1 0 0
    outer loop
      vertex -25.2 -44.925 -21.25
      vertex -25.2 -43.925 -13.75
      vertex -25.2 -43.925 -21.25
    endloop
  endfacet
  facet normal -1 -0 0
    outer loop
      vertex -25.2 -43.925 -13.75
      vertex -25.2 -44.925 -21.25
      vertex -25.2 -44.925 -13.75
    endloop
  endfacet
  facet normal 0 0 -1
    outer loop
      vertex -40.8 -44.925 -13.75
      vertex -25.2 -43.925 -13.75
      vertex -25.2 -44.925 -13.75
    endloop
  endfacet
  facet normal -0 0 -1
    outer loop
      vertex -25.2 -43.925 -13.75
      vertex -40.8 -44.925 -13.75
      vertex -40.8 -43.925 -13.75
    endloop
  endfacet
  facet normal -0 0 1
    outer loop
      vertex -40.8 -43.925 -21.25
      vertex -25.2 -44.925 -21.25
      vertex -25.2 -43.925 -21.25
    endloop
  endfacet
  facet normal 0 0 1
    outer loop
      vertex -25.2 -44.925 -21.25
      vertex -40.8 -43.925 -21.25
      vertex -40.8 -44.925 -21.25
    endloop
  endfacet
  facet normal 1 -0 0
    outer loop
      vertex -40.8 -44.925 -13.75
      vertex -40.8 -43.925 -21.25
      vertex -40.8 -43.925 -13.75
    endloop
  endfacet
  facet normal 1 0 0
    outer loop
      vertex -40.8 -43.925 -21.25
      vertex -40.8 -44.925 -13.75
      vertex -40.8 -44.925 -21.25
    endloop
  endfacet
  facet normal 0.313782 -0.949495 0
    outer loop
      vertex -21.0107 -34.6004 -6.31499
      vertex -20.8709 -34.5542 -5.29999
      vertex -21.0107 -34.6004 -5.29999
    endloop
  endfacet
  facet normal 0.313782 -0.949495 0
    outer loop
      vertex -20.8709 -34.5542 -5.29999
      vertex -21.0107 -34.6004 -6.31499
      vertex -20.8709 -34.5542 -6.31499
    endloop
  endfacet
  facet normal 0.122948 0.992413 -0
    outer loop
      vertex -20.2941 -40.4106 -6.31499
      vertex -20.4402 -40.3925 -5.29999
      vertex -20.2941 -40.4106 -5.29999
    endloop
  endfacet
  facet normal 0.122948 0.992413 0
    outer loop
      vertex -20.4402 -40.3925 -5.29999
      vertex -20.2941 -40.4106 -6.31499
      vertex -20.4402 -40.3925 -6.31499
    endloop
  endfacet
  facet normal 0.0733215 -0.997308 0
    outer loop
      vertex -20.2941 -34.4394 -6.31499
      vertex -20.1472 -34.4286 -5.29999
      vertex -20.2941 -34.4394 -5.29999
    endloop
  endfacet
  facet normal 0.0733215 -0.997308 0
    outer loop
      vertex -20.1472 -34.4286 -5.29999
      vertex -20.2941 -34.4394 -6.31499
      vertex -20.1472 -34.4286 -6.31499
    endloop
  endfacet
  facet normal -0.0733215 0.997308 0
    outer loop
      vertex -19.7059 -40.4106 -6.31499
      vertex -19.8528 -40.4214 -5.29999
      vertex -19.7059 -40.4106 -5.29999
    endloop
  endfacet
  facet normal -0.0733215 0.997308 0
    outer loop
      vertex -19.8528 -40.4214 -5.29999
      vertex -19.7059 -40.4106 -6.31499
      vertex -19.8528 -40.4214 -6.31499
    endloop
  endfacet
  facet normal -0.359889 -0.932995 0
    outer loop
      vertex -18.9893 -34.6004 -6.31499
      vertex -18.8519 -34.6534 -5.29999
      vertex -18.9893 -34.6004 -5.29999
    endloop
  endfacet
  facet normal -0.359889 -0.932995 -0
    outer loop
      vertex -18.8519 -34.6534 -5.29999
      vertex -18.9893 -34.6004 -6.31499
      vertex -18.8519 -34.6534 -6.31499
    endloop
  endfacet
  facet normal 0.266734 0.96377 -0
    outer loop
      vertex -20.7289 -40.3351 -6.31499
      vertex -20.8709 -40.2958 -5.29999
      vertex -20.7289 -40.3351 -5.29999
    endloop
  endfacet
  facet normal 0.266734 0.96377 0
    outer loop
      vertex -20.8709 -40.2958 -5.29999
      vertex -20.7289 -40.3351 -6.31499
      vertex -20.8709 -40.2958 -6.31499
    endloop
  endfacet
  facet normal -0.535117 0.844778 0
    outer loop
      vertex -18.3333 -39.9194 -6.31499
      vertex -18.4577 -39.9982 -5.29999
      vertex -18.3333 -39.9194 -5.29999
    endloop
  endfacet
  facet normal -0.535117 0.844778 0
    outer loop
      vertex -18.4577 -39.9982 -5.29999
      vertex -18.3333 -39.9194 -6.31499
      vertex -18.4577 -39.9982 -6.31499
    endloop
  endfacet
  facet normal -0.449657 -0.893201 0
    outer loop
      vertex -18.7173 -34.713 -6.31499
      vertex -18.5858 -34.7792 -5.29999
      vertex -18.7173 -34.713 -5.29999
    endloop
  endfacet
  facet normal -0.449657 -0.893201 -0
    outer loop
      vertex -18.5858 -34.7792 -5.29999
      vertex -18.7173 -34.713 -6.31499
      vertex -18.5858 -34.7792 -6.31499
    endloop
  endfacet
  facet normal 0.535117 -0.844778 0
    outer loop
      vertex -21.6667 -34.9306 -6.31499
      vertex -21.5423 -34.8518 -5.29999
      vertex -21.6667 -34.9306 -5.29999
    endloop
  endfacet
  facet normal 0.535117 -0.844778 0
    outer loop
      vertex -21.5423 -34.8518 -5.29999
      vertex -21.6667 -34.9306 -6.31499
      vertex -21.5423 -34.8518 -6.31499
    endloop
  endfacet
  facet normal -0.493064 -0.869993 0
    outer loop
      vertex -18.5858 -34.7792 -6.31499
      vertex -18.4577 -34.8518 -5.29999
      vertex -18.5858 -34.7792 -5.29999
    endloop
  endfacet
  facet normal -0.493064 -0.869993 -0
    outer loop
      vertex -18.4577 -34.8518 -5.29999
      vertex -18.5858 -34.7792 -6.31499
      vertex -18.4577 -34.8518 -6.31499
    endloop
  endfacet
  facet normal -0.0244492 -0.999701 0
    outer loop
      vertex -20 -34.425 -6.31499
      vertex -19.8528 -34.4286 -5.29999
      vertex -20 -34.425 -5.29999
    endloop
  endfacet
  facet normal -0.0244492 -0.999701 -0
    outer loop
      vertex -19.8528 -34.4286 -5.29999
      vertex -20 -34.425 -6.31499
      vertex -19.8528 -34.4286 -6.31499
    endloop
  endfacet
  facet normal 0.122948 -0.992413 0
    outer loop
      vertex -20.4402 -34.4575 -6.31499
      vertex -20.2941 -34.4394 -5.29999
      vertex -20.4402 -34.4575 -5.29999
    endloop
  endfacet
  facet normal 0.122948 -0.992413 0
    outer loop
      vertex -20.2941 -34.4394 -5.29999
      vertex -20.4402 -34.4575 -6.31499
      vertex -20.2941 -34.4394 -6.31499
    endloop
  endfacet
  facet normal 0.975624 0.219448 0
    outer loop
      vertex -22.9101 -38.1539 -5.29999
      vertex -22.9424 -38.0103 -6.31499
      vertex -22.9424 -38.0103 -5.29999
    endloop
  endfacet
  facet normal 0.975624 0.219448 0
    outer loop
      vertex -22.9424 -38.0103 -6.31499
      vertex -22.9101 -38.1539 -5.29999
      vertex -22.9101 -38.1539 -6.31499
    endloop
  endfacet
  facet normal -0.170453 -0.985366 0
    outer loop
      vertex -19.5598 -34.4575 -6.31499
      vertex -19.4147 -34.4826 -5.29999
      vertex -19.5598 -34.4575 -5.29999
    endloop
  endfacet
  facet normal -0.170453 -0.985366 -0
    outer loop
      vertex -19.4147 -34.4826 -5.29999
      vertex -19.5598 -34.4575 -6.31499
      vertex -19.4147 -34.4826 -6.31499
    endloop
  endfacet
  facet normal 0.985366 0.170453 0
    outer loop
      vertex -22.9424 -38.0103 -5.29999
      vertex -22.9675 -37.8652 -6.31499
      vertex -22.9675 -37.8652 -5.29999
    endloop
  endfacet
  facet normal 0.985366 0.170453 0
    outer loop
      vertex -22.9675 -37.8652 -6.31499
      vertex -22.9424 -38.0103 -5.29999
      vertex -22.9424 -38.0103 -6.31499
    endloop
  endfacet
  facet normal 0.949495 0.313782 0
    outer loop
      vertex -22.8246 -38.4357 -5.29999
      vertex -22.8708 -38.2959 -6.31499
      vertex -22.8708 -38.2959 -5.29999
    endloop
  endfacet
  facet normal 0.949495 0.313782 0
    outer loop
      vertex -22.8708 -38.2959 -6.31499
      vertex -22.8246 -38.4357 -5.29999
      vertex -22.8246 -38.4357 -6.31499
    endloop
  endfacet
  facet normal -0.788364 0.615209 0
    outer loop
      vertex -17.681 -39.3282 -6.31499
      vertex -17.5904 -39.2121 -5.29999
      vertex -17.5904 -39.2121 -6.31499
    endloop
  endfacet
  facet normal -0.788364 0.615209 0
    outer loop
      vertex -17.5904 -39.2121 -5.29999
      vertex -17.681 -39.3282 -6.31499
      vertex -17.681 -39.3282 -5.29999
    endloop
  endfacet
  facet normal -0.652859 0.757479 0
    outer loop
      vertex -17.9853 -39.6479 -6.31499
      vertex -18.0968 -39.744 -5.29999
      vertex -17.9853 -39.6479 -5.29999
    endloop
  endfacet
  facet normal -0.652859 0.757479 0
    outer loop
      vertex -18.0968 -39.744 -5.29999
      vertex -17.9853 -39.6479 -6.31499
      vertex -18.0968 -39.744 -6.31499
    endloop
  endfacet
  facet normal 0.999701 0.0244492 0
    outer loop
      vertex -22.9964 -37.5722 -5.29999
      vertex -23 -37.425 -6.31499
      vertex -23 -37.425 -5.29999
    endloop
  endfacet
  facet normal 0.999701 0.0244492 0
    outer loop
      vertex -23 -37.425 -6.31499
      vertex -22.9964 -37.5722 -5.29999
      vertex -22.9964 -37.5722 -6.31499
    endloop
  endfacet
  facet normal 0.689926 -0.723879 0
    outer loop
      vertex -22.1213 -35.3037 -6.31499
      vertex -22.0147 -35.2021 -5.29999
      vertex -22.1213 -35.3037 -5.29999
    endloop
  endfacet
  facet normal 0.689926 -0.723879 0
    outer loop
      vertex -22.0147 -35.2021 -5.29999
      vertex -22.1213 -35.3037 -6.31499
      vertex -22.0147 -35.2021 -6.31499
    endloop
  endfacet
  facet normal 0.757479 -0.652859 0
    outer loop
      vertex -22.319 -35.5218 -5.29999
      vertex -22.2229 -35.4103 -6.31499
      vertex -22.2229 -35.4103 -5.29999
    endloop
  endfacet
  facet normal 0.757479 -0.652859 0
    outer loop
      vertex -22.2229 -35.4103 -6.31499
      vertex -22.319 -35.5218 -5.29999
      vertex -22.319 -35.5218 -6.31499
    endloop
  endfacet
  facet normal 0.992413 -0.122948 0
    outer loop
      vertex -22.9856 -37.1309 -5.29999
      vertex -22.9675 -36.9848 -6.31499
      vertex -22.9675 -36.9848 -5.29999
    endloop
  endfacet
  facet normal 0.992413 -0.122948 0
    outer loop
      vertex -22.9675 -36.9848 -6.31499
      vertex -22.9856 -37.1309 -5.29999
      vertex -22.9856 -37.1309 -6.31499
    endloop
  endfacet
  facet normal -0.652859 -0.757479 0
    outer loop
      vertex -18.0968 -35.106 -6.31499
      vertex -17.9853 -35.2021 -5.29999
      vertex -18.0968 -35.106 -5.29999
    endloop
  endfacet
  facet normal -0.652859 -0.757479 -0
    outer loop
      vertex -17.9853 -35.2021 -5.29999
      vertex -18.0968 -35.106 -6.31499
      vertex -17.9853 -35.2021 -6.31499
    endloop
  endfacet
  facet normal -0.170453 0.985366 0
    outer loop
      vertex -19.4147 -40.3674 -6.31499
      vertex -19.5598 -40.3925 -5.29999
      vertex -19.4147 -40.3674 -5.29999
    endloop
  endfacet
  facet normal -0.170453 0.985366 0
    outer loop
      vertex -19.5598 -40.3925 -5.29999
      vertex -19.4147 -40.3674 -6.31499
      vertex -19.5598 -40.3925 -6.31499
    endloop
  endfacet
  facet normal -0.689926 0.723879 0
    outer loop
      vertex -17.8787 -39.5463 -6.31499
      vertex -17.9853 -39.6479 -5.29999
      vertex -17.8787 -39.5463 -5.29999
    endloop
  endfacet
  facet normal -0.689926 0.723879 0
    outer loop
      vertex -17.9853 -39.6479 -5.29999
      vertex -17.8787 -39.5463 -6.31499
      vertex -17.9853 -39.6479 -6.31499
    endloop
  endfacet
  facet normal -0.0244492 0.999701 0
    outer loop
      vertex -19.8528 -40.4214 -6.31499
      vertex -20 -40.425 -5.29999
      vertex -19.8528 -40.4214 -5.29999
    endloop
  endfacet
  facet normal -0.0244492 0.999701 0
    outer loop
      vertex -20 -40.425 -5.29999
      vertex -19.8528 -40.4214 -6.31499
      vertex -20 -40.425 -6.31499
    endloop
  endfacet
  facet normal -0.81757 -0.57583 0
    outer loop
      vertex -17.5056 -35.7583 -6.31499
      vertex -17.5904 -35.6379 -5.29999
      vertex -17.5904 -35.6379 -6.31499
    endloop
  endfacet
  facet normal -0.81757 -0.57583 0
    outer loop
      vertex -17.5904 -35.6379 -5.29999
      vertex -17.5056 -35.7583 -6.31499
      vertex -17.5056 -35.7583 -5.29999
    endloop
  endfacet
  facet normal 0.869993 0.493064 0
    outer loop
      vertex -22.5732 -38.9673 -5.29999
      vertex -22.6458 -38.8392 -6.31499
      vertex -22.6458 -38.8392 -5.29999
    endloop
  endfacet
  facet normal 0.869993 0.493064 0
    outer loop
      vertex -22.6458 -38.8392 -6.31499
      vertex -22.5732 -38.9673 -5.29999
      vertex -22.5732 -38.9673 -6.31499
    endloop
  endfacet
  facet normal -0.122948 -0.992413 0
    outer loop
      vertex -19.7059 -34.4394 -6.31499
      vertex -19.5598 -34.4575 -5.29999
      vertex -19.7059 -34.4394 -5.29999
    endloop
  endfacet
  facet normal -0.122948 -0.992413 -0
    outer loop
      vertex -19.5598 -34.4575 -5.29999
      vertex -19.7059 -34.4394 -6.31499
      vertex -19.5598 -34.4575 -6.31499
    endloop
  endfacet
  facet normal -0.689926 -0.723879 0
    outer loop
      vertex -17.9853 -35.2021 -6.31499
      vertex -17.8787 -35.3037 -5.29999
      vertex -17.9853 -35.2021 -5.29999
    endloop
  endfacet
  facet normal -0.689926 -0.723879 -0
    outer loop
      vertex -17.8787 -35.3037 -5.29999
      vertex -17.9853 -35.2021 -6.31499
      vertex -17.8787 -35.3037 -6.31499
    endloop
  endfacet
  facet normal 0.997308 0.0733215 0
    outer loop
      vertex -22.9856 -37.7191 -5.29999
      vertex -22.9964 -37.5722 -6.31499
      vertex -22.9964 -37.5722 -5.29999
    endloop
  endfacet
  facet normal 0.997308 0.0733215 0
    outer loop
      vertex -22.9964 -37.5722 -6.31499
      vertex -22.9856 -37.7191 -5.29999
      vertex -22.9856 -37.7191 -6.31499
    endloop
  endfacet
  facet normal 0.359889 0.932995 -0
    outer loop
      vertex -21.0107 -40.2496 -6.31499
      vertex -21.1481 -40.1966 -5.29999
      vertex -21.0107 -40.2496 -5.29999
    endloop
  endfacet
  facet normal 0.359889 0.932995 0
    outer loop
      vertex -21.1481 -40.1966 -5.29999
      vertex -21.0107 -40.2496 -6.31499
      vertex -21.1481 -40.1966 -6.31499
    endloop
  endfacet
  facet normal 0.493064 -0.869993 0
    outer loop
      vertex -21.5423 -34.8518 -6.31499
      vertex -21.4142 -34.7792 -5.29999
      vertex -21.5423 -34.8518 -5.29999
    endloop
  endfacet
  facet normal 0.493064 -0.869993 0
    outer loop
      vertex -21.4142 -34.7792 -5.29999
      vertex -21.5423 -34.8518 -6.31499
      vertex -21.4142 -34.7792 -6.31499
    endloop
  endfacet
  facet normal -0.57583 0.81757 0
    outer loop
      vertex -18.2129 -39.8346 -6.31499
      vertex -18.3333 -39.9194 -5.29999
      vertex -18.2129 -39.8346 -5.29999
    endloop
  endfacet
  facet normal -0.57583 0.81757 0
    outer loop
      vertex -18.3333 -39.9194 -5.29999
      vertex -18.2129 -39.8346 -6.31499
      vertex -18.3333 -39.9194 -6.31499
    endloop
  endfacet
  facet normal 0.757479 0.652859 0
    outer loop
      vertex -22.2229 -39.4397 -5.29999
      vertex -22.319 -39.3282 -6.31499
      vertex -22.319 -39.3282 -5.29999
    endloop
  endfacet
  facet normal 0.757479 0.652859 0
    outer loop
      vertex -22.319 -39.3282 -6.31499
      vertex -22.2229 -39.4397 -5.29999
      vertex -22.2229 -39.4397 -6.31499
    endloop
  endfacet
  facet normal 0.652859 0.757479 -0
    outer loop
      vertex -21.9032 -39.744 -6.31499
      vertex -22.0147 -39.6479 -5.29999
      vertex -21.9032 -39.744 -5.29999
    endloop
  endfacet
  facet normal 0.652859 0.757479 0
    outer loop
      vertex -22.0147 -39.6479 -5.29999
      vertex -21.9032 -39.744 -6.31499
      vertex -22.0147 -39.6479 -6.31499
    endloop
  endfacet
  facet normal 0.914482 -0.404626 0
    outer loop
      vertex -22.7716 -36.277 -5.29999
      vertex -22.712 -36.1423 -6.31499
      vertex -22.712 -36.1423 -5.29999
    endloop
  endfacet
  facet normal 0.914482 -0.404626 0
    outer loop
      vertex -22.712 -36.1423 -6.31499
      vertex -22.7716 -36.277 -5.29999
      vertex -22.7716 -36.277 -6.31499
    endloop
  endfacet
  facet normal 0.788364 -0.615209 0
    outer loop
      vertex -22.4096 -35.6379 -5.29999
      vertex -22.319 -35.5218 -6.31499
      vertex -22.319 -35.5218 -5.29999
    endloop
  endfacet
  facet normal 0.788364 -0.615209 0
    outer loop
      vertex -22.319 -35.5218 -6.31499
      vertex -22.4096 -35.6379 -5.29999
      vertex -22.4096 -35.6379 -6.31499
    endloop
  endfacet
  facet normal 0.219448 -0.975624 0
    outer loop
      vertex -20.7289 -34.5149 -6.31499
      vertex -20.5853 -34.4826 -5.29999
      vertex -20.7289 -34.5149 -5.29999
    endloop
  endfacet
  facet normal 0.219448 -0.975624 0
    outer loop
      vertex -20.5853 -34.4826 -5.29999
      vertex -20.7289 -34.5149 -6.31499
      vertex -20.5853 -34.4826 -6.31499
    endloop
  endfacet
  facet normal 0.723879 0.689926 0
    outer loop
      vertex -22.1213 -39.5463 -5.29999
      vertex -22.2229 -39.4397 -6.31499
      vertex -22.2229 -39.4397 -5.29999
    endloop
  endfacet
  facet normal 0.723879 0.689926 0
    outer loop
      vertex -22.2229 -39.4397 -6.31499
      vertex -22.1213 -39.5463 -5.29999
      vertex -22.1213 -39.5463 -6.31499
    endloop
  endfacet
  facet normal 0.932907 -0.360117 0
    outer loop
      vertex -22.8246 -36.4143 -5.29999
      vertex -22.7716 -36.277 -6.31499
      vertex -22.7716 -36.277 -5.29999
    endloop
  endfacet
  facet normal 0.932907 -0.360117 0
    outer loop
      vertex -22.7716 -36.277 -6.31499
      vertex -22.8246 -36.4143 -5.29999
      vertex -22.8246 -36.4143 -6.31499
    endloop
  endfacet
  facet normal 0.96377 -0.266734 0
    outer loop
      vertex -22.9101 -36.6961 -5.29999
      vertex -22.8708 -36.5541 -6.31499
      vertex -22.8708 -36.5541 -5.29999
    endloop
  endfacet
  facet normal 0.96377 -0.266734 0
    outer loop
      vertex -22.8708 -36.5541 -6.31499
      vertex -22.9101 -36.6961 -5.29999
      vertex -22.9101 -36.6961 -6.31499
    endloop
  endfacet
  facet normal 0.893201 -0.449657 0
    outer loop
      vertex -22.712 -36.1423 -5.29999
      vertex -22.6458 -36.0108 -6.31499
      vertex -22.6458 -36.0108 -5.29999
    endloop
  endfacet
  facet normal 0.893201 -0.449657 0
    outer loop
      vertex -22.6458 -36.0108 -6.31499
      vertex -22.712 -36.1423 -5.29999
      vertex -22.712 -36.1423 -6.31499
    endloop
  endfacet
  facet normal -0.870048 -0.492966 0
    outer loop
      vertex -17.4 -35.93 -6.31499
      vertex -17.4268 -35.8827 -5.29999
      vertex -17.4268 -35.8827 -6.31499
    endloop
  endfacet
  facet normal -0.870048 -0.492966 0
    outer loop
      vertex -17.4268 -35.8827 -5.29999
      vertex -17.4 -35.93 -6.31499
      vertex -17.4 -35.93 -5.29999
    endloop
  endfacet
  facet normal 0.723879 -0.689926 0
    outer loop
      vertex -22.2229 -35.4103 -5.29999
      vertex -22.1213 -35.3037 -6.31499
      vertex -22.1213 -35.3037 -5.29999
    endloop
  endfacet
  facet normal 0.723879 -0.689926 0
    outer loop
      vertex -22.1213 -35.3037 -6.31499
      vertex -22.2229 -35.4103 -5.29999
      vertex -22.2229 -35.4103 -6.31499
    endloop
  endfacet
  facet normal -0.723879 0.689926 0
    outer loop
      vertex -17.8787 -39.5463 -6.31499
      vertex -17.7771 -39.4397 -5.29999
      vertex -17.7771 -39.4397 -6.31499
    endloop
  endfacet
  facet normal -0.723879 0.689926 0
    outer loop
      vertex -17.7771 -39.4397 -5.29999
      vertex -17.8787 -39.5463 -6.31499
      vertex -17.8787 -39.5463 -5.29999
    endloop
  endfacet
  facet normal -0.844778 -0.535117 0
    outer loop
      vertex -17.4268 -35.8827 -6.31499
      vertex -17.5056 -35.7583 -5.29999
      vertex -17.5056 -35.7583 -6.31499
    endloop
  endfacet
  facet normal -0.844778 -0.535117 0
    outer loop
      vertex -17.5056 -35.7583 -5.29999
      vertex -17.4268 -35.8827 -6.31499
      vertex -17.4268 -35.8827 -5.29999
    endloop
  endfacet
  facet normal 0.949495 -0.313782 0
    outer loop
      vertex -22.8708 -36.5541 -5.29999
      vertex -22.8246 -36.4143 -6.31499
      vertex -22.8246 -36.4143 -5.29999
    endloop
  endfacet
  facet normal 0.949495 -0.313782 0
    outer loop
      vertex -22.8246 -36.4143 -6.31499
      vertex -22.8708 -36.5541 -5.29999
      vertex -22.8708 -36.5541 -6.31499
    endloop
  endfacet
  facet normal 0.404877 0.914371 -0
    outer loop
      vertex -21.1481 -40.1966 -6.31499
      vertex -21.2827 -40.137 -5.29999
      vertex -21.1481 -40.1966 -5.29999
    endloop
  endfacet
  facet normal 0.404877 0.914371 0
    outer loop
      vertex -21.2827 -40.137 -5.29999
      vertex -21.1481 -40.1966 -6.31499
      vertex -21.2827 -40.137 -6.31499
    endloop
  endfacet
  facet normal 0.999701 -0.0244492 0
    outer loop
      vertex -23 -37.425 -5.29999
      vertex -22.9964 -37.2778 -6.31499
      vertex -22.9964 -37.2778 -5.29999
    endloop
  endfacet
  facet normal 0.999701 -0.0244492 0
    outer loop
      vertex -22.9964 -37.2778 -6.31499
      vertex -23 -37.425 -5.29999
      vertex -23 -37.425 -6.31499
    endloop
  endfacet
  facet normal -0.404877 -0.914371 0
    outer loop
      vertex -18.8519 -34.6534 -6.31499
      vertex -18.7173 -34.713 -5.29999
      vertex -18.8519 -34.6534 -5.29999
    endloop
  endfacet
  facet normal -0.404877 -0.914371 -0
    outer loop
      vertex -18.7173 -34.713 -5.29999
      vertex -18.8519 -34.6534 -6.31499
      vertex -18.7173 -34.713 -6.31499
    endloop
  endfacet
  facet normal -0.219448 0.975624 0
    outer loop
      vertex -19.2711 -40.3351 -6.31499
      vertex -19.4147 -40.3674 -5.29999
      vertex -19.2711 -40.3351 -5.29999
    endloop
  endfacet
  facet normal -0.219448 0.975624 0
    outer loop
      vertex -19.4147 -40.3674 -5.29999
      vertex -19.2711 -40.3351 -6.31499
      vertex -19.4147 -40.3674 -6.31499
    endloop
  endfacet
  facet normal 0.689926 0.723879 -0
    outer loop
      vertex -22.0147 -39.6479 -6.31499
      vertex -22.1213 -39.5463 -5.29999
      vertex -22.0147 -39.6479 -5.29999
    endloop
  endfacet
  facet normal 0.689926 0.723879 0
    outer loop
      vertex -22.1213 -39.5463 -5.29999
      vertex -22.0147 -39.6479 -6.31499
      vertex -22.1213 -39.5463 -6.31499
    endloop
  endfacet
  facet normal 0.170453 0.985366 -0
    outer loop
      vertex -20.4402 -40.3925 -6.31499
      vertex -20.5853 -40.3674 -5.29999
      vertex -20.4402 -40.3925 -5.29999
    endloop
  endfacet
  facet normal 0.170453 0.985366 0
    outer loop
      vertex -20.5853 -40.3674 -5.29999
      vertex -20.4402 -40.3925 -6.31499
      vertex -20.5853 -40.3674 -6.31499
    endloop
  endfacet
  facet normal -0.870048 0.492966 0
    outer loop
      vertex -17.4268 -38.9673 -6.31499
      vertex -17.4 -38.92 -5.29999
      vertex -17.4 -38.92 -6.31499
    endloop
  endfacet
  facet normal -0.870048 0.492966 0
    outer loop
      vertex -17.4 -38.92 -5.29999
      vertex -17.4268 -38.9673 -6.31499
      vertex -17.4268 -38.9673 -5.29999
    endloop
  endfacet
  facet normal 0.493064 0.869993 -0
    outer loop
      vertex -21.4142 -40.0708 -6.31499
      vertex -21.5423 -39.9982 -5.29999
      vertex -21.4142 -40.0708 -5.29999
    endloop
  endfacet
  facet normal 0.493064 0.869993 0
    outer loop
      vertex -21.5423 -39.9982 -5.29999
      vertex -21.4142 -40.0708 -6.31499
      vertex -21.5423 -39.9982 -6.31499
    endloop
  endfacet
  facet normal -0.757479 0.652859 0
    outer loop
      vertex -17.7771 -39.4397 -6.31499
      vertex -17.681 -39.3282 -5.29999
      vertex -17.681 -39.3282 -6.31499
    endloop
  endfacet
  facet normal -0.757479 0.652859 0
    outer loop
      vertex -17.681 -39.3282 -5.29999
      vertex -17.7771 -39.4397 -6.31499
      vertex -17.7771 -39.4397 -5.29999
    endloop
  endfacet
  facet normal -0.359889 0.932995 0
    outer loop
      vertex -18.8519 -40.1966 -6.31499
      vertex -18.9893 -40.2496 -5.29999
      vertex -18.8519 -40.1966 -5.29999
    endloop
  endfacet
  facet normal -0.359889 0.932995 0
    outer loop
      vertex -18.9893 -40.2496 -5.29999
      vertex -18.8519 -40.1966 -6.31499
      vertex -18.9893 -40.2496 -6.31499
    endloop
  endfacet
  facet normal 0.844778 0.535117 0
    outer loop
      vertex -22.4944 -39.0917 -5.29999
      vertex -22.5732 -38.9673 -6.31499
      vertex -22.5732 -38.9673 -5.29999
    endloop
  endfacet
  facet normal 0.844778 0.535117 0
    outer loop
      vertex -22.5732 -38.9673 -6.31499
      vertex -22.4944 -39.0917 -5.29999
      vertex -22.4944 -39.0917 -6.31499
    endloop
  endfacet
  facet normal 0.992413 0.122948 0
    outer loop
      vertex -22.9675 -37.8652 -5.29999
      vertex -22.9856 -37.7191 -6.31499
      vertex -22.9856 -37.7191 -5.29999
    endloop
  endfacet
  facet normal 0.992413 0.122948 0
    outer loop
      vertex -22.9856 -37.7191 -6.31499
      vertex -22.9675 -37.8652 -5.29999
      vertex -22.9675 -37.8652 -6.31499
    endloop
  endfacet
  facet normal 0.615209 -0.788364 0
    outer loop
      vertex -21.9032 -35.106 -6.31499
      vertex -21.7871 -35.0154 -5.29999
      vertex -21.9032 -35.106 -5.29999
    endloop
  endfacet
  facet normal 0.615209 -0.788364 0
    outer loop
      vertex -21.7871 -35.0154 -5.29999
      vertex -21.9032 -35.106 -6.31499
      vertex -21.7871 -35.0154 -6.31499
    endloop
  endfacet
  facet normal 0.0733215 0.997308 -0
    outer loop
      vertex -20.1472 -40.4214 -6.31499
      vertex -20.2941 -40.4106 -5.29999
      vertex -20.1472 -40.4214 -5.29999
    endloop
  endfacet
  facet normal 0.0733215 0.997308 0
    outer loop
      vertex -20.2941 -40.4106 -5.29999
      vertex -20.1472 -40.4214 -6.31499
      vertex -20.2941 -40.4106 -6.31499
    endloop
  endfacet
  facet normal -0.723879 -0.689926 0
    outer loop
      vertex -17.7771 -35.4103 -6.31499
      vertex -17.8787 -35.3037 -5.29999
      vertex -17.8787 -35.3037 -6.31499
    endloop
  endfacet
  facet normal -0.723879 -0.689926 0
    outer loop
      vertex -17.8787 -35.3037 -5.29999
      vertex -17.7771 -35.4103 -6.31499
      vertex -17.7771 -35.4103 -5.29999
    endloop
  endfacet
  facet normal 0.57583 -0.81757 0
    outer loop
      vertex -21.7871 -35.0154 -6.31499
      vertex -21.6667 -34.9306 -5.29999
      vertex -21.7871 -35.0154 -5.29999
    endloop
  endfacet
  facet normal 0.57583 -0.81757 0
    outer loop
      vertex -21.6667 -34.9306 -5.29999
      vertex -21.7871 -35.0154 -6.31499
      vertex -21.6667 -34.9306 -6.31499
    endloop
  endfacet
  facet normal -0.493064 0.869993 0
    outer loop
      vertex -18.4577 -39.9982 -6.31499
      vertex -18.5858 -40.0708 -5.29999
      vertex -18.4577 -39.9982 -5.29999
    endloop
  endfacet
  facet normal -0.493064 0.869993 0
    outer loop
      vertex -18.5858 -40.0708 -5.29999
      vertex -18.4577 -39.9982 -6.31499
      vertex -18.5858 -40.0708 -6.31499
    endloop
  endfacet
  facet normal -0.57583 -0.81757 0
    outer loop
      vertex -18.3333 -34.9306 -6.31499
      vertex -18.2129 -35.0154 -5.29999
      vertex -18.3333 -34.9306 -5.29999
    endloop
  endfacet
  facet normal -0.57583 -0.81757 -0
    outer loop
      vertex -18.2129 -35.0154 -5.29999
      vertex -18.3333 -34.9306 -6.31499
      vertex -18.2129 -35.0154 -6.31499
    endloop
  endfacet
  facet normal 0.359889 -0.932995 0
    outer loop
      vertex -21.1481 -34.6534 -6.31499
      vertex -21.0107 -34.6004 -5.29999
      vertex -21.1481 -34.6534 -5.29999
    endloop
  endfacet
  facet normal 0.359889 -0.932995 0
    outer loop
      vertex -21.0107 -34.6004 -5.29999
      vertex -21.1481 -34.6534 -6.31499
      vertex -21.0107 -34.6004 -6.31499
    endloop
  endfacet
  facet normal 0.0244492 -0.999701 0
    outer loop
      vertex -20.1472 -34.4286 -6.31499
      vertex -20 -34.425 -5.29999
      vertex -20.1472 -34.4286 -5.29999
    endloop
  endfacet
  facet normal 0.0244492 -0.999701 0
    outer loop
      vertex -20 -34.425 -5.29999
      vertex -20.1472 -34.4286 -6.31499
      vertex -20 -34.425 -6.31499
    endloop
  endfacet
  facet normal -0.615209 -0.788364 0
    outer loop
      vertex -18.2129 -35.0154 -6.31499
      vertex -18.0968 -35.106 -5.29999
      vertex -18.2129 -35.0154 -5.29999
    endloop
  endfacet
  facet normal -0.615209 -0.788364 -0
    outer loop
      vertex -18.0968 -35.106 -5.29999
      vertex -18.2129 -35.0154 -6.31499
      vertex -18.0968 -35.106 -6.31499
    endloop
  endfacet
  facet normal 0.0244492 0.999701 -0
    outer loop
      vertex -20 -40.425 -6.31499
      vertex -20.1472 -40.4214 -5.29999
      vertex -20 -40.425 -5.29999
    endloop
  endfacet
  facet normal 0.0244492 0.999701 0
    outer loop
      vertex -20.1472 -40.4214 -5.29999
      vertex -20 -40.425 -6.31499
      vertex -20.1472 -40.4214 -6.31499
    endloop
  endfacet
  facet normal 0.652859 -0.757479 0
    outer loop
      vertex -22.0147 -35.2021 -6.31499
      vertex -21.9032 -35.106 -5.29999
      vertex -22.0147 -35.2021 -5.29999
    endloop
  endfacet
  facet normal 0.652859 -0.757479 0
    outer loop
      vertex -21.9032 -35.106 -5.29999
      vertex -22.0147 -35.2021 -6.31499
      vertex -21.9032 -35.106 -6.31499
    endloop
  endfacet
  facet normal 0.170453 -0.985366 0
    outer loop
      vertex -20.5853 -34.4826 -6.31499
      vertex -20.4402 -34.4575 -5.29999
      vertex -20.5853 -34.4826 -5.29999
    endloop
  endfacet
  facet normal 0.170453 -0.985366 0
    outer loop
      vertex -20.4402 -34.4575 -5.29999
      vertex -20.5853 -34.4826 -6.31499
      vertex -20.4402 -34.4575 -6.31499
    endloop
  endfacet
  facet normal 0.975624 -0.219448 0
    outer loop
      vertex -22.9424 -36.8397 -5.29999
      vertex -22.9101 -36.6961 -6.31499
      vertex -22.9101 -36.6961 -5.29999
    endloop
  endfacet
  facet normal 0.975624 -0.219448 0
    outer loop
      vertex -22.9101 -36.6961 -6.31499
      vertex -22.9424 -36.8397 -5.29999
      vertex -22.9424 -36.8397 -6.31499
    endloop
  endfacet
  facet normal 0.932907 0.360117 0
    outer loop
      vertex -22.7716 -38.573 -5.29999
      vertex -22.8246 -38.4357 -6.31499
      vertex -22.8246 -38.4357 -5.29999
    endloop
  endfacet
  facet normal 0.932907 0.360117 0
    outer loop
      vertex -22.8246 -38.4357 -6.31499
      vertex -22.7716 -38.573 -5.29999
      vertex -22.7716 -38.573 -6.31499
    endloop
  endfacet
  facet normal 0.81757 0.57583 0
    outer loop
      vertex -22.4096 -39.2121 -5.29999
      vertex -22.4944 -39.0917 -6.31499
      vertex -22.4944 -39.0917 -5.29999
    endloop
  endfacet
  facet normal 0.81757 0.57583 0
    outer loop
      vertex -22.4944 -39.0917 -6.31499
      vertex -22.4096 -39.2121 -5.29999
      vertex -22.4096 -39.2121 -6.31499
    endloop
  endfacet
  facet normal -0.844778 0.535117 0
    outer loop
      vertex -17.5056 -39.0917 -6.31499
      vertex -17.4268 -38.9673 -5.29999
      vertex -17.4268 -38.9673 -6.31499
    endloop
  endfacet
  facet normal -0.844778 0.535117 0
    outer loop
      vertex -17.4268 -38.9673 -5.29999
      vertex -17.5056 -39.0917 -6.31499
      vertex -17.5056 -39.0917 -5.29999
    endloop
  endfacet
  facet normal -0.266734 -0.96377 0
    outer loop
      vertex -19.2711 -34.5149 -6.31499
      vertex -19.1291 -34.5542 -5.29999
      vertex -19.2711 -34.5149 -5.29999
    endloop
  endfacet
  facet normal -0.266734 -0.96377 -0
    outer loop
      vertex -19.1291 -34.5542 -5.29999
      vertex -19.2711 -34.5149 -6.31499
      vertex -19.1291 -34.5542 -6.31499
    endloop
  endfacet
  facet normal -0.615209 0.788364 0
    outer loop
      vertex -18.0968 -39.744 -6.31499
      vertex -18.2129 -39.8346 -5.29999
      vertex -18.0968 -39.744 -5.29999
    endloop
  endfacet
  facet normal -0.615209 0.788364 0
    outer loop
      vertex -18.2129 -39.8346 -5.29999
      vertex -18.0968 -39.744 -6.31499
      vertex -18.2129 -39.8346 -6.31499
    endloop
  endfacet
  facet normal -0.219448 -0.975624 0
    outer loop
      vertex -19.4147 -34.4826 -6.31499
      vertex -19.2711 -34.5149 -5.29999
      vertex -19.4147 -34.4826 -5.29999
    endloop
  endfacet
  facet normal -0.219448 -0.975624 -0
    outer loop
      vertex -19.2711 -34.5149 -5.29999
      vertex -19.4147 -34.4826 -6.31499
      vertex -19.2711 -34.5149 -6.31499
    endloop
  endfacet
  facet normal -0.449657 0.893201 0
    outer loop
      vertex -18.5858 -40.0708 -6.31499
      vertex -18.7173 -40.137 -5.29999
      vertex -18.5858 -40.0708 -5.29999
    endloop
  endfacet
  facet normal -0.449657 0.893201 0
    outer loop
      vertex -18.7173 -40.137 -5.29999
      vertex -18.5858 -40.0708 -6.31499
      vertex -18.7173 -40.137 -6.31499
    endloop
  endfacet
  facet normal 0.81757 -0.57583 0
    outer loop
      vertex -22.4944 -35.7583 -5.29999
      vertex -22.4096 -35.6379 -6.31499
      vertex -22.4096 -35.6379 -5.29999
    endloop
  endfacet
  facet normal 0.81757 -0.57583 0
    outer loop
      vertex -22.4096 -35.6379 -6.31499
      vertex -22.4944 -35.7583 -5.29999
      vertex -22.4944 -35.7583 -6.31499
    endloop
  endfacet
  facet normal 0.219448 0.975624 -0
    outer loop
      vertex -20.5853 -40.3674 -6.31499
      vertex -20.7289 -40.3351 -5.29999
      vertex -20.5853 -40.3674 -5.29999
    endloop
  endfacet
  facet normal 0.219448 0.975624 0
    outer loop
      vertex -20.7289 -40.3351 -5.29999
      vertex -20.5853 -40.3674 -6.31499
      vertex -20.7289 -40.3351 -6.31499
    endloop
  endfacet
  facet normal -0.81757 0.57583 0
    outer loop
      vertex -17.5904 -39.2121 -6.31499
      vertex -17.5056 -39.0917 -5.29999
      vertex -17.5056 -39.0917 -6.31499
    endloop
  endfacet
  facet normal -0.81757 0.57583 0
    outer loop
      vertex -17.5056 -39.0917 -5.29999
      vertex -17.5904 -39.2121 -6.31499
      vertex -17.5904 -39.2121 -5.29999
    endloop
  endfacet
  facet normal -0.122948 0.992413 0
    outer loop
      vertex -19.5598 -40.3925 -6.31499
      vertex -19.7059 -40.4106 -5.29999
      vertex -19.5598 -40.3925 -5.29999
    endloop
  endfacet
  facet normal -0.122948 0.992413 0
    outer loop
      vertex -19.7059 -40.4106 -5.29999
      vertex -19.5598 -40.3925 -6.31499
      vertex -19.7059 -40.4106 -6.31499
    endloop
  endfacet
  facet normal 0.914482 0.404626 0
    outer loop
      vertex -22.712 -38.7077 -5.29999
      vertex -22.7716 -38.573 -6.31499
      vertex -22.7716 -38.573 -5.29999
    endloop
  endfacet
  facet normal 0.914482 0.404626 0
    outer loop
      vertex -22.7716 -38.573 -6.31499
      vertex -22.712 -38.7077 -5.29999
      vertex -22.712 -38.7077 -6.31499
    endloop
  endfacet
  facet normal 0.844778 -0.535117 0
    outer loop
      vertex -22.5732 -35.8827 -5.29999
      vertex -22.4944 -35.7583 -6.31499
      vertex -22.4944 -35.7583 -5.29999
    endloop
  endfacet
  facet normal 0.844778 -0.535117 0
    outer loop
      vertex -22.4944 -35.7583 -6.31499
      vertex -22.5732 -35.8827 -5.29999
      vertex -22.5732 -35.8827 -6.31499
    endloop
  endfacet
  facet normal -0.266734 0.96377 0
    outer loop
      vertex -19.1291 -40.2958 -6.31499
      vertex -19.2711 -40.3351 -5.29999
      vertex -19.1291 -40.2958 -5.29999
    endloop
  endfacet
  facet normal -0.266734 0.96377 0
    outer loop
      vertex -19.2711 -40.3351 -5.29999
      vertex -19.1291 -40.2958 -6.31499
      vertex -19.2711 -40.3351 -6.31499
    endloop
  endfacet
  facet normal 0.615209 0.788364 -0
    outer loop
      vertex -21.7871 -39.8346 -6.31499
      vertex -21.9032 -39.744 -5.29999
      vertex -21.7871 -39.8346 -5.29999
    endloop
  endfacet
  facet normal 0.615209 0.788364 0
    outer loop
      vertex -21.9032 -39.744 -5.29999
      vertex -21.7871 -39.8346 -6.31499
      vertex -21.9032 -39.744 -6.31499
    endloop
  endfacet
  facet normal -0.404877 0.914371 0
    outer loop
      vertex -18.7173 -40.137 -6.31499
      vertex -18.8519 -40.1966 -5.29999
      vertex -18.7173 -40.137 -5.29999
    endloop
  endfacet
  facet normal -0.404877 0.914371 0
    outer loop
      vertex -18.8519 -40.1966 -5.29999
      vertex -18.7173 -40.137 -6.31499
      vertex -18.8519 -40.1966 -6.31499
    endloop
  endfacet
  facet normal 0.893201 0.449657 0
    outer loop
      vertex -22.6458 -38.8392 -5.29999
      vertex -22.712 -38.7077 -6.31499
      vertex -22.712 -38.7077 -5.29999
    endloop
  endfacet
  facet normal 0.893201 0.449657 0
    outer loop
      vertex -22.712 -38.7077 -6.31499
      vertex -22.6458 -38.8392 -5.29999
      vertex -22.6458 -38.8392 -6.31499
    endloop
  endfacet
  facet normal -0.313782 -0.949495 0
    outer loop
      vertex -19.1291 -34.5542 -6.31499
      vertex -18.9893 -34.6004 -5.29999
      vertex -19.1291 -34.5542 -5.29999
    endloop
  endfacet
  facet normal -0.313782 -0.949495 -0
    outer loop
      vertex -18.9893 -34.6004 -5.29999
      vertex -19.1291 -34.5542 -6.31499
      vertex -18.9893 -34.6004 -6.31499
    endloop
  endfacet
  facet normal -0.757479 -0.652859 0
    outer loop
      vertex -17.681 -35.5218 -6.31499
      vertex -17.7771 -35.4103 -5.29999
      vertex -17.7771 -35.4103 -6.31499
    endloop
  endfacet
  facet normal -0.757479 -0.652859 0
    outer loop
      vertex -17.7771 -35.4103 -5.29999
      vertex -17.681 -35.5218 -6.31499
      vertex -17.681 -35.5218 -5.29999
    endloop
  endfacet
  facet normal 0.449657 -0.893201 0
    outer loop
      vertex -21.4142 -34.7792 -6.31499
      vertex -21.2827 -34.713 -5.29999
      vertex -21.4142 -34.7792 -5.29999
    endloop
  endfacet
  facet normal 0.449657 -0.893201 0
    outer loop
      vertex -21.2827 -34.713 -5.29999
      vertex -21.4142 -34.7792 -6.31499
      vertex -21.2827 -34.713 -6.31499
    endloop
  endfacet
  facet normal -0.0733215 -0.997308 0
    outer loop
      vertex -19.8528 -34.4286 -6.31499
      vertex -19.7059 -34.4394 -5.29999
      vertex -19.8528 -34.4286 -5.29999
    endloop
  endfacet
  facet normal -0.0733215 -0.997308 -0
    outer loop
      vertex -19.7059 -34.4394 -5.29999
      vertex -19.8528 -34.4286 -6.31499
      vertex -19.7059 -34.4394 -6.31499
    endloop
  endfacet
  facet normal -0.535117 -0.844778 0
    outer loop
      vertex -18.4577 -34.8518 -6.31499
      vertex -18.3333 -34.9306 -5.29999
      vertex -18.4577 -34.8518 -5.29999
    endloop
  endfacet
  facet normal -0.535117 -0.844778 -0
    outer loop
      vertex -18.3333 -34.9306 -5.29999
      vertex -18.4577 -34.8518 -6.31499
      vertex -18.3333 -34.9306 -6.31499
    endloop
  endfacet
  facet normal 0.313782 0.949495 -0
    outer loop
      vertex -20.8709 -40.2958 -6.31499
      vertex -21.0107 -40.2496 -5.29999
      vertex -20.8709 -40.2958 -5.29999
    endloop
  endfacet
  facet normal 0.313782 0.949495 0
    outer loop
      vertex -21.0107 -40.2496 -5.29999
      vertex -20.8709 -40.2958 -6.31499
      vertex -21.0107 -40.2496 -6.31499
    endloop
  endfacet
  facet normal 0.997308 -0.0733215 0
    outer loop
      vertex -22.9964 -37.2778 -5.29999
      vertex -22.9856 -37.1309 -6.31499
      vertex -22.9856 -37.1309 -5.29999
    endloop
  endfacet
  facet normal 0.997308 -0.0733215 0
    outer loop
      vertex -22.9856 -37.1309 -6.31499
      vertex -22.9964 -37.2778 -5.29999
      vertex -22.9964 -37.2778 -6.31499
    endloop
  endfacet
  facet normal 0.985366 -0.170453 0
    outer loop
      vertex -22.9675 -36.9848 -5.29999
      vertex -22.9424 -36.8397 -6.31499
      vertex -22.9424 -36.8397 -5.29999
    endloop
  endfacet
  facet normal 0.985366 -0.170453 0
    outer loop
      vertex -22.9424 -36.8397 -6.31499
      vertex -22.9675 -36.9848 -5.29999
      vertex -22.9675 -36.9848 -6.31499
    endloop
  endfacet
  facet normal -0.313782 0.949495 0
    outer loop
      vertex -18.9893 -40.2496 -6.31499
      vertex -19.1291 -40.2958 -5.29999
      vertex -18.9893 -40.2496 -5.29999
    endloop
  endfacet
  facet normal -0.313782 0.949495 0
    outer loop
      vertex -19.1291 -40.2958 -5.29999
      vertex -18.9893 -40.2496 -6.31499
      vertex -19.1291 -40.2958 -6.31499
    endloop
  endfacet
  facet normal 0.266734 -0.96377 0
    outer loop
      vertex -20.8709 -34.5542 -6.31499
      vertex -20.7289 -34.5149 -5.29999
      vertex -20.8709 -34.5542 -5.29999
    endloop
  endfacet
  facet normal 0.266734 -0.96377 0
    outer loop
      vertex -20.7289 -34.5149 -5.29999
      vertex -20.8709 -34.5542 -6.31499
      vertex -20.7289 -34.5149 -6.31499
    endloop
  endfacet
  facet normal 0.788364 0.615209 0
    outer loop
      vertex -22.319 -39.3282 -5.29999
      vertex -22.4096 -39.2121 -6.31499
      vertex -22.4096 -39.2121 -5.29999
    endloop
  endfacet
  facet normal 0.788364 0.615209 0
    outer loop
      vertex -22.4096 -39.2121 -6.31499
      vertex -22.319 -39.3282 -5.29999
      vertex -22.319 -39.3282 -6.31499
    endloop
  endfacet
  facet normal -0.788364 -0.615209 0
    outer loop
      vertex -17.5904 -35.6379 -6.31499
      vertex -17.681 -35.5218 -5.29999
      vertex -17.681 -35.5218 -6.31499
    endloop
  endfacet
  facet normal -0.788364 -0.615209 0
    outer loop
      vertex -17.681 -35.5218 -5.29999
      vertex -17.5904 -35.6379 -6.31499
      vertex -17.5904 -35.6379 -5.29999
    endloop
  endfacet
  facet normal 0.96377 0.266734 0
    outer loop
      vertex -22.8708 -38.2959 -5.29999
      vertex -22.9101 -38.1539 -6.31499
      vertex -22.9101 -38.1539 -5.29999
    endloop
  endfacet
  facet normal 0.96377 0.266734 0
    outer loop
      vertex -22.9101 -38.1539 -6.31499
      vertex -22.8708 -38.2959 -5.29999
      vertex -22.8708 -38.2959 -6.31499
    endloop
  endfacet
  facet normal 0.449657 0.893201 -0
    outer loop
      vertex -21.2827 -40.137 -6.31499
      vertex -21.4142 -40.0708 -5.29999
      vertex -21.2827 -40.137 -5.29999
    endloop
  endfacet
  facet normal 0.449657 0.893201 0
    outer loop
      vertex -21.4142 -40.0708 -5.29999
      vertex -21.2827 -40.137 -6.31499
      vertex -21.4142 -40.0708 -6.31499
    endloop
  endfacet
  facet normal 0.869993 -0.493064 0
    outer loop
      vertex -22.6458 -36.0108 -5.29999
      vertex -22.5732 -35.8827 -6.31499
      vertex -22.5732 -35.8827 -5.29999
    endloop
  endfacet
  facet normal 0.869993 -0.493064 0
    outer loop
      vertex -22.5732 -35.8827 -6.31499
      vertex -22.6458 -36.0108 -5.29999
      vertex -22.6458 -36.0108 -6.31499
    endloop
  endfacet
  facet normal 0.404877 -0.914371 0
    outer loop
      vertex -21.2827 -34.713 -6.31499
      vertex -21.1481 -34.6534 -5.29999
      vertex -21.2827 -34.713 -5.29999
    endloop
  endfacet
  facet normal 0.404877 -0.914371 0
    outer loop
      vertex -21.1481 -34.6534 -5.29999
      vertex -21.2827 -34.713 -6.31499
      vertex -21.1481 -34.6534 -6.31499
    endloop
  endfacet
  facet normal 0.57583 0.81757 -0
    outer loop
      vertex -21.6667 -39.9194 -6.31499
      vertex -21.7871 -39.8346 -5.29999
      vertex -21.6667 -39.9194 -5.29999
    endloop
  endfacet
  facet normal 0.57583 0.81757 0
    outer loop
      vertex -21.7871 -39.8346 -5.29999
      vertex -21.6667 -39.9194 -6.31499
      vertex -21.7871 -39.8346 -6.31499
    endloop
  endfacet
  facet normal 0.535117 0.844778 -0
    outer loop
      vertex -21.5423 -39.9982 -6.31499
      vertex -21.6667 -39.9194 -5.29999
      vertex -21.5423 -39.9982 -5.29999
    endloop
  endfacet
  facet normal 0.535117 0.844778 0
    outer loop
      vertex -21.6667 -39.9194 -5.29999
      vertex -21.5423 -39.9982 -6.31499
      vertex -21.6667 -39.9194 -6.31499
    endloop
  endfacet
  facet normal 0.313782 -0.949495 0
    outer loop
      vertex -15.8107 -34.6004 -6.31499
      vertex -15.6709 -34.5542 -5.29999
      vertex -15.8107 -34.6004 -5.29999
    endloop
  endfacet
  facet normal 0.313782 -0.949495 0
    outer loop
      vertex -15.6709 -34.5542 -5.29999
      vertex -15.8107 -34.6004 -6.31499
      vertex -15.6709 -34.5542 -6.31499
    endloop
  endfacet
  facet normal 0.122948 0.992413 -0
    outer loop
      vertex -15.0941 -40.4106 -6.31499
      vertex -15.2402 -40.3925 -5.29999
      vertex -15.0941 -40.4106 -5.29999
    endloop
  endfacet
  facet normal 0.122948 0.992413 0
    outer loop
      vertex -15.2402 -40.3925 -5.29999
      vertex -15.0941 -40.4106 -6.31499
      vertex -15.2402 -40.3925 -6.31499
    endloop
  endfacet
  facet normal 0.0733215 -0.997308 0
    outer loop
      vertex -15.0941 -34.4394 -6.31499
      vertex -14.9472 -34.4286 -5.29999
      vertex -15.0941 -34.4394 -5.29999
    endloop
  endfacet
  facet normal 0.0733215 -0.997308 0
    outer loop
      vertex -14.9472 -34.4286 -5.29999
      vertex -15.0941 -34.4394 -6.31499
      vertex -14.9472 -34.4286 -6.31499
    endloop
  endfacet
  facet normal -0.0733215 0.997308 0
    outer loop
      vertex -14.5059 -40.4106 -6.31499
      vertex -14.6528 -40.4214 -5.29999
      vertex -14.5059 -40.4106 -5.29999
    endloop
  endfacet
  facet normal -0.0733215 0.997308 0
    outer loop
      vertex -14.6528 -40.4214 -5.29999
      vertex -14.5059 -40.4106 -6.31499
      vertex -14.6528 -40.4214 -6.31499
    endloop
  endfacet
  facet normal -0.360117 -0.932907 0
    outer loop
      vertex -13.7893 -34.6004 -6.31499
      vertex -13.652 -34.6534 -5.29999
      vertex -13.7893 -34.6004 -5.29999
    endloop
  endfacet
  facet normal -0.360117 -0.932907 -0
    outer loop
      vertex -13.652 -34.6534 -5.29999
      vertex -13.7893 -34.6004 -6.31499
      vertex -13.652 -34.6534 -6.31499
    endloop
  endfacet
  facet normal 0.266734 0.96377 -0
    outer loop
      vertex -15.5289 -40.3351 -6.31499
      vertex -15.6709 -40.2958 -5.29999
      vertex -15.5289 -40.3351 -5.29999
    endloop
  endfacet
  facet normal 0.266734 0.96377 0
    outer loop
      vertex -15.6709 -40.2958 -5.29999
      vertex -15.5289 -40.3351 -6.31499
      vertex -15.6709 -40.2958 -6.31499
    endloop
  endfacet
  facet normal -0.535117 0.844778 0
    outer loop
      vertex -13.1333 -39.9194 -6.31499
      vertex -13.2577 -39.9982 -5.29999
      vertex -13.1333 -39.9194 -5.29999
    endloop
  endfacet
  facet normal -0.535117 0.844778 0
    outer loop
      vertex -13.2577 -39.9982 -5.29999
      vertex -13.1333 -39.9194 -6.31499
      vertex -13.2577 -39.9982 -6.31499
    endloop
  endfacet
  facet normal -0.449657 -0.893201 0
    outer loop
      vertex -13.5173 -34.713 -6.31499
      vertex -13.3858 -34.7792 -5.29999
      vertex -13.5173 -34.713 -5.29999
    endloop
  endfacet
  facet normal -0.449657 -0.893201 -0
    outer loop
      vertex -13.3858 -34.7792 -5.29999
      vertex -13.5173 -34.713 -6.31499
      vertex -13.3858 -34.7792 -6.31499
    endloop
  endfacet
  facet normal 0.535117 -0.844778 0
    outer loop
      vertex -16.4667 -34.9306 -6.31499
      vertex -16.3423 -34.8518 -5.29999
      vertex -16.4667 -34.9306 -5.29999
    endloop
  endfacet
  facet normal 0.535117 -0.844778 0
    outer loop
      vertex -16.3423 -34.8518 -5.29999
      vertex -16.4667 -34.9306 -6.31499
      vertex -16.3423 -34.8518 -6.31499
    endloop
  endfacet
  facet normal -0.493064 -0.869993 0
    outer loop
      vertex -13.3858 -34.7792 -6.31499
      vertex -13.2577 -34.8518 -5.29999
      vertex -13.3858 -34.7792 -5.29999
    endloop
  endfacet
  facet normal -0.493064 -0.869993 -0
    outer loop
      vertex -13.2577 -34.8518 -5.29999
      vertex -13.3858 -34.7792 -6.31499
      vertex -13.2577 -34.8518 -6.31499
    endloop
  endfacet
  facet normal -0.0244492 -0.999701 0
    outer loop
      vertex -14.8 -34.425 -6.31499
      vertex -14.6528 -34.4286 -5.29999
      vertex -14.8 -34.425 -5.29999
    endloop
  endfacet
  facet normal -0.0244492 -0.999701 -0
    outer loop
      vertex -14.6528 -34.4286 -5.29999
      vertex -14.8 -34.425 -6.31499
      vertex -14.6528 -34.4286 -6.31499
    endloop
  endfacet
  facet normal 0.122948 -0.992413 0
    outer loop
      vertex -15.2402 -34.4575 -6.31499
      vertex -15.0941 -34.4394 -5.29999
      vertex -15.2402 -34.4575 -5.29999
    endloop
  endfacet
  facet normal 0.122948 -0.992413 0
    outer loop
      vertex -15.0941 -34.4394 -5.29999
      vertex -15.2402 -34.4575 -6.31499
      vertex -15.0941 -34.4394 -6.31499
    endloop
  endfacet
  facet normal -0.170453 -0.985366 0
    outer loop
      vertex -14.3598 -34.4575 -6.31499
      vertex -14.2147 -34.4826 -5.29999
      vertex -14.3598 -34.4575 -5.29999
    endloop
  endfacet
  facet normal -0.170453 -0.985366 -0
    outer loop
      vertex -14.2147 -34.4826 -5.29999
      vertex -14.3598 -34.4575 -6.31499
      vertex -14.2147 -34.4826 -6.31499
    endloop
  endfacet
  facet normal -0.788364 0.615209 0
    outer loop
      vertex -12.481 -39.3282 -6.31499
      vertex -12.3904 -39.2121 -5.29999
      vertex -12.3904 -39.2121 -6.31499
    endloop
  endfacet
  facet normal -0.788364 0.615209 0
    outer loop
      vertex -12.3904 -39.2121 -5.29999
      vertex -12.481 -39.3282 -6.31499
      vertex -12.481 -39.3282 -5.29999
    endloop
  endfacet
  facet normal -0.652859 0.757479 0
    outer loop
      vertex -12.7853 -39.6479 -6.31499
      vertex -12.8968 -39.744 -5.29999
      vertex -12.7853 -39.6479 -5.29999
    endloop
  endfacet
  facet normal -0.652859 0.757479 0
    outer loop
      vertex -12.8968 -39.744 -5.29999
      vertex -12.7853 -39.6479 -6.31499
      vertex -12.8968 -39.744 -6.31499
    endloop
  endfacet
  facet normal 0.689926 -0.723879 0
    outer loop
      vertex -16.9213 -35.3037 -6.31499
      vertex -16.8147 -35.2021 -5.29999
      vertex -16.9213 -35.3037 -5.29999
    endloop
  endfacet
  facet normal 0.689926 -0.723879 0
    outer loop
      vertex -16.8147 -35.2021 -5.29999
      vertex -16.9213 -35.3037 -6.31499
      vertex -16.8147 -35.2021 -6.31499
    endloop
  endfacet
  facet normal 0.757479 -0.652859 0
    outer loop
      vertex -17.119 -35.5218 -5.29999
      vertex -17.0229 -35.4103 -6.31499
      vertex -17.0229 -35.4103 -5.29999
    endloop
  endfacet
  facet normal 0.757479 -0.652859 0
    outer loop
      vertex -17.0229 -35.4103 -6.31499
      vertex -17.119 -35.5218 -5.29999
      vertex -17.119 -35.5218 -6.31499
    endloop
  endfacet
  facet normal -0.652859 -0.757479 0
    outer loop
      vertex -12.8968 -35.106 -6.31499
      vertex -12.7853 -35.2021 -5.29999
      vertex -12.8968 -35.106 -5.29999
    endloop
  endfacet
  facet normal -0.652859 -0.757479 -0
    outer loop
      vertex -12.7853 -35.2021 -5.29999
      vertex -12.8968 -35.106 -6.31499
      vertex -12.7853 -35.2021 -6.31499
    endloop
  endfacet
  facet normal -0.170453 0.985366 0
    outer loop
      vertex -14.2147 -40.3674 -6.31499
      vertex -14.3598 -40.3925 -5.29999
      vertex -14.2147 -40.3674 -5.29999
    endloop
  endfacet
  facet normal -0.170453 0.985366 0
    outer loop
      vertex -14.3598 -40.3925 -5.29999
      vertex -14.2147 -40.3674 -6.31499
      vertex -14.3598 -40.3925 -6.31499
    endloop
  endfacet
  facet normal -0.689926 0.723879 0
    outer loop
      vertex -12.6787 -39.5463 -6.31499
      vertex -12.7853 -39.6479 -5.29999
      vertex -12.6787 -39.5463 -5.29999
    endloop
  endfacet
  facet normal -0.689926 0.723879 0
    outer loop
      vertex -12.7853 -39.6479 -5.29999
      vertex -12.6787 -39.5463 -6.31499
      vertex -12.7853 -39.6479 -6.31499
    endloop
  endfacet
  facet normal -0.0244492 0.999701 0
    outer loop
      vertex -14.6528 -40.4214 -6.31499
      vertex -14.8 -40.425 -5.29999
      vertex -14.6528 -40.4214 -5.29999
    endloop
  endfacet
  facet normal -0.0244492 0.999701 0
    outer loop
      vertex -14.8 -40.425 -5.29999
      vertex -14.6528 -40.4214 -6.31499
      vertex -14.8 -40.425 -6.31499
    endloop
  endfacet
  facet normal -0.81757 -0.57583 0
    outer loop
      vertex -12.3056 -35.7583 -6.31499
      vertex -12.3904 -35.6379 -5.29999
      vertex -12.3904 -35.6379 -6.31499
    endloop
  endfacet
  facet normal -0.81757 -0.57583 0
    outer loop
      vertex -12.3904 -35.6379 -5.29999
      vertex -12.3056 -35.7583 -6.31499
      vertex -12.3056 -35.7583 -5.29999
    endloop
  endfacet
  facet normal 0.870048 0.492966 0
    outer loop
      vertex -17.3732 -38.9673 -5.29999
      vertex -17.4 -38.92 -6.31499
      vertex -17.4 -38.92 -5.29999
    endloop
  endfacet
  facet normal 0.870048 0.492966 0
    outer loop
      vertex -17.4 -38.92 -6.31499
      vertex -17.3732 -38.9673 -5.29999
      vertex -17.3732 -38.9673 -6.31499
    endloop
  endfacet
  facet normal -0.122948 -0.992413 0
    outer loop
      vertex -14.5059 -34.4394 -6.31499
      vertex -14.3598 -34.4575 -5.29999
      vertex -14.5059 -34.4394 -5.29999
    endloop
  endfacet
  facet normal -0.122948 -0.992413 -0
    outer loop
      vertex -14.3598 -34.4575 -5.29999
      vertex -14.5059 -34.4394 -6.31499
      vertex -14.3598 -34.4575 -6.31499
    endloop
  endfacet
  facet normal -0.689926 -0.723879 0
    outer loop
      vertex -12.7853 -35.2021 -6.31499
      vertex -12.6787 -35.3037 -5.29999
      vertex -12.7853 -35.2021 -5.29999
    endloop
  endfacet
  facet normal -0.689926 -0.723879 -0
    outer loop
      vertex -12.6787 -35.3037 -5.29999
      vertex -12.7853 -35.2021 -6.31499
      vertex -12.6787 -35.3037 -6.31499
    endloop
  endfacet
  facet normal 0.360117 0.932907 -0
    outer loop
      vertex -15.8107 -40.2496 -6.31499
      vertex -15.948 -40.1966 -5.29999
      vertex -15.8107 -40.2496 -5.29999
    endloop
  endfacet
  facet normal 0.360117 0.932907 0
    outer loop
      vertex -15.948 -40.1966 -5.29999
      vertex -15.8107 -40.2496 -6.31499
      vertex -15.948 -40.1966 -6.31499
    endloop
  endfacet
  facet normal 0.493064 -0.869993 0
    outer loop
      vertex -16.3423 -34.8518 -6.31499
      vertex -16.2142 -34.7792 -5.29999
      vertex -16.3423 -34.8518 -5.29999
    endloop
  endfacet
  facet normal 0.493064 -0.869993 0
    outer loop
      vertex -16.2142 -34.7792 -5.29999
      vertex -16.3423 -34.8518 -6.31499
      vertex -16.2142 -34.7792 -6.31499
    endloop
  endfacet
  facet normal -0.57583 0.81757 0
    outer loop
      vertex -13.0129 -39.8346 -6.31499
      vertex -13.1333 -39.9194 -5.29999
      vertex -13.0129 -39.8346 -5.29999
    endloop
  endfacet
  facet normal -0.57583 0.81757 0
    outer loop
      vertex -13.1333 -39.9194 -5.29999
      vertex -13.0129 -39.8346 -6.31499
      vertex -13.1333 -39.9194 -6.31499
    endloop
  endfacet
  facet normal 0.757479 0.652859 0
    outer loop
      vertex -17.0229 -39.4397 -5.29999
      vertex -17.119 -39.3282 -6.31499
      vertex -17.119 -39.3282 -5.29999
    endloop
  endfacet
  facet normal 0.757479 0.652859 0
    outer loop
      vertex -17.119 -39.3282 -6.31499
      vertex -17.0229 -39.4397 -5.29999
      vertex -17.0229 -39.4397 -6.31499
    endloop
  endfacet
  facet normal 0.652859 0.757479 -0
    outer loop
      vertex -16.7032 -39.744 -6.31499
      vertex -16.8147 -39.6479 -5.29999
      vertex -16.7032 -39.744 -5.29999
    endloop
  endfacet
  facet normal 0.652859 0.757479 0
    outer loop
      vertex -16.8147 -39.6479 -5.29999
      vertex -16.7032 -39.744 -6.31499
      vertex -16.8147 -39.6479 -6.31499
    endloop
  endfacet
  facet normal 0.788364 -0.615209 0
    outer loop
      vertex -17.2096 -35.6379 -5.29999
      vertex -17.119 -35.5218 -6.31499
      vertex -17.119 -35.5218 -5.29999
    endloop
  endfacet
  facet normal 0.788364 -0.615209 0
    outer loop
      vertex -17.119 -35.5218 -6.31499
      vertex -17.2096 -35.6379 -5.29999
      vertex -17.2096 -35.6379 -6.31499
    endloop
  endfacet
  facet normal 0.219448 -0.975624 0
    outer loop
      vertex -15.5289 -34.5149 -6.31499
      vertex -15.3853 -34.4826 -5.29999
      vertex -15.5289 -34.5149 -5.29999
    endloop
  endfacet
  facet normal 0.219448 -0.975624 0
    outer loop
      vertex -15.3853 -34.4826 -5.29999
      vertex -15.5289 -34.5149 -6.31499
      vertex -15.3853 -34.4826 -6.31499
    endloop
  endfacet
  facet normal 0.723879 0.689926 0
    outer loop
      vertex -16.9213 -39.5463 -5.29999
      vertex -17.0229 -39.4397 -6.31499
      vertex -17.0229 -39.4397 -5.29999
    endloop
  endfacet
  facet normal 0.723879 0.689926 0
    outer loop
      vertex -17.0229 -39.4397 -6.31499
      vertex -16.9213 -39.5463 -5.29999
      vertex -16.9213 -39.5463 -6.31499
    endloop
  endfacet
  facet normal -0.870048 -0.492966 0
    outer loop
      vertex -12.2 -35.93 -6.31499
      vertex -12.2268 -35.8827 -5.29999
      vertex -12.2268 -35.8827 -6.31499
    endloop
  endfacet
  facet normal -0.870048 -0.492966 0
    outer loop
      vertex -12.2268 -35.8827 -5.29999
      vertex -12.2 -35.93 -6.31499
      vertex -12.2 -35.93 -5.29999
    endloop
  endfacet
  facet normal 0.723879 -0.689926 0
    outer loop
      vertex -17.0229 -35.4103 -5.29999
      vertex -16.9213 -35.3037 -6.31499
      vertex -16.9213 -35.3037 -5.29999
    endloop
  endfacet
  facet normal 0.723879 -0.689926 0
    outer loop
      vertex -16.9213 -35.3037 -6.31499
      vertex -17.0229 -35.4103 -5.29999
      vertex -17.0229 -35.4103 -6.31499
    endloop
  endfacet
  facet normal -0.723879 0.689926 0
    outer loop
      vertex -12.6787 -39.5463 -6.31499
      vertex -12.5771 -39.4397 -5.29999
      vertex -12.5771 -39.4397 -6.31499
    endloop
  endfacet
  facet normal -0.723879 0.689926 0
    outer loop
      vertex -12.5771 -39.4397 -5.29999
      vertex -12.6787 -39.5463 -6.31499
      vertex -12.6787 -39.5463 -5.29999
    endloop
  endfacet
  facet normal -0.844778 -0.535117 0
    outer loop
      vertex -12.2268 -35.8827 -6.31499
      vertex -12.3056 -35.7583 -5.29999
      vertex -12.3056 -35.7583 -6.31499
    endloop
  endfacet
  facet normal -0.844778 -0.535117 0
    outer loop
      vertex -12.3056 -35.7583 -5.29999
      vertex -12.2268 -35.8827 -6.31499
      vertex -12.2268 -35.8827 -5.29999
    endloop
  endfacet
  facet normal 0.404626 0.914482 -0
    outer loop
      vertex -15.948 -40.1966 -6.31499
      vertex -16.0827 -40.137 -5.29999
      vertex -15.948 -40.1966 -5.29999
    endloop
  endfacet
  facet normal 0.404626 0.914482 0
    outer loop
      vertex -16.0827 -40.137 -5.29999
      vertex -15.948 -40.1966 -6.31499
      vertex -16.0827 -40.137 -6.31499
    endloop
  endfacet
  facet normal -0.404626 -0.914482 0
    outer loop
      vertex -13.652 -34.6534 -6.31499
      vertex -13.5173 -34.713 -5.29999
      vertex -13.652 -34.6534 -5.29999
    endloop
  endfacet
  facet normal -0.404626 -0.914482 -0
    outer loop
      vertex -13.5173 -34.713 -5.29999
      vertex -13.652 -34.6534 -6.31499
      vertex -13.5173 -34.713 -6.31499
    endloop
  endfacet
  facet normal -0.219448 0.975624 0
    outer loop
      vertex -14.0711 -40.3351 -6.31499
      vertex -14.2147 -40.3674 -5.29999
      vertex -14.0711 -40.3351 -5.29999
    endloop
  endfacet
  facet normal -0.219448 0.975624 0
    outer loop
      vertex -14.2147 -40.3674 -5.29999
      vertex -14.0711 -40.3351 -6.31499
      vertex -14.2147 -40.3674 -6.31499
    endloop
  endfacet
  facet normal 0.689926 0.723879 -0
    outer loop
      vertex -16.8147 -39.6479 -6.31499
      vertex -16.9213 -39.5463 -5.29999
      vertex -16.8147 -39.6479 -5.29999
    endloop
  endfacet
  facet normal 0.689926 0.723879 0
    outer loop
      vertex -16.9213 -39.5463 -5.29999
      vertex -16.8147 -39.6479 -6.31499
      vertex -16.9213 -39.5463 -6.31499
    endloop
  endfacet
  facet normal -0.870048 0.492966 0
    outer loop
      vertex -12.2268 -38.9673 -6.31499
      vertex -12.2 -38.92 -5.29999
      vertex -12.2 -38.92 -6.31499
    endloop
  endfacet
  facet normal -0.870048 0.492966 0
    outer loop
      vertex -12.2 -38.92 -5.29999
      vertex -12.2268 -38.9673 -6.31499
      vertex -12.2268 -38.9673 -5.29999
    endloop
  endfacet
  facet normal 0.493064 0.869993 -0
    outer loop
      vertex -16.2142 -40.0708 -6.31499
      vertex -16.3423 -39.9982 -5.29999
      vertex -16.2142 -40.0708 -5.29999
    endloop
  endfacet
  facet normal 0.493064 0.869993 0
    outer loop
      vertex -16.3423 -39.9982 -5.29999
      vertex -16.2142 -40.0708 -6.31499
      vertex -16.3423 -39.9982 -6.31499
    endloop
  endfacet
  facet normal -0.757479 0.652859 0
    outer loop
      vertex -12.5771 -39.4397 -6.31499
      vertex -12.481 -39.3282 -5.29999
      vertex -12.481 -39.3282 -6.31499
    endloop
  endfacet
  facet normal -0.757479 0.652859 0
    outer loop
      vertex -12.481 -39.3282 -5.29999
      vertex -12.5771 -39.4397 -6.31499
      vertex -12.5771 -39.4397 -5.29999
    endloop
  endfacet
  facet normal -0.360117 0.932907 0
    outer loop
      vertex -13.652 -40.1966 -6.31499
      vertex -13.7893 -40.2496 -5.29999
      vertex -13.652 -40.1966 -5.29999
    endloop
  endfacet
  facet normal -0.360117 0.932907 0
    outer loop
      vertex -13.7893 -40.2496 -5.29999
      vertex -13.652 -40.1966 -6.31499
      vertex -13.7893 -40.2496 -6.31499
    endloop
  endfacet
  facet normal 0.844778 0.535117 0
    outer loop
      vertex -17.2944 -39.0917 -5.29999
      vertex -17.3732 -38.9673 -6.31499
      vertex -17.3732 -38.9673 -5.29999
    endloop
  endfacet
  facet normal 0.844778 0.535117 0
    outer loop
      vertex -17.3732 -38.9673 -6.31499
      vertex -17.2944 -39.0917 -5.29999
      vertex -17.2944 -39.0917 -6.31499
    endloop
  endfacet
  facet normal 0.615209 -0.788364 0
    outer loop
      vertex -16.7032 -35.106 -6.31499
      vertex -16.5871 -35.0154 -5.29999
      vertex -16.7032 -35.106 -5.29999
    endloop
  endfacet
  facet normal 0.615209 -0.788364 0
    outer loop
      vertex -16.5871 -35.0154 -5.29999
      vertex -16.7032 -35.106 -6.31499
      vertex -16.5871 -35.0154 -6.31499
    endloop
  endfacet
  facet normal 0.0733215 0.997308 -0
    outer loop
      vertex -14.9472 -40.4214 -6.31499
      vertex -15.0941 -40.4106 -5.29999
      vertex -14.9472 -40.4214 -5.29999
    endloop
  endfacet
  facet normal 0.0733215 0.997308 0
    outer loop
      vertex -15.0941 -40.4106 -5.29999
      vertex -14.9472 -40.4214 -6.31499
      vertex -15.0941 -40.4106 -6.31499
    endloop
  endfacet
  facet normal -0.723879 -0.689926 0
    outer loop
      vertex -12.5771 -35.4103 -6.31499
      vertex -12.6787 -35.3037 -5.29999
      vertex -12.6787 -35.3037 -6.31499
    endloop
  endfacet
  facet normal -0.723879 -0.689926 0
    outer loop
      vertex -12.6787 -35.3037 -5.29999
      vertex -12.5771 -35.4103 -6.31499
      vertex -12.5771 -35.4103 -5.29999
    endloop
  endfacet
  facet normal 0.57583 -0.81757 0
    outer loop
      vertex -16.5871 -35.0154 -6.31499
      vertex -16.4667 -34.9306 -5.29999
      vertex -16.5871 -35.0154 -5.29999
    endloop
  endfacet
  facet normal 0.57583 -0.81757 0
    outer loop
      vertex -16.4667 -34.9306 -5.29999
      vertex -16.5871 -35.0154 -6.31499
      vertex -16.4667 -34.9306 -6.31499
    endloop
  endfacet
  facet normal -0.493064 0.869993 0
    outer loop
      vertex -13.2577 -39.9982 -6.31499
      vertex -13.3858 -40.0708 -5.29999
      vertex -13.2577 -39.9982 -5.29999
    endloop
  endfacet
  facet normal -0.493064 0.869993 0
    outer loop
      vertex -13.3858 -40.0708 -5.29999
      vertex -13.2577 -39.9982 -6.31499
      vertex -13.3858 -40.0708 -6.31499
    endloop
  endfacet
  facet normal -0.57583 -0.81757 0
    outer loop
      vertex -13.1333 -34.9306 -6.31499
      vertex -13.0129 -35.0154 -5.29999
      vertex -13.1333 -34.9306 -5.29999
    endloop
  endfacet
  facet normal -0.57583 -0.81757 -0
    outer loop
      vertex -13.0129 -35.0154 -5.29999
      vertex -13.1333 -34.9306 -6.31499
      vertex -13.0129 -35.0154 -6.31499
    endloop
  endfacet
  facet normal 0.360117 -0.932907 0
    outer loop
      vertex -15.948 -34.6534 -6.31499
      vertex -15.8107 -34.6004 -5.29999
      vertex -15.948 -34.6534 -5.29999
    endloop
  endfacet
  facet normal 0.360117 -0.932907 0
    outer loop
      vertex -15.8107 -34.6004 -5.29999
      vertex -15.948 -34.6534 -6.31499
      vertex -15.8107 -34.6004 -6.31499
    endloop
  endfacet
  facet normal 0.0244492 -0.999701 0
    outer loop
      vertex -14.9472 -34.4286 -6.31499
      vertex -14.8 -34.425 -5.29999
      vertex -14.9472 -34.4286 -5.29999
    endloop
  endfacet
  facet normal 0.0244492 -0.999701 0
    outer loop
      vertex -14.8 -34.425 -5.29999
      vertex -14.9472 -34.4286 -6.31499
      vertex -14.8 -34.425 -6.31499
    endloop
  endfacet
  facet normal -0.615209 -0.788364 0
    outer loop
      vertex -13.0129 -35.0154 -6.31499
      vertex -12.8968 -35.106 -5.29999
      vertex -13.0129 -35.0154 -5.29999
    endloop
  endfacet
  facet normal -0.615209 -0.788364 -0
    outer loop
      vertex -12.8968 -35.106 -5.29999
      vertex -13.0129 -35.0154 -6.31499
      vertex -12.8968 -35.106 -6.31499
    endloop
  endfacet
  facet normal 0.0244492 0.999701 -0
    outer loop
      vertex -14.8 -40.425 -6.31499
      vertex -14.9472 -40.4214 -5.29999
      vertex -14.8 -40.425 -5.29999
    endloop
  endfacet
  facet normal 0.0244492 0.999701 0
    outer loop
      vertex -14.9472 -40.4214 -5.29999
      vertex -14.8 -40.425 -6.31499
      vertex -14.9472 -40.4214 -6.31499
    endloop
  endfacet
  facet normal 0.652859 -0.757479 0
    outer loop
      vertex -16.8147 -35.2021 -6.31499
      vertex -16.7032 -35.106 -5.29999
      vertex -16.8147 -35.2021 -5.29999
    endloop
  endfacet
  facet normal 0.652859 -0.757479 0
    outer loop
      vertex -16.7032 -35.106 -5.29999
      vertex -16.8147 -35.2021 -6.31499
      vertex -16.7032 -35.106 -6.31499
    endloop
  endfacet
  facet normal 0.170453 -0.985366 0
    outer loop
      vertex -15.3853 -34.4826 -6.31499
      vertex -15.2402 -34.4575 -5.29999
      vertex -15.3853 -34.4826 -5.29999
    endloop
  endfacet
  facet normal 0.170453 -0.985366 0
    outer loop
      vertex -15.2402 -34.4575 -5.29999
      vertex -15.3853 -34.4826 -6.31499
      vertex -15.2402 -34.4575 -6.31499
    endloop
  endfacet
  facet normal 0.81757 0.57583 0
    outer loop
      vertex -17.2096 -39.2121 -5.29999
      vertex -17.2944 -39.0917 -6.31499
      vertex -17.2944 -39.0917 -5.29999
    endloop
  endfacet
  facet normal 0.81757 0.57583 0
    outer loop
      vertex -17.2944 -39.0917 -6.31499
      vertex -17.2096 -39.2121 -5.29999
      vertex -17.2096 -39.2121 -6.31499
    endloop
  endfacet
  facet normal -0.844778 0.535117 0
    outer loop
      vertex -12.3056 -39.0917 -6.31499
      vertex -12.2268 -38.9673 -5.29999
      vertex -12.2268 -38.9673 -6.31499
    endloop
  endfacet
  facet normal -0.844778 0.535117 0
    outer loop
      vertex -12.2268 -38.9673 -5.29999
      vertex -12.3056 -39.0917 -6.31499
      vertex -12.3056 -39.0917 -5.29999
    endloop
  endfacet
  facet normal -0.266734 -0.96377 0
    outer loop
      vertex -14.0711 -34.5149 -6.31499
      vertex -13.9291 -34.5542 -5.29999
      vertex -14.0711 -34.5149 -5.29999
    endloop
  endfacet
  facet normal -0.266734 -0.96377 -0
    outer loop
      vertex -13.9291 -34.5542 -5.29999
      vertex -14.0711 -34.5149 -6.31499
      vertex -13.9291 -34.5542 -6.31499
    endloop
  endfacet
  facet normal -0.615209 0.788364 0
    outer loop
      vertex -12.8968 -39.744 -6.31499
      vertex -13.0129 -39.8346 -5.29999
      vertex -12.8968 -39.744 -5.29999
    endloop
  endfacet
  facet normal -0.615209 0.788364 0
    outer loop
      vertex -13.0129 -39.8346 -5.29999
      vertex -12.8968 -39.744 -6.31499
      vertex -13.0129 -39.8346 -6.31499
    endloop
  endfacet
  facet normal -0.219448 -0.975624 0
    outer loop
      vertex -14.2147 -34.4826 -6.31499
      vertex -14.0711 -34.5149 -5.29999
      vertex -14.2147 -34.4826 -5.29999
    endloop
  endfacet
  facet normal -0.219448 -0.975624 -0
    outer loop
      vertex -14.0711 -34.5149 -5.29999
      vertex -14.2147 -34.4826 -6.31499
      vertex -14.0711 -34.5149 -6.31499
    endloop
  endfacet
  facet normal -0.449657 0.893201 0
    outer loop
      vertex -13.3858 -40.0708 -6.31499
      vertex -13.5173 -40.137 -5.29999
      vertex -13.3858 -40.0708 -5.29999
    endloop
  endfacet
  facet normal -0.449657 0.893201 0
    outer loop
      vertex -13.5173 -40.137 -5.29999
      vertex -13.3858 -40.0708 -6.31499
      vertex -13.5173 -40.137 -6.31499
    endloop
  endfacet
  facet normal 0.81757 -0.57583 0
    outer loop
      vertex -17.2944 -35.7583 -5.29999
      vertex -17.2096 -35.6379 -6.31499
      vertex -17.2096 -35.6379 -5.29999
    endloop
  endfacet
  facet normal 0.81757 -0.57583 0
    outer loop
      vertex -17.2096 -35.6379 -6.31499
      vertex -17.2944 -35.7583 -5.29999
      vertex -17.2944 -35.7583 -6.31499
    endloop
  endfacet
  facet normal 0.219448 0.975624 -0
    outer loop
      vertex -15.3853 -40.3674 -6.31499
      vertex -15.5289 -40.3351 -5.29999
      vertex -15.3853 -40.3674 -5.29999
    endloop
  endfacet
  facet normal 0.219448 0.975624 0
    outer loop
      vertex -15.5289 -40.3351 -5.29999
      vertex -15.3853 -40.3674 -6.31499
      vertex -15.5289 -40.3351 -6.31499
    endloop
  endfacet
  facet normal -0.81757 0.57583 0
    outer loop
      vertex -12.3904 -39.2121 -6.31499
      vertex -12.3056 -39.0917 -5.29999
      vertex -12.3056 -39.0917 -6.31499
    endloop
  endfacet
  facet normal -0.81757 0.57583 0
    outer loop
      vertex -12.3056 -39.0917 -5.29999
      vertex -12.3904 -39.2121 -6.31499
      vertex -12.3904 -39.2121 -5.29999
    endloop
  endfacet
  facet normal -0.122948 0.992413 0
    outer loop
      vertex -14.3598 -40.3925 -6.31499
      vertex -14.5059 -40.4106 -5.29999
      vertex -14.3598 -40.3925 -5.29999
    endloop
  endfacet
  facet normal -0.122948 0.992413 0
    outer loop
      vertex -14.5059 -40.4106 -5.29999
      vertex -14.3598 -40.3925 -6.31499
      vertex -14.5059 -40.4106 -6.31499
    endloop
  endfacet
  facet normal 0.844778 -0.535117 0
    outer loop
      vertex -17.3732 -35.8827 -5.29999
      vertex -17.2944 -35.7583 -6.31499
      vertex -17.2944 -35.7583 -5.29999
    endloop
  endfacet
  facet normal 0.844778 -0.535117 0
    outer loop
      vertex -17.2944 -35.7583 -6.31499
      vertex -17.3732 -35.8827 -5.29999
      vertex -17.3732 -35.8827 -6.31499
    endloop
  endfacet
  facet normal -0.266734 0.96377 0
    outer loop
      vertex -13.9291 -40.2958 -6.31499
      vertex -14.0711 -40.3351 -5.29999
      vertex -13.9291 -40.2958 -5.29999
    endloop
  endfacet
  facet normal -0.266734 0.96377 0
    outer loop
      vertex -14.0711 -40.3351 -5.29999
      vertex -13.9291 -40.2958 -6.31499
      vertex -14.0711 -40.3351 -6.31499
    endloop
  endfacet
  facet normal 0.615209 0.788364 -0
    outer loop
      vertex -16.5871 -39.8346 -6.31499
      vertex -16.7032 -39.744 -5.29999
      vertex -16.5871 -39.8346 -5.29999
    endloop
  endfacet
  facet normal 0.615209 0.788364 0
    outer loop
      vertex -16.7032 -39.744 -5.29999
      vertex -16.5871 -39.8346 -6.31499
      vertex -16.7032 -39.744 -6.31499
    endloop
  endfacet
  facet normal -0.404626 0.914482 0
    outer loop
      vertex -13.5173 -40.137 -6.31499
      vertex -13.652 -40.1966 -5.29999
      vertex -13.5173 -40.137 -5.29999
    endloop
  endfacet
  facet normal -0.404626 0.914482 0
    outer loop
      vertex -13.652 -40.1966 -5.29999
      vertex -13.5173 -40.137 -6.31499
      vertex -13.652 -40.1966 -6.31499
    endloop
  endfacet
  facet normal -0.313782 -0.949495 0
    outer loop
      vertex -13.9291 -34.5542 -6.31499
      vertex -13.7893 -34.6004 -5.29999
      vertex -13.9291 -34.5542 -5.29999
    endloop
  endfacet
  facet normal -0.313782 -0.949495 -0
    outer loop
      vertex -13.7893 -34.6004 -5.29999
      vertex -13.9291 -34.5542 -6.31499
      vertex -13.7893 -34.6004 -6.31499
    endloop
  endfacet
  facet normal -0.757479 -0.652859 0
    outer loop
      vertex -12.481 -35.5218 -6.31499
      vertex -12.5771 -35.4103 -5.29999
      vertex -12.5771 -35.4103 -6.31499
    endloop
  endfacet
  facet normal -0.757479 -0.652859 0
    outer loop
      vertex -12.5771 -35.4103 -5.29999
      vertex -12.481 -35.5218 -6.31499
      vertex -12.481 -35.5218 -5.29999
    endloop
  endfacet
  facet normal 0.449657 -0.893201 0
    outer loop
      vertex -16.2142 -34.7792 -6.31499
      vertex -16.0827 -34.713 -5.29999
      vertex -16.2142 -34.7792 -5.29999
    endloop
  endfacet
  facet normal 0.449657 -0.893201 0
    outer loop
      vertex -16.0827 -34.713 -5.29999
      vertex -16.2142 -34.7792 -6.31499
      vertex -16.0827 -34.713 -6.31499
    endloop
  endfacet
  facet normal -0.0733215 -0.997308 0
    outer loop
      vertex -14.6528 -34.4286 -6.31499
      vertex -14.5059 -34.4394 -5.29999
      vertex -14.6528 -34.4286 -5.29999
    endloop
  endfacet
  facet normal -0.0733215 -0.997308 -0
    outer loop
      vertex -14.5059 -34.4394 -5.29999
      vertex -14.6528 -34.4286 -6.31499
      vertex -14.5059 -34.4394 -6.31499
    endloop
  endfacet
  facet normal -0.535117 -0.844778 0
    outer loop
      vertex -13.2577 -34.8518 -6.31499
      vertex -13.1333 -34.9306 -5.29999
      vertex -13.2577 -34.8518 -5.29999
    endloop
  endfacet
  facet normal -0.535117 -0.844778 -0
    outer loop
      vertex -13.1333 -34.9306 -5.29999
      vertex -13.2577 -34.8518 -6.31499
      vertex -13.1333 -34.9306 -6.31499
    endloop
  endfacet
  facet normal 0.313782 0.949495 -0
    outer loop
      vertex -15.6709 -40.2958 -6.31499
      vertex -15.8107 -40.2496 -5.29999
      vertex -15.6709 -40.2958 -5.29999
    endloop
  endfacet
  facet normal 0.313782 0.949495 0
    outer loop
      vertex -15.8107 -40.2496 -5.29999
      vertex -15.6709 -40.2958 -6.31499
      vertex -15.8107 -40.2496 -6.31499
    endloop
  endfacet
  facet normal 0.170453 0.985366 -0
    outer loop
      vertex -15.2402 -40.3925 -6.31499
      vertex -15.3853 -40.3674 -5.29999
      vertex -15.2402 -40.3925 -5.29999
    endloop
  endfacet
  facet normal 0.170453 0.985366 0
    outer loop
      vertex -15.3853 -40.3674 -5.29999
      vertex -15.2402 -40.3925 -6.31499
      vertex -15.3853 -40.3674 -6.31499
    endloop
  endfacet
  facet normal -0.313782 0.949495 0
    outer loop
      vertex -13.7893 -40.2496 -6.31499
      vertex -13.9291 -40.2958 -5.29999
      vertex -13.7893 -40.2496 -5.29999
    endloop
  endfacet
  facet normal -0.313782 0.949495 0
    outer loop
      vertex -13.9291 -40.2958 -5.29999
      vertex -13.7893 -40.2496 -6.31499
      vertex -13.9291 -40.2958 -6.31499
    endloop
  endfacet
  facet normal 0.266734 -0.96377 0
    outer loop
      vertex -15.6709 -34.5542 -6.31499
      vertex -15.5289 -34.5149 -5.29999
      vertex -15.6709 -34.5542 -5.29999
    endloop
  endfacet
  facet normal 0.266734 -0.96377 0
    outer loop
      vertex -15.5289 -34.5149 -5.29999
      vertex -15.6709 -34.5542 -6.31499
      vertex -15.5289 -34.5149 -6.31499
    endloop
  endfacet
  facet normal 0.788364 0.615209 0
    outer loop
      vertex -17.119 -39.3282 -5.29999
      vertex -17.2096 -39.2121 -6.31499
      vertex -17.2096 -39.2121 -5.29999
    endloop
  endfacet
  facet normal 0.788364 0.615209 0
    outer loop
      vertex -17.2096 -39.2121 -6.31499
      vertex -17.119 -39.3282 -5.29999
      vertex -17.119 -39.3282 -6.31499
    endloop
  endfacet
  facet normal -0.788364 -0.615209 0
    outer loop
      vertex -12.3904 -35.6379 -6.31499
      vertex -12.481 -35.5218 -5.29999
      vertex -12.481 -35.5218 -6.31499
    endloop
  endfacet
  facet normal -0.788364 -0.615209 0
    outer loop
      vertex -12.481 -35.5218 -5.29999
      vertex -12.3904 -35.6379 -6.31499
      vertex -12.3904 -35.6379 -5.29999
    endloop
  endfacet
  facet normal 0.449657 0.893201 -0
    outer loop
      vertex -16.0827 -40.137 -6.31499
      vertex -16.2142 -40.0708 -5.29999
      vertex -16.0827 -40.137 -5.29999
    endloop
  endfacet
  facet normal 0.449657 0.893201 0
    outer loop
      vertex -16.2142 -40.0708 -5.29999
      vertex -16.0827 -40.137 -6.31499
      vertex -16.2142 -40.0708 -6.31499
    endloop
  endfacet
  facet normal 0.870048 -0.492966 0
    outer loop
      vertex -17.4 -35.93 -5.29999
      vertex -17.3732 -35.8827 -6.31499
      vertex -17.3732 -35.8827 -5.29999
    endloop
  endfacet
  facet normal 0.870048 -0.492966 0
    outer loop
      vertex -17.3732 -35.8827 -6.31499
      vertex -17.4 -35.93 -5.29999
      vertex -17.4 -35.93 -6.31499
    endloop
  endfacet
  facet normal 0.404626 -0.914482 0
    outer loop
      vertex -16.0827 -34.713 -6.31499
      vertex -15.948 -34.6534 -5.29999
      vertex -16.0827 -34.713 -5.29999
    endloop
  endfacet
  facet normal 0.404626 -0.914482 0
    outer loop
      vertex -15.948 -34.6534 -5.29999
      vertex -16.0827 -34.713 -6.31499
      vertex -15.948 -34.6534 -6.31499
    endloop
  endfacet
  facet normal 0.57583 0.81757 -0
    outer loop
      vertex -16.4667 -39.9194 -6.31499
      vertex -16.5871 -39.8346 -5.29999
      vertex -16.4667 -39.9194 -5.29999
    endloop
  endfacet
  facet normal 0.57583 0.81757 0
    outer loop
      vertex -16.5871 -39.8346 -5.29999
      vertex -16.4667 -39.9194 -6.31499
      vertex -16.5871 -39.8346 -6.31499
    endloop
  endfacet
  facet normal 0.535117 0.844778 -0
    outer loop
      vertex -16.3423 -39.9982 -6.31499
      vertex -16.4667 -39.9194 -5.29999
      vertex -16.3423 -39.9982 -5.29999
    endloop
  endfacet
  facet normal 0.535117 0.844778 0
    outer loop
      vertex -16.4667 -39.9194 -5.29999
      vertex -16.3423 -39.9982 -6.31499
      vertex -16.4667 -39.9194 -6.31499
    endloop
  endfacet
  facet normal -0.997288 -0.0735916 0
    outer loop
      vertex -6.60361 -37.2778 -6.31499
      vertex -6.61445 -37.1309 -5.29999
      vertex -6.61445 -37.1309 -6.31499
    endloop
  endfacet
  facet normal -0.997288 -0.0735916 0
    outer loop
      vertex -6.61445 -37.1309 -5.29999
      vertex -6.60361 -37.2778 -6.31499
      vertex -6.60361 -37.2778 -5.29999
    endloop
  endfacet
  facet normal -0.999699 -0.0245171 0
    outer loop
      vertex -6.6 -37.425 -6.31499
      vertex -6.60361 -37.2778 -5.29999
      vertex -6.60361 -37.2778 -6.31499
    endloop
  endfacet
  facet normal -0.999699 -0.0245171 0
    outer loop
      vertex -6.60361 -37.2778 -5.29999
      vertex -6.6 -37.425 -6.31499
      vertex -6.6 -37.425 -5.29999
    endloop
  endfacet
  facet normal -0.992479 -0.122413 0
    outer loop
      vertex -6.61445 -37.1309 -6.31499
      vertex -6.63247 -36.9848 -5.29999
      vertex -6.63247 -36.9848 -6.31499
    endloop
  endfacet
  facet normal -0.992479 -0.122413 0
    outer loop
      vertex -6.63247 -36.9848 -5.29999
      vertex -6.61445 -37.1309 -6.31499
      vertex -6.61445 -37.1309 -5.29999
    endloop
  endfacet
  facet normal -0.0733463 0.997307 0
    outer loop
      vertex -9.30595 -40.4106 -6.31499
      vertex -9.4528 -40.4214 -5.29999
      vertex -9.30595 -40.4106 -5.29999
    endloop
  endfacet
  facet normal -0.0733463 0.997307 0
    outer loop
      vertex -9.4528 -40.4214 -5.29999
      vertex -9.30595 -40.4106 -6.31499
      vertex -9.4528 -40.4214 -6.31499
    endloop
  endfacet
  facet normal -0.404852 -0.914382 0
    outer loop
      vertex -8.45195 -34.6534 -6.31499
      vertex -8.31734 -34.713 -5.29999
      vertex -8.45195 -34.6534 -5.29999
    endloop
  endfacet
  facet normal -0.404852 -0.914382 -0
    outer loop
      vertex -8.31734 -34.713 -5.29999
      vertex -8.45195 -34.6534 -6.31499
      vertex -8.31734 -34.713 -6.31499
    endloop
  endfacet
  facet normal -0.757211 0.653171 0
    outer loop
      vertex -7.37715 -39.4397 -6.31499
      vertex -7.28097 -39.3282 -5.29999
      vertex -7.28097 -39.3282 -6.31499
    endloop
  endfacet
  facet normal -0.757211 0.653171 0
    outer loop
      vertex -7.28097 -39.3282 -5.29999
      vertex -7.37715 -39.4397 -6.31499
      vertex -7.37715 -39.4397 -5.29999
    endloop
  endfacet
  facet normal -0.493006 0.870026 0
    outer loop
      vertex -8.05769 -39.9982 -6.31499
      vertex -8.18581 -40.0708 -5.29999
      vertex -8.05769 -39.9982 -5.29999
    endloop
  endfacet
  facet normal -0.493006 0.870026 0
    outer loop
      vertex -8.18581 -40.0708 -5.29999
      vertex -8.05769 -39.9982 -6.31499
      vertex -8.18581 -40.0708 -6.31499
    endloop
  endfacet
  facet normal -0.219346 -0.975647 0
    outer loop
      vertex -9.01473 -34.4826 -6.31499
      vertex -8.87106 -34.5149 -5.29999
      vertex -9.01473 -34.4826 -5.29999
    endloop
  endfacet
  facet normal -0.219346 -0.975647 -0
    outer loop
      vertex -8.87106 -34.5149 -5.29999
      vertex -9.01473 -34.4826 -6.31499
      vertex -8.87106 -34.5149 -6.31499
    endloop
  endfacet
  facet normal -0.975682 0.219189 0
    outer loop
      vertex -6.68991 -38.1539 -6.31499
      vertex -6.65765 -38.0103 -5.29999
      vertex -6.65765 -38.0103 -6.31499
    endloop
  endfacet
  facet normal -0.975682 0.219189 0
    outer loop
      vertex -6.65765 -38.0103 -5.29999
      vertex -6.68991 -38.1539 -6.31499
      vertex -6.68991 -38.1539 -5.29999
    endloop
  endfacet
  facet normal 0.689926 -0.723879 0
    outer loop
      vertex -11.7213 -35.3037 -6.31499
      vertex -11.6147 -35.2021 -5.29999
      vertex -11.7213 -35.3037 -5.29999
    endloop
  endfacet
  facet normal 0.689926 -0.723879 0
    outer loop
      vertex -11.6147 -35.2021 -5.29999
      vertex -11.7213 -35.3037 -6.31499
      vertex -11.6147 -35.2021 -6.31499
    endloop
  endfacet
  facet normal -0.997288 0.0735916 0
    outer loop
      vertex -6.61445 -37.7191 -6.31499
      vertex -6.60361 -37.5722 -5.29999
      vertex -6.60361 -37.5722 -6.31499
    endloop
  endfacet
  facet normal -0.997288 0.0735916 0
    outer loop
      vertex -6.60361 -37.5722 -5.29999
      vertex -6.61445 -37.7191 -6.31499
      vertex -6.61445 -37.7191 -5.29999
    endloop
  endfacet
  facet normal -0.949515 -0.31372 0
    outer loop
      vertex -6.72918 -36.5541 -6.31499
      vertex -6.77537 -36.4143 -5.29999
      vertex -6.77537 -36.4143 -6.31499
    endloop
  endfacet
  facet normal -0.949515 -0.31372 0
    outer loop
      vertex -6.77537 -36.4143 -5.29999
      vertex -6.72918 -36.5541 -6.31499
      vertex -6.72918 -36.5541 -5.29999
    endloop
  endfacet
  facet normal -0.0244492 -0.999701 0
    outer loop
      vertex -9.6 -34.425 -6.31499
      vertex -9.4528 -34.4286 -5.29999
      vertex -9.6 -34.425 -5.29999
    endloop
  endfacet
  facet normal -0.0244492 -0.999701 -0
    outer loop
      vertex -9.4528 -34.4286 -5.29999
      vertex -9.6 -34.425 -6.31499
      vertex -9.4528 -34.4286 -6.31499
    endloop
  endfacet
  facet normal -0.0244492 0.999701 0
    outer loop
      vertex -9.4528 -40.4214 -6.31499
      vertex -9.6 -40.425 -5.29999
      vertex -9.4528 -40.4214 -5.29999
    endloop
  endfacet
  facet normal -0.0244492 0.999701 0
    outer loop
      vertex -9.6 -40.425 -5.29999
      vertex -9.4528 -40.4214 -6.31499
      vertex -9.6 -40.425 -6.31499
    endloop
  endfacet
  facet normal -0.893174 0.449711 0
    outer loop
      vertex -6.95424 -38.8392 -6.31499
      vertex -6.88803 -38.7077 -5.29999
      vertex -6.88803 -38.7077 -6.31499
    endloop
  endfacet
  facet normal -0.893174 0.449711 0
    outer loop
      vertex -6.88803 -38.7077 -5.29999
      vertex -6.95424 -38.8392 -6.31499
      vertex -6.95424 -38.8392 -5.29999
    endloop
  endfacet
  facet normal -0.615275 0.788313 0
    outer loop
      vertex -7.69682 -39.744 -6.31499
      vertex -7.8129 -39.8346 -5.29999
      vertex -7.69682 -39.744 -5.29999
    endloop
  endfacet
  facet normal -0.615275 0.788313 0
    outer loop
      vertex -7.8129 -39.8346 -5.29999
      vertex -7.69682 -39.744 -6.31499
      vertex -7.8129 -39.8346 -6.31499
    endloop
  endfacet
  facet normal 0.122906 -0.992418 0
    outer loop
      vertex -10.0402 -34.4575 -6.31499
      vertex -9.89405 -34.4394 -5.29999
      vertex -10.0402 -34.4575 -5.29999
    endloop
  endfacet
  facet normal 0.122906 -0.992418 0
    outer loop
      vertex -9.89405 -34.4394 -5.29999
      vertex -10.0402 -34.4575 -6.31499
      vertex -9.89405 -34.4394 -6.31499
    endloop
  endfacet
  facet normal 0.689926 0.723879 -0
    outer loop
      vertex -11.6147 -39.6479 -6.31499
      vertex -11.7213 -39.5463 -5.29999
      vertex -11.6147 -39.6479 -5.29999
    endloop
  endfacet
  facet normal 0.689926 0.723879 0
    outer loop
      vertex -11.7213 -39.5463 -5.29999
      vertex -11.6147 -39.6479 -6.31499
      vertex -11.7213 -39.5463 -6.31499
    endloop
  endfacet
  facet normal -0.87008 -0.49291 0
    outer loop
      vertex -6.95424 -36.0108 -6.31499
      vertex -7.02681 -35.8827 -5.29999
      vertex -7.02681 -35.8827 -6.31499
    endloop
  endfacet
  facet normal -0.87008 -0.49291 0
    outer loop
      vertex -7.02681 -35.8827 -5.29999
      vertex -6.95424 -36.0108 -6.31499
      vertex -6.95424 -36.0108 -5.29999
    endloop
  endfacet
  facet normal -0.652859 -0.757479 0
    outer loop
      vertex -7.69682 -35.106 -6.31499
      vertex -7.58532 -35.2021 -5.29999
      vertex -7.69682 -35.106 -5.29999
    endloop
  endfacet
  facet normal -0.652859 -0.757479 -0
    outer loop
      vertex -7.58532 -35.2021 -5.29999
      vertex -7.69682 -35.106 -6.31499
      vertex -7.58532 -35.2021 -6.31499
    endloop
  endfacet
  facet normal 0.615209 0.788364 -0
    outer loop
      vertex -11.3871 -39.8346 -6.31499
      vertex -11.5032 -39.744 -5.29999
      vertex -11.3871 -39.8346 -5.29999
    endloop
  endfacet
  facet normal 0.615209 0.788364 0
    outer loop
      vertex -11.5032 -39.744 -5.29999
      vertex -11.3871 -39.8346 -6.31499
      vertex -11.5032 -39.744 -6.31499
    endloop
  endfacet
  facet normal -0.788397 0.615167 0
    outer loop
      vertex -7.28097 -39.3282 -6.31499
      vertex -7.19038 -39.2121 -5.29999
      vertex -7.19038 -39.2121 -6.31499
    endloop
  endfacet
  facet normal -0.788397 0.615167 0
    outer loop
      vertex -7.19038 -39.2121 -5.29999
      vertex -7.28097 -39.3282 -6.31499
      vertex -7.28097 -39.3282 -5.29999
    endloop
  endfacet
  facet normal 0.449657 0.893201 -0
    outer loop
      vertex -10.8827 -40.137 -6.31499
      vertex -11.0142 -40.0708 -5.29999
      vertex -10.8827 -40.137 -5.29999
    endloop
  endfacet
  facet normal 0.449657 0.893201 0
    outer loop
      vertex -11.0142 -40.0708 -5.29999
      vertex -10.8827 -40.137 -6.31499
      vertex -11.0142 -40.0708 -6.31499
    endloop
  endfacet
  facet normal 0.170453 -0.985366 0
    outer loop
      vertex -10.1853 -34.4826 -6.31499
      vertex -10.0402 -34.4575 -5.29999
      vertex -10.1853 -34.4826 -5.29999
    endloop
  endfacet
  facet normal 0.170453 -0.985366 0
    outer loop
      vertex -10.0402 -34.4575 -5.29999
      vertex -10.1853 -34.4826 -6.31499
      vertex -10.0402 -34.4575 -6.31499
    endloop
  endfacet
  facet normal -0.170475 -0.985362 0
    outer loop
      vertex -9.15981 -34.4575 -6.31499
      vertex -9.01473 -34.4826 -5.29999
      vertex -9.15981 -34.4575 -5.29999
    endloop
  endfacet
  facet normal -0.170475 -0.985362 -0
    outer loop
      vertex -9.01473 -34.4826 -5.29999
      vertex -9.15981 -34.4575 -6.31499
      vertex -9.01473 -34.4826 -6.31499
    endloop
  endfacet
  facet normal -0.84484 -0.53502 0
    outer loop
      vertex -7.02681 -35.8827 -6.31499
      vertex -7.10559 -35.7583 -5.29999
      vertex -7.10559 -35.7583 -6.31499
    endloop
  endfacet
  facet normal -0.84484 -0.53502 0
    outer loop
      vertex -7.10559 -35.7583 -5.29999
      vertex -7.02681 -35.8827 -6.31499
      vertex -7.02681 -35.8827 -5.29999
    endloop
  endfacet
  facet normal -0.449575 -0.893242 0
    outer loop
      vertex -8.31734 -34.713 -6.31499
      vertex -8.18581 -34.7792 -5.29999
      vertex -8.31734 -34.713 -5.29999
    endloop
  endfacet
  facet normal -0.449575 -0.893242 -0
    outer loop
      vertex -8.18581 -34.7792 -5.29999
      vertex -8.31734 -34.713 -6.31499
      vertex -8.18581 -34.7792 -6.31499
    endloop
  endfacet
  facet normal 0.449657 -0.893201 0
    outer loop
      vertex -11.0142 -34.7792 -6.31499
      vertex -10.8827 -34.713 -5.29999
      vertex -11.0142 -34.7792 -5.29999
    endloop
  endfacet
  facet normal 0.449657 -0.893201 0
    outer loop
      vertex -10.8827 -34.713 -5.29999
      vertex -11.0142 -34.7792 -6.31499
      vertex -10.8827 -34.713 -6.31499
    endloop
  endfacet
  facet normal -0.893174 -0.449711 0
    outer loop
      vertex -6.88803 -36.1423 -6.31499
      vertex -6.95424 -36.0108 -5.29999
      vertex -6.95424 -36.0108 -6.31499
    endloop
  endfacet
  facet normal -0.893174 -0.449711 0
    outer loop
      vertex -6.95424 -36.0108 -5.29999
      vertex -6.88803 -36.1423 -6.31499
      vertex -6.88803 -36.1423 -5.29999
    endloop
  endfacet
  facet normal -0.219346 0.975647 0
    outer loop
      vertex -8.87106 -40.3351 -6.31499
      vertex -9.01473 -40.3674 -5.29999
      vertex -8.87106 -40.3351 -5.29999
    endloop
  endfacet
  facet normal -0.219346 0.975647 0
    outer loop
      vertex -9.01473 -40.3674 -5.29999
      vertex -8.87106 -40.3351 -6.31499
      vertex -9.01473 -40.3674 -6.31499
    endloop
  endfacet
  facet normal 0.219448 -0.975624 0
    outer loop
      vertex -10.3289 -34.5149 -6.31499
      vertex -10.1853 -34.4826 -5.29999
      vertex -10.3289 -34.5149 -5.29999
    endloop
  endfacet
  facet normal 0.219448 -0.975624 0
    outer loop
      vertex -10.1853 -34.4826 -5.29999
      vertex -10.3289 -34.5149 -6.31499
      vertex -10.1853 -34.4826 -6.31499
    endloop
  endfacet
  facet normal -0.963823 0.266544 0
    outer loop
      vertex -6.72918 -38.2959 -6.31499
      vertex -6.68991 -38.1539 -5.29999
      vertex -6.68991 -38.1539 -6.31499
    endloop
  endfacet
  facet normal -0.963823 0.266544 0
    outer loop
      vertex -6.68991 -38.1539 -5.29999
      vertex -6.72918 -38.2959 -6.31499
      vertex -6.72918 -38.2959 -5.29999
    endloop
  endfacet
  facet normal -0.985274 -0.17098 0
    outer loop
      vertex -6.63247 -36.9848 -6.31499
      vertex -6.65765 -36.8397 -5.29999
      vertex -6.65765 -36.8397 -6.31499
    endloop
  endfacet
  facet normal -0.985274 -0.17098 0
    outer loop
      vertex -6.65765 -36.8397 -5.29999
      vertex -6.63247 -36.9848 -6.31499
      vertex -6.63247 -36.9848 -5.29999
    endloop
  endfacet
  facet normal 0.359889 0.932995 -0
    outer loop
      vertex -10.6107 -40.2496 -6.31499
      vertex -10.7481 -40.1966 -5.29999
      vertex -10.6107 -40.2496 -5.29999
    endloop
  endfacet
  facet normal 0.359889 0.932995 0
    outer loop
      vertex -10.7481 -40.1966 -5.29999
      vertex -10.6107 -40.2496 -6.31499
      vertex -10.7481 -40.1966 -6.31499
    endloop
  endfacet
  facet normal -0.93293 0.360058 0
    outer loop
      vertex -6.82836 -38.573 -6.31499
      vertex -6.77537 -38.4357 -5.29999
      vertex -6.77537 -38.4357 -6.31499
    endloop
  endfacet
  facet normal -0.93293 0.360058 0
    outer loop
      vertex -6.77537 -38.4357 -5.29999
      vertex -6.82836 -38.573 -6.31499
      vertex -6.82836 -38.573 -5.29999
    endloop
  endfacet
  facet normal 0.0244492 -0.999701 0
    outer loop
      vertex -9.7472 -34.4286 -6.31499
      vertex -9.6 -34.425 -5.29999
      vertex -9.7472 -34.4286 -5.29999
    endloop
  endfacet
  facet normal 0.0244492 -0.999701 0
    outer loop
      vertex -9.6 -34.425 -5.29999
      vertex -9.7472 -34.4286 -6.31499
      vertex -9.6 -34.425 -6.31499
    endloop
  endfacet
  facet normal -0.122915 -0.992417 0
    outer loop
      vertex -9.30595 -34.4394 -6.31499
      vertex -9.15981 -34.4575 -5.29999
      vertex -9.30595 -34.4394 -5.29999
    endloop
  endfacet
  facet normal -0.122915 -0.992417 -0
    outer loop
      vertex -9.15981 -34.4575 -5.29999
      vertex -9.30595 -34.4394 -6.31499
      vertex -9.15981 -34.4575 -6.31499
    endloop
  endfacet
  facet normal -0.87008 0.49291 0
    outer loop
      vertex -7.02681 -38.9673 -6.31499
      vertex -6.95424 -38.8392 -5.29999
      vertex -6.95424 -38.8392 -6.31499
    endloop
  endfacet
  facet normal -0.87008 0.49291 0
    outer loop
      vertex -6.95424 -38.8392 -5.29999
      vertex -7.02681 -38.9673 -6.31499
      vertex -7.02681 -38.9673 -5.29999
    endloop
  endfacet
  facet normal -0.992479 0.122413 0
    outer loop
      vertex -6.63247 -37.8652 -6.31499
      vertex -6.61445 -37.7191 -5.29999
      vertex -6.61445 -37.7191 -6.31499
    endloop
  endfacet
  facet normal -0.992479 0.122413 0
    outer loop
      vertex -6.61445 -37.7191 -5.29999
      vertex -6.63247 -37.8652 -6.31499
      vertex -6.63247 -37.8652 -5.29999
    endloop
  endfacet
  facet normal -0.93293 -0.360058 0
    outer loop
      vertex -6.77537 -36.4143 -6.31499
      vertex -6.82836 -36.277 -5.29999
      vertex -6.82836 -36.277 -6.31499
    endloop
  endfacet
  facet normal -0.93293 -0.360058 0
    outer loop
      vertex -6.82836 -36.277 -5.29999
      vertex -6.77537 -36.4143 -6.31499
      vertex -6.77537 -36.4143 -5.29999
    endloop
  endfacet
  facet normal -0.493006 -0.870026 0
    outer loop
      vertex -8.18581 -34.7792 -6.31499
      vertex -8.05769 -34.8518 -5.29999
      vertex -8.18581 -34.7792 -5.29999
    endloop
  endfacet
  facet normal -0.493006 -0.870026 -0
    outer loop
      vertex -8.05769 -34.8518 -5.29999
      vertex -8.18581 -34.7792 -6.31499
      vertex -8.05769 -34.8518 -6.31499
    endloop
  endfacet
  facet normal -0.788397 -0.615167 0
    outer loop
      vertex -7.19038 -35.6379 -6.31499
      vertex -7.28097 -35.5218 -5.29999
      vertex -7.28097 -35.5218 -6.31499
    endloop
  endfacet
  facet normal -0.788397 -0.615167 0
    outer loop
      vertex -7.28097 -35.5218 -5.29999
      vertex -7.19038 -35.6379 -6.31499
      vertex -7.19038 -35.6379 -5.29999
    endloop
  endfacet
  facet normal 0.359889 -0.932995 0
    outer loop
      vertex -10.7481 -34.6534 -6.31499
      vertex -10.6107 -34.6004 -5.29999
      vertex -10.7481 -34.6534 -5.29999
    endloop
  endfacet
  facet normal 0.359889 -0.932995 0
    outer loop
      vertex -10.6107 -34.6004 -5.29999
      vertex -10.7481 -34.6534 -6.31499
      vertex -10.6107 -34.6004 -6.31499
    endloop
  endfacet
  facet normal -0.689791 0.724009 0
    outer loop
      vertex -7.47868 -39.5463 -6.31499
      vertex -7.58532 -39.6479 -5.29999
      vertex -7.47868 -39.5463 -5.29999
    endloop
  endfacet
  facet normal -0.689791 0.724009 0
    outer loop
      vertex -7.58532 -39.6479 -5.29999
      vertex -7.47868 -39.5463 -6.31499
      vertex -7.58532 -39.6479 -6.31499
    endloop
  endfacet
  facet normal -0.170475 0.985362 0
    outer loop
      vertex -9.01473 -40.3674 -6.31499
      vertex -9.15981 -40.3925 -5.29999
      vertex -9.01473 -40.3674 -5.29999
    endloop
  endfacet
  facet normal -0.170475 0.985362 0
    outer loop
      vertex -9.15981 -40.3925 -5.29999
      vertex -9.01473 -40.3674 -6.31499
      vertex -9.15981 -40.3925 -6.31499
    endloop
  endfacet
  facet normal -0.724117 0.689677 0
    outer loop
      vertex -7.47868 -39.5463 -6.31499
      vertex -7.37715 -39.4397 -5.29999
      vertex -7.37715 -39.4397 -6.31499
    endloop
  endfacet
  facet normal -0.724117 0.689677 0
    outer loop
      vertex -7.37715 -39.4397 -5.29999
      vertex -7.47868 -39.5463 -6.31499
      vertex -7.47868 -39.5463 -5.29999
    endloop
  endfacet
  facet normal 0.652859 -0.757479 0
    outer loop
      vertex -11.6147 -35.2021 -6.31499
      vertex -11.5032 -35.106 -5.29999
      vertex -11.6147 -35.2021 -5.29999
    endloop
  endfacet
  facet normal 0.652859 -0.757479 0
    outer loop
      vertex -11.5032 -35.106 -5.29999
      vertex -11.6147 -35.2021 -6.31499
      vertex -11.5032 -35.106 -6.31499
    endloop
  endfacet
  facet normal -0.817602 0.575784 0
    outer loop
      vertex -7.19038 -39.2121 -6.31499
      vertex -7.10559 -39.0917 -5.29999
      vertex -7.10559 -39.0917 -6.31499
    endloop
  endfacet
  facet normal -0.817602 0.575784 0
    outer loop
      vertex -7.10559 -39.0917 -5.29999
      vertex -7.19038 -39.2121 -6.31499
      vertex -7.19038 -39.2121 -5.29999
    endloop
  endfacet
  facet normal 0.0733463 0.997307 -0
    outer loop
      vertex -9.7472 -40.4214 -6.31499
      vertex -9.89405 -40.4106 -5.29999
      vertex -9.7472 -40.4214 -5.29999
    endloop
  endfacet
  facet normal 0.0733463 0.997307 0
    outer loop
      vertex -9.89405 -40.4106 -5.29999
      vertex -9.7472 -40.4214 -6.31499
      vertex -9.89405 -40.4106 -6.31499
    endloop
  endfacet
  facet normal -0.0733463 -0.997307 0
    outer loop
      vertex -9.4528 -34.4286 -6.31499
      vertex -9.30595 -34.4394 -5.29999
      vertex -9.4528 -34.4286 -5.29999
    endloop
  endfacet
  facet normal -0.0733463 -0.997307 -0
    outer loop
      vertex -9.30595 -34.4394 -5.29999
      vertex -9.4528 -34.4286 -6.31499
      vertex -9.30595 -34.4394 -6.31499
    endloop
  endfacet
  facet normal 0.844778 -0.535117 0
    outer loop
      vertex -12.1732 -35.8827 -5.29999
      vertex -12.0944 -35.7583 -6.31499
      vertex -12.0944 -35.7583 -5.29999
    endloop
  endfacet
  facet normal 0.844778 -0.535117 0
    outer loop
      vertex -12.0944 -35.7583 -6.31499
      vertex -12.1732 -35.8827 -5.29999
      vertex -12.1732 -35.8827 -6.31499
    endloop
  endfacet
  facet normal -0.914306 0.405023 0
    outer loop
      vertex -6.88803 -38.7077 -6.31499
      vertex -6.82836 -38.573 -5.29999
      vertex -6.82836 -38.573 -6.31499
    endloop
  endfacet
  facet normal -0.914306 0.405023 0
    outer loop
      vertex -6.82836 -38.573 -5.29999
      vertex -6.88803 -38.7077 -6.31499
      vertex -6.88803 -38.7077 -5.29999
    endloop
  endfacet
  facet normal -0.949515 0.31372 0
    outer loop
      vertex -6.77537 -38.4357 -6.31499
      vertex -6.72918 -38.2959 -5.29999
      vertex -6.72918 -38.2959 -6.31499
    endloop
  endfacet
  facet normal -0.949515 0.31372 0
    outer loop
      vertex -6.72918 -38.2959 -5.29999
      vertex -6.77537 -38.4357 -6.31499
      vertex -6.77537 -38.4357 -5.29999
    endloop
  endfacet
  facet normal 0.0733463 -0.997307 0
    outer loop
      vertex -9.89405 -34.4394 -6.31499
      vertex -9.7472 -34.4286 -5.29999
      vertex -9.89405 -34.4394 -5.29999
    endloop
  endfacet
  facet normal 0.0733463 -0.997307 0
    outer loop
      vertex -9.7472 -34.4286 -5.29999
      vertex -9.89405 -34.4394 -6.31499
      vertex -9.7472 -34.4286 -6.31499
    endloop
  endfacet
  facet normal 0.404877 0.914371 -0
    outer loop
      vertex -10.7481 -40.1966 -6.31499
      vertex -10.8827 -40.137 -5.29999
      vertex -10.7481 -40.1966 -5.29999
    endloop
  endfacet
  facet normal 0.404877 0.914371 0
    outer loop
      vertex -10.8827 -40.137 -5.29999
      vertex -10.7481 -40.1966 -6.31499
      vertex -10.8827 -40.137 -6.31499
    endloop
  endfacet
  facet normal 0.493064 0.869993 -0
    outer loop
      vertex -11.0142 -40.0708 -6.31499
      vertex -11.1423 -39.9982 -5.29999
      vertex -11.0142 -40.0708 -5.29999
    endloop
  endfacet
  facet normal 0.493064 0.869993 0
    outer loop
      vertex -11.1423 -39.9982 -5.29999
      vertex -11.0142 -40.0708 -6.31499
      vertex -11.1423 -39.9982 -6.31499
    endloop
  endfacet
  facet normal -0.575862 -0.817547 0
    outer loop
      vertex -7.93329 -34.9306 -6.31499
      vertex -7.8129 -35.0154 -5.29999
      vertex -7.93329 -34.9306 -5.29999
    endloop
  endfacet
  facet normal -0.575862 -0.817547 -0
    outer loop
      vertex -7.8129 -35.0154 -5.29999
      vertex -7.93329 -34.9306 -6.31499
      vertex -7.8129 -35.0154 -6.31499
    endloop
  endfacet
  facet normal -0.313741 -0.949509 0
    outer loop
      vertex -8.72915 -34.5542 -6.31499
      vertex -8.58933 -34.6004 -5.29999
      vertex -8.72915 -34.5542 -5.29999
    endloop
  endfacet
  facet normal -0.313741 -0.949509 -0
    outer loop
      vertex -8.58933 -34.6004 -5.29999
      vertex -8.72915 -34.5542 -6.31499
      vertex -8.58933 -34.6004 -6.31499
    endloop
  endfacet
  facet normal 0.0244492 0.999701 -0
    outer loop
      vertex -9.6 -40.425 -6.31499
      vertex -9.7472 -40.4214 -5.29999
      vertex -9.6 -40.425 -5.29999
    endloop
  endfacet
  facet normal 0.0244492 0.999701 0
    outer loop
      vertex -9.7472 -40.4214 -5.29999
      vertex -9.6 -40.425 -6.31499
      vertex -9.7472 -40.4214 -6.31499
    endloop
  endfacet
  facet normal 0.81757 -0.57583 0
    outer loop
      vertex -12.0944 -35.7583 -5.29999
      vertex -12.0096 -35.6379 -6.31499
      vertex -12.0096 -35.6379 -5.29999
    endloop
  endfacet
  facet normal 0.81757 -0.57583 0
    outer loop
      vertex -12.0096 -35.6379 -6.31499
      vertex -12.0944 -35.7583 -5.29999
      vertex -12.0944 -35.7583 -6.31499
    endloop
  endfacet
  facet normal 0.313782 -0.949495 0
    outer loop
      vertex -10.6107 -34.6004 -6.31499
      vertex -10.4709 -34.5542 -5.29999
      vertex -10.6107 -34.6004 -5.29999
    endloop
  endfacet
  facet normal 0.313782 -0.949495 0
    outer loop
      vertex -10.4709 -34.5542 -5.29999
      vertex -10.6107 -34.6004 -6.31499
      vertex -10.4709 -34.5542 -6.31499
    endloop
  endfacet
  facet normal -0.689791 -0.724009 0
    outer loop
      vertex -7.58532 -35.2021 -6.31499
      vertex -7.47868 -35.3037 -5.29999
      vertex -7.58532 -35.2021 -5.29999
    endloop
  endfacet
  facet normal -0.689791 -0.724009 -0
    outer loop
      vertex -7.47868 -35.3037 -5.29999
      vertex -7.58532 -35.2021 -6.31499
      vertex -7.47868 -35.3037 -6.31499
    endloop
  endfacet
  facet normal -0.817602 -0.575784 0
    outer loop
      vertex -7.10559 -35.7583 -6.31499
      vertex -7.19038 -35.6379 -5.29999
      vertex -7.19038 -35.6379 -6.31499
    endloop
  endfacet
  facet normal -0.817602 -0.575784 0
    outer loop
      vertex -7.19038 -35.6379 -5.29999
      vertex -7.10559 -35.7583 -6.31499
      vertex -7.10559 -35.7583 -5.29999
    endloop
  endfacet
  facet normal -0.575862 0.817547 0
    outer loop
      vertex -7.8129 -39.8346 -6.31499
      vertex -7.93329 -39.9194 -5.29999
      vertex -7.8129 -39.8346 -5.29999
    endloop
  endfacet
  facet normal -0.575862 0.817547 0
    outer loop
      vertex -7.93329 -39.9194 -5.29999
      vertex -7.8129 -39.8346 -6.31499
      vertex -7.93329 -39.9194 -6.31499
    endloop
  endfacet
  facet normal -0.999699 0.0245171 0
    outer loop
      vertex -6.60361 -37.5722 -6.31499
      vertex -6.6 -37.425 -5.29999
      vertex -6.6 -37.425 -6.31499
    endloop
  endfacet
  facet normal -0.999699 0.0245171 0
    outer loop
      vertex -6.6 -37.425 -5.29999
      vertex -6.60361 -37.5722 -6.31499
      vertex -6.60361 -37.5722 -5.29999
    endloop
  endfacet
  facet normal -0.359935 -0.932978 0
    outer loop
      vertex -8.58933 -34.6004 -6.31499
      vertex -8.45195 -34.6534 -5.29999
      vertex -8.58933 -34.6004 -5.29999
    endloop
  endfacet
  facet normal -0.359935 -0.932978 -0
    outer loop
      vertex -8.45195 -34.6534 -5.29999
      vertex -8.58933 -34.6004 -6.31499
      vertex -8.45195 -34.6534 -6.31499
    endloop
  endfacet
  facet normal -0.914306 -0.405023 0
    outer loop
      vertex -6.82836 -36.277 -6.31499
      vertex -6.88803 -36.1423 -5.29999
      vertex -6.88803 -36.1423 -6.31499
    endloop
  endfacet
  facet normal -0.914306 -0.405023 0
    outer loop
      vertex -6.88803 -36.1423 -5.29999
      vertex -6.82836 -36.277 -6.31499
      vertex -6.82836 -36.277 -5.29999
    endloop
  endfacet
  facet normal -0.535117 0.844778 0
    outer loop
      vertex -7.93329 -39.9194 -6.31499
      vertex -8.05769 -39.9982 -5.29999
      vertex -7.93329 -39.9194 -5.29999
    endloop
  endfacet
  facet normal -0.535117 0.844778 0
    outer loop
      vertex -8.05769 -39.9982 -5.29999
      vertex -7.93329 -39.9194 -6.31499
      vertex -8.05769 -39.9982 -6.31499
    endloop
  endfacet
  facet normal -0.975682 -0.219189 0
    outer loop
      vertex -6.65765 -36.8397 -6.31499
      vertex -6.68991 -36.6961 -5.29999
      vertex -6.68991 -36.6961 -6.31499
    endloop
  endfacet
  facet normal -0.975682 -0.219189 0
    outer loop
      vertex -6.68991 -36.6961 -5.29999
      vertex -6.65765 -36.8397 -6.31499
      vertex -6.65765 -36.8397 -5.29999
    endloop
  endfacet
  facet normal -0.359935 0.932978 0
    outer loop
      vertex -8.45195 -40.1966 -6.31499
      vertex -8.58933 -40.2496 -5.29999
      vertex -8.45195 -40.1966 -5.29999
    endloop
  endfacet
  facet normal -0.359935 0.932978 0
    outer loop
      vertex -8.58933 -40.2496 -5.29999
      vertex -8.45195 -40.1966 -6.31499
      vertex -8.58933 -40.2496 -6.31499
    endloop
  endfacet
  facet normal -0.724117 -0.689677 0
    outer loop
      vertex -7.37715 -35.4103 -6.31499
      vertex -7.47868 -35.3037 -5.29999
      vertex -7.47868 -35.3037 -6.31499
    endloop
  endfacet
  facet normal -0.724117 -0.689677 0
    outer loop
      vertex -7.47868 -35.3037 -5.29999
      vertex -7.37715 -35.4103 -6.31499
      vertex -7.37715 -35.4103 -5.29999
    endloop
  endfacet
  facet normal 0.757479 0.652859 0
    outer loop
      vertex -11.8229 -39.4397 -5.29999
      vertex -11.919 -39.3282 -6.31499
      vertex -11.919 -39.3282 -5.29999
    endloop
  endfacet
  facet normal 0.757479 0.652859 0
    outer loop
      vertex -11.919 -39.3282 -6.31499
      vertex -11.8229 -39.4397 -5.29999
      vertex -11.8229 -39.4397 -6.31499
    endloop
  endfacet
  facet normal -0.963823 -0.266544 0
    outer loop
      vertex -6.68991 -36.6961 -6.31499
      vertex -6.72918 -36.5541 -5.29999
      vertex -6.72918 -36.5541 -6.31499
    endloop
  endfacet
  facet normal -0.963823 -0.266544 0
    outer loop
      vertex -6.72918 -36.5541 -5.29999
      vertex -6.68991 -36.6961 -6.31499
      vertex -6.68991 -36.6961 -5.29999
    endloop
  endfacet
  facet normal 0.170453 0.985366 -0
    outer loop
      vertex -10.0402 -40.3925 -6.31499
      vertex -10.1853 -40.3674 -5.29999
      vertex -10.0402 -40.3925 -5.29999
    endloop
  endfacet
  facet normal 0.170453 0.985366 0
    outer loop
      vertex -10.1853 -40.3674 -5.29999
      vertex -10.0402 -40.3925 -6.31499
      vertex -10.1853 -40.3674 -6.31499
    endloop
  endfacet
  facet normal 0.723879 0.689926 0
    outer loop
      vertex -11.7213 -39.5463 -5.29999
      vertex -11.8229 -39.4397 -6.31499
      vertex -11.8229 -39.4397 -5.29999
    endloop
  endfacet
  facet normal 0.723879 0.689926 0
    outer loop
      vertex -11.8229 -39.4397 -6.31499
      vertex -11.7213 -39.5463 -5.29999
      vertex -11.7213 -39.5463 -6.31499
    endloop
  endfacet
  facet normal -0.535117 -0.844778 0
    outer loop
      vertex -8.05769 -34.8518 -6.31499
      vertex -7.93329 -34.9306 -5.29999
      vertex -8.05769 -34.8518 -5.29999
    endloop
  endfacet
  facet normal -0.535117 -0.844778 -0
    outer loop
      vertex -7.93329 -34.9306 -5.29999
      vertex -8.05769 -34.8518 -6.31499
      vertex -7.93329 -34.9306 -6.31499
    endloop
  endfacet
  facet normal 0.652859 0.757479 -0
    outer loop
      vertex -11.5032 -39.744 -6.31499
      vertex -11.6147 -39.6479 -5.29999
      vertex -11.5032 -39.744 -5.29999
    endloop
  endfacet
  facet normal 0.652859 0.757479 0
    outer loop
      vertex -11.6147 -39.6479 -5.29999
      vertex -11.5032 -39.744 -6.31499
      vertex -11.6147 -39.6479 -6.31499
    endloop
  endfacet
  facet normal 0.870048 -0.492966 0
    outer loop
      vertex -12.2 -35.93 -5.29999
      vertex -12.1732 -35.8827 -6.31499
      vertex -12.1732 -35.8827 -5.29999
    endloop
  endfacet
  facet normal 0.870048 -0.492966 0
    outer loop
      vertex -12.1732 -35.8827 -6.31499
      vertex -12.2 -35.93 -5.29999
      vertex -12.2 -35.93 -6.31499
    endloop
  endfacet
  facet normal 0.615209 -0.788364 0
    outer loop
      vertex -11.5032 -35.106 -6.31499
      vertex -11.3871 -35.0154 -5.29999
      vertex -11.5032 -35.106 -5.29999
    endloop
  endfacet
  facet normal 0.615209 -0.788364 0
    outer loop
      vertex -11.3871 -35.0154 -5.29999
      vertex -11.5032 -35.106 -6.31499
      vertex -11.3871 -35.0154 -6.31499
    endloop
  endfacet
  facet normal 0.57583 -0.81757 0
    outer loop
      vertex -11.3871 -35.0154 -6.31499
      vertex -11.2667 -34.9306 -5.29999
      vertex -11.3871 -35.0154 -5.29999
    endloop
  endfacet
  facet normal 0.57583 -0.81757 0
    outer loop
      vertex -11.2667 -34.9306 -5.29999
      vertex -11.3871 -35.0154 -6.31499
      vertex -11.2667 -34.9306 -6.31499
    endloop
  endfacet
  facet normal -0.615275 -0.788313 0
    outer loop
      vertex -7.8129 -35.0154 -6.31499
      vertex -7.69682 -35.106 -5.29999
      vertex -7.8129 -35.0154 -5.29999
    endloop
  endfacet
  facet normal -0.615275 -0.788313 -0
    outer loop
      vertex -7.69682 -35.106 -5.29999
      vertex -7.8129 -35.0154 -6.31499
      vertex -7.69682 -35.106 -6.31499
    endloop
  endfacet
  facet normal 0.844778 0.535117 0
    outer loop
      vertex -12.0944 -39.0917 -5.29999
      vertex -12.1732 -38.9673 -6.31499
      vertex -12.1732 -38.9673 -5.29999
    endloop
  endfacet
  facet normal 0.844778 0.535117 0
    outer loop
      vertex -12.1732 -38.9673 -6.31499
      vertex -12.0944 -39.0917 -5.29999
      vertex -12.0944 -39.0917 -6.31499
    endloop
  endfacet
  facet normal 0.757479 -0.652859 0
    outer loop
      vertex -11.919 -35.5218 -5.29999
      vertex -11.8229 -35.4103 -6.31499
      vertex -11.8229 -35.4103 -5.29999
    endloop
  endfacet
  facet normal 0.757479 -0.652859 0
    outer loop
      vertex -11.8229 -35.4103 -6.31499
      vertex -11.919 -35.5218 -5.29999
      vertex -11.919 -35.5218 -6.31499
    endloop
  endfacet
  facet normal 0.493064 -0.869993 0
    outer loop
      vertex -11.1423 -34.8518 -6.31499
      vertex -11.0142 -34.7792 -5.29999
      vertex -11.1423 -34.8518 -5.29999
    endloop
  endfacet
  facet normal 0.493064 -0.869993 0
    outer loop
      vertex -11.0142 -34.7792 -5.29999
      vertex -11.1423 -34.8518 -6.31499
      vertex -11.0142 -34.7792 -6.31499
    endloop
  endfacet
  facet normal 0.266734 0.96377 -0
    outer loop
      vertex -10.3289 -40.3351 -6.31499
      vertex -10.4709 -40.2958 -5.29999
      vertex -10.3289 -40.3351 -5.29999
    endloop
  endfacet
  facet normal 0.266734 0.96377 0
    outer loop
      vertex -10.4709 -40.2958 -5.29999
      vertex -10.3289 -40.3351 -6.31499
      vertex -10.4709 -40.2958 -6.31499
    endloop
  endfacet
  facet normal -0.652859 0.757479 0
    outer loop
      vertex -7.58532 -39.6479 -6.31499
      vertex -7.69682 -39.744 -5.29999
      vertex -7.58532 -39.6479 -5.29999
    endloop
  endfacet
  facet normal -0.652859 0.757479 0
    outer loop
      vertex -7.69682 -39.744 -5.29999
      vertex -7.58532 -39.6479 -6.31499
      vertex -7.69682 -39.744 -6.31499
    endloop
  endfacet
  facet normal -0.122915 0.992417 0
    outer loop
      vertex -9.15981 -40.3925 -6.31499
      vertex -9.30595 -40.4106 -5.29999
      vertex -9.15981 -40.3925 -5.29999
    endloop
  endfacet
  facet normal -0.122915 0.992417 0
    outer loop
      vertex -9.30595 -40.4106 -5.29999
      vertex -9.15981 -40.3925 -6.31499
      vertex -9.30595 -40.4106 -6.31499
    endloop
  endfacet
  facet normal -0.449575 0.893242 0
    outer loop
      vertex -8.18581 -40.0708 -6.31499
      vertex -8.31734 -40.137 -5.29999
      vertex -8.18581 -40.0708 -5.29999
    endloop
  endfacet
  facet normal -0.449575 0.893242 0
    outer loop
      vertex -8.31734 -40.137 -5.29999
      vertex -8.18581 -40.0708 -6.31499
      vertex -8.31734 -40.137 -6.31499
    endloop
  endfacet
  facet normal 0.870048 0.492966 0
    outer loop
      vertex -12.1732 -38.9673 -5.29999
      vertex -12.2 -38.92 -6.31499
      vertex -12.2 -38.92 -5.29999
    endloop
  endfacet
  facet normal 0.870048 0.492966 0
    outer loop
      vertex -12.2 -38.92 -6.31499
      vertex -12.1732 -38.9673 -5.29999
      vertex -12.1732 -38.9673 -6.31499
    endloop
  endfacet
  facet normal -0.266891 0.963727 0
    outer loop
      vertex -8.72915 -40.2958 -6.31499
      vertex -8.87106 -40.3351 -5.29999
      vertex -8.72915 -40.2958 -5.29999
    endloop
  endfacet
  facet normal -0.266891 0.963727 0
    outer loop
      vertex -8.87106 -40.3351 -5.29999
      vertex -8.72915 -40.2958 -6.31499
      vertex -8.87106 -40.3351 -6.31499
    endloop
  endfacet
  facet normal -0.404852 0.914382 0
    outer loop
      vertex -8.31734 -40.137 -6.31499
      vertex -8.45195 -40.1966 -5.29999
      vertex -8.31734 -40.137 -5.29999
    endloop
  endfacet
  facet normal -0.404852 0.914382 0
    outer loop
      vertex -8.45195 -40.1966 -5.29999
      vertex -8.31734 -40.137 -6.31499
      vertex -8.45195 -40.1966 -6.31499
    endloop
  endfacet
  facet normal 0.788364 -0.615209 0
    outer loop
      vertex -12.0096 -35.6379 -5.29999
      vertex -11.919 -35.5218 -6.31499
      vertex -11.919 -35.5218 -5.29999
    endloop
  endfacet
  facet normal 0.788364 -0.615209 0
    outer loop
      vertex -11.919 -35.5218 -6.31499
      vertex -12.0096 -35.6379 -5.29999
      vertex -12.0096 -35.6379 -6.31499
    endloop
  endfacet
  facet normal 0.723879 -0.689926 0
    outer loop
      vertex -11.8229 -35.4103 -5.29999
      vertex -11.7213 -35.3037 -6.31499
      vertex -11.7213 -35.3037 -5.29999
    endloop
  endfacet
  facet normal 0.723879 -0.689926 0
    outer loop
      vertex -11.7213 -35.3037 -6.31499
      vertex -11.8229 -35.4103 -5.29999
      vertex -11.8229 -35.4103 -6.31499
    endloop
  endfacet
  facet normal -0.985274 0.17098 0
    outer loop
      vertex -6.65765 -38.0103 -6.31499
      vertex -6.63247 -37.8652 -5.29999
      vertex -6.63247 -37.8652 -6.31499
    endloop
  endfacet
  facet normal -0.985274 0.17098 0
    outer loop
      vertex -6.63247 -37.8652 -5.29999
      vertex -6.65765 -38.0103 -6.31499
      vertex -6.65765 -38.0103 -5.29999
    endloop
  endfacet
  facet normal 0.219448 0.975624 -0
    outer loop
      vertex -10.1853 -40.3674 -6.31499
      vertex -10.3289 -40.3351 -5.29999
      vertex -10.1853 -40.3674 -5.29999
    endloop
  endfacet
  facet normal 0.219448 0.975624 0
    outer loop
      vertex -10.3289 -40.3351 -5.29999
      vertex -10.1853 -40.3674 -6.31499
      vertex -10.3289 -40.3351 -6.31499
    endloop
  endfacet
  facet normal 0.313782 0.949495 -0
    outer loop
      vertex -10.4709 -40.2958 -6.31499
      vertex -10.6107 -40.2496 -5.29999
      vertex -10.4709 -40.2958 -5.29999
    endloop
  endfacet
  facet normal 0.313782 0.949495 0
    outer loop
      vertex -10.6107 -40.2496 -5.29999
      vertex -10.4709 -40.2958 -6.31499
      vertex -10.6107 -40.2496 -6.31499
    endloop
  endfacet
  facet normal 0.535117 -0.844778 0
    outer loop
      vertex -11.2667 -34.9306 -6.31499
      vertex -11.1423 -34.8518 -5.29999
      vertex -11.2667 -34.9306 -5.29999
    endloop
  endfacet
  facet normal 0.535117 -0.844778 0
    outer loop
      vertex -11.1423 -34.8518 -5.29999
      vertex -11.2667 -34.9306 -6.31499
      vertex -11.1423 -34.8518 -6.31499
    endloop
  endfacet
  facet normal -0.313741 0.949509 0
    outer loop
      vertex -8.58933 -40.2496 -6.31499
      vertex -8.72915 -40.2958 -5.29999
      vertex -8.58933 -40.2496 -5.29999
    endloop
  endfacet
  facet normal -0.313741 0.949509 0
    outer loop
      vertex -8.72915 -40.2958 -5.29999
      vertex -8.58933 -40.2496 -6.31499
      vertex -8.72915 -40.2958 -6.31499
    endloop
  endfacet
  facet normal 0.122906 0.992418 -0
    outer loop
      vertex -9.89405 -40.4106 -6.31499
      vertex -10.0402 -40.3925 -5.29999
      vertex -9.89405 -40.4106 -5.29999
    endloop
  endfacet
  facet normal 0.122906 0.992418 0
    outer loop
      vertex -10.0402 -40.3925 -5.29999
      vertex -9.89405 -40.4106 -6.31499
      vertex -10.0402 -40.3925 -6.31499
    endloop
  endfacet
  facet normal 0.266734 -0.96377 0
    outer loop
      vertex -10.4709 -34.5542 -6.31499
      vertex -10.3289 -34.5149 -5.29999
      vertex -10.4709 -34.5542 -5.29999
    endloop
  endfacet
  facet normal 0.266734 -0.96377 0
    outer loop
      vertex -10.3289 -34.5149 -5.29999
      vertex -10.4709 -34.5542 -6.31499
      vertex -10.3289 -34.5149 -6.31499
    endloop
  endfacet
  facet normal 0.788364 0.615209 0
    outer loop
      vertex -11.919 -39.3282 -5.29999
      vertex -12.0096 -39.2121 -6.31499
      vertex -12.0096 -39.2121 -5.29999
    endloop
  endfacet
  facet normal 0.788364 0.615209 0
    outer loop
      vertex -12.0096 -39.2121 -6.31499
      vertex -11.919 -39.3282 -5.29999
      vertex -11.919 -39.3282 -6.31499
    endloop
  endfacet
  facet normal 0.81757 0.57583 0
    outer loop
      vertex -12.0096 -39.2121 -5.29999
      vertex -12.0944 -39.0917 -6.31499
      vertex -12.0944 -39.0917 -5.29999
    endloop
  endfacet
  facet normal 0.81757 0.57583 0
    outer loop
      vertex -12.0944 -39.0917 -6.31499
      vertex -12.0096 -39.2121 -5.29999
      vertex -12.0096 -39.2121 -6.31499
    endloop
  endfacet
  facet normal -0.266891 -0.963727 0
    outer loop
      vertex -8.87106 -34.5149 -6.31499
      vertex -8.72915 -34.5542 -5.29999
      vertex -8.87106 -34.5149 -5.29999
    endloop
  endfacet
  facet normal -0.266891 -0.963727 -0
    outer loop
      vertex -8.72915 -34.5542 -5.29999
      vertex -8.87106 -34.5149 -6.31499
      vertex -8.72915 -34.5542 -6.31499
    endloop
  endfacet
  facet normal -0.757211 -0.653171 0
    outer loop
      vertex -7.28097 -35.5218 -6.31499
      vertex -7.37715 -35.4103 -5.29999
      vertex -7.37715 -35.4103 -6.31499
    endloop
  endfacet
  facet normal -0.757211 -0.653171 0
    outer loop
      vertex -7.37715 -35.4103 -5.29999
      vertex -7.28097 -35.5218 -6.31499
      vertex -7.28097 -35.5218 -5.29999
    endloop
  endfacet
  facet normal -0.84484 0.53502 0
    outer loop
      vertex -7.10559 -39.0917 -6.31499
      vertex -7.02681 -38.9673 -5.29999
      vertex -7.02681 -38.9673 -6.31499
    endloop
  endfacet
  facet normal -0.84484 0.53502 0
    outer loop
      vertex -7.02681 -38.9673 -5.29999
      vertex -7.10559 -39.0917 -6.31499
      vertex -7.10559 -39.0917 -5.29999
    endloop
  endfacet
  facet normal 0.404877 -0.914371 0
    outer loop
      vertex -10.8827 -34.713 -6.31499
      vertex -10.7481 -34.6534 -5.29999
      vertex -10.8827 -34.713 -5.29999
    endloop
  endfacet
  facet normal 0.404877 -0.914371 0
    outer loop
      vertex -10.7481 -34.6534 -5.29999
      vertex -10.8827 -34.713 -6.31499
      vertex -10.7481 -34.6534 -6.31499
    endloop
  endfacet
  facet normal 0.57583 0.81757 -0
    outer loop
      vertex -11.2667 -39.9194 -6.31499
      vertex -11.3871 -39.8346 -5.29999
      vertex -11.2667 -39.9194 -5.29999
    endloop
  endfacet
  facet normal 0.57583 0.81757 0
    outer loop
      vertex -11.3871 -39.8346 -5.29999
      vertex -11.2667 -39.9194 -6.31499
      vertex -11.3871 -39.8346 -6.31499
    endloop
  endfacet
  facet normal 0.535117 0.844778 -0
    outer loop
      vertex -11.1423 -39.9982 -6.31499
      vertex -11.2667 -39.9194 -5.29999
      vertex -11.1423 -39.9982 -5.29999
    endloop
  endfacet
  facet normal 0.535117 0.844778 0
    outer loop
      vertex -11.2667 -39.9194 -5.29999
      vertex -11.1423 -39.9982 -6.31499
      vertex -11.2667 -39.9194 -6.31499
    endloop
  endfacet
  facet normal -1 0 0
    outer loop
      vertex -7 -44.925 -21.25
      vertex -7 -43.925 -13.75
      vertex -7 -43.925 -21.25
    endloop
  endfacet
  facet normal -1 -0 0
    outer loop
      vertex -7 -43.925 -13.75
      vertex -7 -44.925 -21.25
      vertex -7 -44.925 -13.75
    endloop
  endfacet
  facet normal 0 0 -1
    outer loop
      vertex -22.6 -44.925 -13.75
      vertex -7 -43.925 -13.75
      vertex -7 -44.925 -13.75
    endloop
  endfacet
  facet normal -0 0 -1
    outer loop
      vertex -7 -43.925 -13.75
      vertex -22.6 -44.925 -13.75
      vertex -22.6 -43.925 -13.75
    endloop
  endfacet
  facet normal -0 0 1
    outer loop
      vertex -22.6 -43.925 -21.25
      vertex -7 -44.925 -21.25
      vertex -7 -43.925 -21.25
    endloop
  endfacet
  facet normal 0 0 1
    outer loop
      vertex -7 -44.925 -21.25
      vertex -22.6 -43.925 -21.25
      vertex -22.6 -44.925 -21.25
    endloop
  endfacet
  facet normal 1 -0 0
    outer loop
      vertex -22.6 -44.925 -13.75
      vertex -22.6 -43.925 -21.25
      vertex -22.6 -43.925 -13.75
    endloop
  endfacet
  facet normal 1 0 0
    outer loop
      vertex -22.6 -43.925 -21.25
      vertex -22.6 -44.925 -13.75
      vertex -22.6 -44.925 -21.25
    endloop
  endfacet
  facet normal 0.313741 -0.949509 0
    outer loop
      vertex -2.81067 -34.6004 -6.31499
      vertex -2.67085 -34.5542 -5.29999
      vertex -2.81067 -34.6004 -5.29999
    endloop
  endfacet
  facet normal 0.313741 -0.949509 0
    outer loop
      vertex -2.67085 -34.5542 -5.29999
      vertex -2.81067 -34.6004 -6.31499
      vertex -2.67085 -34.5542 -6.31499
    endloop
  endfacet
  facet normal 0.122915 0.992417 -0
    outer loop
      vertex -2.09405 -40.4106 -6.31499
      vertex -2.24019 -40.3925 -5.29999
      vertex -2.09405 -40.4106 -5.29999
    endloop
  endfacet
  facet normal 0.122915 0.992417 0
    outer loop
      vertex -2.24019 -40.3925 -5.29999
      vertex -2.09405 -40.4106 -6.31499
      vertex -2.24019 -40.3925 -6.31499
    endloop
  endfacet
  facet normal 0.0733463 -0.997307 0
    outer loop
      vertex -2.09405 -34.4394 -6.31499
      vertex -1.9472 -34.4286 -5.29999
      vertex -2.09405 -34.4394 -5.29999
    endloop
  endfacet
  facet normal 0.0733463 -0.997307 0
    outer loop
      vertex -1.9472 -34.4286 -5.29999
      vertex -2.09405 -34.4394 -6.31499
      vertex -1.9472 -34.4286 -6.31499
    endloop
  endfacet
  facet normal -0.0733463 0.997307 0
    outer loop
      vertex -1.50595 -40.4106 -6.31499
      vertex -1.6528 -40.4214 -5.29999
      vertex -1.50595 -40.4106 -5.29999
    endloop
  endfacet
  facet normal -0.0733463 0.997307 0
    outer loop
      vertex -1.6528 -40.4214 -5.29999
      vertex -1.50595 -40.4106 -6.31499
      vertex -1.6528 -40.4214 -6.31499
    endloop
  endfacet
  facet normal -0.359935 -0.932978 0
    outer loop
      vertex -0.78933 -34.6004 -6.31499
      vertex -0.65195 -34.6534 -5.29999
      vertex -0.78933 -34.6004 -5.29999
    endloop
  endfacet
  facet normal -0.359935 -0.932978 -0
    outer loop
      vertex -0.65195 -34.6534 -5.29999
      vertex -0.78933 -34.6004 -6.31499
      vertex -0.65195 -34.6534 -6.31499
    endloop
  endfacet
  facet normal 0.266891 0.963727 -0
    outer loop
      vertex -2.52894 -40.3351 -6.31499
      vertex -2.67085 -40.2958 -5.29999
      vertex -2.52894 -40.3351 -5.29999
    endloop
  endfacet
  facet normal 0.266891 0.963727 0
    outer loop
      vertex -2.67085 -40.2958 -5.29999
      vertex -2.52894 -40.3351 -6.31499
      vertex -2.67085 -40.2958 -6.31499
    endloop
  endfacet
  facet normal -0.535111 0.844782 0
    outer loop
      vertex -0.133289 -39.9194 -6.31499
      vertex -0.257691 -39.9982 -5.29999
      vertex -0.133289 -39.9194 -5.29999
    endloop
  endfacet
  facet normal -0.535111 0.844782 0
    outer loop
      vertex -0.257691 -39.9982 -5.29999
      vertex -0.133289 -39.9194 -6.31499
      vertex -0.257691 -39.9982 -6.31499
    endloop
  endfacet
  facet normal -0.449589 -0.893236 0
    outer loop
      vertex -0.517335 -34.713 -6.31499
      vertex -0.38581 -34.7792 -5.29999
      vertex -0.517335 -34.713 -5.29999
    endloop
  endfacet
  facet normal -0.449589 -0.893236 -0
    outer loop
      vertex -0.38581 -34.7792 -5.29999
      vertex -0.517335 -34.713 -6.31499
      vertex -0.38581 -34.7792 -6.31499
    endloop
  endfacet
  facet normal 0.535117 -0.844778 0
    outer loop
      vertex -3.46671 -34.9306 -6.31499
      vertex -3.34231 -34.8518 -5.29999
      vertex -3.46671 -34.9306 -5.29999
    endloop
  endfacet
  facet normal 0.535117 -0.844778 0
    outer loop
      vertex -3.34231 -34.8518 -5.29999
      vertex -3.46671 -34.9306 -6.31499
      vertex -3.34231 -34.8518 -6.31499
    endloop
  endfacet
  facet normal -0.493009 -0.870024 0
    outer loop
      vertex -0.38581 -34.7792 -6.31499
      vertex -0.257691 -34.8518 -5.29999
      vertex -0.38581 -34.7792 -5.29999
    endloop
  endfacet
  facet normal -0.493009 -0.870024 -0
    outer loop
      vertex -0.257691 -34.8518 -5.29999
      vertex -0.38581 -34.7792 -6.31499
      vertex -0.257691 -34.8518 -6.31499
    endloop
  endfacet
  facet normal -0.0244492 -0.999701 0
    outer loop
      vertex -1.8 -34.425 -6.31499
      vertex -1.6528 -34.4286 -5.29999
      vertex -1.8 -34.425 -5.29999
    endloop
  endfacet
  facet normal -0.0244492 -0.999701 -0
    outer loop
      vertex -1.6528 -34.4286 -5.29999
      vertex -1.8 -34.425 -6.31499
      vertex -1.6528 -34.4286 -6.31499
    endloop
  endfacet
  facet normal 0.122915 -0.992417 0
    outer loop
      vertex -2.24019 -34.4575 -6.31499
      vertex -2.09405 -34.4394 -5.29999
      vertex -2.24019 -34.4575 -5.29999
    endloop
  endfacet
  facet normal 0.122915 -0.992417 0
    outer loop
      vertex -2.09405 -34.4394 -5.29999
      vertex -2.24019 -34.4575 -6.31499
      vertex -2.09405 -34.4394 -6.31499
    endloop
  endfacet
  facet normal 0.975682 0.219189 0
    outer loop
      vertex -4.71009 -38.1539 -5.29999
      vertex -4.74235 -38.0103 -6.31499
      vertex -4.74235 -38.0103 -5.29999
    endloop
  endfacet
  facet normal 0.975682 0.219189 0
    outer loop
      vertex -4.74235 -38.0103 -6.31499
      vertex -4.71009 -38.1539 -5.29999
      vertex -4.71009 -38.1539 -6.31499
    endloop
  endfacet
  facet normal -0.170475 -0.985362 0
    outer loop
      vertex -1.35981 -34.4575 -6.31499
      vertex -1.21473 -34.4826 -5.29999
      vertex -1.35981 -34.4575 -5.29999
    endloop
  endfacet
  facet normal -0.170475 -0.985362 -0
    outer loop
      vertex -1.21473 -34.4826 -5.29999
      vertex -1.35981 -34.4575 -6.31499
      vertex -1.21473 -34.4826 -6.31499
    endloop
  endfacet
  facet normal 0.985274 0.17098 0
    outer loop
      vertex -4.74235 -38.0103 -5.29999
      vertex -4.76753 -37.8652 -6.31499
      vertex -4.76753 -37.8652 -5.29999
    endloop
  endfacet
  facet normal 0.985274 0.17098 0
    outer loop
      vertex -4.76753 -37.8652 -6.31499
      vertex -4.74235 -38.0103 -5.29999
      vertex -4.74235 -38.0103 -6.31499
    endloop
  endfacet
  facet normal 0.949515 0.31372 0
    outer loop
      vertex -4.62463 -38.4357 -5.29999
      vertex -4.67082 -38.2959 -6.31499
      vertex -4.67082 -38.2959 -5.29999
    endloop
  endfacet
  facet normal 0.949515 0.31372 0
    outer loop
      vertex -4.67082 -38.2959 -6.31499
      vertex -4.62463 -38.4357 -5.29999
      vertex -4.62463 -38.4357 -6.31499
    endloop
  endfacet
  facet normal -0.788394 0.615171 0
    outer loop
      vertex 0.519032 -39.3282 -6.31499
      vertex 0.609623 -39.2121 -5.29999
      vertex 0.609623 -39.2121 -6.31499
    endloop
  endfacet
  facet normal -0.788394 0.615171 0
    outer loop
      vertex 0.609623 -39.2121 -5.29999
      vertex 0.519032 -39.3282 -6.31499
      vertex 0.519032 -39.3282 -5.29999
    endloop
  endfacet
  facet normal -0.652869 0.757471 0
    outer loop
      vertex 0.214677 -39.6479 -6.31499
      vertex 0.10318 -39.744 -5.29999
      vertex 0.214677 -39.6479 -5.29999
    endloop
  endfacet
  facet normal -0.652869 0.757471 0
    outer loop
      vertex 0.10318 -39.744 -5.29999
      vertex 0.214677 -39.6479 -6.31499
      vertex 0.10318 -39.744 -6.31499
    endloop
  endfacet
  facet normal 0.999699 0.0245171 0
    outer loop
      vertex -4.79639 -37.5722 -5.29999
      vertex -4.8 -37.425 -6.31499
      vertex -4.8 -37.425 -5.29999
    endloop
  endfacet
  facet normal 0.999699 0.0245171 0
    outer loop
      vertex -4.8 -37.425 -6.31499
      vertex -4.79639 -37.5722 -5.29999
      vertex -4.79639 -37.5722 -6.31499
    endloop
  endfacet
  facet normal 0.689791 -0.724009 0
    outer loop
      vertex -3.92132 -35.3037 -6.31499
      vertex -3.81468 -35.2021 -5.29999
      vertex -3.92132 -35.3037 -5.29999
    endloop
  endfacet
  facet normal 0.689791 -0.724009 0
    outer loop
      vertex -3.81468 -35.2021 -5.29999
      vertex -3.92132 -35.3037 -6.31499
      vertex -3.81468 -35.2021 -6.31499
    endloop
  endfacet
  facet normal 0.757211 -0.653171 0
    outer loop
      vertex -4.11903 -35.5218 -5.29999
      vertex -4.02285 -35.4103 -6.31499
      vertex -4.02285 -35.4103 -5.29999
    endloop
  endfacet
  facet normal 0.757211 -0.653171 0
    outer loop
      vertex -4.02285 -35.4103 -6.31499
      vertex -4.11903 -35.5218 -5.29999
      vertex -4.11903 -35.5218 -6.31499
    endloop
  endfacet
  facet normal 0.992479 -0.122413 0
    outer loop
      vertex -4.78555 -37.1309 -5.29999
      vertex -4.76753 -36.9848 -6.31499
      vertex -4.76753 -36.9848 -5.29999
    endloop
  endfacet
  facet normal 0.992479 -0.122413 0
    outer loop
      vertex -4.76753 -36.9848 -6.31499
      vertex -4.78555 -37.1309 -5.29999
      vertex -4.78555 -37.1309 -6.31499
    endloop
  endfacet
  facet normal -0.652869 -0.757471 0
    outer loop
      vertex 0.10318 -35.106 -6.31499
      vertex 0.214677 -35.2021 -5.29999
      vertex 0.10318 -35.106 -5.29999
    endloop
  endfacet
  facet normal -0.652869 -0.757471 -0
    outer loop
      vertex 0.214677 -35.2021 -5.29999
      vertex 0.10318 -35.106 -6.31499
      vertex 0.214677 -35.2021 -6.31499
    endloop
  endfacet
  facet normal -0.170475 0.985362 0
    outer loop
      vertex -1.21473 -40.3674 -6.31499
      vertex -1.35981 -40.3925 -5.29999
      vertex -1.21473 -40.3674 -5.29999
    endloop
  endfacet
  facet normal -0.170475 0.985362 0
    outer loop
      vertex -1.35981 -40.3925 -5.29999
      vertex -1.21473 -40.3674 -6.31499
      vertex -1.35981 -40.3925 -6.31499
    endloop
  endfacet
  facet normal -0.689777 0.724022 0
    outer loop
      vertex 0.321321 -39.5463 -6.31499
      vertex 0.214677 -39.6479 -5.29999
      vertex 0.321321 -39.5463 -5.29999
    endloop
  endfacet
  facet normal -0.689777 0.724022 0
    outer loop
      vertex 0.214677 -39.6479 -5.29999
      vertex 0.321321 -39.5463 -6.31499
      vertex 0.214677 -39.6479 -6.31499
    endloop
  endfacet
  facet normal -0.0244492 0.999701 0
    outer loop
      vertex -1.6528 -40.4214 -6.31499
      vertex -1.8 -40.425 -5.29999
      vertex -1.6528 -40.4214 -5.29999
    endloop
  endfacet
  facet normal -0.0244492 0.999701 0
    outer loop
      vertex -1.8 -40.425 -5.29999
      vertex -1.6528 -40.4214 -6.31499
      vertex -1.8 -40.425 -6.31499
    endloop
  endfacet
  facet normal -0.817611 -0.575771 0
    outer loop
      vertex 0.69441 -35.7583 -6.31499
      vertex 0.609623 -35.6379 -5.29999
      vertex 0.609623 -35.6379 -6.31499
    endloop
  endfacet
  facet normal -0.817611 -0.575771 0
    outer loop
      vertex 0.609623 -35.6379 -5.29999
      vertex 0.69441 -35.7583 -6.31499
      vertex 0.69441 -35.7583 -5.29999
    endloop
  endfacet
  facet normal 0.87008 0.49291 0
    outer loop
      vertex -4.37319 -38.9673 -5.29999
      vertex -4.44576 -38.8392 -6.31499
      vertex -4.44576 -38.8392 -5.29999
    endloop
  endfacet
  facet normal 0.87008 0.49291 0
    outer loop
      vertex -4.44576 -38.8392 -6.31499
      vertex -4.37319 -38.9673 -5.29999
      vertex -4.37319 -38.9673 -6.31499
    endloop
  endfacet
  facet normal -0.122915 -0.992417 0
    outer loop
      vertex -1.50595 -34.4394 -6.31499
      vertex -1.35981 -34.4575 -5.29999
      vertex -1.50595 -34.4394 -5.29999
    endloop
  endfacet
  facet normal -0.122915 -0.992417 -0
    outer loop
      vertex -1.35981 -34.4575 -5.29999
      vertex -1.50595 -34.4394 -6.31499
      vertex -1.35981 -34.4575 -6.31499
    endloop
  endfacet
  facet normal -0.689777 -0.724022 0
    outer loop
      vertex 0.214677 -35.2021 -6.31499
      vertex 0.321321 -35.3037 -5.29999
      vertex 0.214677 -35.2021 -5.29999
    endloop
  endfacet
  facet normal -0.689777 -0.724022 -0
    outer loop
      vertex 0.321321 -35.3037 -5.29999
      vertex 0.214677 -35.2021 -6.31499
      vertex 0.321321 -35.3037 -6.31499
    endloop
  endfacet
  facet normal 0.997288 0.0735916 0
    outer loop
      vertex -4.78555 -37.7191 -5.29999
      vertex -4.79639 -37.5722 -6.31499
      vertex -4.79639 -37.5722 -5.29999
    endloop
  endfacet
  facet normal 0.997288 0.0735916 0
    outer loop
      vertex -4.79639 -37.5722 -6.31499
      vertex -4.78555 -37.7191 -5.29999
      vertex -4.78555 -37.7191 -6.31499
    endloop
  endfacet
  facet normal 0.359935 0.932978 -0
    outer loop
      vertex -2.81067 -40.2496 -6.31499
      vertex -2.94805 -40.1966 -5.29999
      vertex -2.81067 -40.2496 -5.29999
    endloop
  endfacet
  facet normal 0.359935 0.932978 0
    outer loop
      vertex -2.94805 -40.1966 -5.29999
      vertex -2.81067 -40.2496 -6.31499
      vertex -2.94805 -40.1966 -6.31499
    endloop
  endfacet
  facet normal 0.493006 -0.870026 0
    outer loop
      vertex -3.34231 -34.8518 -6.31499
      vertex -3.21419 -34.7792 -5.29999
      vertex -3.34231 -34.8518 -5.29999
    endloop
  endfacet
  facet normal 0.493006 -0.870026 0
    outer loop
      vertex -3.21419 -34.7792 -5.29999
      vertex -3.34231 -34.8518 -6.31499
      vertex -3.21419 -34.7792 -6.31499
    endloop
  endfacet
  facet normal -0.575871 0.817541 0
    outer loop
      vertex -0.0129019 -39.8346 -6.31499
      vertex -0.133289 -39.9194 -5.29999
      vertex -0.0129019 -39.8346 -5.29999
    endloop
  endfacet
  facet normal -0.575871 0.817541 0
    outer loop
      vertex -0.133289 -39.9194 -5.29999
      vertex -0.0129019 -39.8346 -6.31499
      vertex -0.133289 -39.9194 -6.31499
    endloop
  endfacet
  facet normal 0.757211 0.653171 0
    outer loop
      vertex -4.02285 -39.4397 -5.29999
      vertex -4.11903 -39.3282 -6.31499
      vertex -4.11903 -39.3282 -5.29999
    endloop
  endfacet
  facet normal 0.757211 0.653171 0
    outer loop
      vertex -4.11903 -39.3282 -6.31499
      vertex -4.02285 -39.4397 -5.29999
      vertex -4.02285 -39.4397 -6.31499
    endloop
  endfacet
  facet normal 0.652859 0.757479 -0
    outer loop
      vertex -3.70318 -39.744 -6.31499
      vertex -3.81468 -39.6479 -5.29999
      vertex -3.70318 -39.744 -5.29999
    endloop
  endfacet
  facet normal 0.652859 0.757479 0
    outer loop
      vertex -3.81468 -39.6479 -5.29999
      vertex -3.70318 -39.744 -6.31499
      vertex -3.81468 -39.6479 -6.31499
    endloop
  endfacet
  facet normal 0.914306 -0.405023 0
    outer loop
      vertex -4.57164 -36.277 -5.29999
      vertex -4.51197 -36.1423 -6.31499
      vertex -4.51197 -36.1423 -5.29999
    endloop
  endfacet
  facet normal 0.914306 -0.405023 0
    outer loop
      vertex -4.51197 -36.1423 -6.31499
      vertex -4.57164 -36.277 -5.29999
      vertex -4.57164 -36.277 -6.31499
    endloop
  endfacet
  facet normal 0.788397 -0.615167 0
    outer loop
      vertex -4.20962 -35.6379 -5.29999
      vertex -4.11903 -35.5218 -6.31499
      vertex -4.11903 -35.5218 -5.29999
    endloop
  endfacet
  facet normal 0.788397 -0.615167 0
    outer loop
      vertex -4.11903 -35.5218 -6.31499
      vertex -4.20962 -35.6379 -5.29999
      vertex -4.20962 -35.6379 -6.31499
    endloop
  endfacet
  facet normal 0.219346 -0.975647 0
    outer loop
      vertex -2.52894 -34.5149 -6.31499
      vertex -2.38527 -34.4826 -5.29999
      vertex -2.52894 -34.5149 -5.29999
    endloop
  endfacet
  facet normal 0.219346 -0.975647 0
    outer loop
      vertex -2.38527 -34.4826 -5.29999
      vertex -2.52894 -34.5149 -6.31499
      vertex -2.38527 -34.4826 -6.31499
    endloop
  endfacet
  facet normal 0.724117 0.689677 0
    outer loop
      vertex -3.92132 -39.5463 -5.29999
      vertex -4.02285 -39.4397 -6.31499
      vertex -4.02285 -39.4397 -5.29999
    endloop
  endfacet
  facet normal 0.724117 0.689677 0
    outer loop
      vertex -4.02285 -39.4397 -6.31499
      vertex -3.92132 -39.5463 -5.29999
      vertex -3.92132 -39.5463 -6.31499
    endloop
  endfacet
  facet normal 0.93293 -0.360058 0
    outer loop
      vertex -4.62463 -36.4143 -5.29999
      vertex -4.57164 -36.277 -6.31499
      vertex -4.57164 -36.277 -5.29999
    endloop
  endfacet
  facet normal 0.93293 -0.360058 0
    outer loop
      vertex -4.57164 -36.277 -6.31499
      vertex -4.62463 -36.4143 -5.29999
      vertex -4.62463 -36.4143 -6.31499
    endloop
  endfacet
  facet normal 0.963823 -0.266544 0
    outer loop
      vertex -4.71009 -36.6961 -5.29999
      vertex -4.67082 -36.5541 -6.31499
      vertex -4.67082 -36.5541 -5.29999
    endloop
  endfacet
  facet normal 0.963823 -0.266544 0
    outer loop
      vertex -4.67082 -36.5541 -6.31499
      vertex -4.71009 -36.6961 -5.29999
      vertex -4.71009 -36.6961 -6.31499
    endloop
  endfacet
  facet normal 0.893174 -0.449711 0
    outer loop
      vertex -4.51197 -36.1423 -5.29999
      vertex -4.44576 -36.0108 -6.31499
      vertex -4.44576 -36.0108 -5.29999
    endloop
  endfacet
  facet normal 0.893174 -0.449711 0
    outer loop
      vertex -4.44576 -36.0108 -6.31499
      vertex -4.51197 -36.1423 -5.29999
      vertex -4.51197 -36.1423 -6.31499
    endloop
  endfacet
  facet normal -0.86993 -0.493175 0
    outer loop
      vertex 0.800001 -35.93 -6.31499
      vertex 0.773186 -35.8827 -5.29999
      vertex 0.773186 -35.8827 -6.31499
    endloop
  endfacet
  facet normal -0.86993 -0.493175 0
    outer loop
      vertex 0.773186 -35.8827 -5.29999
      vertex 0.800001 -35.93 -6.31499
      vertex 0.800001 -35.93 -5.29999
    endloop
  endfacet
  facet normal 0.724117 -0.689677 0
    outer loop
      vertex -4.02285 -35.4103 -5.29999
      vertex -3.92132 -35.3037 -6.31499
      vertex -3.92132 -35.3037 -5.29999
    endloop
  endfacet
  facet normal 0.724117 -0.689677 0
    outer loop
      vertex -3.92132 -35.3037 -6.31499
      vertex -4.02285 -35.4103 -5.29999
      vertex -4.02285 -35.4103 -6.31499
    endloop
  endfacet
  facet normal -0.724107 0.689688 0
    outer loop
      vertex 0.321321 -39.5463 -6.31499
      vertex 0.422854 -39.4397 -5.29999
      vertex 0.422854 -39.4397 -6.31499
    endloop
  endfacet
  facet normal -0.724107 0.689688 0
    outer loop
      vertex 0.422854 -39.4397 -5.29999
      vertex 0.321321 -39.5463 -6.31499
      vertex 0.321321 -39.5463 -5.29999
    endloop
  endfacet
  facet normal -0.844852 -0.535 0
    outer loop
      vertex 0.773186 -35.8827 -6.31499
      vertex 0.69441 -35.7583 -5.29999
      vertex 0.69441 -35.7583 -6.31499
    endloop
  endfacet
  facet normal -0.844852 -0.535 0
    outer loop
      vertex 0.69441 -35.7583 -5.29999
      vertex 0.773186 -35.8827 -6.31499
      vertex 0.773186 -35.8827 -5.29999
    endloop
  endfacet
  facet normal 0.949515 -0.31372 0
    outer loop
      vertex -4.67082 -36.5541 -5.29999
      vertex -4.62463 -36.4143 -6.31499
      vertex -4.62463 -36.4143 -5.29999
    endloop
  endfacet
  facet normal 0.949515 -0.31372 0
    outer loop
      vertex -4.62463 -36.4143 -6.31499
      vertex -4.67082 -36.5541 -5.29999
      vertex -4.67082 -36.5541 -6.31499
    endloop
  endfacet
  facet normal 0.404852 0.914382 -0
    outer loop
      vertex -2.94805 -40.1966 -6.31499
      vertex -3.08266 -40.137 -5.29999
      vertex -2.94805 -40.1966 -5.29999
    endloop
  endfacet
  facet normal 0.404852 0.914382 0
    outer loop
      vertex -3.08266 -40.137 -5.29999
      vertex -2.94805 -40.1966 -6.31499
      vertex -3.08266 -40.137 -6.31499
    endloop
  endfacet
  facet normal 0.999699 -0.0245171 0
    outer loop
      vertex -4.8 -37.425 -5.29999
      vertex -4.79639 -37.2778 -6.31499
      vertex -4.79639 -37.2778 -5.29999
    endloop
  endfacet
  facet normal 0.999699 -0.0245171 0
    outer loop
      vertex -4.79639 -37.2778 -6.31499
      vertex -4.8 -37.425 -5.29999
      vertex -4.8 -37.425 -6.31499
    endloop
  endfacet
  facet normal -0.40484 -0.914388 0
    outer loop
      vertex -0.65195 -34.6534 -6.31499
      vertex -0.517335 -34.713 -5.29999
      vertex -0.65195 -34.6534 -5.29999
    endloop
  endfacet
  facet normal -0.40484 -0.914388 -0
    outer loop
      vertex -0.517335 -34.713 -5.29999
      vertex -0.65195 -34.6534 -6.31499
      vertex -0.517335 -34.713 -6.31499
    endloop
  endfacet
  facet normal -0.219346 0.975647 0
    outer loop
      vertex -1.07106 -40.3351 -6.31499
      vertex -1.21473 -40.3674 -5.29999
      vertex -1.07106 -40.3351 -5.29999
    endloop
  endfacet
  facet normal -0.219346 0.975647 0
    outer loop
      vertex -1.21473 -40.3674 -5.29999
      vertex -1.07106 -40.3351 -6.31499
      vertex -1.21473 -40.3674 -6.31499
    endloop
  endfacet
  facet normal 0.689791 0.724009 -0
    outer loop
      vertex -3.81468 -39.6479 -6.31499
      vertex -3.92132 -39.5463 -5.29999
      vertex -3.81468 -39.6479 -5.29999
    endloop
  endfacet
  facet normal 0.689791 0.724009 0
    outer loop
      vertex -3.92132 -39.5463 -5.29999
      vertex -3.81468 -39.6479 -6.31499
      vertex -3.92132 -39.5463 -6.31499
    endloop
  endfacet
  facet normal 0.170475 0.985362 -0
    outer loop
      vertex -2.24019 -40.3925 -6.31499
      vertex -2.38527 -40.3674 -5.29999
      vertex -2.24019 -40.3925 -5.29999
    endloop
  endfacet
  facet normal 0.170475 0.985362 0
    outer loop
      vertex -2.38527 -40.3674 -5.29999
      vertex -2.24019 -40.3925 -6.31499
      vertex -2.38527 -40.3674 -6.31499
    endloop
  endfacet
  facet normal -0.86993 0.493175 0
    outer loop
      vertex 0.773186 -38.9673 -6.31499
      vertex 0.800001 -38.92 -5.29999
      vertex 0.800001 -38.92 -6.31499
    endloop
  endfacet
  facet normal -0.86993 0.493175 0
    outer loop
      vertex 0.800001 -38.92 -5.29999
      vertex 0.773186 -38.9673 -6.31499
      vertex 0.773186 -38.9673 -5.29999
    endloop
  endfacet
  facet normal 0.493006 0.870026 -0
    outer loop
      vertex -3.21419 -40.0708 -6.31499
      vertex -3.34231 -39.9982 -5.29999
      vertex -3.21419 -40.0708 -5.29999
    endloop
  endfacet
  facet normal 0.493006 0.870026 0
    outer loop
      vertex -3.34231 -39.9982 -5.29999
      vertex -3.21419 -40.0708 -6.31499
      vertex -3.34231 -39.9982 -6.31499
    endloop
  endfacet
  facet normal -0.757217 0.653163 0
    outer loop
      vertex 0.422854 -39.4397 -6.31499
      vertex 0.519032 -39.3282 -5.29999
      vertex 0.519032 -39.3282 -6.31499
    endloop
  endfacet
  facet normal -0.757217 0.653163 0
    outer loop
      vertex 0.519032 -39.3282 -5.29999
      vertex 0.422854 -39.4397 -6.31499
      vertex 0.422854 -39.4397 -5.29999
    endloop
  endfacet
  facet normal -0.359935 0.932978 0
    outer loop
      vertex -0.65195 -40.1966 -6.31499
      vertex -0.78933 -40.2496 -5.29999
      vertex -0.65195 -40.1966 -5.29999
    endloop
  endfacet
  facet normal -0.359935 0.932978 0
    outer loop
      vertex -0.78933 -40.2496 -5.29999
      vertex -0.65195 -40.1966 -6.31499
      vertex -0.78933 -40.2496 -6.31499
    endloop
  endfacet
  facet normal 0.84484 0.53502 0
    outer loop
      vertex -4.29441 -39.0917 -5.29999
      vertex -4.37319 -38.9673 -6.31499
      vertex -4.37319 -38.9673 -5.29999
    endloop
  endfacet
  facet normal 0.84484 0.53502 0
    outer loop
      vertex -4.37319 -38.9673 -6.31499
      vertex -4.29441 -39.0917 -5.29999
      vertex -4.29441 -39.0917 -6.31499
    endloop
  endfacet
  facet normal 0.992479 0.122413 0
    outer loop
      vertex -4.76753 -37.8652 -5.29999
      vertex -4.78555 -37.7191 -6.31499
      vertex -4.78555 -37.7191 -5.29999
    endloop
  endfacet
  facet normal 0.992479 0.122413 0
    outer loop
      vertex -4.78555 -37.7191 -6.31499
      vertex -4.76753 -37.8652 -5.29999
      vertex -4.76753 -37.8652 -6.31499
    endloop
  endfacet
  facet normal 0.615275 -0.788313 0
    outer loop
      vertex -3.70318 -35.106 -6.31499
      vertex -3.5871 -35.0154 -5.29999
      vertex -3.70318 -35.106 -5.29999
    endloop
  endfacet
  facet normal 0.615275 -0.788313 0
    outer loop
      vertex -3.5871 -35.0154 -5.29999
      vertex -3.70318 -35.106 -6.31499
      vertex -3.5871 -35.0154 -6.31499
    endloop
  endfacet
  facet normal 0.0733463 0.997307 -0
    outer loop
      vertex -1.9472 -40.4214 -6.31499
      vertex -2.09405 -40.4106 -5.29999
      vertex -1.9472 -40.4214 -5.29999
    endloop
  endfacet
  facet normal 0.0733463 0.997307 0
    outer loop
      vertex -2.09405 -40.4106 -5.29999
      vertex -1.9472 -40.4214 -6.31499
      vertex -2.09405 -40.4106 -6.31499
    endloop
  endfacet
  facet normal -0.724107 -0.689688 0
    outer loop
      vertex 0.422854 -35.4103 -6.31499
      vertex 0.321321 -35.3037 -5.29999
      vertex 0.321321 -35.3037 -6.31499
    endloop
  endfacet
  facet normal -0.724107 -0.689688 0
    outer loop
      vertex 0.321321 -35.3037 -5.29999
      vertex 0.422854 -35.4103 -6.31499
      vertex 0.422854 -35.4103 -5.29999
    endloop
  endfacet
  facet normal 0.575862 -0.817547 0
    outer loop
      vertex -3.5871 -35.0154 -6.31499
      vertex -3.46671 -34.9306 -5.29999
      vertex -3.5871 -35.0154 -5.29999
    endloop
  endfacet
  facet normal 0.575862 -0.817547 0
    outer loop
      vertex -3.46671 -34.9306 -5.29999
      vertex -3.5871 -35.0154 -6.31499
      vertex -3.46671 -34.9306 -6.31499
    endloop
  endfacet
  facet normal -0.493009 0.870024 0
    outer loop
      vertex -0.257691 -39.9982 -6.31499
      vertex -0.38581 -40.0708 -5.29999
      vertex -0.257691 -39.9982 -5.29999
    endloop
  endfacet
  facet normal -0.493009 0.870024 0
    outer loop
      vertex -0.38581 -40.0708 -5.29999
      vertex -0.257691 -39.9982 -6.31499
      vertex -0.38581 -40.0708 -6.31499
    endloop
  endfacet
  facet normal -0.575871 -0.817541 0
    outer loop
      vertex -0.133289 -34.9306 -6.31499
      vertex -0.0129019 -35.0154 -5.29999
      vertex -0.133289 -34.9306 -5.29999
    endloop
  endfacet
  facet normal -0.575871 -0.817541 -0
    outer loop
      vertex -0.0129019 -35.0154 -5.29999
      vertex -0.133289 -34.9306 -6.31499
      vertex -0.0129019 -35.0154 -6.31499
    endloop
  endfacet
  facet normal 0.359935 -0.932978 0
    outer loop
      vertex -2.94805 -34.6534 -6.31499
      vertex -2.81067 -34.6004 -5.29999
      vertex -2.94805 -34.6534 -5.29999
    endloop
  endfacet
  facet normal 0.359935 -0.932978 0
    outer loop
      vertex -2.81067 -34.6004 -5.29999
      vertex -2.94805 -34.6534 -6.31499
      vertex -2.81067 -34.6004 -6.31499
    endloop
  endfacet
  facet normal 0.0244492 -0.999701 0
    outer loop
      vertex -1.9472 -34.4286 -6.31499
      vertex -1.8 -34.425 -5.29999
      vertex -1.9472 -34.4286 -5.29999
    endloop
  endfacet
  facet normal 0.0244492 -0.999701 0
    outer loop
      vertex -1.8 -34.425 -5.29999
      vertex -1.9472 -34.4286 -6.31499
      vertex -1.8 -34.425 -6.31499
    endloop
  endfacet
  facet normal -0.615269 -0.788317 0
    outer loop
      vertex -0.0129019 -35.0154 -6.31499
      vertex 0.10318 -35.106 -5.29999
      vertex -0.0129019 -35.0154 -5.29999
    endloop
  endfacet
  facet normal -0.615269 -0.788317 -0
    outer loop
      vertex 0.10318 -35.106 -5.29999
      vertex -0.0129019 -35.0154 -6.31499
      vertex 0.10318 -35.106 -6.31499
    endloop
  endfacet
  facet normal 0.0244492 0.999701 -0
    outer loop
      vertex -1.8 -40.425 -6.31499
      vertex -1.9472 -40.4214 -5.29999
      vertex -1.8 -40.425 -5.29999
    endloop
  endfacet
  facet normal 0.0244492 0.999701 0
    outer loop
      vertex -1.9472 -40.4214 -5.29999
      vertex -1.8 -40.425 -6.31499
      vertex -1.9472 -40.4214 -6.31499
    endloop
  endfacet
  facet normal 0.652859 -0.757479 0
    outer loop
      vertex -3.81468 -35.2021 -6.31499
      vertex -3.70318 -35.106 -5.29999
      vertex -3.81468 -35.2021 -5.29999
    endloop
  endfacet
  facet normal 0.652859 -0.757479 0
    outer loop
      vertex -3.70318 -35.106 -5.29999
      vertex -3.81468 -35.2021 -6.31499
      vertex -3.70318 -35.106 -6.31499
    endloop
  endfacet
  facet normal 0.170475 -0.985362 0
    outer loop
      vertex -2.38527 -34.4826 -6.31499
      vertex -2.24019 -34.4575 -5.29999
      vertex -2.38527 -34.4826 -5.29999
    endloop
  endfacet
  facet normal 0.170475 -0.985362 0
    outer loop
      vertex -2.24019 -34.4575 -5.29999
      vertex -2.38527 -34.4826 -6.31499
      vertex -2.24019 -34.4575 -6.31499
    endloop
  endfacet
  facet normal 0.975682 -0.219189 0
    outer loop
      vertex -4.74235 -36.8397 -5.29999
      vertex -4.71009 -36.6961 -6.31499
      vertex -4.71009 -36.6961 -5.29999
    endloop
  endfacet
  facet normal 0.975682 -0.219189 0
    outer loop
      vertex -4.71009 -36.6961 -6.31499
      vertex -4.74235 -36.8397 -5.29999
      vertex -4.74235 -36.8397 -6.31499
    endloop
  endfacet
  facet normal 0.93293 0.360058 0
    outer loop
      vertex -4.57164 -38.573 -5.29999
      vertex -4.62463 -38.4357 -6.31499
      vertex -4.62463 -38.4357 -5.29999
    endloop
  endfacet
  facet normal 0.93293 0.360058 0
    outer loop
      vertex -4.62463 -38.4357 -6.31499
      vertex -4.57164 -38.573 -5.29999
      vertex -4.57164 -38.573 -6.31499
    endloop
  endfacet
  facet normal 0.817602 0.575784 0
    outer loop
      vertex -4.20962 -39.2121 -5.29999
      vertex -4.29441 -39.0917 -6.31499
      vertex -4.29441 -39.0917 -5.29999
    endloop
  endfacet
  facet normal 0.817602 0.575784 0
    outer loop
      vertex -4.29441 -39.0917 -6.31499
      vertex -4.20962 -39.2121 -5.29999
      vertex -4.20962 -39.2121 -6.31499
    endloop
  endfacet
  facet normal -0.844852 0.535 0
    outer loop
      vertex 0.69441 -39.0917 -6.31499
      vertex 0.773186 -38.9673 -5.29999
      vertex 0.773186 -38.9673 -6.31499
    endloop
  endfacet
  facet normal -0.844852 0.535 0
    outer loop
      vertex 0.773186 -38.9673 -5.29999
      vertex 0.69441 -39.0917 -6.31499
      vertex 0.69441 -39.0917 -5.29999
    endloop
  endfacet
  facet normal -0.266882 -0.963729 0
    outer loop
      vertex -1.07106 -34.5149 -6.31499
      vertex -0.929145 -34.5542 -5.29999
      vertex -1.07106 -34.5149 -5.29999
    endloop
  endfacet
  facet normal -0.266882 -0.963729 -0
    outer loop
      vertex -0.929145 -34.5542 -5.29999
      vertex -1.07106 -34.5149 -6.31499
      vertex -0.929145 -34.5542 -6.31499
    endloop
  endfacet
  facet normal -0.615269 0.788317 0
    outer loop
      vertex 0.10318 -39.744 -6.31499
      vertex -0.0129019 -39.8346 -5.29999
      vertex 0.10318 -39.744 -5.29999
    endloop
  endfacet
  facet normal -0.615269 0.788317 0
    outer loop
      vertex -0.0129019 -39.8346 -5.29999
      vertex 0.10318 -39.744 -6.31499
      vertex -0.0129019 -39.8346 -6.31499
    endloop
  endfacet
  facet normal -0.219346 -0.975647 0
    outer loop
      vertex -1.21473 -34.4826 -6.31499
      vertex -1.07106 -34.5149 -5.29999
      vertex -1.21473 -34.4826 -5.29999
    endloop
  endfacet
  facet normal -0.219346 -0.975647 -0
    outer loop
      vertex -1.07106 -34.5149 -5.29999
      vertex -1.21473 -34.4826 -6.31499
      vertex -1.07106 -34.5149 -6.31499
    endloop
  endfacet
  facet normal -0.449589 0.893236 0
    outer loop
      vertex -0.38581 -40.0708 -6.31499
      vertex -0.517335 -40.137 -5.29999
      vertex -0.38581 -40.0708 -5.29999
    endloop
  endfacet
  facet normal -0.449589 0.893236 0
    outer loop
      vertex -0.517335 -40.137 -5.29999
      vertex -0.38581 -40.0708 -6.31499
      vertex -0.517335 -40.137 -6.31499
    endloop
  endfacet
  facet normal 0.817602 -0.575784 0
    outer loop
      vertex -4.29441 -35.7583 -5.29999
      vertex -4.20962 -35.6379 -6.31499
      vertex -4.20962 -35.6379 -5.29999
    endloop
  endfacet
  facet normal 0.817602 -0.575784 0
    outer loop
      vertex -4.20962 -35.6379 -6.31499
      vertex -4.29441 -35.7583 -5.29999
      vertex -4.29441 -35.7583 -6.31499
    endloop
  endfacet
  facet normal 0.219346 0.975647 -0
    outer loop
      vertex -2.38527 -40.3674 -6.31499
      vertex -2.52894 -40.3351 -5.29999
      vertex -2.38527 -40.3674 -5.29999
    endloop
  endfacet
  facet normal 0.219346 0.975647 0
    outer loop
      vertex -2.52894 -40.3351 -5.29999
      vertex -2.38527 -40.3674 -6.31499
      vertex -2.52894 -40.3351 -6.31499
    endloop
  endfacet
  facet normal -0.817611 0.575771 0
    outer loop
      vertex 0.609623 -39.2121 -6.31499
      vertex 0.69441 -39.0917 -5.29999
      vertex 0.69441 -39.0917 -6.31499
    endloop
  endfacet
  facet normal -0.817611 0.575771 0
    outer loop
      vertex 0.69441 -39.0917 -5.29999
      vertex 0.609623 -39.2121 -6.31499
      vertex 0.609623 -39.2121 -5.29999
    endloop
  endfacet
  facet normal -0.122915 0.992417 0
    outer loop
      vertex -1.35981 -40.3925 -6.31499
      vertex -1.50595 -40.4106 -5.29999
      vertex -1.35981 -40.3925 -5.29999
    endloop
  endfacet
  facet normal -0.122915 0.992417 0
    outer loop
      vertex -1.50595 -40.4106 -5.29999
      vertex -1.35981 -40.3925 -6.31499
      vertex -1.50595 -40.4106 -6.31499
    endloop
  endfacet
  facet normal 0.914306 0.405023 0
    outer loop
      vertex -4.51197 -38.7077 -5.29999
      vertex -4.57164 -38.573 -6.31499
      vertex -4.57164 -38.573 -5.29999
    endloop
  endfacet
  facet normal 0.914306 0.405023 0
    outer loop
      vertex -4.57164 -38.573 -6.31499
      vertex -4.51197 -38.7077 -5.29999
      vertex -4.51197 -38.7077 -6.31499
    endloop
  endfacet
  facet normal 0.84484 -0.53502 0
    outer loop
      vertex -4.37319 -35.8827 -5.29999
      vertex -4.29441 -35.7583 -6.31499
      vertex -4.29441 -35.7583 -5.29999
    endloop
  endfacet
  facet normal 0.84484 -0.53502 0
    outer loop
      vertex -4.29441 -35.7583 -6.31499
      vertex -4.37319 -35.8827 -5.29999
      vertex -4.37319 -35.8827 -6.31499
    endloop
  endfacet
  facet normal -0.266882 0.963729 0
    outer loop
      vertex -0.929145 -40.2958 -6.31499
      vertex -1.07106 -40.3351 -5.29999
      vertex -0.929145 -40.2958 -5.29999
    endloop
  endfacet
  facet normal -0.266882 0.963729 0
    outer loop
      vertex -1.07106 -40.3351 -5.29999
      vertex -0.929145 -40.2958 -6.31499
      vertex -1.07106 -40.3351 -6.31499
    endloop
  endfacet
  facet normal 0.615275 0.788313 -0
    outer loop
      vertex -3.5871 -39.8346 -6.31499
      vertex -3.70318 -39.744 -5.29999
      vertex -3.5871 -39.8346 -5.29999
    endloop
  endfacet
  facet normal 0.615275 0.788313 0
    outer loop
      vertex -3.70318 -39.744 -5.29999
      vertex -3.5871 -39.8346 -6.31499
      vertex -3.70318 -39.744 -6.31499
    endloop
  endfacet
  facet normal -0.40484 0.914388 0
    outer loop
      vertex -0.517335 -40.137 -6.31499
      vertex -0.65195 -40.1966 -5.29999
      vertex -0.517335 -40.137 -5.29999
    endloop
  endfacet
  facet normal -0.40484 0.914388 0
    outer loop
      vertex -0.65195 -40.1966 -5.29999
      vertex -0.517335 -40.137 -6.31499
      vertex -0.65195 -40.1966 -6.31499
    endloop
  endfacet
  facet normal 0.893174 0.449711 0
    outer loop
      vertex -4.44576 -38.8392 -5.29999
      vertex -4.51197 -38.7077 -6.31499
      vertex -4.51197 -38.7077 -5.29999
    endloop
  endfacet
  facet normal 0.893174 0.449711 0
    outer loop
      vertex -4.51197 -38.7077 -6.31499
      vertex -4.44576 -38.8392 -5.29999
      vertex -4.44576 -38.8392 -6.31499
    endloop
  endfacet
  facet normal -0.313751 -0.949505 0
    outer loop
      vertex -0.929145 -34.5542 -6.31499
      vertex -0.78933 -34.6004 -5.29999
      vertex -0.929145 -34.5542 -5.29999
    endloop
  endfacet
  facet normal -0.313751 -0.949505 -0
    outer loop
      vertex -0.78933 -34.6004 -5.29999
      vertex -0.929145 -34.5542 -6.31499
      vertex -0.78933 -34.6004 -6.31499
    endloop
  endfacet
  facet normal -0.757217 -0.653163 0
    outer loop
      vertex 0.519032 -35.5218 -6.31499
      vertex 0.422854 -35.4103 -5.29999
      vertex 0.422854 -35.4103 -6.31499
    endloop
  endfacet
  facet normal -0.757217 -0.653163 0
    outer loop
      vertex 0.422854 -35.4103 -5.29999
      vertex 0.519032 -35.5218 -6.31499
      vertex 0.519032 -35.5218 -5.29999
    endloop
  endfacet
  facet normal 0.449575 -0.893242 0
    outer loop
      vertex -3.21419 -34.7792 -6.31499
      vertex -3.08266 -34.713 -5.29999
      vertex -3.21419 -34.7792 -5.29999
    endloop
  endfacet
  facet normal 0.449575 -0.893242 0
    outer loop
      vertex -3.08266 -34.713 -5.29999
      vertex -3.21419 -34.7792 -6.31499
      vertex -3.08266 -34.713 -6.31499
    endloop
  endfacet
  facet normal -0.0733463 -0.997307 0
    outer loop
      vertex -1.6528 -34.4286 -6.31499
      vertex -1.50595 -34.4394 -5.29999
      vertex -1.6528 -34.4286 -5.29999
    endloop
  endfacet
  facet normal -0.0733463 -0.997307 -0
    outer loop
      vertex -1.50595 -34.4394 -5.29999
      vertex -1.6528 -34.4286 -6.31499
      vertex -1.50595 -34.4394 -6.31499
    endloop
  endfacet
  facet normal -0.535111 -0.844782 0
    outer loop
      vertex -0.257691 -34.8518 -6.31499
      vertex -0.133289 -34.9306 -5.29999
      vertex -0.257691 -34.8518 -5.29999
    endloop
  endfacet
  facet normal -0.535111 -0.844782 -0
    outer loop
      vertex -0.133289 -34.9306 -5.29999
      vertex -0.257691 -34.8518 -6.31499
      vertex -0.133289 -34.9306 -6.31499
    endloop
  endfacet
  facet normal 0.313741 0.949509 -0
    outer loop
      vertex -2.67085 -40.2958 -6.31499
      vertex -2.81067 -40.2496 -5.29999
      vertex -2.67085 -40.2958 -5.29999
    endloop
  endfacet
  facet normal 0.313741 0.949509 0
    outer loop
      vertex -2.81067 -40.2496 -5.29999
      vertex -2.67085 -40.2958 -6.31499
      vertex -2.81067 -40.2496 -6.31499
    endloop
  endfacet
  facet normal 0.997288 -0.0735916 0
    outer loop
      vertex -4.79639 -37.2778 -5.29999
      vertex -4.78555 -37.1309 -6.31499
      vertex -4.78555 -37.1309 -5.29999
    endloop
  endfacet
  facet normal 0.997288 -0.0735916 0
    outer loop
      vertex -4.78555 -37.1309 -6.31499
      vertex -4.79639 -37.2778 -5.29999
      vertex -4.79639 -37.2778 -6.31499
    endloop
  endfacet
  facet normal 0.985274 -0.17098 0
    outer loop
      vertex -4.76753 -36.9848 -5.29999
      vertex -4.74235 -36.8397 -6.31499
      vertex -4.74235 -36.8397 -5.29999
    endloop
  endfacet
  facet normal 0.985274 -0.17098 0
    outer loop
      vertex -4.74235 -36.8397 -6.31499
      vertex -4.76753 -36.9848 -5.29999
      vertex -4.76753 -36.9848 -6.31499
    endloop
  endfacet
  facet normal -0.313751 0.949505 0
    outer loop
      vertex -0.78933 -40.2496 -6.31499
      vertex -0.929145 -40.2958 -5.29999
      vertex -0.78933 -40.2496 -5.29999
    endloop
  endfacet
  facet normal -0.313751 0.949505 0
    outer loop
      vertex -0.929145 -40.2958 -5.29999
      vertex -0.78933 -40.2496 -6.31499
      vertex -0.929145 -40.2958 -6.31499
    endloop
  endfacet
  facet normal 0.266891 -0.963727 0
    outer loop
      vertex -2.67085 -34.5542 -6.31499
      vertex -2.52894 -34.5149 -5.29999
      vertex -2.67085 -34.5542 -5.29999
    endloop
  endfacet
  facet normal 0.266891 -0.963727 0
    outer loop
      vertex -2.52894 -34.5149 -5.29999
      vertex -2.67085 -34.5542 -6.31499
      vertex -2.52894 -34.5149 -6.31499
    endloop
  endfacet
  facet normal 0.788397 0.615167 0
    outer loop
      vertex -4.11903 -39.3282 -5.29999
      vertex -4.20962 -39.2121 -6.31499
      vertex -4.20962 -39.2121 -5.29999
    endloop
  endfacet
  facet normal 0.788397 0.615167 0
    outer loop
      vertex -4.20962 -39.2121 -6.31499
      vertex -4.11903 -39.3282 -5.29999
      vertex -4.11903 -39.3282 -6.31499
    endloop
  endfacet
  facet normal -0.788394 -0.615171 0
    outer loop
      vertex 0.609623 -35.6379 -6.31499
      vertex 0.519032 -35.5218 -5.29999
      vertex 0.519032 -35.5218 -6.31499
    endloop
  endfacet
  facet normal -0.788394 -0.615171 0
    outer loop
      vertex 0.519032 -35.5218 -5.29999
      vertex 0.609623 -35.6379 -6.31499
      vertex 0.609623 -35.6379 -5.29999
    endloop
  endfacet
  facet normal 0.963823 0.266544 0
    outer loop
      vertex -4.67082 -38.2959 -5.29999
      vertex -4.71009 -38.1539 -6.31499
      vertex -4.71009 -38.1539 -5.29999
    endloop
  endfacet
  facet normal 0.963823 0.266544 0
    outer loop
      vertex -4.71009 -38.1539 -6.31499
      vertex -4.67082 -38.2959 -5.29999
      vertex -4.67082 -38.2959 -6.31499
    endloop
  endfacet
  facet normal 0.449575 0.893242 -0
    outer loop
      vertex -3.08266 -40.137 -6.31499
      vertex -3.21419 -40.0708 -5.29999
      vertex -3.08266 -40.137 -5.29999
    endloop
  endfacet
  facet normal 0.449575 0.893242 0
    outer loop
      vertex -3.21419 -40.0708 -5.29999
      vertex -3.08266 -40.137 -6.31499
      vertex -3.21419 -40.0708 -6.31499
    endloop
  endfacet
  facet normal 0.87008 -0.49291 0
    outer loop
      vertex -4.44576 -36.0108 -5.29999
      vertex -4.37319 -35.8827 -6.31499
      vertex -4.37319 -35.8827 -5.29999
    endloop
  endfacet
  facet normal 0.87008 -0.49291 0
    outer loop
      vertex -4.37319 -35.8827 -6.31499
      vertex -4.44576 -36.0108 -5.29999
      vertex -4.44576 -36.0108 -6.31499
    endloop
  endfacet
  facet normal 0.404852 -0.914382 0
    outer loop
      vertex -3.08266 -34.713 -6.31499
      vertex -2.94805 -34.6534 -5.29999
      vertex -3.08266 -34.713 -5.29999
    endloop
  endfacet
  facet normal 0.404852 -0.914382 0
    outer loop
      vertex -2.94805 -34.6534 -5.29999
      vertex -3.08266 -34.713 -6.31499
      vertex -2.94805 -34.6534 -6.31499
    endloop
  endfacet
  facet normal 0.575862 0.817547 -0
    outer loop
      vertex -3.46671 -39.9194 -6.31499
      vertex -3.5871 -39.8346 -5.29999
      vertex -3.46671 -39.9194 -5.29999
    endloop
  endfacet
  facet normal 0.575862 0.817547 0
    outer loop
      vertex -3.5871 -39.8346 -5.29999
      vertex -3.46671 -39.9194 -6.31499
      vertex -3.5871 -39.8346 -6.31499
    endloop
  endfacet
  facet normal 0.535117 0.844778 -0
    outer loop
      vertex -3.34231 -39.9982 -6.31499
      vertex -3.46671 -39.9194 -5.29999
      vertex -3.34231 -39.9982 -5.29999
    endloop
  endfacet
  facet normal 0.535117 0.844778 0
    outer loop
      vertex -3.46671 -39.9194 -5.29999
      vertex -3.34231 -39.9982 -6.31499
      vertex -3.46671 -39.9194 -6.31499
    endloop
  endfacet
  facet normal 0.313741 -0.949509 0
    outer loop
      vertex 2.38933 -34.6004 -6.31499
      vertex 2.52915 -34.5542 -5.29999
      vertex 2.38933 -34.6004 -5.29999
    endloop
  endfacet
  facet normal 0.313741 -0.949509 0
    outer loop
      vertex 2.52915 -34.5542 -5.29999
      vertex 2.38933 -34.6004 -6.31499
      vertex 2.52915 -34.5542 -6.31499
    endloop
  endfacet
  facet normal 0.122915 0.992417 -0
    outer loop
      vertex 3.10595 -40.4106 -6.31499
      vertex 2.95981 -40.3925 -5.29999
      vertex 3.10595 -40.4106 -5.29999
    endloop
  endfacet
  facet normal 0.122915 0.992417 0
    outer loop
      vertex 2.95981 -40.3925 -5.29999
      vertex 3.10595 -40.4106 -6.31499
      vertex 2.95981 -40.3925 -6.31499
    endloop
  endfacet
  facet normal 0.0733463 -0.997307 0
    outer loop
      vertex 3.10595 -34.4394 -6.31499
      vertex 3.2528 -34.4286 -5.29999
      vertex 3.10595 -34.4394 -5.29999
    endloop
  endfacet
  facet normal 0.0733463 -0.997307 0
    outer loop
      vertex 3.2528 -34.4286 -5.29999
      vertex 3.10595 -34.4394 -6.31499
      vertex 3.2528 -34.4286 -6.31499
    endloop
  endfacet
  facet normal -0.0733463 0.997307 0
    outer loop
      vertex 3.69405 -40.4106 -6.31499
      vertex 3.5472 -40.4214 -5.29999
      vertex 3.69405 -40.4106 -5.29999
    endloop
  endfacet
  facet normal -0.0733463 0.997307 0
    outer loop
      vertex 3.5472 -40.4214 -5.29999
      vertex 3.69405 -40.4106 -6.31499
      vertex 3.5472 -40.4214 -6.31499
    endloop
  endfacet
  facet normal -0.359935 -0.932978 0
    outer loop
      vertex 4.41067 -34.6004 -6.31499
      vertex 4.54805 -34.6534 -5.29999
      vertex 4.41067 -34.6004 -5.29999
    endloop
  endfacet
  facet normal -0.359935 -0.932978 -0
    outer loop
      vertex 4.54805 -34.6534 -5.29999
      vertex 4.41067 -34.6004 -6.31499
      vertex 4.54805 -34.6534 -6.31499
    endloop
  endfacet
  facet normal 0.266891 0.963727 -0
    outer loop
      vertex 2.67106 -40.3351 -6.31499
      vertex 2.52915 -40.2958 -5.29999
      vertex 2.67106 -40.3351 -5.29999
    endloop
  endfacet
  facet normal 0.266891 0.963727 0
    outer loop
      vertex 2.52915 -40.2958 -5.29999
      vertex 2.67106 -40.3351 -6.31499
      vertex 2.52915 -40.2958 -6.31499
    endloop
  endfacet
  facet normal -0.535117 0.844778 0
    outer loop
      vertex 5.06671 -39.9194 -6.31499
      vertex 4.94231 -39.9982 -5.29999
      vertex 5.06671 -39.9194 -5.29999
    endloop
  endfacet
  facet normal -0.535117 0.844778 0
    outer loop
      vertex 4.94231 -39.9982 -5.29999
      vertex 5.06671 -39.9194 -6.31499
      vertex 4.94231 -39.9982 -6.31499
    endloop
  endfacet
  facet normal -0.449603 -0.893229 0
    outer loop
      vertex 4.68267 -34.713 -6.31499
      vertex 4.81419 -34.7792 -5.29999
      vertex 4.68267 -34.713 -5.29999
    endloop
  endfacet
  facet normal -0.449603 -0.893229 -0
    outer loop
      vertex 4.81419 -34.7792 -5.29999
      vertex 4.68267 -34.713 -6.31499
      vertex 4.81419 -34.7792 -6.31499
    endloop
  endfacet
  facet normal 0.535117 -0.844778 0
    outer loop
      vertex 1.73329 -34.9306 -6.31499
      vertex 1.85769 -34.8518 -5.29999
      vertex 1.73329 -34.9306 -5.29999
    endloop
  endfacet
  facet normal 0.535117 -0.844778 0
    outer loop
      vertex 1.85769 -34.8518 -5.29999
      vertex 1.73329 -34.9306 -6.31499
      vertex 1.85769 -34.8518 -6.31499
    endloop
  endfacet
  facet normal -0.493006 -0.870026 0
    outer loop
      vertex 4.81419 -34.7792 -6.31499
      vertex 4.94231 -34.8518 -5.29999
      vertex 4.81419 -34.7792 -5.29999
    endloop
  endfacet
  facet normal -0.493006 -0.870026 -0
    outer loop
      vertex 4.94231 -34.8518 -5.29999
      vertex 4.81419 -34.7792 -6.31499
      vertex 4.94231 -34.8518 -6.31499
    endloop
  endfacet
  facet normal -0.0244492 -0.999701 0
    outer loop
      vertex 3.4 -34.425 -6.31499
      vertex 3.5472 -34.4286 -5.29999
      vertex 3.4 -34.425 -5.29999
    endloop
  endfacet
  facet normal -0.0244492 -0.999701 -0
    outer loop
      vertex 3.5472 -34.4286 -5.29999
      vertex 3.4 -34.425 -6.31499
      vertex 3.5472 -34.4286 -6.31499
    endloop
  endfacet
  facet normal 0.122915 -0.992417 0
    outer loop
      vertex 2.95981 -34.4575 -6.31499
      vertex 3.10595 -34.4394 -5.29999
      vertex 2.95981 -34.4575 -5.29999
    endloop
  endfacet
  facet normal 0.122915 -0.992417 0
    outer loop
      vertex 3.10595 -34.4394 -5.29999
      vertex 2.95981 -34.4575 -6.31499
      vertex 3.10595 -34.4394 -6.31499
    endloop
  endfacet
  facet normal -0.170475 -0.985362 0
    outer loop
      vertex 3.84019 -34.4575 -6.31499
      vertex 3.98527 -34.4826 -5.29999
      vertex 3.84019 -34.4575 -5.29999
    endloop
  endfacet
  facet normal -0.170475 -0.985362 -0
    outer loop
      vertex 3.98527 -34.4826 -5.29999
      vertex 3.84019 -34.4575 -6.31499
      vertex 3.98527 -34.4826 -6.31499
    endloop
  endfacet
  facet normal -0.788397 0.615167 0
    outer loop
      vertex 5.71903 -39.3282 -6.31499
      vertex 5.80962 -39.2121 -5.29999
      vertex 5.80962 -39.2121 -6.31499
    endloop
  endfacet
  facet normal -0.788397 0.615167 0
    outer loop
      vertex 5.80962 -39.2121 -5.29999
      vertex 5.71903 -39.3282 -6.31499
      vertex 5.71903 -39.3282 -5.29999
    endloop
  endfacet
  facet normal -0.652859 0.757479 0
    outer loop
      vertex 5.41468 -39.6479 -6.31499
      vertex 5.30318 -39.744 -5.29999
      vertex 5.41468 -39.6479 -5.29999
    endloop
  endfacet
  facet normal -0.652859 0.757479 0
    outer loop
      vertex 5.30318 -39.744 -5.29999
      vertex 5.41468 -39.6479 -6.31499
      vertex 5.30318 -39.744 -6.31499
    endloop
  endfacet
  facet normal 0.689791 -0.724009 0
    outer loop
      vertex 1.27868 -35.3037 -6.31499
      vertex 1.38532 -35.2021 -5.29999
      vertex 1.27868 -35.3037 -5.29999
    endloop
  endfacet
  facet normal 0.689791 -0.724009 0
    outer loop
      vertex 1.38532 -35.2021 -5.29999
      vertex 1.27868 -35.3037 -6.31499
      vertex 1.38532 -35.2021 -6.31499
    endloop
  endfacet
  facet normal 0.757211 -0.653171 0
    outer loop
      vertex 1.08097 -35.5218 -5.29999
      vertex 1.17715 -35.4103 -6.31499
      vertex 1.17715 -35.4103 -5.29999
    endloop
  endfacet
  facet normal 0.757211 -0.653171 0
    outer loop
      vertex 1.17715 -35.4103 -6.31499
      vertex 1.08097 -35.5218 -5.29999
      vertex 1.08097 -35.5218 -6.31499
    endloop
  endfacet
  facet normal -0.652859 -0.757479 0
    outer loop
      vertex 5.30318 -35.106 -6.31499
      vertex 5.41468 -35.2021 -5.29999
      vertex 5.30318 -35.106 -5.29999
    endloop
  endfacet
  facet normal -0.652859 -0.757479 -0
    outer loop
      vertex 5.41468 -35.2021 -5.29999
      vertex 5.30318 -35.106 -6.31499
      vertex 5.41468 -35.2021 -6.31499
    endloop
  endfacet
  facet normal -0.170475 0.985362 0
    outer loop
      vertex 3.98527 -40.3674 -6.31499
      vertex 3.84019 -40.3925 -5.29999
      vertex 3.98527 -40.3674 -5.29999
    endloop
  endfacet
  facet normal -0.170475 0.985362 0
    outer loop
      vertex 3.84019 -40.3925 -5.29999
      vertex 3.98527 -40.3674 -6.31499
      vertex 3.84019 -40.3925 -6.31499
    endloop
  endfacet
  facet normal -0.689791 0.724009 0
    outer loop
      vertex 5.52132 -39.5463 -6.31499
      vertex 5.41468 -39.6479 -5.29999
      vertex 5.52132 -39.5463 -5.29999
    endloop
  endfacet
  facet normal -0.689791 0.724009 0
    outer loop
      vertex 5.41468 -39.6479 -5.29999
      vertex 5.52132 -39.5463 -6.31499
      vertex 5.41468 -39.6479 -6.31499
    endloop
  endfacet
  facet normal -0.0244492 0.999701 0
    outer loop
      vertex 3.5472 -40.4214 -6.31499
      vertex 3.4 -40.425 -5.29999
      vertex 3.5472 -40.4214 -5.29999
    endloop
  endfacet
  facet normal -0.0244492 0.999701 0
    outer loop
      vertex 3.4 -40.425 -5.29999
      vertex 3.5472 -40.4214 -6.31499
      vertex 3.4 -40.425 -6.31499
    endloop
  endfacet
  facet normal -0.817602 -0.575784 0
    outer loop
      vertex 5.89441 -35.7583 -6.31499
      vertex 5.80962 -35.6379 -5.29999
      vertex 5.80962 -35.6379 -6.31499
    endloop
  endfacet
  facet normal -0.817602 -0.575784 0
    outer loop
      vertex 5.80962 -35.6379 -5.29999
      vertex 5.89441 -35.7583 -6.31499
      vertex 5.89441 -35.7583 -5.29999
    endloop
  endfacet
  facet normal 0.869938 0.493161 0
    outer loop
      vertex 0.826815 -38.9673 -5.29999
      vertex 0.800001 -38.92 -6.31499
      vertex 0.800001 -38.92 -5.29999
    endloop
  endfacet
  facet normal 0.869938 0.493161 0
    outer loop
      vertex 0.800001 -38.92 -6.31499
      vertex 0.826815 -38.9673 -5.29999
      vertex 0.826815 -38.9673 -6.31499
    endloop
  endfacet
  facet normal -0.122915 -0.992417 0
    outer loop
      vertex 3.69405 -34.4394 -6.31499
      vertex 3.84019 -34.4575 -5.29999
      vertex 3.69405 -34.4394 -5.29999
    endloop
  endfacet
  facet normal -0.122915 -0.992417 -0
    outer loop
      vertex 3.84019 -34.4575 -5.29999
      vertex 3.69405 -34.4394 -6.31499
      vertex 3.84019 -34.4575 -6.31499
    endloop
  endfacet
  facet normal -0.689791 -0.724009 0
    outer loop
      vertex 5.41468 -35.2021 -6.31499
      vertex 5.52132 -35.3037 -5.29999
      vertex 5.41468 -35.2021 -5.29999
    endloop
  endfacet
  facet normal -0.689791 -0.724009 -0
    outer loop
      vertex 5.52132 -35.3037 -5.29999
      vertex 5.41468 -35.2021 -6.31499
      vertex 5.52132 -35.3037 -6.31499
    endloop
  endfacet
  facet normal 0.359935 0.932978 -0
    outer loop
      vertex 2.38933 -40.2496 -6.31499
      vertex 2.25195 -40.1966 -5.29999
      vertex 2.38933 -40.2496 -5.29999
    endloop
  endfacet
  facet normal 0.359935 0.932978 0
    outer loop
      vertex 2.25195 -40.1966 -5.29999
      vertex 2.38933 -40.2496 -6.31499
      vertex 2.25195 -40.1966 -6.31499
    endloop
  endfacet
  facet normal 0.493006 -0.870026 0
    outer loop
      vertex 1.85769 -34.8518 -6.31499
      vertex 1.98581 -34.7792 -5.29999
      vertex 1.85769 -34.8518 -5.29999
    endloop
  endfacet
  facet normal 0.493006 -0.870026 0
    outer loop
      vertex 1.98581 -34.7792 -5.29999
      vertex 1.85769 -34.8518 -6.31499
      vertex 1.98581 -34.7792 -6.31499
    endloop
  endfacet
  facet normal -0.575862 0.817547 0
    outer loop
      vertex 5.1871 -39.8346 -6.31499
      vertex 5.06671 -39.9194 -5.29999
      vertex 5.1871 -39.8346 -5.29999
    endloop
  endfacet
  facet normal -0.575862 0.817547 0
    outer loop
      vertex 5.06671 -39.9194 -5.29999
      vertex 5.1871 -39.8346 -6.31499
      vertex 5.06671 -39.9194 -6.31499
    endloop
  endfacet
  facet normal 0.757211 0.653171 0
    outer loop
      vertex 1.17715 -39.4397 -5.29999
      vertex 1.08097 -39.3282 -6.31499
      vertex 1.08097 -39.3282 -5.29999
    endloop
  endfacet
  facet normal 0.757211 0.653171 0
    outer loop
      vertex 1.08097 -39.3282 -6.31499
      vertex 1.17715 -39.4397 -5.29999
      vertex 1.17715 -39.4397 -6.31499
    endloop
  endfacet
  facet normal 0.652859 0.757479 -0
    outer loop
      vertex 1.49682 -39.744 -6.31499
      vertex 1.38532 -39.6479 -5.29999
      vertex 1.49682 -39.744 -5.29999
    endloop
  endfacet
  facet normal 0.652859 0.757479 0
    outer loop
      vertex 1.38532 -39.6479 -5.29999
      vertex 1.49682 -39.744 -6.31499
      vertex 1.38532 -39.6479 -6.31499
    endloop
  endfacet
  facet normal 0.78839 -0.615175 0
    outer loop
      vertex 0.990378 -35.6379 -5.29999
      vertex 1.08097 -35.5218 -6.31499
      vertex 1.08097 -35.5218 -5.29999
    endloop
  endfacet
  facet normal 0.78839 -0.615175 0
    outer loop
      vertex 1.08097 -35.5218 -6.31499
      vertex 0.990378 -35.6379 -5.29999
      vertex 0.990378 -35.6379 -6.31499
    endloop
  endfacet
  facet normal 0.219346 -0.975647 0
    outer loop
      vertex 2.67106 -34.5149 -6.31499
      vertex 2.81473 -34.4826 -5.29999
      vertex 2.67106 -34.5149 -5.29999
    endloop
  endfacet
  facet normal 0.219346 -0.975647 0
    outer loop
      vertex 2.81473 -34.4826 -5.29999
      vertex 2.67106 -34.5149 -6.31499
      vertex 2.81473 -34.4826 -6.31499
    endloop
  endfacet
  facet normal 0.724117 0.689677 0
    outer loop
      vertex 1.27868 -39.5463 -5.29999
      vertex 1.17715 -39.4397 -6.31499
      vertex 1.17715 -39.4397 -5.29999
    endloop
  endfacet
  facet normal 0.724117 0.689677 0
    outer loop
      vertex 1.17715 -39.4397 -6.31499
      vertex 1.27868 -39.5463 -5.29999
      vertex 1.27868 -39.5463 -6.31499
    endloop
  endfacet
  facet normal -0.86997 -0.493105 0
    outer loop
      vertex 6 -35.93 -6.31499
      vertex 5.97319 -35.8827 -5.29999
      vertex 5.97319 -35.8827 -6.31499
    endloop
  endfacet
  facet normal -0.86997 -0.493105 0
    outer loop
      vertex 5.97319 -35.8827 -5.29999
      vertex 6 -35.93 -6.31499
      vertex 6 -35.93 -5.29999
    endloop
  endfacet
  facet normal 0.724117 -0.689677 0
    outer loop
      vertex 1.17715 -35.4103 -5.29999
      vertex 1.27868 -35.3037 -6.31499
      vertex 1.27868 -35.3037 -5.29999
    endloop
  endfacet
  facet normal 0.724117 -0.689677 0
    outer loop
      vertex 1.27868 -35.3037 -6.31499
      vertex 1.17715 -35.4103 -5.29999
      vertex 1.17715 -35.4103 -6.31499
    endloop
  endfacet
  facet normal -0.724117 0.689677 0
    outer loop
      vertex 5.52132 -39.5463 -6.31499
      vertex 5.62285 -39.4397 -5.29999
      vertex 5.62285 -39.4397 -6.31499
    endloop
  endfacet
  facet normal -0.724117 0.689677 0
    outer loop
      vertex 5.62285 -39.4397 -5.29999
      vertex 5.52132 -39.5463 -6.31499
      vertex 5.52132 -39.5463 -5.29999
    endloop
  endfacet
  facet normal -0.84484 -0.53502 0
    outer loop
      vertex 5.97319 -35.8827 -6.31499
      vertex 5.89441 -35.7583 -5.29999
      vertex 5.89441 -35.7583 -6.31499
    endloop
  endfacet
  facet normal -0.84484 -0.53502 0
    outer loop
      vertex 5.89441 -35.7583 -5.29999
      vertex 5.97319 -35.8827 -6.31499
      vertex 5.97319 -35.8827 -5.29999
    endloop
  endfacet
  facet normal 0.404827 0.914393 -0
    outer loop
      vertex 2.25195 -40.1966 -6.31499
      vertex 2.11733 -40.137 -5.29999
      vertex 2.25195 -40.1966 -5.29999
    endloop
  endfacet
  facet normal 0.404827 0.914393 0
    outer loop
      vertex 2.11733 -40.137 -5.29999
      vertex 2.25195 -40.1966 -6.31499
      vertex 2.11733 -40.137 -6.31499
    endloop
  endfacet
  facet normal -0.404827 -0.914393 0
    outer loop
      vertex 4.54805 -34.6534 -6.31499
      vertex 4.68267 -34.713 -5.29999
      vertex 4.54805 -34.6534 -5.29999
    endloop
  endfacet
  facet normal -0.404827 -0.914393 -0
    outer loop
      vertex 4.68267 -34.713 -5.29999
      vertex 4.54805 -34.6534 -6.31499
      vertex 4.68267 -34.713 -6.31499
    endloop
  endfacet
  facet normal -0.219346 0.975647 0
    outer loop
      vertex 4.12894 -40.3351 -6.31499
      vertex 3.98527 -40.3674 -5.29999
      vertex 4.12894 -40.3351 -5.29999
    endloop
  endfacet
  facet normal -0.219346 0.975647 0
    outer loop
      vertex 3.98527 -40.3674 -5.29999
      vertex 4.12894 -40.3351 -6.31499
      vertex 3.98527 -40.3674 -6.31499
    endloop
  endfacet
  facet normal 0.689791 0.724009 -0
    outer loop
      vertex 1.38532 -39.6479 -6.31499
      vertex 1.27868 -39.5463 -5.29999
      vertex 1.38532 -39.6479 -5.29999
    endloop
  endfacet
  facet normal 0.689791 0.724009 0
    outer loop
      vertex 1.27868 -39.5463 -5.29999
      vertex 1.38532 -39.6479 -6.31499
      vertex 1.27868 -39.5463 -6.31499
    endloop
  endfacet
  facet normal -0.86997 0.493105 0
    outer loop
      vertex 5.97319 -38.9673 -6.31499
      vertex 6 -38.92 -5.29999
      vertex 6 -38.92 -6.31499
    endloop
  endfacet
  facet normal -0.86997 0.493105 0
    outer loop
      vertex 6 -38.92 -5.29999
      vertex 5.97319 -38.9673 -6.31499
      vertex 5.97319 -38.9673 -5.29999
    endloop
  endfacet
  facet normal 0.493006 0.870026 -0
    outer loop
      vertex 1.98581 -40.0708 -6.31499
      vertex 1.85769 -39.9982 -5.29999
      vertex 1.98581 -40.0708 -5.29999
    endloop
  endfacet
  facet normal 0.493006 0.870026 0
    outer loop
      vertex 1.85769 -39.9982 -5.29999
      vertex 1.98581 -40.0708 -6.31499
      vertex 1.85769 -39.9982 -6.31499
    endloop
  endfacet
  facet normal -0.757211 0.653171 0
    outer loop
      vertex 5.62285 -39.4397 -6.31499
      vertex 5.71903 -39.3282 -5.29999
      vertex 5.71903 -39.3282 -6.31499
    endloop
  endfacet
  facet normal -0.757211 0.653171 0
    outer loop
      vertex 5.71903 -39.3282 -5.29999
      vertex 5.62285 -39.4397 -6.31499
      vertex 5.62285 -39.4397 -5.29999
    endloop
  endfacet
  facet normal -0.359935 0.932978 0
    outer loop
      vertex 4.54805 -40.1966 -6.31499
      vertex 4.41067 -40.2496 -5.29999
      vertex 4.54805 -40.1966 -5.29999
    endloop
  endfacet
  facet normal -0.359935 0.932978 0
    outer loop
      vertex 4.41067 -40.2496 -5.29999
      vertex 4.54805 -40.1966 -6.31499
      vertex 4.41067 -40.2496 -6.31499
    endloop
  endfacet
  facet normal 0.844852 0.535 0
    outer loop
      vertex 0.905591 -39.0917 -5.29999
      vertex 0.826815 -38.9673 -6.31499
      vertex 0.826815 -38.9673 -5.29999
    endloop
  endfacet
  facet normal 0.844852 0.535 0
    outer loop
      vertex 0.826815 -38.9673 -6.31499
      vertex 0.905591 -39.0917 -5.29999
      vertex 0.905591 -39.0917 -6.31499
    endloop
  endfacet
  facet normal 0.615275 -0.788313 0
    outer loop
      vertex 1.49682 -35.106 -6.31499
      vertex 1.6129 -35.0154 -5.29999
      vertex 1.49682 -35.106 -5.29999
    endloop
  endfacet
  facet normal 0.615275 -0.788313 0
    outer loop
      vertex 1.6129 -35.0154 -5.29999
      vertex 1.49682 -35.106 -6.31499
      vertex 1.6129 -35.0154 -6.31499
    endloop
  endfacet
  facet normal 0.0733463 0.997307 -0
    outer loop
      vertex 3.2528 -40.4214 -6.31499
      vertex 3.10595 -40.4106 -5.29999
      vertex 3.2528 -40.4214 -5.29999
    endloop
  endfacet
  facet normal 0.0733463 0.997307 0
    outer loop
      vertex 3.10595 -40.4106 -5.29999
      vertex 3.2528 -40.4214 -6.31499
      vertex 3.10595 -40.4106 -6.31499
    endloop
  endfacet
  facet normal -0.724117 -0.689677 0
    outer loop
      vertex 5.62285 -35.4103 -6.31499
      vertex 5.52132 -35.3037 -5.29999
      vertex 5.52132 -35.3037 -6.31499
    endloop
  endfacet
  facet normal -0.724117 -0.689677 0
    outer loop
      vertex 5.52132 -35.3037 -5.29999
      vertex 5.62285 -35.4103 -6.31499
      vertex 5.62285 -35.4103 -5.29999
    endloop
  endfacet
  facet normal 0.575862 -0.817547 0
    outer loop
      vertex 1.6129 -35.0154 -6.31499
      vertex 1.73329 -34.9306 -5.29999
      vertex 1.6129 -35.0154 -5.29999
    endloop
  endfacet
  facet normal 0.575862 -0.817547 0
    outer loop
      vertex 1.73329 -34.9306 -5.29999
      vertex 1.6129 -35.0154 -6.31499
      vertex 1.73329 -34.9306 -6.31499
    endloop
  endfacet
  facet normal -0.493006 0.870026 0
    outer loop
      vertex 4.94231 -39.9982 -6.31499
      vertex 4.81419 -40.0708 -5.29999
      vertex 4.94231 -39.9982 -5.29999
    endloop
  endfacet
  facet normal -0.493006 0.870026 0
    outer loop
      vertex 4.81419 -40.0708 -5.29999
      vertex 4.94231 -39.9982 -6.31499
      vertex 4.81419 -40.0708 -6.31499
    endloop
  endfacet
  facet normal -0.575862 -0.817547 0
    outer loop
      vertex 5.06671 -34.9306 -6.31499
      vertex 5.1871 -35.0154 -5.29999
      vertex 5.06671 -34.9306 -5.29999
    endloop
  endfacet
  facet normal -0.575862 -0.817547 -0
    outer loop
      vertex 5.1871 -35.0154 -5.29999
      vertex 5.06671 -34.9306 -6.31499
      vertex 5.1871 -35.0154 -6.31499
    endloop
  endfacet
  facet normal 0.359935 -0.932978 0
    outer loop
      vertex 2.25195 -34.6534 -6.31499
      vertex 2.38933 -34.6004 -5.29999
      vertex 2.25195 -34.6534 -5.29999
    endloop
  endfacet
  facet normal 0.359935 -0.932978 0
    outer loop
      vertex 2.38933 -34.6004 -5.29999
      vertex 2.25195 -34.6534 -6.31499
      vertex 2.38933 -34.6004 -6.31499
    endloop
  endfacet
  facet normal 0.0244492 -0.999701 0
    outer loop
      vertex 3.2528 -34.4286 -6.31499
      vertex 3.4 -34.425 -5.29999
      vertex 3.2528 -34.4286 -5.29999
    endloop
  endfacet
  facet normal 0.0244492 -0.999701 0
    outer loop
      vertex 3.4 -34.425 -5.29999
      vertex 3.2528 -34.4286 -6.31499
      vertex 3.4 -34.425 -6.31499
    endloop
  endfacet
  facet normal -0.615275 -0.788313 0
    outer loop
      vertex 5.1871 -35.0154 -6.31499
      vertex 5.30318 -35.106 -5.29999
      vertex 5.1871 -35.0154 -5.29999
    endloop
  endfacet
  facet normal -0.615275 -0.788313 -0
    outer loop
      vertex 5.30318 -35.106 -5.29999
      vertex 5.1871 -35.0154 -6.31499
      vertex 5.30318 -35.106 -6.31499
    endloop
  endfacet
  facet normal 0.0244492 0.999701 -0
    outer loop
      vertex 3.4 -40.425 -6.31499
      vertex 3.2528 -40.4214 -5.29999
      vertex 3.4 -40.425 -5.29999
    endloop
  endfacet
  facet normal 0.0244492 0.999701 0
    outer loop
      vertex 3.2528 -40.4214 -5.29999
      vertex 3.4 -40.425 -6.31499
      vertex 3.2528 -40.4214 -6.31499
    endloop
  endfacet
  facet normal 0.652859 -0.757479 0
    outer loop
      vertex 1.38532 -35.2021 -6.31499
      vertex 1.49682 -35.106 -5.29999
      vertex 1.38532 -35.2021 -5.29999
    endloop
  endfacet
  facet normal 0.652859 -0.757479 0
    outer loop
      vertex 1.49682 -35.106 -5.29999
      vertex 1.38532 -35.2021 -6.31499
      vertex 1.49682 -35.106 -6.31499
    endloop
  endfacet
  facet normal 0.170475 -0.985362 0
    outer loop
      vertex 2.81473 -34.4826 -6.31499
      vertex 2.95981 -34.4575 -5.29999
      vertex 2.81473 -34.4826 -5.29999
    endloop
  endfacet
  facet normal 0.170475 -0.985362 0
    outer loop
      vertex 2.95981 -34.4575 -5.29999
      vertex 2.81473 -34.4826 -6.31499
      vertex 2.95981 -34.4575 -6.31499
    endloop
  endfacet
  facet normal 0.817611 0.575771 0
    outer loop
      vertex 0.990378 -39.2121 -5.29999
      vertex 0.905591 -39.0917 -6.31499
      vertex 0.905591 -39.0917 -5.29999
    endloop
  endfacet
  facet normal 0.817611 0.575771 0
    outer loop
      vertex 0.905591 -39.0917 -6.31499
      vertex 0.990378 -39.2121 -5.29999
      vertex 0.990378 -39.2121 -6.31499
    endloop
  endfacet
  facet normal -0.84484 0.53502 0
    outer loop
      vertex 5.89441 -39.0917 -6.31499
      vertex 5.97319 -38.9673 -5.29999
      vertex 5.97319 -38.9673 -6.31499
    endloop
  endfacet
  facet normal -0.84484 0.53502 0
    outer loop
      vertex 5.97319 -38.9673 -5.29999
      vertex 5.89441 -39.0917 -6.31499
      vertex 5.89441 -39.0917 -5.29999
    endloop
  endfacet
  facet normal -0.266891 -0.963727 0
    outer loop
      vertex 4.12894 -34.5149 -6.31499
      vertex 4.27085 -34.5542 -5.29999
      vertex 4.12894 -34.5149 -5.29999
    endloop
  endfacet
  facet normal -0.266891 -0.963727 -0
    outer loop
      vertex 4.27085 -34.5542 -5.29999
      vertex 4.12894 -34.5149 -6.31499
      vertex 4.27085 -34.5542 -6.31499
    endloop
  endfacet
  facet normal -0.615275 0.788313 0
    outer loop
      vertex 5.30318 -39.744 -6.31499
      vertex 5.1871 -39.8346 -5.29999
      vertex 5.30318 -39.744 -5.29999
    endloop
  endfacet
  facet normal -0.615275 0.788313 0
    outer loop
      vertex 5.1871 -39.8346 -5.29999
      vertex 5.30318 -39.744 -6.31499
      vertex 5.1871 -39.8346 -6.31499
    endloop
  endfacet
  facet normal -0.219346 -0.975647 0
    outer loop
      vertex 3.98527 -34.4826 -6.31499
      vertex 4.12894 -34.5149 -5.29999
      vertex 3.98527 -34.4826 -5.29999
    endloop
  endfacet
  facet normal -0.219346 -0.975647 -0
    outer loop
      vertex 4.12894 -34.5149 -5.29999
      vertex 3.98527 -34.4826 -6.31499
      vertex 4.12894 -34.5149 -6.31499
    endloop
  endfacet
  facet normal -0.449603 0.893229 0
    outer loop
      vertex 4.81419 -40.0708 -6.31499
      vertex 4.68267 -40.137 -5.29999
      vertex 4.81419 -40.0708 -5.29999
    endloop
  endfacet
  facet normal -0.449603 0.893229 0
    outer loop
      vertex 4.68267 -40.137 -5.29999
      vertex 4.81419 -40.0708 -6.31499
      vertex 4.68267 -40.137 -6.31499
    endloop
  endfacet
  facet normal 0.817611 -0.575771 0
    outer loop
      vertex 0.905591 -35.7583 -5.29999
      vertex 0.990378 -35.6379 -6.31499
      vertex 0.990378 -35.6379 -5.29999
    endloop
  endfacet
  facet normal 0.817611 -0.575771 0
    outer loop
      vertex 0.990378 -35.6379 -6.31499
      vertex 0.905591 -35.7583 -5.29999
      vertex 0.905591 -35.7583 -6.31499
    endloop
  endfacet
  facet normal 0.219346 0.975647 -0
    outer loop
      vertex 2.81473 -40.3674 -6.31499
      vertex 2.67106 -40.3351 -5.29999
      vertex 2.81473 -40.3674 -5.29999
    endloop
  endfacet
  facet normal 0.219346 0.975647 0
    outer loop
      vertex 2.67106 -40.3351 -5.29999
      vertex 2.81473 -40.3674 -6.31499
      vertex 2.67106 -40.3351 -6.31499
    endloop
  endfacet
  facet normal -0.817602 0.575784 0
    outer loop
      vertex 5.80962 -39.2121 -6.31499
      vertex 5.89441 -39.0917 -5.29999
      vertex 5.89441 -39.0917 -6.31499
    endloop
  endfacet
  facet normal -0.817602 0.575784 0
    outer loop
      vertex 5.89441 -39.0917 -5.29999
      vertex 5.80962 -39.2121 -6.31499
      vertex 5.80962 -39.2121 -5.29999
    endloop
  endfacet
  facet normal -0.122915 0.992417 0
    outer loop
      vertex 3.84019 -40.3925 -6.31499
      vertex 3.69405 -40.4106 -5.29999
      vertex 3.84019 -40.3925 -5.29999
    endloop
  endfacet
  facet normal -0.122915 0.992417 0
    outer loop
      vertex 3.69405 -40.4106 -5.29999
      vertex 3.84019 -40.3925 -6.31499
      vertex 3.69405 -40.4106 -6.31499
    endloop
  endfacet
  facet normal 0.844852 -0.535 0
    outer loop
      vertex 0.826815 -35.8827 -5.29999
      vertex 0.905591 -35.7583 -6.31499
      vertex 0.905591 -35.7583 -5.29999
    endloop
  endfacet
  facet normal 0.844852 -0.535 0
    outer loop
      vertex 0.905591 -35.7583 -6.31499
      vertex 0.826815 -35.8827 -5.29999
      vertex 0.826815 -35.8827 -6.31499
    endloop
  endfacet
  facet normal -0.266891 0.963727 0
    outer loop
      vertex 4.27085 -40.2958 -6.31499
      vertex 4.12894 -40.3351 -5.29999
      vertex 4.27085 -40.2958 -5.29999
    endloop
  endfacet
  facet normal -0.266891 0.963727 0
    outer loop
      vertex 4.12894 -40.3351 -5.29999
      vertex 4.27085 -40.2958 -6.31499
      vertex 4.12894 -40.3351 -6.31499
    endloop
  endfacet
  facet normal 0.615275 0.788313 -0
    outer loop
      vertex 1.6129 -39.8346 -6.31499
      vertex 1.49682 -39.744 -5.29999
      vertex 1.6129 -39.8346 -5.29999
    endloop
  endfacet
  facet normal 0.615275 0.788313 0
    outer loop
      vertex 1.49682 -39.744 -5.29999
      vertex 1.6129 -39.8346 -6.31499
      vertex 1.49682 -39.744 -6.31499
    endloop
  endfacet
  facet normal -0.404827 0.914393 0
    outer loop
      vertex 4.68267 -40.137 -6.31499
      vertex 4.54805 -40.1966 -5.29999
      vertex 4.68267 -40.137 -5.29999
    endloop
  endfacet
  facet normal -0.404827 0.914393 0
    outer loop
      vertex 4.54805 -40.1966 -5.29999
      vertex 4.68267 -40.137 -6.31499
      vertex 4.54805 -40.1966 -6.31499
    endloop
  endfacet
  facet normal -0.313741 -0.949509 0
    outer loop
      vertex 4.27085 -34.5542 -6.31499
      vertex 4.41067 -34.6004 -5.29999
      vertex 4.27085 -34.5542 -5.29999
    endloop
  endfacet
  facet normal -0.313741 -0.949509 -0
    outer loop
      vertex 4.41067 -34.6004 -5.29999
      vertex 4.27085 -34.5542 -6.31499
      vertex 4.41067 -34.6004 -6.31499
    endloop
  endfacet
  facet normal -0.757211 -0.653171 0
    outer loop
      vertex 5.71903 -35.5218 -6.31499
      vertex 5.62285 -35.4103 -5.29999
      vertex 5.62285 -35.4103 -6.31499
    endloop
  endfacet
  facet normal -0.757211 -0.653171 0
    outer loop
      vertex 5.62285 -35.4103 -5.29999
      vertex 5.71903 -35.5218 -6.31499
      vertex 5.71903 -35.5218 -5.29999
    endloop
  endfacet
  facet normal 0.449603 -0.893229 0
    outer loop
      vertex 1.98581 -34.7792 -6.31499
      vertex 2.11733 -34.713 -5.29999
      vertex 1.98581 -34.7792 -5.29999
    endloop
  endfacet
  facet normal 0.449603 -0.893229 0
    outer loop
      vertex 2.11733 -34.713 -5.29999
      vertex 1.98581 -34.7792 -6.31499
      vertex 2.11733 -34.713 -6.31499
    endloop
  endfacet
  facet normal -0.0733463 -0.997307 0
    outer loop
      vertex 3.5472 -34.4286 -6.31499
      vertex 3.69405 -34.4394 -5.29999
      vertex 3.5472 -34.4286 -5.29999
    endloop
  endfacet
  facet normal -0.0733463 -0.997307 -0
    outer loop
      vertex 3.69405 -34.4394 -5.29999
      vertex 3.5472 -34.4286 -6.31499
      vertex 3.69405 -34.4394 -6.31499
    endloop
  endfacet
  facet normal -0.535117 -0.844778 0
    outer loop
      vertex 4.94231 -34.8518 -6.31499
      vertex 5.06671 -34.9306 -5.29999
      vertex 4.94231 -34.8518 -5.29999
    endloop
  endfacet
  facet normal -0.535117 -0.844778 -0
    outer loop
      vertex 5.06671 -34.9306 -5.29999
      vertex 4.94231 -34.8518 -6.31499
      vertex 5.06671 -34.9306 -6.31499
    endloop
  endfacet
  facet normal 0.313741 0.949509 -0
    outer loop
      vertex 2.52915 -40.2958 -6.31499
      vertex 2.38933 -40.2496 -5.29999
      vertex 2.52915 -40.2958 -5.29999
    endloop
  endfacet
  facet normal 0.313741 0.949509 0
    outer loop
      vertex 2.38933 -40.2496 -5.29999
      vertex 2.52915 -40.2958 -6.31499
      vertex 2.38933 -40.2496 -6.31499
    endloop
  endfacet
  facet normal 0.170475 0.985362 -0
    outer loop
      vertex 2.95981 -40.3925 -6.31499
      vertex 2.81473 -40.3674 -5.29999
      vertex 2.95981 -40.3925 -5.29999
    endloop
  endfacet
  facet normal 0.170475 0.985362 0
    outer loop
      vertex 2.81473 -40.3674 -5.29999
      vertex 2.95981 -40.3925 -6.31499
      vertex 2.81473 -40.3674 -6.31499
    endloop
  endfacet
  facet normal -0.313741 0.949509 0
    outer loop
      vertex 4.41067 -40.2496 -6.31499
      vertex 4.27085 -40.2958 -5.29999
      vertex 4.41067 -40.2496 -5.29999
    endloop
  endfacet
  facet normal -0.313741 0.949509 0
    outer loop
      vertex 4.27085 -40.2958 -5.29999
      vertex 4.41067 -40.2496 -6.31499
      vertex 4.27085 -40.2958 -6.31499
    endloop
  endfacet
  facet normal 0.266891 -0.963727 0
    outer loop
      vertex 2.52915 -34.5542 -6.31499
      vertex 2.67106 -34.5149 -5.29999
      vertex 2.52915 -34.5542 -5.29999
    endloop
  endfacet
  facet normal 0.266891 -0.963727 0
    outer loop
      vertex 2.67106 -34.5149 -5.29999
      vertex 2.52915 -34.5542 -6.31499
      vertex 2.67106 -34.5149 -6.31499
    endloop
  endfacet
  facet normal 0.78839 0.615175 0
    outer loop
      vertex 1.08097 -39.3282 -5.29999
      vertex 0.990378 -39.2121 -6.31499
      vertex 0.990378 -39.2121 -5.29999
    endloop
  endfacet
  facet normal 0.78839 0.615175 0
    outer loop
      vertex 0.990378 -39.2121 -6.31499
      vertex 1.08097 -39.3282 -5.29999
      vertex 1.08097 -39.3282 -6.31499
    endloop
  endfacet
  facet normal -0.788397 -0.615167 0
    outer loop
      vertex 5.80962 -35.6379 -6.31499
      vertex 5.71903 -35.5218 -5.29999
      vertex 5.71903 -35.5218 -6.31499
    endloop
  endfacet
  facet normal -0.788397 -0.615167 0
    outer loop
      vertex 5.71903 -35.5218 -5.29999
      vertex 5.80962 -35.6379 -6.31499
      vertex 5.80962 -35.6379 -5.29999
    endloop
  endfacet
  facet normal 0.449603 0.893229 -0
    outer loop
      vertex 2.11733 -40.137 -6.31499
      vertex 1.98581 -40.0708 -5.29999
      vertex 2.11733 -40.137 -5.29999
    endloop
  endfacet
  facet normal 0.449603 0.893229 0
    outer loop
      vertex 1.98581 -40.0708 -5.29999
      vertex 2.11733 -40.137 -6.31499
      vertex 1.98581 -40.0708 -6.31499
    endloop
  endfacet
  facet normal 0.869938 -0.493161 0
    outer loop
      vertex 0.800001 -35.93 -5.29999
      vertex 0.826815 -35.8827 -6.31499
      vertex 0.826815 -35.8827 -5.29999
    endloop
  endfacet
  facet normal 0.869938 -0.493161 0
    outer loop
      vertex 0.826815 -35.8827 -6.31499
      vertex 0.800001 -35.93 -5.29999
      vertex 0.800001 -35.93 -6.31499
    endloop
  endfacet
  facet normal 0.404827 -0.914393 0
    outer loop
      vertex 2.11733 -34.713 -6.31499
      vertex 2.25195 -34.6534 -5.29999
      vertex 2.11733 -34.713 -5.29999
    endloop
  endfacet
  facet normal 0.404827 -0.914393 0
    outer loop
      vertex 2.25195 -34.6534 -5.29999
      vertex 2.11733 -34.713 -6.31499
      vertex 2.25195 -34.6534 -6.31499
    endloop
  endfacet
  facet normal 0.575862 0.817547 -0
    outer loop
      vertex 1.73329 -39.9194 -6.31499
      vertex 1.6129 -39.8346 -5.29999
      vertex 1.73329 -39.9194 -5.29999
    endloop
  endfacet
  facet normal 0.575862 0.817547 0
    outer loop
      vertex 1.6129 -39.8346 -5.29999
      vertex 1.73329 -39.9194 -6.31499
      vertex 1.6129 -39.8346 -6.31499
    endloop
  endfacet
  facet normal 0.535117 0.844778 -0
    outer loop
      vertex 1.85769 -39.9982 -6.31499
      vertex 1.73329 -39.9194 -5.29999
      vertex 1.85769 -39.9982 -5.29999
    endloop
  endfacet
  facet normal 0.535117 0.844778 0
    outer loop
      vertex 1.73329 -39.9194 -5.29999
      vertex 1.85769 -39.9982 -6.31499
      vertex 1.73329 -39.9194 -6.31499
    endloop
  endfacet
  facet normal -0.997308 -0.0733215 0
    outer loop
      vertex 11.5964 -37.2778 -6.31499
      vertex 11.5856 -37.1309 -5.29999
      vertex 11.5856 -37.1309 -6.31499
    endloop
  endfacet
  facet normal -0.997308 -0.0733215 0
    outer loop
      vertex 11.5856 -37.1309 -5.29999
      vertex 11.5964 -37.2778 -6.31499
      vertex 11.5964 -37.2778 -5.29999
    endloop
  endfacet
  facet normal -0.999701 -0.0244492 0
    outer loop
      vertex 11.6 -37.425 -6.31499
      vertex 11.5964 -37.2778 -5.29999
      vertex 11.5964 -37.2778 -6.31499
    endloop
  endfacet
  facet normal -0.999701 -0.0244492 0
    outer loop
      vertex 11.5964 -37.2778 -5.29999
      vertex 11.6 -37.425 -6.31499
      vertex 11.6 -37.425 -5.29999
    endloop
  endfacet
  facet normal -0.992413 -0.122948 0
    outer loop
      vertex 11.5856 -37.1309 -6.31499
      vertex 11.5675 -36.9848 -5.29999
      vertex 11.5675 -36.9848 -6.31499
    endloop
  endfacet
  facet normal -0.992413 -0.122948 0
    outer loop
      vertex 11.5675 -36.9848 -5.29999
      vertex 11.5856 -37.1309 -6.31499
      vertex 11.5856 -37.1309 -5.29999
    endloop
  endfacet
  facet normal -0.0733463 0.997307 0
    outer loop
      vertex 8.89405 -40.4106 -6.31499
      vertex 8.7472 -40.4214 -5.29999
      vertex 8.89405 -40.4106 -5.29999
    endloop
  endfacet
  facet normal -0.0733463 0.997307 0
    outer loop
      vertex 8.7472 -40.4214 -5.29999
      vertex 8.89405 -40.4106 -6.31499
      vertex 8.7472 -40.4214 -6.31499
    endloop
  endfacet
  facet normal -0.404852 -0.914382 0
    outer loop
      vertex 9.74805 -34.6534 -6.31499
      vertex 9.88266 -34.713 -5.29999
      vertex 9.74805 -34.6534 -5.29999
    endloop
  endfacet
  facet normal -0.404852 -0.914382 -0
    outer loop
      vertex 9.88266 -34.713 -5.29999
      vertex 9.74805 -34.6534 -6.31499
      vertex 9.88266 -34.713 -6.31499
    endloop
  endfacet
  facet normal -0.757479 0.652859 0
    outer loop
      vertex 10.8229 -39.4397 -6.31499
      vertex 10.919 -39.3282 -5.29999
      vertex 10.919 -39.3282 -6.31499
    endloop
  endfacet
  facet normal -0.757479 0.652859 0
    outer loop
      vertex 10.919 -39.3282 -5.29999
      vertex 10.8229 -39.4397 -6.31499
      vertex 10.8229 -39.4397 -5.29999
    endloop
  endfacet
  facet normal -0.493064 0.869993 0
    outer loop
      vertex 10.1423 -39.9982 -6.31499
      vertex 10.0142 -40.0708 -5.29999
      vertex 10.1423 -39.9982 -5.29999
    endloop
  endfacet
  facet normal -0.493064 0.869993 0
    outer loop
      vertex 10.0142 -40.0708 -5.29999
      vertex 10.1423 -39.9982 -6.31499
      vertex 10.0142 -40.0708 -6.31499
    endloop
  endfacet
  facet normal -0.219346 -0.975647 0
    outer loop
      vertex 9.18527 -34.4826 -6.31499
      vertex 9.32894 -34.5149 -5.29999
      vertex 9.18527 -34.4826 -5.29999
    endloop
  endfacet
  facet normal -0.219346 -0.975647 -0
    outer loop
      vertex 9.32894 -34.5149 -5.29999
      vertex 9.18527 -34.4826 -6.31499
      vertex 9.32894 -34.5149 -6.31499
    endloop
  endfacet
  facet normal -0.975624 0.219448 0
    outer loop
      vertex 11.5101 -38.1539 -6.31499
      vertex 11.5424 -38.0103 -5.29999
      vertex 11.5424 -38.0103 -6.31499
    endloop
  endfacet
  facet normal -0.975624 0.219448 0
    outer loop
      vertex 11.5424 -38.0103 -5.29999
      vertex 11.5101 -38.1539 -6.31499
      vertex 11.5101 -38.1539 -5.29999
    endloop
  endfacet
  facet normal 0.689791 -0.724009 0
    outer loop
      vertex 6.47868 -35.3037 -6.31499
      vertex 6.58532 -35.2021 -5.29999
      vertex 6.47868 -35.3037 -5.29999
    endloop
  endfacet
  facet normal 0.689791 -0.724009 0
    outer loop
      vertex 6.58532 -35.2021 -5.29999
      vertex 6.47868 -35.3037 -6.31499
      vertex 6.58532 -35.2021 -6.31499
    endloop
  endfacet
  facet normal -0.997308 0.0733215 0
    outer loop
      vertex 11.5856 -37.7191 -6.31499
      vertex 11.5964 -37.5722 -5.29999
      vertex 11.5964 -37.5722 -6.31499
    endloop
  endfacet
  facet normal -0.997308 0.0733215 0
    outer loop
      vertex 11.5964 -37.5722 -5.29999
      vertex 11.5856 -37.7191 -6.31499
      vertex 11.5856 -37.7191 -5.29999
    endloop
  endfacet
  facet normal -0.949495 -0.313782 0
    outer loop
      vertex 11.4708 -36.5541 -6.31499
      vertex 11.4246 -36.4143 -5.29999
      vertex 11.4246 -36.4143 -6.31499
    endloop
  endfacet
  facet normal -0.949495 -0.313782 0
    outer loop
      vertex 11.4246 -36.4143 -5.29999
      vertex 11.4708 -36.5541 -6.31499
      vertex 11.4708 -36.5541 -5.29999
    endloop
  endfacet
  facet normal -0.0244492 -0.999701 0
    outer loop
      vertex 8.6 -34.425 -6.31499
      vertex 8.7472 -34.4286 -5.29999
      vertex 8.6 -34.425 -5.29999
    endloop
  endfacet
  facet normal -0.0244492 -0.999701 -0
    outer loop
      vertex 8.7472 -34.4286 -5.29999
      vertex 8.6 -34.425 -6.31499
      vertex 8.7472 -34.4286 -6.31499
    endloop
  endfacet
  facet normal -0.0244492 0.999701 0
    outer loop
      vertex 8.7472 -40.4214 -6.31499
      vertex 8.6 -40.425 -5.29999
      vertex 8.7472 -40.4214 -5.29999
    endloop
  endfacet
  facet normal -0.0244492 0.999701 0
    outer loop
      vertex 8.6 -40.425 -5.29999
      vertex 8.7472 -40.4214 -6.31499
      vertex 8.6 -40.425 -6.31499
    endloop
  endfacet
  facet normal -0.893201 0.449657 0
    outer loop
      vertex 11.2458 -38.8392 -6.31499
      vertex 11.312 -38.7077 -5.29999
      vertex 11.312 -38.7077 -6.31499
    endloop
  endfacet
  facet normal -0.893201 0.449657 0
    outer loop
      vertex 11.312 -38.7077 -5.29999
      vertex 11.2458 -38.8392 -6.31499
      vertex 11.2458 -38.8392 -5.29999
    endloop
  endfacet
  facet normal -0.615209 0.788364 0
    outer loop
      vertex 10.5032 -39.744 -6.31499
      vertex 10.3871 -39.8346 -5.29999
      vertex 10.5032 -39.744 -5.29999
    endloop
  endfacet
  facet normal -0.615209 0.788364 0
    outer loop
      vertex 10.3871 -39.8346 -5.29999
      vertex 10.5032 -39.744 -6.31499
      vertex 10.3871 -39.8346 -6.31499
    endloop
  endfacet
  facet normal 0.122915 -0.992417 0
    outer loop
      vertex 8.15981 -34.4575 -6.31499
      vertex 8.30595 -34.4394 -5.29999
      vertex 8.15981 -34.4575 -5.29999
    endloop
  endfacet
  facet normal 0.122915 -0.992417 0
    outer loop
      vertex 8.30595 -34.4394 -5.29999
      vertex 8.15981 -34.4575 -6.31499
      vertex 8.30595 -34.4394 -6.31499
    endloop
  endfacet
  facet normal 0.689791 0.724009 -0
    outer loop
      vertex 6.58532 -39.6479 -6.31499
      vertex 6.47868 -39.5463 -5.29999
      vertex 6.58532 -39.6479 -5.29999
    endloop
  endfacet
  facet normal 0.689791 0.724009 0
    outer loop
      vertex 6.47868 -39.5463 -5.29999
      vertex 6.58532 -39.6479 -6.31499
      vertex 6.47868 -39.5463 -6.31499
    endloop
  endfacet
  facet normal -0.869993 -0.493064 0
    outer loop
      vertex 11.2458 -36.0108 -6.31499
      vertex 11.1732 -35.8827 -5.29999
      vertex 11.1732 -35.8827 -6.31499
    endloop
  endfacet
  facet normal -0.869993 -0.493064 0
    outer loop
      vertex 11.1732 -35.8827 -5.29999
      vertex 11.2458 -36.0108 -6.31499
      vertex 11.2458 -36.0108 -5.29999
    endloop
  endfacet
  facet normal -0.652859 -0.757479 0
    outer loop
      vertex 10.5032 -35.106 -6.31499
      vertex 10.6147 -35.2021 -5.29999
      vertex 10.5032 -35.106 -5.29999
    endloop
  endfacet
  facet normal -0.652859 -0.757479 -0
    outer loop
      vertex 10.6147 -35.2021 -5.29999
      vertex 10.5032 -35.106 -6.31499
      vertex 10.6147 -35.2021 -6.31499
    endloop
  endfacet
  facet normal 0.615275 0.788313 -0
    outer loop
      vertex 6.8129 -39.8346 -6.31499
      vertex 6.69682 -39.744 -5.29999
      vertex 6.8129 -39.8346 -5.29999
    endloop
  endfacet
  facet normal 0.615275 0.788313 0
    outer loop
      vertex 6.69682 -39.744 -5.29999
      vertex 6.8129 -39.8346 -6.31499
      vertex 6.69682 -39.744 -6.31499
    endloop
  endfacet
  facet normal -0.788364 0.615209 0
    outer loop
      vertex 10.919 -39.3282 -6.31499
      vertex 11.0096 -39.2121 -5.29999
      vertex 11.0096 -39.2121 -6.31499
    endloop
  endfacet
  facet normal -0.788364 0.615209 0
    outer loop
      vertex 11.0096 -39.2121 -5.29999
      vertex 10.919 -39.3282 -6.31499
      vertex 10.919 -39.3282 -5.29999
    endloop
  endfacet
  facet normal 0.449603 0.893229 -0
    outer loop
      vertex 7.31733 -40.137 -6.31499
      vertex 7.18581 -40.0708 -5.29999
      vertex 7.31733 -40.137 -5.29999
    endloop
  endfacet
  facet normal 0.449603 0.893229 0
    outer loop
      vertex 7.18581 -40.0708 -5.29999
      vertex 7.31733 -40.137 -6.31499
      vertex 7.18581 -40.0708 -6.31499
    endloop
  endfacet
  facet normal 0.170475 -0.985362 0
    outer loop
      vertex 8.01473 -34.4826 -6.31499
      vertex 8.15981 -34.4575 -5.29999
      vertex 8.01473 -34.4826 -5.29999
    endloop
  endfacet
  facet normal 0.170475 -0.985362 0
    outer loop
      vertex 8.15981 -34.4575 -5.29999
      vertex 8.01473 -34.4826 -6.31499
      vertex 8.15981 -34.4575 -6.31499
    endloop
  endfacet
  facet normal -0.170475 -0.985362 0
    outer loop
      vertex 9.04019 -34.4575 -6.31499
      vertex 9.18527 -34.4826 -5.29999
      vertex 9.04019 -34.4575 -5.29999
    endloop
  endfacet
  facet normal -0.170475 -0.985362 -0
    outer loop
      vertex 9.18527 -34.4826 -5.29999
      vertex 9.04019 -34.4575 -6.31499
      vertex 9.18527 -34.4826 -6.31499
    endloop
  endfacet
  facet normal -0.844778 -0.535117 0
    outer loop
      vertex 11.1732 -35.8827 -6.31499
      vertex 11.0944 -35.7583 -5.29999
      vertex 11.0944 -35.7583 -6.31499
    endloop
  endfacet
  facet normal -0.844778 -0.535117 0
    outer loop
      vertex 11.0944 -35.7583 -5.29999
      vertex 11.1732 -35.8827 -6.31499
      vertex 11.1732 -35.8827 -5.29999
    endloop
  endfacet
  facet normal -0.449548 -0.893256 0
    outer loop
      vertex 9.88266 -34.713 -6.31499
      vertex 10.0142 -34.7792 -5.29999
      vertex 9.88266 -34.713 -5.29999
    endloop
  endfacet
  facet normal -0.449548 -0.893256 -0
    outer loop
      vertex 10.0142 -34.7792 -5.29999
      vertex 9.88266 -34.713 -6.31499
      vertex 10.0142 -34.7792 -6.31499
    endloop
  endfacet
  facet normal 0.449603 -0.893229 0
    outer loop
      vertex 7.18581 -34.7792 -6.31499
      vertex 7.31733 -34.713 -5.29999
      vertex 7.18581 -34.7792 -5.29999
    endloop
  endfacet
  facet normal 0.449603 -0.893229 0
    outer loop
      vertex 7.31733 -34.713 -5.29999
      vertex 7.18581 -34.7792 -6.31499
      vertex 7.31733 -34.713 -6.31499
    endloop
  endfacet
  facet normal -0.893201 -0.449657 0
    outer loop
      vertex 11.312 -36.1423 -6.31499
      vertex 11.2458 -36.0108 -5.29999
      vertex 11.2458 -36.0108 -6.31499
    endloop
  endfacet
  facet normal -0.893201 -0.449657 0
    outer loop
      vertex 11.2458 -36.0108 -5.29999
      vertex 11.312 -36.1423 -6.31499
      vertex 11.312 -36.1423 -5.29999
    endloop
  endfacet
  facet normal -0.219346 0.975647 0
    outer loop
      vertex 9.32894 -40.3351 -6.31499
      vertex 9.18527 -40.3674 -5.29999
      vertex 9.32894 -40.3351 -5.29999
    endloop
  endfacet
  facet normal -0.219346 0.975647 0
    outer loop
      vertex 9.18527 -40.3674 -5.29999
      vertex 9.32894 -40.3351 -6.31499
      vertex 9.18527 -40.3674 -6.31499
    endloop
  endfacet
  facet normal 0.219346 -0.975647 0
    outer loop
      vertex 7.87106 -34.5149 -6.31499
      vertex 8.01473 -34.4826 -5.29999
      vertex 7.87106 -34.5149 -5.29999
    endloop
  endfacet
  facet normal 0.219346 -0.975647 0
    outer loop
      vertex 8.01473 -34.4826 -5.29999
      vertex 7.87106 -34.5149 -6.31499
      vertex 8.01473 -34.4826 -6.31499
    endloop
  endfacet
  facet normal -0.96377 0.266734 0
    outer loop
      vertex 11.4708 -38.2959 -6.31499
      vertex 11.5101 -38.1539 -5.29999
      vertex 11.5101 -38.1539 -6.31499
    endloop
  endfacet
  facet normal -0.96377 0.266734 0
    outer loop
      vertex 11.5101 -38.1539 -5.29999
      vertex 11.4708 -38.2959 -6.31499
      vertex 11.4708 -38.2959 -5.29999
    endloop
  endfacet
  facet normal -0.985366 -0.170453 0
    outer loop
      vertex 11.5675 -36.9848 -6.31499
      vertex 11.5424 -36.8397 -5.29999
      vertex 11.5424 -36.8397 -6.31499
    endloop
  endfacet
  facet normal -0.985366 -0.170453 0
    outer loop
      vertex 11.5424 -36.8397 -5.29999
      vertex 11.5675 -36.9848 -6.31499
      vertex 11.5675 -36.9848 -5.29999
    endloop
  endfacet
  facet normal 0.359935 0.932978 -0
    outer loop
      vertex 7.58933 -40.2496 -6.31499
      vertex 7.45195 -40.1966 -5.29999
      vertex 7.58933 -40.2496 -5.29999
    endloop
  endfacet
  facet normal 0.359935 0.932978 0
    outer loop
      vertex 7.45195 -40.1966 -5.29999
      vertex 7.58933 -40.2496 -6.31499
      vertex 7.45195 -40.1966 -6.31499
    endloop
  endfacet
  facet normal -0.932907 0.360117 0
    outer loop
      vertex 11.3716 -38.573 -6.31499
      vertex 11.4246 -38.4357 -5.29999
      vertex 11.4246 -38.4357 -6.31499
    endloop
  endfacet
  facet normal -0.932907 0.360117 0
    outer loop
      vertex 11.4246 -38.4357 -5.29999
      vertex 11.3716 -38.573 -6.31499
      vertex 11.3716 -38.573 -5.29999
    endloop
  endfacet
  facet normal 0.0244492 -0.999701 0
    outer loop
      vertex 8.4528 -34.4286 -6.31499
      vertex 8.6 -34.425 -5.29999
      vertex 8.4528 -34.4286 -5.29999
    endloop
  endfacet
  facet normal 0.0244492 -0.999701 0
    outer loop
      vertex 8.6 -34.425 -5.29999
      vertex 8.4528 -34.4286 -6.31499
      vertex 8.6 -34.425 -6.31499
    endloop
  endfacet
  facet normal -0.122915 -0.992417 0
    outer loop
      vertex 8.89405 -34.4394 -6.31499
      vertex 9.04019 -34.4575 -5.29999
      vertex 8.89405 -34.4394 -5.29999
    endloop
  endfacet
  facet normal -0.122915 -0.992417 -0
    outer loop
      vertex 9.04019 -34.4575 -5.29999
      vertex 8.89405 -34.4394 -6.31499
      vertex 9.04019 -34.4575 -6.31499
    endloop
  endfacet
  facet normal -0.869993 0.493064 0
    outer loop
      vertex 11.1732 -38.9673 -6.31499
      vertex 11.2458 -38.8392 -5.29999
      vertex 11.2458 -38.8392 -6.31499
    endloop
  endfacet
  facet normal -0.869993 0.493064 0
    outer loop
      vertex 11.2458 -38.8392 -5.29999
      vertex 11.1732 -38.9673 -6.31499
      vertex 11.1732 -38.9673 -5.29999
    endloop
  endfacet
  facet normal -0.992413 0.122948 0
    outer loop
      vertex 11.5675 -37.8652 -6.31499
      vertex 11.5856 -37.7191 -5.29999
      vertex 11.5856 -37.7191 -6.31499
    endloop
  endfacet
  facet normal -0.992413 0.122948 0
    outer loop
      vertex 11.5856 -37.7191 -5.29999
      vertex 11.5675 -37.8652 -6.31499
      vertex 11.5675 -37.8652 -5.29999
    endloop
  endfacet
  facet normal -0.932907 -0.360117 0
    outer loop
      vertex 11.4246 -36.4143 -6.31499
      vertex 11.3716 -36.277 -5.29999
      vertex 11.3716 -36.277 -6.31499
    endloop
  endfacet
  facet normal -0.932907 -0.360117 0
    outer loop
      vertex 11.3716 -36.277 -5.29999
      vertex 11.4246 -36.4143 -6.31499
      vertex 11.4246 -36.4143 -5.29999
    endloop
  endfacet
  facet normal -0.493064 -0.869993 0
    outer loop
      vertex 10.0142 -34.7792 -6.31499
      vertex 10.1423 -34.8518 -5.29999
      vertex 10.0142 -34.7792 -5.29999
    endloop
  endfacet
  facet normal -0.493064 -0.869993 -0
    outer loop
      vertex 10.1423 -34.8518 -5.29999
      vertex 10.0142 -34.7792 -6.31499
      vertex 10.1423 -34.8518 -6.31499
    endloop
  endfacet
  facet normal -0.788364 -0.615209 0
    outer loop
      vertex 11.0096 -35.6379 -6.31499
      vertex 10.919 -35.5218 -5.29999
      vertex 10.919 -35.5218 -6.31499
    endloop
  endfacet
  facet normal -0.788364 -0.615209 0
    outer loop
      vertex 10.919 -35.5218 -5.29999
      vertex 11.0096 -35.6379 -6.31499
      vertex 11.0096 -35.6379 -5.29999
    endloop
  endfacet
  facet normal 0.359935 -0.932978 0
    outer loop
      vertex 7.45195 -34.6534 -6.31499
      vertex 7.58933 -34.6004 -5.29999
      vertex 7.45195 -34.6534 -5.29999
    endloop
  endfacet
  facet normal 0.359935 -0.932978 0
    outer loop
      vertex 7.58933 -34.6004 -5.29999
      vertex 7.45195 -34.6534 -6.31499
      vertex 7.58933 -34.6004 -6.31499
    endloop
  endfacet
  facet normal -0.689926 0.723879 0
    outer loop
      vertex 10.7213 -39.5463 -6.31499
      vertex 10.6147 -39.6479 -5.29999
      vertex 10.7213 -39.5463 -5.29999
    endloop
  endfacet
  facet normal -0.689926 0.723879 0
    outer loop
      vertex 10.6147 -39.6479 -5.29999
      vertex 10.7213 -39.5463 -6.31499
      vertex 10.6147 -39.6479 -6.31499
    endloop
  endfacet
  facet normal -0.170475 0.985362 0
    outer loop
      vertex 9.18527 -40.3674 -6.31499
      vertex 9.04019 -40.3925 -5.29999
      vertex 9.18527 -40.3674 -5.29999
    endloop
  endfacet
  facet normal -0.170475 0.985362 0
    outer loop
      vertex 9.04019 -40.3925 -5.29999
      vertex 9.18527 -40.3674 -6.31499
      vertex 9.04019 -40.3925 -6.31499
    endloop
  endfacet
  facet normal -0.723879 0.689926 0
    outer loop
      vertex 10.7213 -39.5463 -6.31499
      vertex 10.8229 -39.4397 -5.29999
      vertex 10.8229 -39.4397 -6.31499
    endloop
  endfacet
  facet normal -0.723879 0.689926 0
    outer loop
      vertex 10.8229 -39.4397 -5.29999
      vertex 10.7213 -39.5463 -6.31499
      vertex 10.7213 -39.5463 -5.29999
    endloop
  endfacet
  facet normal 0.652859 -0.757479 0
    outer loop
      vertex 6.58532 -35.2021 -6.31499
      vertex 6.69682 -35.106 -5.29999
      vertex 6.58532 -35.2021 -5.29999
    endloop
  endfacet
  facet normal 0.652859 -0.757479 0
    outer loop
      vertex 6.69682 -35.106 -5.29999
      vertex 6.58532 -35.2021 -6.31499
      vertex 6.69682 -35.106 -6.31499
    endloop
  endfacet
  facet normal -0.81757 0.57583 0
    outer loop
      vertex 11.0096 -39.2121 -6.31499
      vertex 11.0944 -39.0917 -5.29999
      vertex 11.0944 -39.0917 -6.31499
    endloop
  endfacet
  facet normal -0.81757 0.57583 0
    outer loop
      vertex 11.0944 -39.0917 -5.29999
      vertex 11.0096 -39.2121 -6.31499
      vertex 11.0096 -39.2121 -5.29999
    endloop
  endfacet
  facet normal 0.0733463 0.997307 -0
    outer loop
      vertex 8.4528 -40.4214 -6.31499
      vertex 8.30595 -40.4106 -5.29999
      vertex 8.4528 -40.4214 -5.29999
    endloop
  endfacet
  facet normal 0.0733463 0.997307 0
    outer loop
      vertex 8.30595 -40.4106 -5.29999
      vertex 8.4528 -40.4214 -6.31499
      vertex 8.30595 -40.4106 -6.31499
    endloop
  endfacet
  facet normal -0.0733463 -0.997307 0
    outer loop
      vertex 8.7472 -34.4286 -6.31499
      vertex 8.89405 -34.4394 -5.29999
      vertex 8.7472 -34.4286 -5.29999
    endloop
  endfacet
  facet normal -0.0733463 -0.997307 -0
    outer loop
      vertex 8.89405 -34.4394 -5.29999
      vertex 8.7472 -34.4286 -6.31499
      vertex 8.89405 -34.4394 -6.31499
    endloop
  endfacet
  facet normal 0.84484 -0.53502 0
    outer loop
      vertex 6.02681 -35.8827 -5.29999
      vertex 6.10559 -35.7583 -6.31499
      vertex 6.10559 -35.7583 -5.29999
    endloop
  endfacet
  facet normal 0.84484 -0.53502 0
    outer loop
      vertex 6.10559 -35.7583 -6.31499
      vertex 6.02681 -35.8827 -5.29999
      vertex 6.02681 -35.8827 -6.31499
    endloop
  endfacet
  facet normal -0.914482 0.404626 0
    outer loop
      vertex 11.312 -38.7077 -6.31499
      vertex 11.3716 -38.573 -5.29999
      vertex 11.3716 -38.573 -6.31499
    endloop
  endfacet
  facet normal -0.914482 0.404626 0
    outer loop
      vertex 11.3716 -38.573 -5.29999
      vertex 11.312 -38.7077 -6.31499
      vertex 11.312 -38.7077 -5.29999
    endloop
  endfacet
  facet normal -0.949495 0.313782 0
    outer loop
      vertex 11.4246 -38.4357 -6.31499
      vertex 11.4708 -38.2959 -5.29999
      vertex 11.4708 -38.2959 -6.31499
    endloop
  endfacet
  facet normal -0.949495 0.313782 0
    outer loop
      vertex 11.4708 -38.2959 -5.29999
      vertex 11.4246 -38.4357 -6.31499
      vertex 11.4246 -38.4357 -5.29999
    endloop
  endfacet
  facet normal 0.0733463 -0.997307 0
    outer loop
      vertex 8.30595 -34.4394 -6.31499
      vertex 8.4528 -34.4286 -5.29999
      vertex 8.30595 -34.4394 -5.29999
    endloop
  endfacet
  facet normal 0.0733463 -0.997307 0
    outer loop
      vertex 8.4528 -34.4286 -5.29999
      vertex 8.30595 -34.4394 -6.31499
      vertex 8.4528 -34.4286 -6.31499
    endloop
  endfacet
  facet normal 0.404827 0.914393 -0
    outer loop
      vertex 7.45195 -40.1966 -6.31499
      vertex 7.31733 -40.137 -5.29999
      vertex 7.45195 -40.1966 -5.29999
    endloop
  endfacet
  facet normal 0.404827 0.914393 0
    outer loop
      vertex 7.31733 -40.137 -5.29999
      vertex 7.45195 -40.1966 -6.31499
      vertex 7.31733 -40.137 -6.31499
    endloop
  endfacet
  facet normal 0.493006 0.870026 -0
    outer loop
      vertex 7.18581 -40.0708 -6.31499
      vertex 7.05769 -39.9982 -5.29999
      vertex 7.18581 -40.0708 -5.29999
    endloop
  endfacet
  facet normal 0.493006 0.870026 0
    outer loop
      vertex 7.05769 -39.9982 -5.29999
      vertex 7.18581 -40.0708 -6.31499
      vertex 7.05769 -39.9982 -6.31499
    endloop
  endfacet
  facet normal -0.57583 -0.81757 0
    outer loop
      vertex 10.2667 -34.9306 -6.31499
      vertex 10.3871 -35.0154 -5.29999
      vertex 10.2667 -34.9306 -5.29999
    endloop
  endfacet
  facet normal -0.57583 -0.81757 -0
    outer loop
      vertex 10.3871 -35.0154 -5.29999
      vertex 10.2667 -34.9306 -6.31499
      vertex 10.3871 -35.0154 -6.31499
    endloop
  endfacet
  facet normal -0.313741 -0.949509 0
    outer loop
      vertex 9.47085 -34.5542 -6.31499
      vertex 9.61067 -34.6004 -5.29999
      vertex 9.47085 -34.5542 -5.29999
    endloop
  endfacet
  facet normal -0.313741 -0.949509 -0
    outer loop
      vertex 9.61067 -34.6004 -5.29999
      vertex 9.47085 -34.5542 -6.31499
      vertex 9.61067 -34.6004 -6.31499
    endloop
  endfacet
  facet normal 0.0244492 0.999701 -0
    outer loop
      vertex 8.6 -40.425 -6.31499
      vertex 8.4528 -40.4214 -5.29999
      vertex 8.6 -40.425 -5.29999
    endloop
  endfacet
  facet normal 0.0244492 0.999701 0
    outer loop
      vertex 8.4528 -40.4214 -5.29999
      vertex 8.6 -40.425 -6.31499
      vertex 8.4528 -40.4214 -6.31499
    endloop
  endfacet
  facet normal 0.817602 -0.575784 0
    outer loop
      vertex 6.10559 -35.7583 -5.29999
      vertex 6.19038 -35.6379 -6.31499
      vertex 6.19038 -35.6379 -5.29999
    endloop
  endfacet
  facet normal 0.817602 -0.575784 0
    outer loop
      vertex 6.19038 -35.6379 -6.31499
      vertex 6.10559 -35.7583 -5.29999
      vertex 6.10559 -35.7583 -6.31499
    endloop
  endfacet
  facet normal 0.313741 -0.949509 0
    outer loop
      vertex 7.58933 -34.6004 -6.31499
      vertex 7.72915 -34.5542 -5.29999
      vertex 7.58933 -34.6004 -5.29999
    endloop
  endfacet
  facet normal 0.313741 -0.949509 0
    outer loop
      vertex 7.72915 -34.5542 -5.29999
      vertex 7.58933 -34.6004 -6.31499
      vertex 7.72915 -34.5542 -6.31499
    endloop
  endfacet
  facet normal -0.689926 -0.723879 0
    outer loop
      vertex 10.6147 -35.2021 -6.31499
      vertex 10.7213 -35.3037 -5.29999
      vertex 10.6147 -35.2021 -5.29999
    endloop
  endfacet
  facet normal -0.689926 -0.723879 -0
    outer loop
      vertex 10.7213 -35.3037 -5.29999
      vertex 10.6147 -35.2021 -6.31499
      vertex 10.7213 -35.3037 -6.31499
    endloop
  endfacet
  facet normal -0.81757 -0.57583 0
    outer loop
      vertex 11.0944 -35.7583 -6.31499
      vertex 11.0096 -35.6379 -5.29999
      vertex 11.0096 -35.6379 -6.31499
    endloop
  endfacet
  facet normal -0.81757 -0.57583 0
    outer loop
      vertex 11.0096 -35.6379 -5.29999
      vertex 11.0944 -35.7583 -6.31499
      vertex 11.0944 -35.7583 -5.29999
    endloop
  endfacet
  facet normal -0.57583 0.81757 0
    outer loop
      vertex 10.3871 -39.8346 -6.31499
      vertex 10.2667 -39.9194 -5.29999
      vertex 10.3871 -39.8346 -5.29999
    endloop
  endfacet
  facet normal -0.57583 0.81757 0
    outer loop
      vertex 10.2667 -39.9194 -5.29999
      vertex 10.3871 -39.8346 -6.31499
      vertex 10.2667 -39.9194 -6.31499
    endloop
  endfacet
  facet normal -0.999701 0.0244492 0
    outer loop
      vertex 11.5964 -37.5722 -6.31499
      vertex 11.6 -37.425 -5.29999
      vertex 11.6 -37.425 -6.31499
    endloop
  endfacet
  facet normal -0.999701 0.0244492 0
    outer loop
      vertex 11.6 -37.425 -5.29999
      vertex 11.5964 -37.5722 -6.31499
      vertex 11.5964 -37.5722 -5.29999
    endloop
  endfacet
  facet normal -0.359935 -0.932978 0
    outer loop
      vertex 9.61067 -34.6004 -6.31499
      vertex 9.74805 -34.6534 -5.29999
      vertex 9.61067 -34.6004 -5.29999
    endloop
  endfacet
  facet normal -0.359935 -0.932978 -0
    outer loop
      vertex 9.74805 -34.6534 -5.29999
      vertex 9.61067 -34.6004 -6.31499
      vertex 9.74805 -34.6534 -6.31499
    endloop
  endfacet
  facet normal -0.914482 -0.404626 0
    outer loop
      vertex 11.3716 -36.277 -6.31499
      vertex 11.312 -36.1423 -5.29999
      vertex 11.312 -36.1423 -6.31499
    endloop
  endfacet
  facet normal -0.914482 -0.404626 0
    outer loop
      vertex 11.312 -36.1423 -5.29999
      vertex 11.3716 -36.277 -6.31499
      vertex 11.3716 -36.277 -5.29999
    endloop
  endfacet
  facet normal -0.535117 0.844778 0
    outer loop
      vertex 10.2667 -39.9194 -6.31499
      vertex 10.1423 -39.9982 -5.29999
      vertex 10.2667 -39.9194 -5.29999
    endloop
  endfacet
  facet normal -0.535117 0.844778 0
    outer loop
      vertex 10.1423 -39.9982 -5.29999
      vertex 10.2667 -39.9194 -6.31499
      vertex 10.1423 -39.9982 -6.31499
    endloop
  endfacet
  facet normal -0.975624 -0.219448 0
    outer loop
      vertex 11.5424 -36.8397 -6.31499
      vertex 11.5101 -36.6961 -5.29999
      vertex 11.5101 -36.6961 -6.31499
    endloop
  endfacet
  facet normal -0.975624 -0.219448 0
    outer loop
      vertex 11.5101 -36.6961 -5.29999
      vertex 11.5424 -36.8397 -6.31499
      vertex 11.5424 -36.8397 -5.29999
    endloop
  endfacet
  facet normal -0.359935 0.932978 0
    outer loop
      vertex 9.74805 -40.1966 -6.31499
      vertex 9.61067 -40.2496 -5.29999
      vertex 9.74805 -40.1966 -5.29999
    endloop
  endfacet
  facet normal -0.359935 0.932978 0
    outer loop
      vertex 9.61067 -40.2496 -5.29999
      vertex 9.74805 -40.1966 -6.31499
      vertex 9.61067 -40.2496 -6.31499
    endloop
  endfacet
  facet normal -0.723879 -0.689926 0
    outer loop
      vertex 10.8229 -35.4103 -6.31499
      vertex 10.7213 -35.3037 -5.29999
      vertex 10.7213 -35.3037 -6.31499
    endloop
  endfacet
  facet normal -0.723879 -0.689926 0
    outer loop
      vertex 10.7213 -35.3037 -5.29999
      vertex 10.8229 -35.4103 -6.31499
      vertex 10.8229 -35.4103 -5.29999
    endloop
  endfacet
  facet normal 0.757211 0.653171 0
    outer loop
      vertex 6.37715 -39.4397 -5.29999
      vertex 6.28097 -39.3282 -6.31499
      vertex 6.28097 -39.3282 -5.29999
    endloop
  endfacet
  facet normal 0.757211 0.653171 0
    outer loop
      vertex 6.28097 -39.3282 -6.31499
      vertex 6.37715 -39.4397 -5.29999
      vertex 6.37715 -39.4397 -6.31499
    endloop
  endfacet
  facet normal -0.96377 -0.266734 0
    outer loop
      vertex 11.5101 -36.6961 -6.31499
      vertex 11.4708 -36.5541 -5.29999
      vertex 11.4708 -36.5541 -6.31499
    endloop
  endfacet
  facet normal -0.96377 -0.266734 0
    outer loop
      vertex 11.4708 -36.5541 -5.29999
      vertex 11.5101 -36.6961 -6.31499
      vertex 11.5101 -36.6961 -5.29999
    endloop
  endfacet
  facet normal 0.170475 0.985362 -0
    outer loop
      vertex 8.15981 -40.3925 -6.31499
      vertex 8.01473 -40.3674 -5.29999
      vertex 8.15981 -40.3925 -5.29999
    endloop
  endfacet
  facet normal 0.170475 0.985362 0
    outer loop
      vertex 8.01473 -40.3674 -5.29999
      vertex 8.15981 -40.3925 -6.31499
      vertex 8.01473 -40.3674 -6.31499
    endloop
  endfacet
  facet normal 0.724117 0.689677 0
    outer loop
      vertex 6.47868 -39.5463 -5.29999
      vertex 6.37715 -39.4397 -6.31499
      vertex 6.37715 -39.4397 -5.29999
    endloop
  endfacet
  facet normal 0.724117 0.689677 0
    outer loop
      vertex 6.37715 -39.4397 -6.31499
      vertex 6.47868 -39.5463 -5.29999
      vertex 6.47868 -39.5463 -6.31499
    endloop
  endfacet
  facet normal -0.535117 -0.844778 0
    outer loop
      vertex 10.1423 -34.8518 -6.31499
      vertex 10.2667 -34.9306 -5.29999
      vertex 10.1423 -34.8518 -5.29999
    endloop
  endfacet
  facet normal -0.535117 -0.844778 -0
    outer loop
      vertex 10.2667 -34.9306 -5.29999
      vertex 10.1423 -34.8518 -6.31499
      vertex 10.2667 -34.9306 -6.31499
    endloop
  endfacet
  facet normal 0.652859 0.757479 -0
    outer loop
      vertex 6.69682 -39.744 -6.31499
      vertex 6.58532 -39.6479 -5.29999
      vertex 6.69682 -39.744 -5.29999
    endloop
  endfacet
  facet normal 0.652859 0.757479 0
    outer loop
      vertex 6.58532 -39.6479 -5.29999
      vertex 6.69682 -39.744 -6.31499
      vertex 6.58532 -39.6479 -6.31499
    endloop
  endfacet
  facet normal 0.86997 -0.493105 0
    outer loop
      vertex 6 -35.93 -5.29999
      vertex 6.02681 -35.8827 -6.31499
      vertex 6.02681 -35.8827 -5.29999
    endloop
  endfacet
  facet normal 0.86997 -0.493105 0
    outer loop
      vertex 6.02681 -35.8827 -6.31499
      vertex 6 -35.93 -5.29999
      vertex 6 -35.93 -6.31499
    endloop
  endfacet
  facet normal 0.615275 -0.788313 0
    outer loop
      vertex 6.69682 -35.106 -6.31499
      vertex 6.8129 -35.0154 -5.29999
      vertex 6.69682 -35.106 -5.29999
    endloop
  endfacet
  facet normal 0.615275 -0.788313 0
    outer loop
      vertex 6.8129 -35.0154 -5.29999
      vertex 6.69682 -35.106 -6.31499
      vertex 6.8129 -35.0154 -6.31499
    endloop
  endfacet
  facet normal 0.575862 -0.817547 0
    outer loop
      vertex 6.8129 -35.0154 -6.31499
      vertex 6.93329 -34.9306 -5.29999
      vertex 6.8129 -35.0154 -5.29999
    endloop
  endfacet
  facet normal 0.575862 -0.817547 0
    outer loop
      vertex 6.93329 -34.9306 -5.29999
      vertex 6.8129 -35.0154 -6.31499
      vertex 6.93329 -34.9306 -6.31499
    endloop
  endfacet
  facet normal -0.615209 -0.788364 0
    outer loop
      vertex 10.3871 -35.0154 -6.31499
      vertex 10.5032 -35.106 -5.29999
      vertex 10.3871 -35.0154 -5.29999
    endloop
  endfacet
  facet normal -0.615209 -0.788364 -0
    outer loop
      vertex 10.5032 -35.106 -5.29999
      vertex 10.3871 -35.0154 -6.31499
      vertex 10.5032 -35.106 -6.31499
    endloop
  endfacet
  facet normal 0.84484 0.53502 0
    outer loop
      vertex 6.10559 -39.0917 -5.29999
      vertex 6.02681 -38.9673 -6.31499
      vertex 6.02681 -38.9673 -5.29999
    endloop
  endfacet
  facet normal 0.84484 0.53502 0
    outer loop
      vertex 6.02681 -38.9673 -6.31499
      vertex 6.10559 -39.0917 -5.29999
      vertex 6.10559 -39.0917 -6.31499
    endloop
  endfacet
  facet normal 0.757211 -0.653171 0
    outer loop
      vertex 6.28097 -35.5218 -5.29999
      vertex 6.37715 -35.4103 -6.31499
      vertex 6.37715 -35.4103 -5.29999
    endloop
  endfacet
  facet normal 0.757211 -0.653171 0
    outer loop
      vertex 6.37715 -35.4103 -6.31499
      vertex 6.28097 -35.5218 -5.29999
      vertex 6.28097 -35.5218 -6.31499
    endloop
  endfacet
  facet normal 0.493006 -0.870026 0
    outer loop
      vertex 7.05769 -34.8518 -6.31499
      vertex 7.18581 -34.7792 -5.29999
      vertex 7.05769 -34.8518 -5.29999
    endloop
  endfacet
  facet normal 0.493006 -0.870026 0
    outer loop
      vertex 7.18581 -34.7792 -5.29999
      vertex 7.05769 -34.8518 -6.31499
      vertex 7.18581 -34.7792 -6.31499
    endloop
  endfacet
  facet normal 0.266891 0.963727 -0
    outer loop
      vertex 7.87106 -40.3351 -6.31499
      vertex 7.72915 -40.2958 -5.29999
      vertex 7.87106 -40.3351 -5.29999
    endloop
  endfacet
  facet normal 0.266891 0.963727 0
    outer loop
      vertex 7.72915 -40.2958 -5.29999
      vertex 7.87106 -40.3351 -6.31499
      vertex 7.72915 -40.2958 -6.31499
    endloop
  endfacet
  facet normal -0.652859 0.757479 0
    outer loop
      vertex 10.6147 -39.6479 -6.31499
      vertex 10.5032 -39.744 -5.29999
      vertex 10.6147 -39.6479 -5.29999
    endloop
  endfacet
  facet normal -0.652859 0.757479 0
    outer loop
      vertex 10.5032 -39.744 -5.29999
      vertex 10.6147 -39.6479 -6.31499
      vertex 10.5032 -39.744 -6.31499
    endloop
  endfacet
  facet normal -0.122915 0.992417 0
    outer loop
      vertex 9.04019 -40.3925 -6.31499
      vertex 8.89405 -40.4106 -5.29999
      vertex 9.04019 -40.3925 -5.29999
    endloop
  endfacet
  facet normal -0.122915 0.992417 0
    outer loop
      vertex 8.89405 -40.4106 -5.29999
      vertex 9.04019 -40.3925 -6.31499
      vertex 8.89405 -40.4106 -6.31499
    endloop
  endfacet
  facet normal -0.449548 0.893256 0
    outer loop
      vertex 10.0142 -40.0708 -6.31499
      vertex 9.88266 -40.137 -5.29999
      vertex 10.0142 -40.0708 -5.29999
    endloop
  endfacet
  facet normal -0.449548 0.893256 0
    outer loop
      vertex 9.88266 -40.137 -5.29999
      vertex 10.0142 -40.0708 -6.31499
      vertex 9.88266 -40.137 -6.31499
    endloop
  endfacet
  facet normal 0.86997 0.493105 0
    outer loop
      vertex 6.02681 -38.9673 -5.29999
      vertex 6 -38.92 -6.31499
      vertex 6 -38.92 -5.29999
    endloop
  endfacet
  facet normal 0.86997 0.493105 0
    outer loop
      vertex 6 -38.92 -6.31499
      vertex 6.02681 -38.9673 -5.29999
      vertex 6.02681 -38.9673 -6.31499
    endloop
  endfacet
  facet normal -0.266891 0.963727 0
    outer loop
      vertex 9.47085 -40.2958 -6.31499
      vertex 9.32894 -40.3351 -5.29999
      vertex 9.47085 -40.2958 -5.29999
    endloop
  endfacet
  facet normal -0.266891 0.963727 0
    outer loop
      vertex 9.32894 -40.3351 -5.29999
      vertex 9.47085 -40.2958 -6.31499
      vertex 9.32894 -40.3351 -6.31499
    endloop
  endfacet
  facet normal -0.404852 0.914382 0
    outer loop
      vertex 9.88266 -40.137 -6.31499
      vertex 9.74805 -40.1966 -5.29999
      vertex 9.88266 -40.137 -5.29999
    endloop
  endfacet
  facet normal -0.404852 0.914382 0
    outer loop
      vertex 9.74805 -40.1966 -5.29999
      vertex 9.88266 -40.137 -6.31499
      vertex 9.74805 -40.1966 -6.31499
    endloop
  endfacet
  facet normal 0.788397 -0.615167 0
    outer loop
      vertex 6.19038 -35.6379 -5.29999
      vertex 6.28097 -35.5218 -6.31499
      vertex 6.28097 -35.5218 -5.29999
    endloop
  endfacet
  facet normal 0.788397 -0.615167 0
    outer loop
      vertex 6.28097 -35.5218 -6.31499
      vertex 6.19038 -35.6379 -5.29999
      vertex 6.19038 -35.6379 -6.31499
    endloop
  endfacet
  facet normal 0.724117 -0.689677 0
    outer loop
      vertex 6.37715 -35.4103 -5.29999
      vertex 6.47868 -35.3037 -6.31499
      vertex 6.47868 -35.3037 -5.29999
    endloop
  endfacet
  facet normal 0.724117 -0.689677 0
    outer loop
      vertex 6.47868 -35.3037 -6.31499
      vertex 6.37715 -35.4103 -5.29999
      vertex 6.37715 -35.4103 -6.31499
    endloop
  endfacet
  facet normal -0.985366 0.170453 0
    outer loop
      vertex 11.5424 -38.0103 -6.31499
      vertex 11.5675 -37.8652 -5.29999
      vertex 11.5675 -37.8652 -6.31499
    endloop
  endfacet
  facet normal -0.985366 0.170453 0
    outer loop
      vertex 11.5675 -37.8652 -5.29999
      vertex 11.5424 -38.0103 -6.31499
      vertex 11.5424 -38.0103 -5.29999
    endloop
  endfacet
  facet normal 0.219346 0.975647 -0
    outer loop
      vertex 8.01473 -40.3674 -6.31499
      vertex 7.87106 -40.3351 -5.29999
      vertex 8.01473 -40.3674 -5.29999
    endloop
  endfacet
  facet normal 0.219346 0.975647 0
    outer loop
      vertex 7.87106 -40.3351 -5.29999
      vertex 8.01473 -40.3674 -6.31499
      vertex 7.87106 -40.3351 -6.31499
    endloop
  endfacet
  facet normal 0.313741 0.949509 -0
    outer loop
      vertex 7.72915 -40.2958 -6.31499
      vertex 7.58933 -40.2496 -5.29999
      vertex 7.72915 -40.2958 -5.29999
    endloop
  endfacet
  facet normal 0.313741 0.949509 0
    outer loop
      vertex 7.58933 -40.2496 -5.29999
      vertex 7.72915 -40.2958 -6.31499
      vertex 7.58933 -40.2496 -6.31499
    endloop
  endfacet
  facet normal 0.535117 -0.844778 0
    outer loop
      vertex 6.93329 -34.9306 -6.31499
      vertex 7.05769 -34.8518 -5.29999
      vertex 6.93329 -34.9306 -5.29999
    endloop
  endfacet
  facet normal 0.535117 -0.844778 0
    outer loop
      vertex 7.05769 -34.8518 -5.29999
      vertex 6.93329 -34.9306 -6.31499
      vertex 7.05769 -34.8518 -6.31499
    endloop
  endfacet
  facet normal -0.313741 0.949509 0
    outer loop
      vertex 9.61067 -40.2496 -6.31499
      vertex 9.47085 -40.2958 -5.29999
      vertex 9.61067 -40.2496 -5.29999
    endloop
  endfacet
  facet normal -0.313741 0.949509 0
    outer loop
      vertex 9.47085 -40.2958 -5.29999
      vertex 9.61067 -40.2496 -6.31499
      vertex 9.47085 -40.2958 -6.31499
    endloop
  endfacet
  facet normal 0.122915 0.992417 -0
    outer loop
      vertex 8.30595 -40.4106 -6.31499
      vertex 8.15981 -40.3925 -5.29999
      vertex 8.30595 -40.4106 -5.29999
    endloop
  endfacet
  facet normal 0.122915 0.992417 0
    outer loop
      vertex 8.15981 -40.3925 -5.29999
      vertex 8.30595 -40.4106 -6.31499
      vertex 8.15981 -40.3925 -6.31499
    endloop
  endfacet
  facet normal 0.266891 -0.963727 0
    outer loop
      vertex 7.72915 -34.5542 -6.31499
      vertex 7.87106 -34.5149 -5.29999
      vertex 7.72915 -34.5542 -5.29999
    endloop
  endfacet
  facet normal 0.266891 -0.963727 0
    outer loop
      vertex 7.87106 -34.5149 -5.29999
      vertex 7.72915 -34.5542 -6.31499
      vertex 7.87106 -34.5149 -6.31499
    endloop
  endfacet
  facet normal 0.788397 0.615167 0
    outer loop
      vertex 6.28097 -39.3282 -5.29999
      vertex 6.19038 -39.2121 -6.31499
      vertex 6.19038 -39.2121 -5.29999
    endloop
  endfacet
  facet normal 0.788397 0.615167 0
    outer loop
      vertex 6.19038 -39.2121 -6.31499
      vertex 6.28097 -39.3282 -5.29999
      vertex 6.28097 -39.3282 -6.31499
    endloop
  endfacet
  facet normal 0.817602 0.575784 0
    outer loop
      vertex 6.19038 -39.2121 -5.29999
      vertex 6.10559 -39.0917 -6.31499
      vertex 6.10559 -39.0917 -5.29999
    endloop
  endfacet
  facet normal 0.817602 0.575784 0
    outer loop
      vertex 6.10559 -39.0917 -6.31499
      vertex 6.19038 -39.2121 -5.29999
      vertex 6.19038 -39.2121 -6.31499
    endloop
  endfacet
  facet normal -0.266891 -0.963727 0
    outer loop
      vertex 9.32894 -34.5149 -6.31499
      vertex 9.47085 -34.5542 -5.29999
      vertex 9.32894 -34.5149 -5.29999
    endloop
  endfacet
  facet normal -0.266891 -0.963727 -0
    outer loop
      vertex 9.47085 -34.5542 -5.29999
      vertex 9.32894 -34.5149 -6.31499
      vertex 9.47085 -34.5542 -6.31499
    endloop
  endfacet
  facet normal -0.757479 -0.652859 0
    outer loop
      vertex 10.919 -35.5218 -6.31499
      vertex 10.8229 -35.4103 -5.29999
      vertex 10.8229 -35.4103 -6.31499
    endloop
  endfacet
  facet normal -0.757479 -0.652859 0
    outer loop
      vertex 10.8229 -35.4103 -5.29999
      vertex 10.919 -35.5218 -6.31499
      vertex 10.919 -35.5218 -5.29999
    endloop
  endfacet
  facet normal -0.844778 0.535117 0
    outer loop
      vertex 11.0944 -39.0917 -6.31499
      vertex 11.1732 -38.9673 -5.29999
      vertex 11.1732 -38.9673 -6.31499
    endloop
  endfacet
  facet normal -0.844778 0.535117 0
    outer loop
      vertex 11.1732 -38.9673 -5.29999
      vertex 11.0944 -39.0917 -6.31499
      vertex 11.0944 -39.0917 -5.29999
    endloop
  endfacet
  facet normal 0.404827 -0.914393 0
    outer loop
      vertex 7.31733 -34.713 -6.31499
      vertex 7.45195 -34.6534 -5.29999
      vertex 7.31733 -34.713 -5.29999
    endloop
  endfacet
  facet normal 0.404827 -0.914393 0
    outer loop
      vertex 7.45195 -34.6534 -5.29999
      vertex 7.31733 -34.713 -6.31499
      vertex 7.45195 -34.6534 -6.31499
    endloop
  endfacet
  facet normal 0.575862 0.817547 -0
    outer loop
      vertex 6.93329 -39.9194 -6.31499
      vertex 6.8129 -39.8346 -5.29999
      vertex 6.93329 -39.9194 -5.29999
    endloop
  endfacet
  facet normal 0.575862 0.817547 0
    outer loop
      vertex 6.8129 -39.8346 -5.29999
      vertex 6.93329 -39.9194 -6.31499
      vertex 6.8129 -39.8346 -6.31499
    endloop
  endfacet
  facet normal 0.535117 0.844778 -0
    outer loop
      vertex 7.05769 -39.9982 -6.31499
      vertex 6.93329 -39.9194 -5.29999
      vertex 7.05769 -39.9982 -5.29999
    endloop
  endfacet
  facet normal 0.535117 0.844778 0
    outer loop
      vertex 6.93329 -39.9194 -5.29999
      vertex 7.05769 -39.9982 -6.31499
      vertex 6.93329 -39.9194 -6.31499
    endloop
  endfacet
  facet normal -1 0 0
    outer loop
      vertex 11.2 -44.925 -21.25
      vertex 11.2 -43.925 -13.75
      vertex 11.2 -43.925 -21.25
    endloop
  endfacet
  facet normal -1 -0 0
    outer loop
      vertex 11.2 -43.925 -13.75
      vertex 11.2 -44.925 -21.25
      vertex 11.2 -44.925 -13.75
    endloop
  endfacet
  facet normal 0 0 -1
    outer loop
      vertex -4.4 -44.925 -13.75
      vertex 11.2 -43.925 -13.75
      vertex 11.2 -44.925 -13.75
    endloop
  endfacet
  facet normal -0 0 -1
    outer loop
      vertex 11.2 -43.925 -13.75
      vertex -4.4 -44.925 -13.75
      vertex -4.4 -43.925 -13.75
    endloop
  endfacet
  facet normal -0 0 1
    outer loop
      vertex -4.4 -43.925 -21.25
      vertex 11.2 -44.925 -21.25
      vertex 11.2 -43.925 -21.25
    endloop
  endfacet
  facet normal 0 0 1
    outer loop
      vertex 11.2 -44.925 -21.25
      vertex -4.4 -43.925 -21.25
      vertex -4.4 -44.925 -21.25
    endloop
  endfacet
  facet normal 1 -0 0
    outer loop
      vertex -4.4 -44.925 -13.75
      vertex -4.4 -43.925 -21.25
      vertex -4.4 -43.925 -13.75
    endloop
  endfacet
  facet normal 1 0 0
    outer loop
      vertex -4.4 -43.925 -21.25
      vertex -4.4 -44.925 -13.75
      vertex -4.4 -44.925 -21.25
    endloop
  endfacet
  facet normal 0.992413 0.122948 0
    outer loop
      vertex -40.6725 36.9848 -5.29999
      vertex -40.6906 37.1309 -6.31499
      vertex -40.6906 37.1309 -5.29999
    endloop
  endfacet
  facet normal 0.992413 0.122948 0
    outer loop
      vertex -40.6906 37.1309 -6.31499
      vertex -40.6725 36.9848 -5.29999
      vertex -40.6725 36.9848 -6.31499
    endloop
  endfacet
  facet normal 0.975624 0.219448 0
    outer loop
      vertex -40.6151 36.6961 -5.29999
      vertex -40.6474 36.8397 -6.31499
      vertex -40.6474 36.8397 -5.29999
    endloop
  endfacet
  facet normal 0.975624 0.219448 0
    outer loop
      vertex -40.6474 36.8397 -6.31499
      vertex -40.6151 36.6961 -5.29999
      vertex -40.6151 36.6961 -6.31499
    endloop
  endfacet
  facet normal 0.999701 0.0244492 0
    outer loop
      vertex -40.7014 37.2778 -5.29999
      vertex -40.705 37.425 -6.31499
      vertex -40.705 37.425 -5.29999
    endloop
  endfacet
  facet normal 0.999701 0.0244492 0
    outer loop
      vertex -40.705 37.425 -6.31499
      vertex -40.7014 37.2778 -5.29999
      vertex -40.7014 37.2778 -6.31499
    endloop
  endfacet
  facet normal -0.0733215 0.997308 0
    outer loop
      vertex -37.4109 34.4394 -6.31499
      vertex -37.5578 34.4286 -5.29999
      vertex -37.4109 34.4394 -5.29999
    endloop
  endfacet
  facet normal -0.0733215 0.997308 0
    outer loop
      vertex -37.5578 34.4286 -5.29999
      vertex -37.4109 34.4394 -6.31499
      vertex -37.5578 34.4286 -6.31499
    endloop
  endfacet
  facet normal -0.757479 -0.652859 0
    outer loop
      vertex -35.386 39.3282 -6.31499
      vertex -35.4821 39.4397 -5.29999
      vertex -35.4821 39.4397 -6.31499
    endloop
  endfacet
  facet normal -0.757479 -0.652859 0
    outer loop
      vertex -35.4821 39.4397 -5.29999
      vertex -35.386 39.3282 -6.31499
      vertex -35.386 39.3282 -5.29999
    endloop
  endfacet
  facet normal -0.359889 0.932995 0
    outer loop
      vertex -36.5569 34.6534 -6.31499
      vertex -36.6943 34.6004 -5.29999
      vertex -36.5569 34.6534 -5.29999
    endloop
  endfacet
  facet normal -0.359889 0.932995 0
    outer loop
      vertex -36.6943 34.6004 -5.29999
      vertex -36.5569 34.6534 -6.31499
      vertex -36.6943 34.6004 -6.31499
    endloop
  endfacet
  facet normal 0.219448 0.975624 -0
    outer loop
      vertex -38.2903 34.4826 -6.31499
      vertex -38.4339 34.5149 -5.29999
      vertex -38.2903 34.4826 -5.29999
    endloop
  endfacet
  facet normal 0.219448 0.975624 0
    outer loop
      vertex -38.4339 34.5149 -5.29999
      vertex -38.2903 34.4826 -6.31499
      vertex -38.4339 34.5149 -6.31499
    endloop
  endfacet
  facet normal 0.493064 -0.869993 0
    outer loop
      vertex -39.2473 39.9982 -6.31499
      vertex -39.1192 40.0708 -5.29999
      vertex -39.2473 39.9982 -5.29999
    endloop
  endfacet
  facet normal 0.493064 -0.869993 0
    outer loop
      vertex -39.1192 40.0708 -5.29999
      vertex -39.2473 39.9982 -6.31499
      vertex -39.1192 40.0708 -6.31499
    endloop
  endfacet
  facet normal -0.535117 -0.844778 0
    outer loop
      vertex -36.1627 39.9982 -6.31499
      vertex -36.0383 39.9194 -5.29999
      vertex -36.1627 39.9982 -5.29999
    endloop
  endfacet
  facet normal -0.535117 -0.844778 -0
    outer loop
      vertex -36.0383 39.9194 -5.29999
      vertex -36.1627 39.9982 -6.31499
      vertex -36.0383 39.9194 -6.31499
    endloop
  endfacet
  facet normal -0.757479 0.652859 0
    outer loop
      vertex -35.4821 35.4103 -6.31499
      vertex -35.386 35.5218 -5.29999
      vertex -35.386 35.5218 -6.31499
    endloop
  endfacet
  facet normal -0.757479 0.652859 0
    outer loop
      vertex -35.386 35.5218 -5.29999
      vertex -35.4821 35.4103 -6.31499
      vertex -35.4821 35.4103 -5.29999
    endloop
  endfacet
  facet normal -0.870048 0.492966 0
    outer loop
      vertex -35.1318 35.8827 -6.31499
      vertex -35.105 35.93 -5.29999
      vertex -35.105 35.93 -6.31499
    endloop
  endfacet
  facet normal -0.870048 0.492966 0
    outer loop
      vertex -35.105 35.93 -5.29999
      vertex -35.1318 35.8827 -6.31499
      vertex -35.1318 35.8827 -5.29999
    endloop
  endfacet
  facet normal -0.870048 -0.492966 0
    outer loop
      vertex -35.105 38.92 -6.31499
      vertex -35.1318 38.9673 -5.29999
      vertex -35.1318 38.9673 -6.31499
    endloop
  endfacet
  facet normal -0.870048 -0.492966 0
    outer loop
      vertex -35.1318 38.9673 -5.29999
      vertex -35.105 38.92 -6.31499
      vertex -35.105 38.92 -5.29999
    endloop
  endfacet
  facet normal 0.949495 -0.313782 0
    outer loop
      vertex -40.5758 38.2959 -5.29999
      vertex -40.5296 38.4357 -6.31499
      vertex -40.5296 38.4357 -5.29999
    endloop
  endfacet
  facet normal 0.949495 -0.313782 0
    outer loop
      vertex -40.5296 38.4357 -6.31499
      vertex -40.5758 38.2959 -5.29999
      vertex -40.5758 38.2959 -6.31499
    endloop
  endfacet
  facet normal 0.313782 -0.949495 0
    outer loop
      vertex -38.7157 40.2496 -6.31499
      vertex -38.5759 40.2958 -5.29999
      vertex -38.7157 40.2496 -5.29999
    endloop
  endfacet
  facet normal 0.313782 -0.949495 0
    outer loop
      vertex -38.5759 40.2958 -5.29999
      vertex -38.7157 40.2496 -6.31499
      vertex -38.5759 40.2958 -6.31499
    endloop
  endfacet
  facet normal -0.689926 -0.723879 0
    outer loop
      vertex -35.6903 39.6479 -6.31499
      vertex -35.5837 39.5463 -5.29999
      vertex -35.6903 39.6479 -5.29999
    endloop
  endfacet
  facet normal -0.689926 -0.723879 -0
    outer loop
      vertex -35.5837 39.5463 -5.29999
      vertex -35.6903 39.6479 -6.31499
      vertex -35.5837 39.5463 -6.31499
    endloop
  endfacet
  facet normal 0.757479 -0.652859 0
    outer loop
      vertex -40.024 39.3282 -5.29999
      vertex -39.9279 39.4397 -6.31499
      vertex -39.9279 39.4397 -5.29999
    endloop
  endfacet
  facet normal 0.757479 -0.652859 0
    outer loop
      vertex -39.9279 39.4397 -6.31499
      vertex -40.024 39.3282 -5.29999
      vertex -40.024 39.3282 -6.31499
    endloop
  endfacet
  facet normal -0.57583 -0.81757 0
    outer loop
      vertex -36.0383 39.9194 -6.31499
      vertex -35.9179 39.8346 -5.29999
      vertex -36.0383 39.9194 -5.29999
    endloop
  endfacet
  facet normal -0.57583 -0.81757 -0
    outer loop
      vertex -35.9179 39.8346 -5.29999
      vertex -36.0383 39.9194 -6.31499
      vertex -35.9179 39.8346 -6.31499
    endloop
  endfacet
  facet normal -0.652859 -0.757479 0
    outer loop
      vertex -35.8018 39.744 -6.31499
      vertex -35.6903 39.6479 -5.29999
      vertex -35.8018 39.744 -5.29999
    endloop
  endfacet
  facet normal -0.652859 -0.757479 -0
    outer loop
      vertex -35.6903 39.6479 -5.29999
      vertex -35.8018 39.744 -6.31499
      vertex -35.6903 39.6479 -6.31499
    endloop
  endfacet
  facet normal -0.219448 0.975624 0
    outer loop
      vertex -36.9761 34.5149 -6.31499
      vertex -37.1197 34.4826 -5.29999
      vertex -36.9761 34.5149 -5.29999
    endloop
  endfacet
  facet normal -0.219448 0.975624 0
    outer loop
      vertex -37.1197 34.4826 -5.29999
      vertex -36.9761 34.5149 -6.31499
      vertex -37.1197 34.4826 -6.31499
    endloop
  endfacet
  facet normal 0.723879 0.689926 0
    outer loop
      vertex -39.8263 35.3037 -5.29999
      vertex -39.9279 35.4103 -6.31499
      vertex -39.9279 35.4103 -5.29999
    endloop
  endfacet
  facet normal 0.723879 0.689926 0
    outer loop
      vertex -39.9279 35.4103 -6.31499
      vertex -39.8263 35.3037 -5.29999
      vertex -39.8263 35.3037 -6.31499
    endloop
  endfacet
  facet normal 0.122948 -0.992413 0
    outer loop
      vertex -38.1452 40.3925 -6.31499
      vertex -37.9991 40.4106 -5.29999
      vertex -38.1452 40.3925 -5.29999
    endloop
  endfacet
  facet normal 0.122948 -0.992413 0
    outer loop
      vertex -37.9991 40.4106 -5.29999
      vertex -38.1452 40.3925 -6.31499
      vertex -37.9991 40.4106 -6.31499
    endloop
  endfacet
  facet normal 0.689926 -0.723879 0
    outer loop
      vertex -39.8263 39.5463 -6.31499
      vertex -39.7197 39.6479 -5.29999
      vertex -39.8263 39.5463 -5.29999
    endloop
  endfacet
  facet normal 0.689926 -0.723879 0
    outer loop
      vertex -39.7197 39.6479 -5.29999
      vertex -39.8263 39.5463 -6.31499
      vertex -39.7197 39.6479 -6.31499
    endloop
  endfacet
  facet normal -0.723879 0.689926 0
    outer loop
      vertex -35.5837 35.3037 -6.31499
      vertex -35.4821 35.4103 -5.29999
      vertex -35.4821 35.4103 -6.31499
    endloop
  endfacet
  facet normal -0.723879 0.689926 0
    outer loop
      vertex -35.4821 35.4103 -5.29999
      vertex -35.5837 35.3037 -6.31499
      vertex -35.5837 35.3037 -5.29999
    endloop
  endfacet
  facet normal 0.652859 0.757479 -0
    outer loop
      vertex -39.6082 35.106 -6.31499
      vertex -39.7197 35.2021 -5.29999
      vertex -39.6082 35.106 -5.29999
    endloop
  endfacet
  facet normal 0.652859 0.757479 0
    outer loop
      vertex -39.7197 35.2021 -5.29999
      vertex -39.6082 35.106 -6.31499
      vertex -39.7197 35.2021 -6.31499
    endloop
  endfacet
  facet normal 0.535117 -0.844778 0
    outer loop
      vertex -39.3717 39.9194 -6.31499
      vertex -39.2473 39.9982 -5.29999
      vertex -39.3717 39.9194 -5.29999
    endloop
  endfacet
  facet normal 0.535117 -0.844778 0
    outer loop
      vertex -39.2473 39.9982 -5.29999
      vertex -39.3717 39.9194 -6.31499
      vertex -39.2473 39.9982 -6.31499
    endloop
  endfacet
  facet normal 0.0733215 -0.997308 0
    outer loop
      vertex -37.9991 40.4106 -6.31499
      vertex -37.8522 40.4214 -5.29999
      vertex -37.9991 40.4106 -5.29999
    endloop
  endfacet
  facet normal 0.0733215 -0.997308 0
    outer loop
      vertex -37.8522 40.4214 -5.29999
      vertex -37.9991 40.4106 -6.31499
      vertex -37.8522 40.4214 -6.31499
    endloop
  endfacet
  facet normal -0.122948 -0.992413 0
    outer loop
      vertex -37.4109 40.4106 -6.31499
      vertex -37.2648 40.3925 -5.29999
      vertex -37.4109 40.4106 -5.29999
    endloop
  endfacet
  facet normal -0.122948 -0.992413 -0
    outer loop
      vertex -37.2648 40.3925 -5.29999
      vertex -37.4109 40.4106 -6.31499
      vertex -37.2648 40.3925 -6.31499
    endloop
  endfacet
  facet normal 0.57583 -0.81757 0
    outer loop
      vertex -39.4921 39.8346 -6.31499
      vertex -39.3717 39.9194 -5.29999
      vertex -39.4921 39.8346 -5.29999
    endloop
  endfacet
  facet normal 0.57583 -0.81757 0
    outer loop
      vertex -39.3717 39.9194 -5.29999
      vertex -39.4921 39.8346 -6.31499
      vertex -39.3717 39.9194 -6.31499
    endloop
  endfacet
  facet normal -0.844778 0.535117 0
    outer loop
      vertex -35.2106 35.7583 -6.31499
      vertex -35.1318 35.8827 -5.29999
      vertex -35.1318 35.8827 -6.31499
    endloop
  endfacet
  facet normal -0.844778 0.535117 0
    outer loop
      vertex -35.1318 35.8827 -5.29999
      vertex -35.2106 35.7583 -6.31499
      vertex -35.2106 35.7583 -5.29999
    endloop
  endfacet
  facet normal 0.266734 0.96377 -0
    outer loop
      vertex -38.4339 34.5149 -6.31499
      vertex -38.5759 34.5542 -5.29999
      vertex -38.4339 34.5149 -5.29999
    endloop
  endfacet
  facet normal 0.266734 0.96377 0
    outer loop
      vertex -38.5759 34.5542 -5.29999
      vertex -38.4339 34.5149 -6.31499
      vertex -38.5759 34.5542 -6.31499
    endloop
  endfacet
  facet normal 0.949495 0.313782 0
    outer loop
      vertex -40.5296 36.4143 -5.29999
      vertex -40.5758 36.5541 -6.31499
      vertex -40.5758 36.5541 -5.29999
    endloop
  endfacet
  facet normal 0.949495 0.313782 0
    outer loop
      vertex -40.5758 36.5541 -6.31499
      vertex -40.5296 36.4143 -5.29999
      vertex -40.5296 36.4143 -6.31499
    endloop
  endfacet
  facet normal -0.81757 -0.57583 0
    outer loop
      vertex -35.2106 39.0917 -6.31499
      vertex -35.2954 39.2121 -5.29999
      vertex -35.2954 39.2121 -6.31499
    endloop
  endfacet
  facet normal -0.81757 -0.57583 0
    outer loop
      vertex -35.2954 39.2121 -5.29999
      vertex -35.2106 39.0917 -6.31499
      vertex -35.2106 39.0917 -5.29999
    endloop
  endfacet
  facet normal 0.219448 -0.975624 0
    outer loop
      vertex -38.4339 40.3351 -6.31499
      vertex -38.2903 40.3674 -5.29999
      vertex -38.4339 40.3351 -5.29999
    endloop
  endfacet
  facet normal 0.219448 -0.975624 0
    outer loop
      vertex -38.2903 40.3674 -5.29999
      vertex -38.4339 40.3351 -6.31499
      vertex -38.2903 40.3674 -6.31499
    endloop
  endfacet
  facet normal 0.844778 0.535117 0
    outer loop
      vertex -40.1994 35.7583 -5.29999
      vertex -40.2782 35.8827 -6.31499
      vertex -40.2782 35.8827 -5.29999
    endloop
  endfacet
  facet normal 0.844778 0.535117 0
    outer loop
      vertex -40.2782 35.8827 -6.31499
      vertex -40.1994 35.7583 -5.29999
      vertex -40.1994 35.7583 -6.31499
    endloop
  endfacet
  facet normal -0.170453 0.985366 0
    outer loop
      vertex -37.1197 34.4826 -6.31499
      vertex -37.2648 34.4575 -5.29999
      vertex -37.1197 34.4826 -5.29999
    endloop
  endfacet
  facet normal -0.170453 0.985366 0
    outer loop
      vertex -37.2648 34.4575 -5.29999
      vertex -37.1197 34.4826 -6.31499
      vertex -37.2648 34.4575 -6.31499
    endloop
  endfacet
  facet normal 0.997308 0.0733215 0
    outer loop
      vertex -40.6906 37.1309 -5.29999
      vertex -40.7014 37.2778 -6.31499
      vertex -40.7014 37.2778 -5.29999
    endloop
  endfacet
  facet normal 0.997308 0.0733215 0
    outer loop
      vertex -40.7014 37.2778 -6.31499
      vertex -40.6906 37.1309 -5.29999
      vertex -40.6906 37.1309 -6.31499
    endloop
  endfacet
  facet normal 0.723879 -0.689926 0
    outer loop
      vertex -39.9279 39.4397 -5.29999
      vertex -39.8263 39.5463 -6.31499
      vertex -39.8263 39.5463 -5.29999
    endloop
  endfacet
  facet normal 0.723879 -0.689926 0
    outer loop
      vertex -39.8263 39.5463 -6.31499
      vertex -39.9279 39.4397 -5.29999
      vertex -39.9279 39.4397 -6.31499
    endloop
  endfacet
  facet normal -0.652859 0.757479 0
    outer loop
      vertex -35.6903 35.2021 -6.31499
      vertex -35.8018 35.106 -5.29999
      vertex -35.6903 35.2021 -5.29999
    endloop
  endfacet
  facet normal -0.652859 0.757479 0
    outer loop
      vertex -35.8018 35.106 -5.29999
      vertex -35.6903 35.2021 -6.31499
      vertex -35.8018 35.106 -6.31499
    endloop
  endfacet
  facet normal 0.122948 0.992413 -0
    outer loop
      vertex -37.9991 34.4394 -6.31499
      vertex -38.1452 34.4575 -5.29999
      vertex -37.9991 34.4394 -5.29999
    endloop
  endfacet
  facet normal 0.122948 0.992413 0
    outer loop
      vertex -38.1452 34.4575 -5.29999
      vertex -37.9991 34.4394 -6.31499
      vertex -38.1452 34.4575 -6.31499
    endloop
  endfacet
  facet normal -0.0244492 0.999701 0
    outer loop
      vertex -37.5578 34.4286 -6.31499
      vertex -37.705 34.425 -5.29999
      vertex -37.5578 34.4286 -5.29999
    endloop
  endfacet
  facet normal -0.0244492 0.999701 0
    outer loop
      vertex -37.705 34.425 -5.29999
      vertex -37.5578 34.4286 -6.31499
      vertex -37.705 34.425 -6.31499
    endloop
  endfacet
  facet normal 0.615209 0.788364 -0
    outer loop
      vertex -39.4921 35.0154 -6.31499
      vertex -39.6082 35.106 -5.29999
      vertex -39.4921 35.0154 -5.29999
    endloop
  endfacet
  facet normal 0.615209 0.788364 0
    outer loop
      vertex -39.6082 35.106 -5.29999
      vertex -39.4921 35.0154 -6.31499
      vertex -39.6082 35.106 -6.31499
    endloop
  endfacet
  facet normal 0.999701 -0.0244492 0
    outer loop
      vertex -40.705 37.425 -5.29999
      vertex -40.7014 37.5722 -6.31499
      vertex -40.7014 37.5722 -5.29999
    endloop
  endfacet
  facet normal 0.999701 -0.0244492 0
    outer loop
      vertex -40.7014 37.5722 -6.31499
      vertex -40.705 37.425 -5.29999
      vertex -40.705 37.425 -6.31499
    endloop
  endfacet
  facet normal -0.788364 0.615209 0
    outer loop
      vertex -35.386 35.5218 -6.31499
      vertex -35.2954 35.6379 -5.29999
      vertex -35.2954 35.6379 -6.31499
    endloop
  endfacet
  facet normal -0.788364 0.615209 0
    outer loop
      vertex -35.2954 35.6379 -5.29999
      vertex -35.386 35.5218 -6.31499
      vertex -35.386 35.5218 -5.29999
    endloop
  endfacet
  facet normal 0.992413 -0.122948 0
    outer loop
      vertex -40.6906 37.7191 -5.29999
      vertex -40.6725 37.8652 -6.31499
      vertex -40.6725 37.8652 -5.29999
    endloop
  endfacet
  facet normal 0.992413 -0.122948 0
    outer loop
      vertex -40.6725 37.8652 -6.31499
      vertex -40.6906 37.7191 -5.29999
      vertex -40.6906 37.7191 -6.31499
    endloop
  endfacet
  facet normal 0.985366 0.170453 0
    outer loop
      vertex -40.6474 36.8397 -5.29999
      vertex -40.6725 36.9848 -6.31499
      vertex -40.6725 36.9848 -5.29999
    endloop
  endfacet
  facet normal 0.985366 0.170453 0
    outer loop
      vertex -40.6725 36.9848 -6.31499
      vertex -40.6474 36.8397 -5.29999
      vertex -40.6474 36.8397 -6.31499
    endloop
  endfacet
  facet normal 0.975624 -0.219448 0
    outer loop
      vertex -40.6474 38.0103 -5.29999
      vertex -40.6151 38.1539 -6.31499
      vertex -40.6151 38.1539 -5.29999
    endloop
  endfacet
  facet normal 0.975624 -0.219448 0
    outer loop
      vertex -40.6151 38.1539 -6.31499
      vertex -40.6474 38.0103 -5.29999
      vertex -40.6474 38.0103 -6.31499
    endloop
  endfacet
  facet normal -0.493064 -0.869993 0
    outer loop
      vertex -36.2908 40.0708 -6.31499
      vertex -36.1627 39.9982 -5.29999
      vertex -36.2908 40.0708 -5.29999
    endloop
  endfacet
  facet normal -0.493064 -0.869993 -0
    outer loop
      vertex -36.1627 39.9982 -5.29999
      vertex -36.2908 40.0708 -6.31499
      vertex -36.1627 39.9982 -6.31499
    endloop
  endfacet
  facet normal -0.535117 0.844778 0
    outer loop
      vertex -36.0383 34.9306 -6.31499
      vertex -36.1627 34.8518 -5.29999
      vertex -36.0383 34.9306 -5.29999
    endloop
  endfacet
  facet normal -0.535117 0.844778 0
    outer loop
      vertex -36.1627 34.8518 -5.29999
      vertex -36.0383 34.9306 -6.31499
      vertex -36.1627 34.8518 -6.31499
    endloop
  endfacet
  facet normal -0.404877 -0.914371 0
    outer loop
      vertex -36.5569 40.1966 -6.31499
      vertex -36.4223 40.137 -5.29999
      vertex -36.5569 40.1966 -5.29999
    endloop
  endfacet
  facet normal -0.404877 -0.914371 -0
    outer loop
      vertex -36.4223 40.137 -5.29999
      vertex -36.5569 40.1966 -6.31499
      vertex -36.4223 40.137 -6.31499
    endloop
  endfacet
  facet normal 0.788364 -0.615209 0
    outer loop
      vertex -40.1146 39.2121 -5.29999
      vertex -40.024 39.3282 -6.31499
      vertex -40.024 39.3282 -5.29999
    endloop
  endfacet
  facet normal 0.788364 -0.615209 0
    outer loop
      vertex -40.024 39.3282 -6.31499
      vertex -40.1146 39.2121 -5.29999
      vertex -40.1146 39.2121 -6.31499
    endloop
  endfacet
  facet normal -0.170453 -0.985366 0
    outer loop
      vertex -37.2648 40.3925 -6.31499
      vertex -37.1197 40.3674 -5.29999
      vertex -37.2648 40.3925 -5.29999
    endloop
  endfacet
  facet normal -0.170453 -0.985366 -0
    outer loop
      vertex -37.1197 40.3674 -5.29999
      vertex -37.2648 40.3925 -6.31499
      vertex -37.1197 40.3674 -6.31499
    endloop
  endfacet
  facet normal -0.689926 0.723879 0
    outer loop
      vertex -35.5837 35.3037 -6.31499
      vertex -35.6903 35.2021 -5.29999
      vertex -35.5837 35.3037 -5.29999
    endloop
  endfacet
  facet normal -0.689926 0.723879 0
    outer loop
      vertex -35.6903 35.2021 -5.29999
      vertex -35.5837 35.3037 -6.31499
      vertex -35.6903 35.2021 -6.31499
    endloop
  endfacet
  facet normal 0.869993 0.493064 0
    outer loop
      vertex -40.2782 35.8827 -5.29999
      vertex -40.3508 36.0108 -6.31499
      vertex -40.3508 36.0108 -5.29999
    endloop
  endfacet
  facet normal 0.869993 0.493064 0
    outer loop
      vertex -40.3508 36.0108 -6.31499
      vertex -40.2782 35.8827 -5.29999
      vertex -40.2782 35.8827 -6.31499
    endloop
  endfacet
  facet normal 0.914482 -0.404626 0
    outer loop
      vertex -40.4766 38.573 -5.29999
      vertex -40.417 38.7077 -6.31499
      vertex -40.417 38.7077 -5.29999
    endloop
  endfacet
  facet normal 0.914482 -0.404626 0
    outer loop
      vertex -40.417 38.7077 -6.31499
      vertex -40.4766 38.573 -5.29999
      vertex -40.4766 38.573 -6.31499
    endloop
  endfacet
  facet normal 0.757479 0.652859 0
    outer loop
      vertex -39.9279 35.4103 -5.29999
      vertex -40.024 35.5218 -6.31499
      vertex -40.024 35.5218 -5.29999
    endloop
  endfacet
  facet normal 0.757479 0.652859 0
    outer loop
      vertex -40.024 35.5218 -6.31499
      vertex -39.9279 35.4103 -5.29999
      vertex -39.9279 35.4103 -6.31499
    endloop
  endfacet
  facet normal -0.723879 -0.689926 0
    outer loop
      vertex -35.4821 39.4397 -6.31499
      vertex -35.5837 39.5463 -5.29999
      vertex -35.5837 39.5463 -6.31499
    endloop
  endfacet
  facet normal -0.723879 -0.689926 0
    outer loop
      vertex -35.5837 39.5463 -5.29999
      vertex -35.4821 39.4397 -6.31499
      vertex -35.4821 39.4397 -5.29999
    endloop
  endfacet
  facet normal 0.0733215 0.997308 -0
    outer loop
      vertex -37.8522 34.4286 -6.31499
      vertex -37.9991 34.4394 -5.29999
      vertex -37.8522 34.4286 -5.29999
    endloop
  endfacet
  facet normal 0.0733215 0.997308 0
    outer loop
      vertex -37.9991 34.4394 -5.29999
      vertex -37.8522 34.4286 -6.31499
      vertex -37.9991 34.4394 -6.31499
    endloop
  endfacet
  facet normal 0.493064 0.869993 -0
    outer loop
      vertex -39.1192 34.7792 -6.31499
      vertex -39.2473 34.8518 -5.29999
      vertex -39.1192 34.7792 -5.29999
    endloop
  endfacet
  facet normal 0.493064 0.869993 0
    outer loop
      vertex -39.2473 34.8518 -5.29999
      vertex -39.1192 34.7792 -6.31499
      vertex -39.2473 34.8518 -6.31499
    endloop
  endfacet
  facet normal 0.893201 -0.449657 0
    outer loop
      vertex -40.417 38.7077 -5.29999
      vertex -40.3508 38.8392 -6.31499
      vertex -40.3508 38.8392 -5.29999
    endloop
  endfacet
  facet normal 0.893201 -0.449657 0
    outer loop
      vertex -40.3508 38.8392 -6.31499
      vertex -40.417 38.7077 -5.29999
      vertex -40.417 38.7077 -6.31499
    endloop
  endfacet
  facet normal -0.449657 -0.893201 0
    outer loop
      vertex -36.4223 40.137 -6.31499
      vertex -36.2908 40.0708 -5.29999
      vertex -36.4223 40.137 -5.29999
    endloop
  endfacet
  facet normal -0.449657 -0.893201 -0
    outer loop
      vertex -36.2908 40.0708 -5.29999
      vertex -36.4223 40.137 -6.31499
      vertex -36.2908 40.0708 -6.31499
    endloop
  endfacet
  facet normal -0.788364 -0.615209 0
    outer loop
      vertex -35.2954 39.2121 -6.31499
      vertex -35.386 39.3282 -5.29999
      vertex -35.386 39.3282 -6.31499
    endloop
  endfacet
  facet normal -0.788364 -0.615209 0
    outer loop
      vertex -35.386 39.3282 -5.29999
      vertex -35.2954 39.2121 -6.31499
      vertex -35.2954 39.2121 -5.29999
    endloop
  endfacet
  facet normal 0.359889 0.932995 -0
    outer loop
      vertex -38.7157 34.6004 -6.31499
      vertex -38.8531 34.6534 -5.29999
      vertex -38.7157 34.6004 -5.29999
    endloop
  endfacet
  facet normal 0.359889 0.932995 0
    outer loop
      vertex -38.8531 34.6534 -5.29999
      vertex -38.7157 34.6004 -6.31499
      vertex -38.8531 34.6534 -6.31499
    endloop
  endfacet
  facet normal -0.57583 0.81757 0
    outer loop
      vertex -35.9179 35.0154 -6.31499
      vertex -36.0383 34.9306 -5.29999
      vertex -35.9179 35.0154 -5.29999
    endloop
  endfacet
  facet normal -0.57583 0.81757 0
    outer loop
      vertex -36.0383 34.9306 -5.29999
      vertex -35.9179 35.0154 -6.31499
      vertex -36.0383 34.9306 -6.31499
    endloop
  endfacet
  facet normal -0.0244492 -0.999701 0
    outer loop
      vertex -37.705 40.425 -6.31499
      vertex -37.5578 40.4214 -5.29999
      vertex -37.705 40.425 -5.29999
    endloop
  endfacet
  facet normal -0.0244492 -0.999701 -0
    outer loop
      vertex -37.5578 40.4214 -5.29999
      vertex -37.705 40.425 -6.31499
      vertex -37.5578 40.4214 -6.31499
    endloop
  endfacet
  facet normal 0.914482 0.404626 0
    outer loop
      vertex -40.417 36.1423 -5.29999
      vertex -40.4766 36.277 -6.31499
      vertex -40.4766 36.277 -5.29999
    endloop
  endfacet
  facet normal 0.914482 0.404626 0
    outer loop
      vertex -40.4766 36.277 -6.31499
      vertex -40.417 36.1423 -5.29999
      vertex -40.417 36.1423 -6.31499
    endloop
  endfacet
  facet normal -0.844778 -0.535117 0
    outer loop
      vertex -35.1318 38.9673 -6.31499
      vertex -35.2106 39.0917 -5.29999
      vertex -35.2106 39.0917 -6.31499
    endloop
  endfacet
  facet normal -0.844778 -0.535117 0
    outer loop
      vertex -35.2106 39.0917 -5.29999
      vertex -35.1318 38.9673 -6.31499
      vertex -35.1318 38.9673 -5.29999
    endloop
  endfacet
  facet normal -0.493064 0.869993 0
    outer loop
      vertex -36.1627 34.8518 -6.31499
      vertex -36.2908 34.7792 -5.29999
      vertex -36.1627 34.8518 -5.29999
    endloop
  endfacet
  facet normal -0.493064 0.869993 0
    outer loop
      vertex -36.2908 34.7792 -5.29999
      vertex -36.1627 34.8518 -6.31499
      vertex -36.2908 34.7792 -6.31499
    endloop
  endfacet
  facet normal 0.359889 -0.932995 0
    outer loop
      vertex -38.8531 40.1966 -6.31499
      vertex -38.7157 40.2496 -5.29999
      vertex -38.8531 40.1966 -5.29999
    endloop
  endfacet
  facet normal 0.359889 -0.932995 0
    outer loop
      vertex -38.7157 40.2496 -5.29999
      vertex -38.8531 40.1966 -6.31499
      vertex -38.7157 40.2496 -6.31499
    endloop
  endfacet
  facet normal 0.0244492 -0.999701 0
    outer loop
      vertex -37.8522 40.4214 -6.31499
      vertex -37.705 40.425 -5.29999
      vertex -37.8522 40.4214 -5.29999
    endloop
  endfacet
  facet normal 0.0244492 -0.999701 0
    outer loop
      vertex -37.705 40.425 -5.29999
      vertex -37.8522 40.4214 -6.31499
      vertex -37.705 40.425 -6.31499
    endloop
  endfacet
  facet normal -0.615209 -0.788364 0
    outer loop
      vertex -35.9179 39.8346 -6.31499
      vertex -35.8018 39.744 -5.29999
      vertex -35.9179 39.8346 -5.29999
    endloop
  endfacet
  facet normal -0.615209 -0.788364 -0
    outer loop
      vertex -35.8018 39.744 -5.29999
      vertex -35.9179 39.8346 -6.31499
      vertex -35.8018 39.744 -6.31499
    endloop
  endfacet
  facet normal 0.615209 -0.788364 0
    outer loop
      vertex -39.6082 39.744 -6.31499
      vertex -39.4921 39.8346 -5.29999
      vertex -39.6082 39.744 -5.29999
    endloop
  endfacet
  facet normal 0.615209 -0.788364 0
    outer loop
      vertex -39.4921 39.8346 -5.29999
      vertex -39.6082 39.744 -6.31499
      vertex -39.4921 39.8346 -6.31499
    endloop
  endfacet
  facet normal 0.404877 0.914371 -0
    outer loop
      vertex -38.8531 34.6534 -6.31499
      vertex -38.9877 34.713 -5.29999
      vertex -38.8531 34.6534 -5.29999
    endloop
  endfacet
  facet normal 0.404877 0.914371 0
    outer loop
      vertex -38.9877 34.713 -5.29999
      vertex -38.8531 34.6534 -6.31499
      vertex -38.9877 34.713 -6.31499
    endloop
  endfacet
  facet normal 0.652859 -0.757479 0
    outer loop
      vertex -39.7197 39.6479 -6.31499
      vertex -39.6082 39.744 -5.29999
      vertex -39.7197 39.6479 -5.29999
    endloop
  endfacet
  facet normal 0.652859 -0.757479 0
    outer loop
      vertex -39.6082 39.744 -5.29999
      vertex -39.7197 39.6479 -6.31499
      vertex -39.6082 39.744 -6.31499
    endloop
  endfacet
  facet normal 0.170453 -0.985366 0
    outer loop
      vertex -38.2903 40.3674 -6.31499
      vertex -38.1452 40.3925 -5.29999
      vertex -38.2903 40.3674 -5.29999
    endloop
  endfacet
  facet normal 0.170453 -0.985366 0
    outer loop
      vertex -38.1452 40.3925 -5.29999
      vertex -38.2903 40.3674 -6.31499
      vertex -38.1452 40.3925 -6.31499
    endloop
  endfacet
  facet normal -0.615209 0.788364 0
    outer loop
      vertex -35.8018 35.106 -6.31499
      vertex -35.9179 35.0154 -5.29999
      vertex -35.8018 35.106 -5.29999
    endloop
  endfacet
  facet normal -0.615209 0.788364 0
    outer loop
      vertex -35.9179 35.0154 -5.29999
      vertex -35.8018 35.106 -6.31499
      vertex -35.9179 35.0154 -6.31499
    endloop
  endfacet
  facet normal 0.932907 0.360117 0
    outer loop
      vertex -40.4766 36.277 -5.29999
      vertex -40.5296 36.4143 -6.31499
      vertex -40.5296 36.4143 -5.29999
    endloop
  endfacet
  facet normal 0.932907 0.360117 0
    outer loop
      vertex -40.5296 36.4143 -6.31499
      vertex -40.4766 36.277 -5.29999
      vertex -40.4766 36.277 -6.31499
    endloop
  endfacet
  facet normal 0.81757 0.57583 0
    outer loop
      vertex -40.1146 35.6379 -5.29999
      vertex -40.1994 35.7583 -6.31499
      vertex -40.1994 35.7583 -5.29999
    endloop
  endfacet
  facet normal 0.81757 0.57583 0
    outer loop
      vertex -40.1994 35.7583 -6.31499
      vertex -40.1146 35.6379 -5.29999
      vertex -40.1146 35.6379 -6.31499
    endloop
  endfacet
  facet normal -0.266734 -0.96377 0
    outer loop
      vertex -36.9761 40.3351 -6.31499
      vertex -36.8341 40.2958 -5.29999
      vertex -36.9761 40.3351 -5.29999
    endloop
  endfacet
  facet normal -0.266734 -0.96377 -0
    outer loop
      vertex -36.8341 40.2958 -5.29999
      vertex -36.9761 40.3351 -6.31499
      vertex -36.8341 40.2958 -6.31499
    endloop
  endfacet
  facet normal 0.96377 -0.266734 0
    outer loop
      vertex -40.6151 38.1539 -5.29999
      vertex -40.5758 38.2959 -6.31499
      vertex -40.5758 38.2959 -5.29999
    endloop
  endfacet
  facet normal 0.96377 -0.266734 0
    outer loop
      vertex -40.5758 38.2959 -6.31499
      vertex -40.6151 38.1539 -5.29999
      vertex -40.6151 38.1539 -6.31499
    endloop
  endfacet
  facet normal -0.81757 0.57583 0
    outer loop
      vertex -35.2954 35.6379 -6.31499
      vertex -35.2106 35.7583 -5.29999
      vertex -35.2106 35.7583 -6.31499
    endloop
  endfacet
  facet normal -0.81757 0.57583 0
    outer loop
      vertex -35.2106 35.7583 -5.29999
      vertex -35.2954 35.6379 -6.31499
      vertex -35.2954 35.6379 -5.29999
    endloop
  endfacet
  facet normal -0.122948 0.992413 0
    outer loop
      vertex -37.2648 34.4575 -6.31499
      vertex -37.4109 34.4394 -5.29999
      vertex -37.2648 34.4575 -5.29999
    endloop
  endfacet
  facet normal -0.122948 0.992413 0
    outer loop
      vertex -37.4109 34.4394 -5.29999
      vertex -37.2648 34.4575 -6.31499
      vertex -37.4109 34.4394 -6.31499
    endloop
  endfacet
  facet normal 0.0244492 0.999701 -0
    outer loop
      vertex -37.705 34.425 -6.31499
      vertex -37.8522 34.4286 -5.29999
      vertex -37.705 34.425 -5.29999
    endloop
  endfacet
  facet normal 0.0244492 0.999701 0
    outer loop
      vertex -37.8522 34.4286 -5.29999
      vertex -37.705 34.425 -6.31499
      vertex -37.8522 34.4286 -6.31499
    endloop
  endfacet
  facet normal -0.449657 0.893201 0
    outer loop
      vertex -36.2908 34.7792 -6.31499
      vertex -36.4223 34.713 -5.29999
      vertex -36.2908 34.7792 -5.29999
    endloop
  endfacet
  facet normal -0.449657 0.893201 0
    outer loop
      vertex -36.4223 34.713 -5.29999
      vertex -36.2908 34.7792 -6.31499
      vertex -36.4223 34.713 -6.31499
    endloop
  endfacet
  facet normal 0.689926 0.723879 -0
    outer loop
      vertex -39.7197 35.2021 -6.31499
      vertex -39.8263 35.3037 -5.29999
      vertex -39.7197 35.2021 -5.29999
    endloop
  endfacet
  facet normal 0.689926 0.723879 0
    outer loop
      vertex -39.8263 35.3037 -5.29999
      vertex -39.7197 35.2021 -6.31499
      vertex -39.8263 35.3037 -6.31499
    endloop
  endfacet
  facet normal 0.844778 -0.535117 0
    outer loop
      vertex -40.2782 38.9673 -5.29999
      vertex -40.1994 39.0917 -6.31499
      vertex -40.1994 39.0917 -5.29999
    endloop
  endfacet
  facet normal 0.844778 -0.535117 0
    outer loop
      vertex -40.1994 39.0917 -6.31499
      vertex -40.2782 38.9673 -5.29999
      vertex -40.2782 38.9673 -6.31499
    endloop
  endfacet
  facet normal -0.266734 0.96377 0
    outer loop
      vertex -36.8341 34.5542 -6.31499
      vertex -36.9761 34.5149 -5.29999
      vertex -36.8341 34.5542 -5.29999
    endloop
  endfacet
  facet normal -0.266734 0.96377 0
    outer loop
      vertex -36.9761 34.5149 -5.29999
      vertex -36.8341 34.5542 -6.31499
      vertex -36.9761 34.5149 -6.31499
    endloop
  endfacet
  facet normal -0.404877 0.914371 0
    outer loop
      vertex -36.4223 34.713 -6.31499
      vertex -36.5569 34.6534 -5.29999
      vertex -36.4223 34.713 -5.29999
    endloop
  endfacet
  facet normal -0.404877 0.914371 0
    outer loop
      vertex -36.5569 34.6534 -5.29999
      vertex -36.4223 34.713 -6.31499
      vertex -36.5569 34.6534 -6.31499
    endloop
  endfacet
  facet normal 0.932907 -0.360117 0
    outer loop
      vertex -40.5296 38.4357 -5.29999
      vertex -40.4766 38.573 -6.31499
      vertex -40.4766 38.573 -5.29999
    endloop
  endfacet
  facet normal 0.932907 -0.360117 0
    outer loop
      vertex -40.4766 38.573 -6.31499
      vertex -40.5296 38.4357 -5.29999
      vertex -40.5296 38.4357 -6.31499
    endloop
  endfacet
  facet normal 0.81757 -0.57583 0
    outer loop
      vertex -40.1994 39.0917 -5.29999
      vertex -40.1146 39.2121 -6.31499
      vertex -40.1146 39.2121 -5.29999
    endloop
  endfacet
  facet normal 0.81757 -0.57583 0
    outer loop
      vertex -40.1146 39.2121 -6.31499
      vertex -40.1994 39.0917 -5.29999
      vertex -40.1994 39.0917 -6.31499
    endloop
  endfacet
  facet normal 0.449657 -0.893201 0
    outer loop
      vertex -39.1192 40.0708 -6.31499
      vertex -38.9877 40.137 -5.29999
      vertex -39.1192 40.0708 -5.29999
    endloop
  endfacet
  facet normal 0.449657 -0.893201 0
    outer loop
      vertex -38.9877 40.137 -5.29999
      vertex -39.1192 40.0708 -6.31499
      vertex -38.9877 40.137 -6.31499
    endloop
  endfacet
  facet normal -0.313782 -0.949495 0
    outer loop
      vertex -36.8341 40.2958 -6.31499
      vertex -36.6943 40.2496 -5.29999
      vertex -36.8341 40.2958 -5.29999
    endloop
  endfacet
  facet normal -0.313782 -0.949495 -0
    outer loop
      vertex -36.6943 40.2496 -5.29999
      vertex -36.8341 40.2958 -6.31499
      vertex -36.6943 40.2496 -6.31499
    endloop
  endfacet
  facet normal -0.0733215 -0.997308 0
    outer loop
      vertex -37.5578 40.4214 -6.31499
      vertex -37.4109 40.4106 -5.29999
      vertex -37.5578 40.4214 -5.29999
    endloop
  endfacet
  facet normal -0.0733215 -0.997308 -0
    outer loop
      vertex -37.4109 40.4106 -5.29999
      vertex -37.5578 40.4214 -6.31499
      vertex -37.4109 40.4106 -6.31499
    endloop
  endfacet
  facet normal 0.313782 0.949495 -0
    outer loop
      vertex -38.5759 34.5542 -6.31499
      vertex -38.7157 34.6004 -5.29999
      vertex -38.5759 34.5542 -5.29999
    endloop
  endfacet
  facet normal 0.313782 0.949495 0
    outer loop
      vertex -38.7157 34.6004 -5.29999
      vertex -38.5759 34.5542 -6.31499
      vertex -38.7157 34.6004 -6.31499
    endloop
  endfacet
  facet normal 0.997308 -0.0733215 0
    outer loop
      vertex -40.7014 37.5722 -5.29999
      vertex -40.6906 37.7191 -6.31499
      vertex -40.6906 37.7191 -5.29999
    endloop
  endfacet
  facet normal 0.997308 -0.0733215 0
    outer loop
      vertex -40.6906 37.7191 -6.31499
      vertex -40.7014 37.5722 -5.29999
      vertex -40.7014 37.5722 -6.31499
    endloop
  endfacet
  facet normal 0.985366 -0.170453 0
    outer loop
      vertex -40.6725 37.8652 -5.29999
      vertex -40.6474 38.0103 -6.31499
      vertex -40.6474 38.0103 -5.29999
    endloop
  endfacet
  facet normal 0.985366 -0.170453 0
    outer loop
      vertex -40.6474 38.0103 -6.31499
      vertex -40.6725 37.8652 -5.29999
      vertex -40.6725 37.8652 -6.31499
    endloop
  endfacet
  facet normal 0.170453 0.985366 -0
    outer loop
      vertex -38.1452 34.4575 -6.31499
      vertex -38.2903 34.4826 -5.29999
      vertex -38.1452 34.4575 -5.29999
    endloop
  endfacet
  facet normal 0.170453 0.985366 0
    outer loop
      vertex -38.2903 34.4826 -5.29999
      vertex -38.1452 34.4575 -6.31499
      vertex -38.2903 34.4826 -6.31499
    endloop
  endfacet
  facet normal -0.313782 0.949495 0
    outer loop
      vertex -36.6943 34.6004 -6.31499
      vertex -36.8341 34.5542 -5.29999
      vertex -36.6943 34.6004 -5.29999
    endloop
  endfacet
  facet normal -0.313782 0.949495 0
    outer loop
      vertex -36.8341 34.5542 -5.29999
      vertex -36.6943 34.6004 -6.31499
      vertex -36.8341 34.5542 -6.31499
    endloop
  endfacet
  facet normal 0.266734 -0.96377 0
    outer loop
      vertex -38.5759 40.2958 -6.31499
      vertex -38.4339 40.3351 -5.29999
      vertex -38.5759 40.2958 -5.29999
    endloop
  endfacet
  facet normal 0.266734 -0.96377 0
    outer loop
      vertex -38.4339 40.3351 -5.29999
      vertex -38.5759 40.2958 -6.31499
      vertex -38.4339 40.3351 -6.31499
    endloop
  endfacet
  facet normal 0.788364 0.615209 0
    outer loop
      vertex -40.024 35.5218 -5.29999
      vertex -40.1146 35.6379 -6.31499
      vertex -40.1146 35.6379 -5.29999
    endloop
  endfacet
  facet normal 0.788364 0.615209 0
    outer loop
      vertex -40.1146 35.6379 -6.31499
      vertex -40.024 35.5218 -5.29999
      vertex -40.024 35.5218 -6.31499
    endloop
  endfacet
  facet normal -0.359889 -0.932995 0
    outer loop
      vertex -36.6943 40.2496 -6.31499
      vertex -36.5569 40.1966 -5.29999
      vertex -36.6943 40.2496 -5.29999
    endloop
  endfacet
  facet normal -0.359889 -0.932995 -0
    outer loop
      vertex -36.5569 40.1966 -5.29999
      vertex -36.6943 40.2496 -6.31499
      vertex -36.5569 40.1966 -6.31499
    endloop
  endfacet
  facet normal -0.219448 -0.975624 0
    outer loop
      vertex -37.1197 40.3674 -6.31499
      vertex -36.9761 40.3351 -5.29999
      vertex -37.1197 40.3674 -5.29999
    endloop
  endfacet
  facet normal -0.219448 -0.975624 -0
    outer loop
      vertex -36.9761 40.3351 -5.29999
      vertex -37.1197 40.3674 -6.31499
      vertex -36.9761 40.3351 -6.31499
    endloop
  endfacet
  facet normal 0.96377 0.266734 0
    outer loop
      vertex -40.5758 36.5541 -5.29999
      vertex -40.6151 36.6961 -6.31499
      vertex -40.6151 36.6961 -5.29999
    endloop
  endfacet
  facet normal 0.96377 0.266734 0
    outer loop
      vertex -40.6151 36.6961 -6.31499
      vertex -40.5758 36.5541 -5.29999
      vertex -40.5758 36.5541 -6.31499
    endloop
  endfacet
  facet normal 0.449657 0.893201 -0
    outer loop
      vertex -38.9877 34.713 -6.31499
      vertex -39.1192 34.7792 -5.29999
      vertex -38.9877 34.713 -5.29999
    endloop
  endfacet
  facet normal 0.449657 0.893201 0
    outer loop
      vertex -39.1192 34.7792 -5.29999
      vertex -38.9877 34.713 -6.31499
      vertex -39.1192 34.7792 -6.31499
    endloop
  endfacet
  facet normal 0.869993 -0.493064 0
    outer loop
      vertex -40.3508 38.8392 -5.29999
      vertex -40.2782 38.9673 -6.31499
      vertex -40.2782 38.9673 -5.29999
    endloop
  endfacet
  facet normal 0.869993 -0.493064 0
    outer loop
      vertex -40.2782 38.9673 -6.31499
      vertex -40.3508 38.8392 -5.29999
      vertex -40.3508 38.8392 -6.31499
    endloop
  endfacet
  facet normal 0.404877 -0.914371 0
    outer loop
      vertex -38.9877 40.137 -6.31499
      vertex -38.8531 40.1966 -5.29999
      vertex -38.9877 40.137 -5.29999
    endloop
  endfacet
  facet normal 0.404877 -0.914371 0
    outer loop
      vertex -38.8531 40.1966 -5.29999
      vertex -38.9877 40.137 -6.31499
      vertex -38.8531 40.1966 -6.31499
    endloop
  endfacet
  facet normal 0.57583 0.81757 -0
    outer loop
      vertex -39.3717 34.9306 -6.31499
      vertex -39.4921 35.0154 -5.29999
      vertex -39.3717 34.9306 -5.29999
    endloop
  endfacet
  facet normal 0.57583 0.81757 0
    outer loop
      vertex -39.4921 35.0154 -5.29999
      vertex -39.3717 34.9306 -6.31499
      vertex -39.4921 35.0154 -6.31499
    endloop
  endfacet
  facet normal 0.893201 0.449657 0
    outer loop
      vertex -40.3508 36.0108 -5.29999
      vertex -40.417 36.1423 -6.31499
      vertex -40.417 36.1423 -5.29999
    endloop
  endfacet
  facet normal 0.893201 0.449657 0
    outer loop
      vertex -40.417 36.1423 -6.31499
      vertex -40.3508 36.0108 -5.29999
      vertex -40.3508 36.0108 -6.31499
    endloop
  endfacet
  facet normal 0.535117 0.844778 -0
    outer loop
      vertex -39.2473 34.8518 -6.31499
      vertex -39.3717 34.9306 -5.29999
      vertex -39.2473 34.8518 -5.29999
    endloop
  endfacet
  facet normal 0.535117 0.844778 0
    outer loop
      vertex -39.3717 34.9306 -5.29999
      vertex -39.2473 34.8518 -6.31499
      vertex -39.3717 34.9306 -6.31499
    endloop
  endfacet
  facet normal -0.723879 -0.689926 0
    outer loop
      vertex -30.2821 39.4397 -6.31499
      vertex -30.3837 39.5463 -5.29999
      vertex -30.3837 39.5463 -6.31499
    endloop
  endfacet
  facet normal -0.723879 -0.689926 0
    outer loop
      vertex -30.3837 39.5463 -5.29999
      vertex -30.2821 39.4397 -6.31499
      vertex -30.2821 39.4397 -5.29999
    endloop
  endfacet
  facet normal -0.96377 0.266734 0
    outer loop
      vertex -29.6342 36.5541 -6.31499
      vertex -29.5949 36.6961 -5.29999
      vertex -29.5949 36.6961 -6.31499
    endloop
  endfacet
  facet normal -0.96377 0.266734 0
    outer loop
      vertex -29.5949 36.6961 -5.29999
      vertex -29.6342 36.5541 -6.31499
      vertex -29.6342 36.5541 -5.29999
    endloop
  endfacet
  facet normal 0.360117 -0.932907 0
    outer loop
      vertex -33.653 40.1966 -6.31499
      vertex -33.5157 40.2496 -5.29999
      vertex -33.653 40.1966 -5.29999
    endloop
  endfacet
  facet normal 0.360117 -0.932907 0
    outer loop
      vertex -33.5157 40.2496 -5.29999
      vertex -33.653 40.1966 -6.31499
      vertex -33.5157 40.2496 -6.31499
    endloop
  endfacet
  facet normal -0.404626 0.914482 0
    outer loop
      vertex -31.2223 34.713 -6.31499
      vertex -31.357 34.6534 -5.29999
      vertex -31.2223 34.713 -5.29999
    endloop
  endfacet
  facet normal -0.404626 0.914482 0
    outer loop
      vertex -31.357 34.6534 -5.29999
      vertex -31.2223 34.713 -6.31499
      vertex -31.357 34.6534 -6.31499
    endloop
  endfacet
  facet normal -0.122948 0.992413 0
    outer loop
      vertex -32.0648 34.4575 -6.31499
      vertex -32.2109 34.4394 -5.29999
      vertex -32.0648 34.4575 -5.29999
    endloop
  endfacet
  facet normal -0.122948 0.992413 0
    outer loop
      vertex -32.2109 34.4394 -5.29999
      vertex -32.0648 34.4575 -6.31499
      vertex -32.2109 34.4394 -6.31499
    endloop
  endfacet
  facet normal -0.992413 0.122948 0
    outer loop
      vertex -29.5375 36.9848 -6.31499
      vertex -29.5194 37.1309 -5.29999
      vertex -29.5194 37.1309 -6.31499
    endloop
  endfacet
  facet normal -0.992413 0.122948 0
    outer loop
      vertex -29.5194 37.1309 -5.29999
      vertex -29.5375 36.9848 -6.31499
      vertex -29.5375 36.9848 -5.29999
    endloop
  endfacet
  facet normal 0.535117 -0.844778 0
    outer loop
      vertex -34.1717 39.9194 -6.31499
      vertex -34.0473 39.9982 -5.29999
      vertex -34.1717 39.9194 -5.29999
    endloop
  endfacet
  facet normal 0.535117 -0.844778 0
    outer loop
      vertex -34.0473 39.9982 -5.29999
      vertex -34.1717 39.9194 -6.31499
      vertex -34.0473 39.9982 -6.31499
    endloop
  endfacet
  facet normal -0.404626 -0.914482 0
    outer loop
      vertex -31.357 40.1966 -6.31499
      vertex -31.2223 40.137 -5.29999
      vertex -31.357 40.1966 -5.29999
    endloop
  endfacet
  facet normal -0.404626 -0.914482 -0
    outer loop
      vertex -31.2223 40.137 -5.29999
      vertex -31.357 40.1966 -6.31499
      vertex -31.2223 40.137 -6.31499
    endloop
  endfacet
  facet normal -0.535117 -0.844778 0
    outer loop
      vertex -30.9627 39.9982 -6.31499
      vertex -30.8383 39.9194 -5.29999
      vertex -30.9627 39.9982 -5.29999
    endloop
  endfacet
  facet normal -0.535117 -0.844778 -0
    outer loop
      vertex -30.8383 39.9194 -5.29999
      vertex -30.9627 39.9982 -6.31499
      vertex -30.8383 39.9194 -6.31499
    endloop
  endfacet
  facet normal -0.449657 -0.893201 0
    outer loop
      vertex -31.2223 40.137 -6.31499
      vertex -31.0908 40.0708 -5.29999
      vertex -31.2223 40.137 -5.29999
    endloop
  endfacet
  facet normal -0.449657 -0.893201 -0
    outer loop
      vertex -31.0908 40.0708 -5.29999
      vertex -31.2223 40.137 -6.31499
      vertex -31.0908 40.0708 -6.31499
    endloop
  endfacet
  facet normal -0.997308 -0.0733215 0
    outer loop
      vertex -29.5086 37.5722 -6.31499
      vertex -29.5194 37.7191 -5.29999
      vertex -29.5194 37.7191 -6.31499
    endloop
  endfacet
  facet normal -0.997308 -0.0733215 0
    outer loop
      vertex -29.5194 37.7191 -5.29999
      vertex -29.5086 37.5722 -6.31499
      vertex -29.5086 37.5722 -5.29999
    endloop
  endfacet
  facet normal 0.0244492 -0.999701 0
    outer loop
      vertex -32.6522 40.4214 -6.31499
      vertex -32.505 40.425 -5.29999
      vertex -32.6522 40.4214 -5.29999
    endloop
  endfacet
  facet normal 0.0244492 -0.999701 0
    outer loop
      vertex -32.505 40.425 -5.29999
      vertex -32.6522 40.4214 -6.31499
      vertex -32.505 40.425 -6.31499
    endloop
  endfacet
  facet normal -0.788364 0.615209 0
    outer loop
      vertex -30.186 35.5218 -6.31499
      vertex -30.0954 35.6379 -5.29999
      vertex -30.0954 35.6379 -6.31499
    endloop
  endfacet
  facet normal -0.788364 0.615209 0
    outer loop
      vertex -30.0954 35.6379 -5.29999
      vertex -30.186 35.5218 -6.31499
      vertex -30.186 35.5218 -5.29999
    endloop
  endfacet
  facet normal 0.449657 0.893201 -0
    outer loop
      vertex -33.7877 34.713 -6.31499
      vertex -33.9192 34.7792 -5.29999
      vertex -33.7877 34.713 -5.29999
    endloop
  endfacet
  facet normal 0.449657 0.893201 0
    outer loop
      vertex -33.9192 34.7792 -5.29999
      vertex -33.7877 34.713 -6.31499
      vertex -33.9192 34.7792 -6.31499
    endloop
  endfacet
  facet normal -0.932907 0.360117 0
    outer loop
      vertex -29.7334 36.277 -6.31499
      vertex -29.6804 36.4143 -5.29999
      vertex -29.6804 36.4143 -6.31499
    endloop
  endfacet
  facet normal -0.932907 0.360117 0
    outer loop
      vertex -29.6804 36.4143 -5.29999
      vertex -29.7334 36.277 -6.31499
      vertex -29.7334 36.277 -5.29999
    endloop
  endfacet
  facet normal -0.999701 -0.0244492 0
    outer loop
      vertex -29.505 37.425 -6.31499
      vertex -29.5086 37.5722 -5.29999
      vertex -29.5086 37.5722 -6.31499
    endloop
  endfacet
  facet normal -0.999701 -0.0244492 0
    outer loop
      vertex -29.5086 37.5722 -5.29999
      vertex -29.505 37.425 -6.31499
      vertex -29.505 37.425 -5.29999
    endloop
  endfacet
  facet normal -0.869993 0.493064 0
    outer loop
      vertex -29.9318 35.8827 -6.31499
      vertex -29.8592 36.0108 -5.29999
      vertex -29.8592 36.0108 -6.31499
    endloop
  endfacet
  facet normal -0.869993 0.493064 0
    outer loop
      vertex -29.8592 36.0108 -5.29999
      vertex -29.9318 35.8827 -6.31499
      vertex -29.9318 35.8827 -5.29999
    endloop
  endfacet
  facet normal -0.0733215 0.997308 0
    outer loop
      vertex -32.2109 34.4394 -6.31499
      vertex -32.3578 34.4286 -5.29999
      vertex -32.2109 34.4394 -5.29999
    endloop
  endfacet
  facet normal -0.0733215 0.997308 0
    outer loop
      vertex -32.3578 34.4286 -5.29999
      vertex -32.2109 34.4394 -6.31499
      vertex -32.3578 34.4286 -6.31499
    endloop
  endfacet
  facet normal 0.493064 -0.869993 0
    outer loop
      vertex -34.0473 39.9982 -6.31499
      vertex -33.9192 40.0708 -5.29999
      vertex -34.0473 39.9982 -5.29999
    endloop
  endfacet
  facet normal 0.493064 -0.869993 0
    outer loop
      vertex -33.9192 40.0708 -5.29999
      vertex -34.0473 39.9982 -6.31499
      vertex -33.9192 40.0708 -6.31499
    endloop
  endfacet
  facet normal 0.757479 0.652859 0
    outer loop
      vertex -34.7279 35.4103 -5.29999
      vertex -34.824 35.5218 -6.31499
      vertex -34.824 35.5218 -5.29999
    endloop
  endfacet
  facet normal 0.757479 0.652859 0
    outer loop
      vertex -34.824 35.5218 -6.31499
      vertex -34.7279 35.4103 -5.29999
      vertex -34.7279 35.4103 -6.31499
    endloop
  endfacet
  facet normal -0.219448 -0.975624 0
    outer loop
      vertex -31.9197 40.3674 -6.31499
      vertex -31.7761 40.3351 -5.29999
      vertex -31.9197 40.3674 -5.29999
    endloop
  endfacet
  facet normal -0.219448 -0.975624 -0
    outer loop
      vertex -31.7761 40.3351 -5.29999
      vertex -31.9197 40.3674 -6.31499
      vertex -31.7761 40.3351 -6.31499
    endloop
  endfacet
  facet normal -0.493064 0.869993 0
    outer loop
      vertex -30.9627 34.8518 -6.31499
      vertex -31.0908 34.7792 -5.29999
      vertex -30.9627 34.8518 -5.29999
    endloop
  endfacet
  facet normal -0.493064 0.869993 0
    outer loop
      vertex -31.0908 34.7792 -5.29999
      vertex -30.9627 34.8518 -6.31499
      vertex -31.0908 34.7792 -6.31499
    endloop
  endfacet
  facet normal -0.997308 0.0733215 0
    outer loop
      vertex -29.5194 37.1309 -6.31499
      vertex -29.5086 37.2778 -5.29999
      vertex -29.5086 37.2778 -6.31499
    endloop
  endfacet
  facet normal -0.997308 0.0733215 0
    outer loop
      vertex -29.5086 37.2778 -5.29999
      vertex -29.5194 37.1309 -6.31499
      vertex -29.5194 37.1309 -5.29999
    endloop
  endfacet
  facet normal -0.985366 0.170453 0
    outer loop
      vertex -29.5626 36.8397 -6.31499
      vertex -29.5375 36.9848 -5.29999
      vertex -29.5375 36.9848 -6.31499
    endloop
  endfacet
  facet normal -0.985366 0.170453 0
    outer loop
      vertex -29.5375 36.9848 -5.29999
      vertex -29.5626 36.8397 -6.31499
      vertex -29.5626 36.8397 -5.29999
    endloop
  endfacet
  facet normal -0.992413 -0.122948 0
    outer loop
      vertex -29.5194 37.7191 -6.31499
      vertex -29.5375 37.8652 -5.29999
      vertex -29.5375 37.8652 -6.31499
    endloop
  endfacet
  facet normal -0.992413 -0.122948 0
    outer loop
      vertex -29.5375 37.8652 -5.29999
      vertex -29.5194 37.7191 -6.31499
      vertex -29.5194 37.7191 -5.29999
    endloop
  endfacet
  facet normal -0.893201 -0.449657 0
    outer loop
      vertex -29.793 38.7077 -6.31499
      vertex -29.8592 38.8392 -5.29999
      vertex -29.8592 38.8392 -6.31499
    endloop
  endfacet
  facet normal -0.893201 -0.449657 0
    outer loop
      vertex -29.8592 38.8392 -5.29999
      vertex -29.793 38.7077 -6.31499
      vertex -29.793 38.7077 -5.29999
    endloop
  endfacet
  facet normal 0.170453 -0.985366 0
    outer loop
      vertex -33.0903 40.3674 -6.31499
      vertex -32.9452 40.3925 -5.29999
      vertex -33.0903 40.3674 -5.29999
    endloop
  endfacet
  facet normal 0.170453 -0.985366 0
    outer loop
      vertex -32.9452 40.3925 -5.29999
      vertex -33.0903 40.3674 -6.31499
      vertex -32.9452 40.3925 -6.31499
    endloop
  endfacet
  facet normal -0.57583 -0.81757 0
    outer loop
      vertex -30.8383 39.9194 -6.31499
      vertex -30.7179 39.8346 -5.29999
      vertex -30.8383 39.9194 -5.29999
    endloop
  endfacet
  facet normal -0.57583 -0.81757 -0
    outer loop
      vertex -30.7179 39.8346 -5.29999
      vertex -30.8383 39.9194 -6.31499
      vertex -30.7179 39.8346 -6.31499
    endloop
  endfacet
  facet normal -0.723879 0.689926 0
    outer loop
      vertex -30.3837 35.3037 -6.31499
      vertex -30.2821 35.4103 -5.29999
      vertex -30.2821 35.4103 -6.31499
    endloop
  endfacet
  facet normal -0.723879 0.689926 0
    outer loop
      vertex -30.2821 35.4103 -5.29999
      vertex -30.3837 35.3037 -6.31499
      vertex -30.3837 35.3037 -5.29999
    endloop
  endfacet
  facet normal -0.652859 0.757479 0
    outer loop
      vertex -30.4903 35.2021 -6.31499
      vertex -30.6018 35.106 -5.29999
      vertex -30.4903 35.2021 -5.29999
    endloop
  endfacet
  facet normal -0.652859 0.757479 0
    outer loop
      vertex -30.6018 35.106 -5.29999
      vertex -30.4903 35.2021 -6.31499
      vertex -30.6018 35.106 -6.31499
    endloop
  endfacet
  facet normal 0.723879 0.689926 0
    outer loop
      vertex -34.6263 35.3037 -5.29999
      vertex -34.7279 35.4103 -6.31499
      vertex -34.7279 35.4103 -5.29999
    endloop
  endfacet
  facet normal 0.723879 0.689926 0
    outer loop
      vertex -34.7279 35.4103 -6.31499
      vertex -34.6263 35.3037 -5.29999
      vertex -34.6263 35.3037 -6.31499
    endloop
  endfacet
  facet normal 0.81757 0.57583 0
    outer loop
      vertex -34.9146 35.6379 -5.29999
      vertex -34.9994 35.7583 -6.31499
      vertex -34.9994 35.7583 -5.29999
    endloop
  endfacet
  facet normal 0.81757 0.57583 0
    outer loop
      vertex -34.9994 35.7583 -6.31499
      vertex -34.9146 35.6379 -5.29999
      vertex -34.9146 35.6379 -6.31499
    endloop
  endfacet
  facet normal 0.170453 0.985366 -0
    outer loop
      vertex -32.9452 34.4575 -6.31499
      vertex -33.0903 34.4826 -5.29999
      vertex -32.9452 34.4575 -5.29999
    endloop
  endfacet
  facet normal 0.170453 0.985366 0
    outer loop
      vertex -33.0903 34.4826 -5.29999
      vertex -32.9452 34.4575 -6.31499
      vertex -33.0903 34.4826 -6.31499
    endloop
  endfacet
  facet normal -0.757479 -0.652859 0
    outer loop
      vertex -30.186 39.3282 -6.31499
      vertex -30.2821 39.4397 -5.29999
      vertex -30.2821 39.4397 -6.31499
    endloop
  endfacet
  facet normal -0.757479 -0.652859 0
    outer loop
      vertex -30.2821 39.4397 -5.29999
      vertex -30.186 39.3282 -6.31499
      vertex -30.186 39.3282 -5.29999
    endloop
  endfacet
  facet normal 0.870048 -0.492966 0
    outer loop
      vertex -35.105 38.92 -5.29999
      vertex -35.0782 38.9673 -6.31499
      vertex -35.0782 38.9673 -5.29999
    endloop
  endfacet
  facet normal 0.870048 -0.492966 0
    outer loop
      vertex -35.0782 38.9673 -6.31499
      vertex -35.105 38.92 -5.29999
      vertex -35.105 38.92 -6.31499
    endloop
  endfacet
  facet normal -0.975624 -0.219448 0
    outer loop
      vertex -29.5626 38.0103 -6.31499
      vertex -29.5949 38.1539 -5.29999
      vertex -29.5949 38.1539 -6.31499
    endloop
  endfacet
  facet normal -0.975624 -0.219448 0
    outer loop
      vertex -29.5949 38.1539 -5.29999
      vertex -29.5626 38.0103 -6.31499
      vertex -29.5626 38.0103 -5.29999
    endloop
  endfacet
  facet normal 0.219448 -0.975624 0
    outer loop
      vertex -33.2339 40.3351 -6.31499
      vertex -33.0903 40.3674 -5.29999
      vertex -33.2339 40.3351 -5.29999
    endloop
  endfacet
  facet normal 0.219448 -0.975624 0
    outer loop
      vertex -33.0903 40.3674 -5.29999
      vertex -33.2339 40.3351 -6.31499
      vertex -33.0903 40.3674 -6.31499
    endloop
  endfacet
  facet normal -0.266734 -0.96377 0
    outer loop
      vertex -31.7761 40.3351 -6.31499
      vertex -31.6341 40.2958 -5.29999
      vertex -31.7761 40.3351 -5.29999
    endloop
  endfacet
  facet normal -0.266734 -0.96377 -0
    outer loop
      vertex -31.6341 40.2958 -5.29999
      vertex -31.7761 40.3351 -6.31499
      vertex -31.6341 40.2958 -6.31499
    endloop
  endfacet
  facet normal 0.57583 0.81757 -0
    outer loop
      vertex -34.1717 34.9306 -6.31499
      vertex -34.2921 35.0154 -5.29999
      vertex -34.1717 34.9306 -5.29999
    endloop
  endfacet
  facet normal 0.57583 0.81757 0
    outer loop
      vertex -34.2921 35.0154 -5.29999
      vertex -34.1717 34.9306 -6.31499
      vertex -34.2921 35.0154 -6.31499
    endloop
  endfacet
  facet normal -0.360117 -0.932907 0
    outer loop
      vertex -31.4943 40.2496 -6.31499
      vertex -31.357 40.1966 -5.29999
      vertex -31.4943 40.2496 -5.29999
    endloop
  endfacet
  facet normal -0.360117 -0.932907 -0
    outer loop
      vertex -31.357 40.1966 -5.29999
      vertex -31.4943 40.2496 -6.31499
      vertex -31.357 40.1966 -6.31499
    endloop
  endfacet
  facet normal -0.0244492 0.999701 0
    outer loop
      vertex -32.3578 34.4286 -6.31499
      vertex -32.505 34.425 -5.29999
      vertex -32.3578 34.4286 -5.29999
    endloop
  endfacet
  facet normal -0.0244492 0.999701 0
    outer loop
      vertex -32.505 34.425 -5.29999
      vertex -32.3578 34.4286 -6.31499
      vertex -32.505 34.425 -6.31499
    endloop
  endfacet
  facet normal -0.985366 -0.170453 0
    outer loop
      vertex -29.5375 37.8652 -6.31499
      vertex -29.5626 38.0103 -5.29999
      vertex -29.5626 38.0103 -6.31499
    endloop
  endfacet
  facet normal -0.985366 -0.170453 0
    outer loop
      vertex -29.5626 38.0103 -5.29999
      vertex -29.5375 37.8652 -6.31499
      vertex -29.5375 37.8652 -5.29999
    endloop
  endfacet
  facet normal 0.404626 -0.914482 0
    outer loop
      vertex -33.7877 40.137 -6.31499
      vertex -33.653 40.1966 -5.29999
      vertex -33.7877 40.137 -5.29999
    endloop
  endfacet
  facet normal 0.404626 -0.914482 0
    outer loop
      vertex -33.653 40.1966 -5.29999
      vertex -33.7877 40.137 -6.31499
      vertex -33.653 40.1966 -6.31499
    endloop
  endfacet
  facet normal -0.844778 -0.535117 0
    outer loop
      vertex -29.9318 38.9673 -6.31499
      vertex -30.0106 39.0917 -5.29999
      vertex -30.0106 39.0917 -6.31499
    endloop
  endfacet
  facet normal -0.844778 -0.535117 0
    outer loop
      vertex -30.0106 39.0917 -5.29999
      vertex -29.9318 38.9673 -6.31499
      vertex -29.9318 38.9673 -5.29999
    endloop
  endfacet
  facet normal -0.219448 0.975624 0
    outer loop
      vertex -31.7761 34.5149 -6.31499
      vertex -31.9197 34.4826 -5.29999
      vertex -31.7761 34.5149 -5.29999
    endloop
  endfacet
  facet normal -0.219448 0.975624 0
    outer loop
      vertex -31.9197 34.4826 -5.29999
      vertex -31.7761 34.5149 -6.31499
      vertex -31.9197 34.4826 -6.31499
    endloop
  endfacet
  facet normal -0.949495 -0.313782 0
    outer loop
      vertex -29.6342 38.2959 -6.31499
      vertex -29.6804 38.4357 -5.29999
      vertex -29.6804 38.4357 -6.31499
    endloop
  endfacet
  facet normal -0.949495 -0.313782 0
    outer loop
      vertex -29.6804 38.4357 -5.29999
      vertex -29.6342 38.2959 -6.31499
      vertex -29.6342 38.2959 -5.29999
    endloop
  endfacet
  facet normal -0.96377 -0.266734 0
    outer loop
      vertex -29.5949 38.1539 -6.31499
      vertex -29.6342 38.2959 -5.29999
      vertex -29.6342 38.2959 -6.31499
    endloop
  endfacet
  facet normal -0.96377 -0.266734 0
    outer loop
      vertex -29.6342 38.2959 -5.29999
      vertex -29.5949 38.1539 -6.31499
      vertex -29.5949 38.1539 -5.29999
    endloop
  endfacet
  facet normal -0.788364 -0.615209 0
    outer loop
      vertex -30.0954 39.2121 -6.31499
      vertex -30.186 39.3282 -5.29999
      vertex -30.186 39.3282 -6.31499
    endloop
  endfacet
  facet normal -0.788364 -0.615209 0
    outer loop
      vertex -30.186 39.3282 -5.29999
      vertex -30.0954 39.2121 -6.31499
      vertex -30.0954 39.2121 -5.29999
    endloop
  endfacet
  facet normal -0.757479 0.652859 0
    outer loop
      vertex -30.2821 35.4103 -6.31499
      vertex -30.186 35.5218 -5.29999
      vertex -30.186 35.5218 -6.31499
    endloop
  endfacet
  facet normal -0.757479 0.652859 0
    outer loop
      vertex -30.186 35.5218 -5.29999
      vertex -30.2821 35.4103 -6.31499
      vertex -30.2821 35.4103 -5.29999
    endloop
  endfacet
  facet normal -0.493064 -0.869993 0
    outer loop
      vertex -31.0908 40.0708 -6.31499
      vertex -30.9627 39.9982 -5.29999
      vertex -31.0908 40.0708 -5.29999
    endloop
  endfacet
  facet normal -0.493064 -0.869993 -0
    outer loop
      vertex -30.9627 39.9982 -5.29999
      vertex -31.0908 40.0708 -6.31499
      vertex -30.9627 39.9982 -6.31499
    endloop
  endfacet
  facet normal 0.219448 0.975624 -0
    outer loop
      vertex -33.0903 34.4826 -6.31499
      vertex -33.2339 34.5149 -5.29999
      vertex -33.0903 34.4826 -5.29999
    endloop
  endfacet
  facet normal 0.219448 0.975624 0
    outer loop
      vertex -33.2339 34.5149 -5.29999
      vertex -33.0903 34.4826 -6.31499
      vertex -33.2339 34.5149 -6.31499
    endloop
  endfacet
  facet normal -0.999701 0.0244492 0
    outer loop
      vertex -29.5086 37.2778 -6.31499
      vertex -29.505 37.425 -5.29999
      vertex -29.505 37.425 -6.31499
    endloop
  endfacet
  facet normal -0.999701 0.0244492 0
    outer loop
      vertex -29.505 37.425 -5.29999
      vertex -29.5086 37.2778 -6.31499
      vertex -29.5086 37.2778 -5.29999
    endloop
  endfacet
  facet normal 0.788364 0.615209 0
    outer loop
      vertex -34.824 35.5218 -5.29999
      vertex -34.9146 35.6379 -6.31499
      vertex -34.9146 35.6379 -5.29999
    endloop
  endfacet
  facet normal 0.788364 0.615209 0
    outer loop
      vertex -34.9146 35.6379 -6.31499
      vertex -34.824 35.5218 -5.29999
      vertex -34.824 35.5218 -6.31499
    endloop
  endfacet
  facet normal -0.932907 -0.360117 0
    outer loop
      vertex -29.6804 38.4357 -6.31499
      vertex -29.7334 38.573 -5.29999
      vertex -29.7334 38.573 -6.31499
    endloop
  endfacet
  facet normal -0.932907 -0.360117 0
    outer loop
      vertex -29.7334 38.573 -5.29999
      vertex -29.6804 38.4357 -6.31499
      vertex -29.6804 38.4357 -5.29999
    endloop
  endfacet
  facet normal -0.893201 0.449657 0
    outer loop
      vertex -29.8592 36.0108 -6.31499
      vertex -29.793 36.1423 -5.29999
      vertex -29.793 36.1423 -6.31499
    endloop
  endfacet
  facet normal -0.893201 0.449657 0
    outer loop
      vertex -29.793 36.1423 -5.29999
      vertex -29.8592 36.0108 -6.31499
      vertex -29.8592 36.0108 -5.29999
    endloop
  endfacet
  facet normal -0.689926 -0.723879 0
    outer loop
      vertex -30.4903 39.6479 -6.31499
      vertex -30.3837 39.5463 -5.29999
      vertex -30.4903 39.6479 -5.29999
    endloop
  endfacet
  facet normal -0.689926 -0.723879 -0
    outer loop
      vertex -30.3837 39.5463 -5.29999
      vertex -30.4903 39.6479 -6.31499
      vertex -30.3837 39.5463 -6.31499
    endloop
  endfacet
  facet normal 0.449657 -0.893201 0
    outer loop
      vertex -33.9192 40.0708 -6.31499
      vertex -33.7877 40.137 -5.29999
      vertex -33.9192 40.0708 -5.29999
    endloop
  endfacet
  facet normal 0.449657 -0.893201 0
    outer loop
      vertex -33.7877 40.137 -5.29999
      vertex -33.9192 40.0708 -6.31499
      vertex -33.7877 40.137 -6.31499
    endloop
  endfacet
  facet normal -0.81757 -0.57583 0
    outer loop
      vertex -30.0106 39.0917 -6.31499
      vertex -30.0954 39.2121 -5.29999
      vertex -30.0954 39.2121 -6.31499
    endloop
  endfacet
  facet normal -0.81757 -0.57583 0
    outer loop
      vertex -30.0954 39.2121 -5.29999
      vertex -30.0106 39.0917 -6.31499
      vertex -30.0106 39.0917 -5.29999
    endloop
  endfacet
  facet normal 0.870048 0.492966 0
    outer loop
      vertex -35.0782 35.8827 -5.29999
      vertex -35.105 35.93 -6.31499
      vertex -35.105 35.93 -5.29999
    endloop
  endfacet
  facet normal 0.870048 0.492966 0
    outer loop
      vertex -35.105 35.93 -6.31499
      vertex -35.0782 35.8827 -5.29999
      vertex -35.0782 35.8827 -6.31499
    endloop
  endfacet
  facet normal 0.493064 0.869993 -0
    outer loop
      vertex -33.9192 34.7792 -6.31499
      vertex -34.0473 34.8518 -5.29999
      vertex -33.9192 34.7792 -5.29999
    endloop
  endfacet
  facet normal 0.493064 0.869993 0
    outer loop
      vertex -34.0473 34.8518 -5.29999
      vertex -33.9192 34.7792 -6.31499
      vertex -34.0473 34.8518 -6.31499
    endloop
  endfacet
  facet normal -0.170453 -0.985366 0
    outer loop
      vertex -32.0648 40.3925 -6.31499
      vertex -31.9197 40.3674 -5.29999
      vertex -32.0648 40.3925 -5.29999
    endloop
  endfacet
  facet normal -0.170453 -0.985366 -0
    outer loop
      vertex -31.9197 40.3674 -5.29999
      vertex -32.0648 40.3925 -6.31499
      vertex -31.9197 40.3674 -6.31499
    endloop
  endfacet
  facet normal -0.869993 -0.493064 0
    outer loop
      vertex -29.8592 38.8392 -6.31499
      vertex -29.9318 38.9673 -5.29999
      vertex -29.9318 38.9673 -6.31499
    endloop
  endfacet
  facet normal -0.869993 -0.493064 0
    outer loop
      vertex -29.9318 38.9673 -5.29999
      vertex -29.8592 38.8392 -6.31499
      vertex -29.8592 38.8392 -5.29999
    endloop
  endfacet
  facet normal 0.757479 -0.652859 0
    outer loop
      vertex -34.824 39.3282 -5.29999
      vertex -34.7279 39.4397 -6.31499
      vertex -34.7279 39.4397 -5.29999
    endloop
  endfacet
  facet normal 0.757479 -0.652859 0
    outer loop
      vertex -34.7279 39.4397 -6.31499
      vertex -34.824 39.3282 -5.29999
      vertex -34.824 39.3282 -6.31499
    endloop
  endfacet
  facet normal -0.0733215 -0.997308 0
    outer loop
      vertex -32.3578 40.4214 -6.31499
      vertex -32.2109 40.4106 -5.29999
      vertex -32.3578 40.4214 -5.29999
    endloop
  endfacet
  facet normal -0.0733215 -0.997308 -0
    outer loop
      vertex -32.2109 40.4106 -5.29999
      vertex -32.3578 40.4214 -6.31499
      vertex -32.2109 40.4106 -6.31499
    endloop
  endfacet
  facet normal 0.723879 -0.689926 0
    outer loop
      vertex -34.7279 39.4397 -5.29999
      vertex -34.6263 39.5463 -6.31499
      vertex -34.6263 39.5463 -5.29999
    endloop
  endfacet
  facet normal 0.723879 -0.689926 0
    outer loop
      vertex -34.6263 39.5463 -6.31499
      vertex -34.7279 39.4397 -5.29999
      vertex -34.7279 39.4397 -6.31499
    endloop
  endfacet
  facet normal 0.689926 -0.723879 0
    outer loop
      vertex -34.6263 39.5463 -6.31499
      vertex -34.5197 39.6479 -5.29999
      vertex -34.6263 39.5463 -5.29999
    endloop
  endfacet
  facet normal 0.689926 -0.723879 0
    outer loop
      vertex -34.5197 39.6479 -5.29999
      vertex -34.6263 39.5463 -6.31499
      vertex -34.5197 39.6479 -6.31499
    endloop
  endfacet
  facet normal 0.652859 -0.757479 0
    outer loop
      vertex -34.5197 39.6479 -6.31499
      vertex -34.4082 39.744 -5.29999
      vertex -34.5197 39.6479 -5.29999
    endloop
  endfacet
  facet normal 0.652859 -0.757479 0
    outer loop
      vertex -34.4082 39.744 -5.29999
      vertex -34.5197 39.6479 -6.31499
      vertex -34.4082 39.744 -6.31499
    endloop
  endfacet
  facet normal 0.0733215 0.997308 -0
    outer loop
      vertex -32.6522 34.4286 -6.31499
      vertex -32.7991 34.4394 -5.29999
      vertex -32.6522 34.4286 -5.29999
    endloop
  endfacet
  facet normal 0.0733215 0.997308 0
    outer loop
      vertex -32.7991 34.4394 -5.29999
      vertex -32.6522 34.4286 -6.31499
      vertex -32.7991 34.4394 -6.31499
    endloop
  endfacet
  facet normal -0.122948 -0.992413 0
    outer loop
      vertex -32.2109 40.4106 -6.31499
      vertex -32.0648 40.3925 -5.29999
      vertex -32.2109 40.4106 -5.29999
    endloop
  endfacet
  facet normal -0.122948 -0.992413 -0
    outer loop
      vertex -32.0648 40.3925 -5.29999
      vertex -32.2109 40.4106 -6.31499
      vertex -32.0648 40.3925 -6.31499
    endloop
  endfacet
  facet normal 0.652859 0.757479 -0
    outer loop
      vertex -34.4082 35.106 -6.31499
      vertex -34.5197 35.2021 -5.29999
      vertex -34.4082 35.106 -5.29999
    endloop
  endfacet
  facet normal 0.652859 0.757479 0
    outer loop
      vertex -34.5197 35.2021 -5.29999
      vertex -34.4082 35.106 -6.31499
      vertex -34.5197 35.2021 -6.31499
    endloop
  endfacet
  facet normal 0.122948 -0.992413 0
    outer loop
      vertex -32.9452 40.3925 -6.31499
      vertex -32.7991 40.4106 -5.29999
      vertex -32.9452 40.3925 -5.29999
    endloop
  endfacet
  facet normal 0.122948 -0.992413 0
    outer loop
      vertex -32.7991 40.4106 -5.29999
      vertex -32.9452 40.3925 -6.31499
      vertex -32.7991 40.4106 -6.31499
    endloop
  endfacet
  facet normal -0.615209 -0.788364 0
    outer loop
      vertex -30.7179 39.8346 -6.31499
      vertex -30.6018 39.744 -5.29999
      vertex -30.7179 39.8346 -5.29999
    endloop
  endfacet
  facet normal -0.615209 -0.788364 -0
    outer loop
      vertex -30.6018 39.744 -5.29999
      vertex -30.7179 39.8346 -6.31499
      vertex -30.6018 39.744 -6.31499
    endloop
  endfacet
  facet normal -0.652859 -0.757479 0
    outer loop
      vertex -30.6018 39.744 -6.31499
      vertex -30.4903 39.6479 -5.29999
      vertex -30.6018 39.744 -5.29999
    endloop
  endfacet
  facet normal -0.652859 -0.757479 -0
    outer loop
      vertex -30.4903 39.6479 -5.29999
      vertex -30.6018 39.744 -6.31499
      vertex -30.4903 39.6479 -6.31499
    endloop
  endfacet
  facet normal -0.615209 0.788364 0
    outer loop
      vertex -30.6018 35.106 -6.31499
      vertex -30.7179 35.0154 -5.29999
      vertex -30.6018 35.106 -5.29999
    endloop
  endfacet
  facet normal -0.615209 0.788364 0
    outer loop
      vertex -30.7179 35.0154 -5.29999
      vertex -30.6018 35.106 -6.31499
      vertex -30.7179 35.0154 -6.31499
    endloop
  endfacet
  facet normal -0.914482 -0.404626 0
    outer loop
      vertex -29.7334 38.573 -6.31499
      vertex -29.793 38.7077 -5.29999
      vertex -29.793 38.7077 -6.31499
    endloop
  endfacet
  facet normal -0.914482 -0.404626 0
    outer loop
      vertex -29.793 38.7077 -5.29999
      vertex -29.7334 38.573 -6.31499
      vertex -29.7334 38.573 -5.29999
    endloop
  endfacet
  facet normal 0.0733215 -0.997308 0
    outer loop
      vertex -32.7991 40.4106 -6.31499
      vertex -32.6522 40.4214 -5.29999
      vertex -32.7991 40.4106 -5.29999
    endloop
  endfacet
  facet normal 0.0733215 -0.997308 0
    outer loop
      vertex -32.6522 40.4214 -5.29999
      vertex -32.7991 40.4106 -6.31499
      vertex -32.6522 40.4214 -6.31499
    endloop
  endfacet
  facet normal 0.313782 -0.949495 0
    outer loop
      vertex -33.5157 40.2496 -6.31499
      vertex -33.3759 40.2958 -5.29999
      vertex -33.5157 40.2496 -5.29999
    endloop
  endfacet
  facet normal 0.313782 -0.949495 0
    outer loop
      vertex -33.3759 40.2958 -5.29999
      vertex -33.5157 40.2496 -6.31499
      vertex -33.3759 40.2958 -6.31499
    endloop
  endfacet
  facet normal -0.975624 0.219448 0
    outer loop
      vertex -29.5949 36.6961 -6.31499
      vertex -29.5626 36.8397 -5.29999
      vertex -29.5626 36.8397 -6.31499
    endloop
  endfacet
  facet normal -0.975624 0.219448 0
    outer loop
      vertex -29.5626 36.8397 -5.29999
      vertex -29.5949 36.6961 -6.31499
      vertex -29.5949 36.6961 -5.29999
    endloop
  endfacet
  facet normal -0.0244492 -0.999701 0
    outer loop
      vertex -32.505 40.425 -6.31499
      vertex -32.3578 40.4214 -5.29999
      vertex -32.505 40.425 -5.29999
    endloop
  endfacet
  facet normal -0.0244492 -0.999701 -0
    outer loop
      vertex -32.3578 40.4214 -5.29999
      vertex -32.505 40.425 -6.31499
      vertex -32.3578 40.4214 -6.31499
    endloop
  endfacet
  facet normal -0.449657 0.893201 0
    outer loop
      vertex -31.0908 34.7792 -6.31499
      vertex -31.2223 34.713 -5.29999
      vertex -31.0908 34.7792 -5.29999
    endloop
  endfacet
  facet normal -0.449657 0.893201 0
    outer loop
      vertex -31.2223 34.713 -5.29999
      vertex -31.0908 34.7792 -6.31499
      vertex -31.2223 34.713 -6.31499
    endloop
  endfacet
  facet normal 0.844778 -0.535117 0
    outer loop
      vertex -35.0782 38.9673 -5.29999
      vertex -34.9994 39.0917 -6.31499
      vertex -34.9994 39.0917 -5.29999
    endloop
  endfacet
  facet normal 0.844778 -0.535117 0
    outer loop
      vertex -34.9994 39.0917 -6.31499
      vertex -35.0782 38.9673 -5.29999
      vertex -35.0782 38.9673 -6.31499
    endloop
  endfacet
  facet normal -0.535117 0.844778 0
    outer loop
      vertex -30.8383 34.9306 -6.31499
      vertex -30.9627 34.8518 -5.29999
      vertex -30.8383 34.9306 -5.29999
    endloop
  endfacet
  facet normal -0.535117 0.844778 0
    outer loop
      vertex -30.9627 34.8518 -5.29999
      vertex -30.8383 34.9306 -6.31499
      vertex -30.9627 34.8518 -6.31499
    endloop
  endfacet
  facet normal -0.844778 0.535117 0
    outer loop
      vertex -30.0106 35.7583 -6.31499
      vertex -29.9318 35.8827 -5.29999
      vertex -29.9318 35.8827 -6.31499
    endloop
  endfacet
  facet normal -0.844778 0.535117 0
    outer loop
      vertex -29.9318 35.8827 -5.29999
      vertex -30.0106 35.7583 -6.31499
      vertex -30.0106 35.7583 -5.29999
    endloop
  endfacet
  facet normal 0.535117 0.844778 -0
    outer loop
      vertex -34.0473 34.8518 -6.31499
      vertex -34.1717 34.9306 -5.29999
      vertex -34.0473 34.8518 -5.29999
    endloop
  endfacet
  facet normal 0.535117 0.844778 0
    outer loop
      vertex -34.1717 34.9306 -5.29999
      vertex -34.0473 34.8518 -6.31499
      vertex -34.1717 34.9306 -6.31499
    endloop
  endfacet
  facet normal -0.914482 0.404626 0
    outer loop
      vertex -29.793 36.1423 -6.31499
      vertex -29.7334 36.277 -5.29999
      vertex -29.7334 36.277 -6.31499
    endloop
  endfacet
  facet normal -0.914482 0.404626 0
    outer loop
      vertex -29.7334 36.277 -5.29999
      vertex -29.793 36.1423 -6.31499
      vertex -29.793 36.1423 -5.29999
    endloop
  endfacet
  facet normal -0.170453 0.985366 0
    outer loop
      vertex -31.9197 34.4826 -6.31499
      vertex -32.0648 34.4575 -5.29999
      vertex -31.9197 34.4826 -5.29999
    endloop
  endfacet
  facet normal -0.170453 0.985366 0
    outer loop
      vertex -32.0648 34.4575 -5.29999
      vertex -31.9197 34.4826 -6.31499
      vertex -32.0648 34.4575 -6.31499
    endloop
  endfacet
  facet normal 0.788364 -0.615209 0
    outer loop
      vertex -34.9146 39.2121 -5.29999
      vertex -34.824 39.3282 -6.31499
      vertex -34.824 39.3282 -5.29999
    endloop
  endfacet
  facet normal 0.788364 -0.615209 0
    outer loop
      vertex -34.824 39.3282 -6.31499
      vertex -34.9146 39.2121 -5.29999
      vertex -34.9146 39.2121 -6.31499
    endloop
  endfacet
  facet normal -0.949495 0.313782 0
    outer loop
      vertex -29.6804 36.4143 -6.31499
      vertex -29.6342 36.5541 -5.29999
      vertex -29.6342 36.5541 -6.31499
    endloop
  endfacet
  facet normal -0.949495 0.313782 0
    outer loop
      vertex -29.6342 36.5541 -5.29999
      vertex -29.6804 36.4143 -6.31499
      vertex -29.6804 36.4143 -5.29999
    endloop
  endfacet
  facet normal -0.266734 0.96377 0
    outer loop
      vertex -31.6341 34.5542 -6.31499
      vertex -31.7761 34.5149 -5.29999
      vertex -31.6341 34.5542 -5.29999
    endloop
  endfacet
  facet normal -0.266734 0.96377 0
    outer loop
      vertex -31.7761 34.5149 -5.29999
      vertex -31.6341 34.5542 -6.31499
      vertex -31.7761 34.5149 -6.31499
    endloop
  endfacet
  facet normal 0.122948 0.992413 -0
    outer loop
      vertex -32.7991 34.4394 -6.31499
      vertex -32.9452 34.4575 -5.29999
      vertex -32.7991 34.4394 -5.29999
    endloop
  endfacet
  facet normal 0.122948 0.992413 0
    outer loop
      vertex -32.9452 34.4575 -5.29999
      vertex -32.7991 34.4394 -6.31499
      vertex -32.9452 34.4575 -6.31499
    endloop
  endfacet
  facet normal -0.81757 0.57583 0
    outer loop
      vertex -30.0954 35.6379 -6.31499
      vertex -30.0106 35.7583 -5.29999
      vertex -30.0106 35.7583 -6.31499
    endloop
  endfacet
  facet normal -0.81757 0.57583 0
    outer loop
      vertex -30.0106 35.7583 -5.29999
      vertex -30.0954 35.6379 -6.31499
      vertex -30.0954 35.6379 -5.29999
    endloop
  endfacet
  facet normal 0.689926 0.723879 -0
    outer loop
      vertex -34.5197 35.2021 -6.31499
      vertex -34.6263 35.3037 -5.29999
      vertex -34.5197 35.2021 -5.29999
    endloop
  endfacet
  facet normal 0.689926 0.723879 0
    outer loop
      vertex -34.6263 35.3037 -5.29999
      vertex -34.5197 35.2021 -6.31499
      vertex -34.6263 35.3037 -6.31499
    endloop
  endfacet
  facet normal -0.57583 0.81757 0
    outer loop
      vertex -30.7179 35.0154 -6.31499
      vertex -30.8383 34.9306 -5.29999
      vertex -30.7179 35.0154 -5.29999
    endloop
  endfacet
  facet normal -0.57583 0.81757 0
    outer loop
      vertex -30.8383 34.9306 -5.29999
      vertex -30.7179 35.0154 -6.31499
      vertex -30.8383 34.9306 -6.31499
    endloop
  endfacet
  facet normal 0.0244492 0.999701 -0
    outer loop
      vertex -32.505 34.425 -6.31499
      vertex -32.6522 34.4286 -5.29999
      vertex -32.505 34.425 -5.29999
    endloop
  endfacet
  facet normal 0.0244492 0.999701 0
    outer loop
      vertex -32.6522 34.4286 -5.29999
      vertex -32.505 34.425 -6.31499
      vertex -32.6522 34.4286 -6.31499
    endloop
  endfacet
  facet normal -0.689926 0.723879 0
    outer loop
      vertex -30.3837 35.3037 -6.31499
      vertex -30.4903 35.2021 -5.29999
      vertex -30.3837 35.3037 -5.29999
    endloop
  endfacet
  facet normal -0.689926 0.723879 0
    outer loop
      vertex -30.4903 35.2021 -5.29999
      vertex -30.3837 35.3037 -6.31499
      vertex -30.4903 35.2021 -6.31499
    endloop
  endfacet
  facet normal 0.313782 0.949495 -0
    outer loop
      vertex -33.3759 34.5542 -6.31499
      vertex -33.5157 34.6004 -5.29999
      vertex -33.3759 34.5542 -5.29999
    endloop
  endfacet
  facet normal 0.313782 0.949495 0
    outer loop
      vertex -33.5157 34.6004 -5.29999
      vertex -33.3759 34.5542 -6.31499
      vertex -33.5157 34.6004 -6.31499
    endloop
  endfacet
  facet normal -0.360117 0.932907 0
    outer loop
      vertex -31.357 34.6534 -6.31499
      vertex -31.4943 34.6004 -5.29999
      vertex -31.357 34.6534 -5.29999
    endloop
  endfacet
  facet normal -0.360117 0.932907 0
    outer loop
      vertex -31.4943 34.6004 -5.29999
      vertex -31.357 34.6534 -6.31499
      vertex -31.4943 34.6004 -6.31499
    endloop
  endfacet
  facet normal 0.844778 0.535117 0
    outer loop
      vertex -34.9994 35.7583 -5.29999
      vertex -35.0782 35.8827 -6.31499
      vertex -35.0782 35.8827 -5.29999
    endloop
  endfacet
  facet normal 0.844778 0.535117 0
    outer loop
      vertex -35.0782 35.8827 -6.31499
      vertex -34.9994 35.7583 -5.29999
      vertex -34.9994 35.7583 -6.31499
    endloop
  endfacet
  facet normal 0.615209 -0.788364 0
    outer loop
      vertex -34.4082 39.744 -6.31499
      vertex -34.2921 39.8346 -5.29999
      vertex -34.4082 39.744 -5.29999
    endloop
  endfacet
  facet normal 0.615209 -0.788364 0
    outer loop
      vertex -34.2921 39.8346 -5.29999
      vertex -34.4082 39.744 -6.31499
      vertex -34.2921 39.8346 -6.31499
    endloop
  endfacet
  facet normal 0.57583 -0.81757 0
    outer loop
      vertex -34.2921 39.8346 -6.31499
      vertex -34.1717 39.9194 -5.29999
      vertex -34.2921 39.8346 -5.29999
    endloop
  endfacet
  facet normal 0.57583 -0.81757 0
    outer loop
      vertex -34.1717 39.9194 -5.29999
      vertex -34.2921 39.8346 -6.31499
      vertex -34.1717 39.9194 -6.31499
    endloop
  endfacet
  facet normal 0.266734 -0.96377 0
    outer loop
      vertex -33.3759 40.2958 -6.31499
      vertex -33.2339 40.3351 -5.29999
      vertex -33.3759 40.2958 -5.29999
    endloop
  endfacet
  facet normal 0.266734 -0.96377 0
    outer loop
      vertex -33.2339 40.3351 -5.29999
      vertex -33.3759 40.2958 -6.31499
      vertex -33.2339 40.3351 -6.31499
    endloop
  endfacet
  facet normal 0.360117 0.932907 -0
    outer loop
      vertex -33.5157 34.6004 -6.31499
      vertex -33.653 34.6534 -5.29999
      vertex -33.5157 34.6004 -5.29999
    endloop
  endfacet
  facet normal 0.360117 0.932907 0
    outer loop
      vertex -33.653 34.6534 -5.29999
      vertex -33.5157 34.6004 -6.31499
      vertex -33.653 34.6534 -6.31499
    endloop
  endfacet
  facet normal -0.313782 -0.949495 0
    outer loop
      vertex -31.6341 40.2958 -6.31499
      vertex -31.4943 40.2496 -5.29999
      vertex -31.6341 40.2958 -5.29999
    endloop
  endfacet
  facet normal -0.313782 -0.949495 -0
    outer loop
      vertex -31.4943 40.2496 -5.29999
      vertex -31.6341 40.2958 -6.31499
      vertex -31.4943 40.2496 -6.31499
    endloop
  endfacet
  facet normal -0.313782 0.949495 0
    outer loop
      vertex -31.4943 34.6004 -6.31499
      vertex -31.6341 34.5542 -5.29999
      vertex -31.4943 34.6004 -5.29999
    endloop
  endfacet
  facet normal -0.313782 0.949495 0
    outer loop
      vertex -31.6341 34.5542 -5.29999
      vertex -31.4943 34.6004 -6.31499
      vertex -31.6341 34.5542 -6.31499
    endloop
  endfacet
  facet normal 0.81757 -0.57583 0
    outer loop
      vertex -34.9994 39.0917 -5.29999
      vertex -34.9146 39.2121 -6.31499
      vertex -34.9146 39.2121 -5.29999
    endloop
  endfacet
  facet normal 0.81757 -0.57583 0
    outer loop
      vertex -34.9146 39.2121 -6.31499
      vertex -34.9994 39.0917 -5.29999
      vertex -34.9994 39.0917 -6.31499
    endloop
  endfacet
  facet normal 0.266734 0.96377 -0
    outer loop
      vertex -33.2339 34.5149 -6.31499
      vertex -33.3759 34.5542 -5.29999
      vertex -33.2339 34.5149 -5.29999
    endloop
  endfacet
  facet normal 0.266734 0.96377 0
    outer loop
      vertex -33.3759 34.5542 -5.29999
      vertex -33.2339 34.5149 -6.31499
      vertex -33.3759 34.5542 -6.31499
    endloop
  endfacet
  facet normal 0.615209 0.788364 -0
    outer loop
      vertex -34.2921 35.0154 -6.31499
      vertex -34.4082 35.106 -5.29999
      vertex -34.2921 35.0154 -5.29999
    endloop
  endfacet
  facet normal 0.615209 0.788364 0
    outer loop
      vertex -34.4082 35.106 -5.29999
      vertex -34.2921 35.0154 -6.31499
      vertex -34.4082 35.106 -6.31499
    endloop
  endfacet
  facet normal 0.404626 0.914482 -0
    outer loop
      vertex -33.653 34.6534 -6.31499
      vertex -33.7877 34.713 -5.29999
      vertex -33.653 34.6534 -5.29999
    endloop
  endfacet
  facet normal 0.404626 0.914482 0
    outer loop
      vertex -33.7877 34.713 -5.29999
      vertex -33.653 34.6534 -6.31499
      vertex -33.7877 34.713 -6.31499
    endloop
  endfacet
  facet normal -1 0 0
    outer loop
      vertex -29.905 43.925 -16.25
      vertex -29.905 44.925 -8.75
      vertex -29.905 44.925 -16.25
    endloop
  endfacet
  facet normal -1 -0 0
    outer loop
      vertex -29.905 44.925 -8.75
      vertex -29.905 43.925 -16.25
      vertex -29.905 43.925 -8.75
    endloop
  endfacet
  facet normal 0 0 -1
    outer loop
      vertex -40.305 43.925 -8.75
      vertex -29.905 44.925 -8.75
      vertex -29.905 43.925 -8.75
    endloop
  endfacet
  facet normal -0 0 -1
    outer loop
      vertex -29.905 44.925 -8.75
      vertex -40.305 43.925 -8.75
      vertex -40.305 44.925 -8.75
    endloop
  endfacet
  facet normal -0 0 1
    outer loop
      vertex -40.305 44.925 -16.25
      vertex -29.905 43.925 -16.25
      vertex -29.905 44.925 -16.25
    endloop
  endfacet
  facet normal 0 0 1
    outer loop
      vertex -29.905 43.925 -16.25
      vertex -40.305 44.925 -16.25
      vertex -40.305 43.925 -16.25
    endloop
  endfacet
  facet normal 1 -0 0
    outer loop
      vertex -40.305 43.925 -8.75
      vertex -40.305 44.925 -16.25
      vertex -40.305 44.925 -8.75
    endloop
  endfacet
  facet normal 1 0 0
    outer loop
      vertex -40.305 44.925 -16.25
      vertex -40.305 43.925 -8.75
      vertex -40.305 43.925 -16.25
    endloop
  endfacet
  facet normal -0 -1 0
    outer loop
      vertex 52.255 24.425 -23.95
      vertex 52.01 24.425 -23.95
      vertex 52.01 24.425 -24.195
    endloop
  endfacet
  facet normal -0 1 0
    outer loop
      vertex 52.01 20.425 -23.95
      vertex 52.255 20.425 -23.95
      vertex 52.01 20.425 -24.195
    endloop
  endfacet
  facet normal 0 0 -1
    outer loop
      vertex 52.01 20.425 -23.95
      vertex 52.255 24.425 -23.95
      vertex 52.255 20.425 -23.95
    endloop
  endfacet
  facet normal -0 0 -1
    outer loop
      vertex 52.255 24.425 -23.95
      vertex 52.01 20.425 -23.95
      vertex 52.01 24.425 -23.95
    endloop
  endfacet
  facet normal -0.707107 0 0.707107
    outer loop
      vertex 52.01 24.425 -24.195
      vertex 52.255 20.425 -23.95
      vertex 52.255 24.425 -23.95
    endloop
  endfacet
  facet normal -0.707107 0 0.707107
    outer loop
      vertex 52.255 20.425 -23.95
      vertex 52.01 24.425 -24.195
      vertex 52.01 20.425 -24.195
    endloop
  endfacet
  facet normal -1 0 0
    outer loop
      vertex 52.01 24.925 -25.3
      vertex 52.01 24.425 -24.195
      vertex 52.01 24.925 -23.5
    endloop
  endfacet
  facet normal -1 0 0
    outer loop
      vertex 52.01 24.925 -25.3
      vertex 52.01 20.425 -24.195
      vertex 52.01 24.425 -24.195
    endloop
  endfacet
  facet normal -1 0 0
    outer loop
      vertex 52.01 19.925 -23.5
      vertex 52.01 20.425 -24.195
      vertex 52.01 19.925 -25.3
    endloop
  endfacet
  facet normal -1 0 0
    outer loop
      vertex 52.01 19.925 -25.3
      vertex 52.01 20.425 -24.195
      vertex 52.01 24.925 -25.3
    endloop
  endfacet
  facet normal -1 0 0
    outer loop
      vertex 52.01 24.425 -23.95
      vertex 52.01 24.925 -23.5
      vertex 52.01 24.425 -24.195
    endloop
  endfacet
  facet normal -1 0 0
    outer loop
      vertex 52.01 20.425 -23.95
      vertex 52.01 24.925 -23.5
      vertex 52.01 24.425 -23.95
    endloop
  endfacet
  facet normal -1 0 0
    outer loop
      vertex 52.01 20.425 -23.95
      vertex 52.01 19.925 -23.5
      vertex 52.01 24.925 -23.5
    endloop
  endfacet
  facet normal -1 0 0
    outer loop
      vertex 52.01 20.425 -24.195
      vertex 52.01 19.925 -23.5
      vertex 52.01 20.425 -23.95
    endloop
  endfacet
  facet normal 0 0 -1
    outer loop
      vertex 51.705 19.925 -23.5
      vertex 52.01 24.925 -23.5
      vertex 52.01 19.925 -23.5
    endloop
  endfacet
  facet normal -0 0 -1
    outer loop
      vertex 52.01 24.925 -23.5
      vertex 51.705 19.925 -23.5
      vertex 51.705 24.925 -23.5
    endloop
  endfacet
  facet normal 0 -1 0
    outer loop
      vertex 51.705 24.925 -25.3
      vertex 52.01 24.925 -23.5
      vertex 51.705 24.925 -23.5
    endloop
  endfacet
  facet normal 0 -1 -0
    outer loop
      vertex 52.01 24.925 -23.5
      vertex 51.705 24.925 -25.3
      vertex 52.01 24.925 -25.3
    endloop
  endfacet
  facet normal 0 1 -0
    outer loop
      vertex 52.01 19.925 -25.3
      vertex 51.705 19.925 -23.5
      vertex 52.01 19.925 -23.5
    endloop
  endfacet
  facet normal 0 1 0
    outer loop
      vertex 51.705 19.925 -23.5
      vertex 52.01 19.925 -25.3
      vertex 51.705 19.925 -25.3
    endloop
  endfacet
  facet normal 0 1 0
    outer loop
      vertex 52.255 -24.425 -23.95
      vertex 52.01 -24.425 -24.195
      vertex 52.01 -24.425 -23.95
    endloop
  endfacet
  facet normal 0 -1 0
    outer loop
      vertex 52.01 -20.425 -23.95
      vertex 52.01 -20.425 -24.195
      vertex 52.255 -20.425 -23.95
    endloop
  endfacet
  facet normal 0 0 -1
    outer loop
      vertex 52.01 -24.425 -23.95
      vertex 52.255 -20.425 -23.95
      vertex 52.255 -24.425 -23.95
    endloop
  endfacet
  facet normal -0 0 -1
    outer loop
      vertex 52.255 -20.425 -23.95
      vertex 52.01 -24.425 -23.95
      vertex 52.01 -20.425 -23.95
    endloop
  endfacet
  facet normal -0.707107 0 0.707107
    outer loop
      vertex 52.01 -20.425 -24.195
      vertex 52.255 -24.425 -23.95
      vertex 52.255 -20.425 -23.95
    endloop
  endfacet
  facet normal -0.707107 0 0.707107
    outer loop
      vertex 52.255 -24.425 -23.95
      vertex 52.01 -20.425 -24.195
      vertex 52.01 -24.425 -24.195
    endloop
  endfacet
  facet normal -1 0 0
    outer loop
      vertex 52.01 -19.925 -25.3
      vertex 52.01 -20.425 -24.195
      vertex 52.01 -19.925 -23.5
    endloop
  endfacet
  facet normal -1 0 0
    outer loop
      vertex 52.01 -19.925 -25.3
      vertex 52.01 -24.425 -24.195
      vertex 52.01 -20.425 -24.195
    endloop
  endfacet
  facet normal -1 0 0
    outer loop
      vertex 52.01 -24.925 -23.5
      vertex 52.01 -24.425 -24.195
      vertex 52.01 -24.925 -25.3
    endloop
  endfacet
  facet normal -1 0 0
    outer loop
      vertex 52.01 -24.925 -25.3
      vertex 52.01 -24.425 -24.195
      vertex 52.01 -19.925 -25.3
    endloop
  endfacet
  facet normal -1 0 0
    outer loop
      vertex 52.01 -20.425 -23.95
      vertex 52.01 -19.925 -23.5
      vertex 52.01 -20.425 -24.195
    endloop
  endfacet
  facet normal -1 0 0
    outer loop
      vertex 52.01 -24.425 -23.95
      vertex 52.01 -19.925 -23.5
      vertex 52.01 -20.425 -23.95
    endloop
  endfacet
  facet normal -1 0 0
    outer loop
      vertex 52.01 -24.425 -23.95
      vertex 52.01 -24.925 -23.5
      vertex 52.01 -19.925 -23.5
    endloop
  endfacet
  facet normal -1 0 0
    outer loop
      vertex 52.01 -24.425 -24.195
      vertex 52.01 -24.925 -23.5
      vertex 52.01 -24.425 -23.95
    endloop
  endfacet
  facet normal 0 0 -1
    outer loop
      vertex 51.705 -24.925 -23.5
      vertex 52.01 -19.925 -23.5
      vertex 52.01 -24.925 -23.5
    endloop
  endfacet
  facet normal -0 0 -1
    outer loop
      vertex 52.01 -19.925 -23.5
      vertex 51.705 -24.925 -23.5
      vertex 51.705 -19.925 -23.5
    endloop
  endfacet
  facet normal 0 1 -0
    outer loop
      vertex 52.01 -24.925 -25.3
      vertex 51.705 -24.925 -23.5
      vertex 52.01 -24.925 -23.5
    endloop
  endfacet
  facet normal 0 1 0
    outer loop
      vertex 51.705 -24.925 -23.5
      vertex 52.01 -24.925 -25.3
      vertex 51.705 -24.925 -25.3
    endloop
  endfacet
  facet normal 0 -1 0
    outer loop
      vertex 51.705 -19.925 -25.3
      vertex 52.01 -19.925 -23.5
      vertex 51.705 -19.925 -23.5
    endloop
  endfacet
  facet normal 0 -1 -0
    outer loop
      vertex 52.01 -19.925 -23.5
      vertex 51.705 -19.925 -25.3
      vertex 52.01 -19.925 -25.3
    endloop
  endfacet
  facet normal -0 -1 -0
    outer loop
      vertex -52.01 24.425 -23.95
      vertex -52.255 24.425 -23.95
      vertex -52.01 24.425 -24.195
    endloop
  endfacet
  facet normal 0 1 -0
    outer loop
      vertex -52.01 20.425 -24.195
      vertex -52.255 20.425 -23.95
      vertex -52.01 20.425 -23.95
    endloop
  endfacet
  facet normal 0 0 -1
    outer loop
      vertex -52.255 20.425 -23.95
      vertex -52.01 24.425 -23.95
      vertex -52.01 20.425 -23.95
    endloop
  endfacet
  facet normal -0 0 -1
    outer loop
      vertex -52.01 24.425 -23.95
      vertex -52.255 20.425 -23.95
      vertex -52.255 24.425 -23.95
    endloop
  endfacet
  facet normal 0.707107 0 0.707107
    outer loop
      vertex -52.255 24.425 -23.95
      vertex -52.01 20.425 -24.195
      vertex -52.01 24.425 -24.195
    endloop
  endfacet
  facet normal 0.707107 0 0.707107
    outer loop
      vertex -52.01 20.425 -24.195
      vertex -52.255 24.425 -23.95
      vertex -52.255 20.425 -23.95
    endloop
  endfacet
  facet normal 1 0 0
    outer loop
      vertex -52.01 24.425 -24.195
      vertex -52.01 24.925 -23.5
      vertex -52.01 24.425 -23.95
    endloop
  endfacet
  facet normal 1 0 0
    outer loop
      vertex -52.01 24.925 -23.5
      vertex -52.01 20.425 -23.95
      vertex -52.01 24.425 -23.95
    endloop
  endfacet
  facet normal 1 0 0
    outer loop
      vertex -52.01 20.425 -23.95
      vertex -52.01 19.925 -23.5
      vertex -52.01 20.425 -24.195
    endloop
  endfacet
  facet normal 1 -0 0
    outer loop
      vertex -52.01 19.925 -23.5
      vertex -52.01 20.425 -23.95
      vertex -52.01 24.925 -23.5
    endloop
  endfacet
  facet normal 1 0 0
    outer loop
      vertex -52.01 24.925 -23.5
      vertex -52.01 24.425 -24.195
      vertex -52.01 24.925 -25.3
    endloop
  endfacet
  facet normal 1 -0 0
    outer loop
      vertex -52.01 20.425 -24.195
      vertex -52.01 24.925 -25.3
      vertex -52.01 24.425 -24.195
    endloop
  endfacet
  facet normal 1 0 0
    outer loop
      vertex -52.01 20.425 -24.195
      vertex -52.01 19.925 -25.3
      vertex -52.01 24.925 -25.3
    endloop
  endfacet
  facet normal 1 0 0
    outer loop
      vertex -52.01 19.925 -25.3
      vertex -52.01 20.425 -24.195
      vertex -52.01 19.925 -23.5
    endloop
  endfacet
  facet normal 0 0 -1
    outer loop
      vertex -52.01 19.925 -23.5
      vertex -51.705 24.925 -23.5
      vertex -51.705 19.925 -23.5
    endloop
  endfacet
  facet normal -0 0 -1
    outer loop
      vertex -51.705 24.925 -23.5
      vertex -52.01 19.925 -23.5
      vertex -52.01 24.925 -23.5
    endloop
  endfacet
  facet normal 0 -1 0
    outer loop
      vertex -52.01 24.925 -25.3
      vertex -51.705 24.925 -23.5
      vertex -52.01 24.925 -23.5
    endloop
  endfacet
  facet normal 0 -1 -0
    outer loop
      vertex -51.705 24.925 -23.5
      vertex -52.01 24.925 -25.3
      vertex -51.705 24.925 -25.3
    endloop
  endfacet
  facet normal 0 1 -0
    outer loop
      vertex -51.705 19.925 -25.3
      vertex -52.01 19.925 -23.5
      vertex -51.705 19.925 -23.5
    endloop
  endfacet
  facet normal 0 1 0
    outer loop
      vertex -52.01 19.925 -23.5
      vertex -51.705 19.925 -25.3
      vertex -52.01 19.925 -25.3
    endloop
  endfacet
  facet normal 0 1 0
    outer loop
      vertex -52.01 -24.425 -23.95
      vertex -52.01 -24.425 -24.195
      vertex -52.255 -24.425 -23.95
    endloop
  endfacet
  facet normal 0 -1 0
    outer loop
      vertex -52.01 -20.425 -24.195
      vertex -52.01 -20.425 -23.95
      vertex -52.255 -20.425 -23.95
    endloop
  endfacet
  facet normal 0 0 -1
    outer loop
      vertex -52.255 -24.425 -23.95
      vertex -52.01 -20.425 -23.95
      vertex -52.01 -24.425 -23.95
    endloop
  endfacet
  facet normal -0 0 -1
    outer loop
      vertex -52.01 -20.425 -23.95
      vertex -52.255 -24.425 -23.95
      vertex -52.255 -20.425 -23.95
    endloop
  endfacet
  facet normal 0.707107 0 0.707107
    outer loop
      vertex -52.255 -20.425 -23.95
      vertex -52.01 -24.425 -24.195
      vertex -52.01 -20.425 -24.195
    endloop
  endfacet
  facet normal 0.707107 0 0.707107
    outer loop
      vertex -52.01 -24.425 -24.195
      vertex -52.255 -20.425 -23.95
      vertex -52.255 -24.425 -23.95
    endloop
  endfacet
  facet normal 1 0 0
    outer loop
      vertex -52.01 -20.425 -24.195
      vertex -52.01 -19.925 -23.5
      vertex -52.01 -20.425 -23.95
    endloop
  endfacet
  facet normal 1 0 0
    outer loop
      vertex -52.01 -19.925 -23.5
      vertex -52.01 -24.425 -23.95
      vertex -52.01 -20.425 -23.95
    endloop
  endfacet
  facet normal 1 0 0
    outer loop
      vertex -52.01 -24.425 -23.95
      vertex -52.01 -24.925 -23.5
      vertex -52.01 -24.425 -24.195
    endloop
  endfacet
  facet normal 1 -0 0
    outer loop
      vertex -52.01 -24.925 -23.5
      vertex -52.01 -24.425 -23.95
      vertex -52.01 -19.925 -23.5
    endloop
  endfacet
  facet normal 1 0 0
    outer loop
      vertex -52.01 -19.925 -23.5
      vertex -52.01 -20.425 -24.195
      vertex -52.01 -19.925 -25.3
    endloop
  endfacet
  facet normal 1 -0 0
    outer loop
      vertex -52.01 -24.425 -24.195
      vertex -52.01 -19.925 -25.3
      vertex -52.01 -20.425 -24.195
    endloop
  endfacet
  facet normal 1 0 0
    outer loop
      vertex -52.01 -24.425 -24.195
      vertex -52.01 -24.925 -25.3
      vertex -52.01 -19.925 -25.3
    endloop
  endfacet
  facet normal 1 0 0
    outer loop
      vertex -52.01 -24.925 -25.3
      vertex -52.01 -24.425 -24.195
      vertex -52.01 -24.925 -23.5
    endloop
  endfacet
  facet normal 0 0 -1
    outer loop
      vertex -52.01 -24.925 -23.5
      vertex -51.705 -19.925 -23.5
      vertex -51.705 -24.925 -23.5
    endloop
  endfacet
  facet normal -0 0 -1
    outer loop
      vertex -51.705 -19.925 -23.5
      vertex -52.01 -24.925 -23.5
      vertex -52.01 -19.925 -23.5
    endloop
  endfacet
  facet normal 0 1 -0
    outer loop
      vertex -51.705 -24.925 -25.3
      vertex -52.01 -24.925 -23.5
      vertex -51.705 -24.925 -23.5
    endloop
  endfacet
  facet normal 0 1 0
    outer loop
      vertex -52.01 -24.925 -23.5
      vertex -51.705 -24.925 -25.3
      vertex -52.01 -24.925 -25.3
    endloop
  endfacet
  facet normal 0 -1 0
    outer loop
      vertex -52.01 -19.925 -25.3
      vertex -51.705 -19.925 -23.5
      vertex -52.01 -19.925 -23.5
    endloop
  endfacet
  facet normal 0 -1 -0
    outer loop
      vertex -51.705 -19.925 -23.5
      vertex -52.01 -19.925 -25.3
      vertex -51.705 -19.925 -25.3
    endloop
  endfacet
  facet normal -1 0 0
    outer loop
      vertex -52.705 44.925 -25.3
      vertex -52.705 31.75 -5.29999
      vertex -52.705 44.925 -5.29999
    endloop
  endfacet
  facet normal -1 0 0
    outer loop
      vertex -52.705 31.75 -5.29999
      vertex -52.705 22.5 14.7
      vertex -52.705 31.75 14.7
    endloop
  endfacet
  facet normal -1 0 0
    outer loop
      vertex -52.705 22.5 14.7
      vertex -52.705 -22.5 14.7
      vertex -52.705 22.5 25.3
    endloop
  endfacet
  facet normal -1 0 0
    outer loop
      vertex -52.705 31.75 -5.29999
      vertex -52.705 -22.5 14.7
      vertex -52.705 22.5 14.7
    endloop
  endfacet
  facet normal -1 0 0
    outer loop
      vertex -52.705 -31.75 -5.29999
      vertex -52.705 31.75 -5.29999
      vertex -52.705 44.925 -25.3
    endloop
  endfacet
  facet normal -1 0 0
    outer loop
      vertex -52.705 31.75 -5.29999
      vertex -52.705 -31.75 -5.29999
      vertex -52.705 -22.5 14.7
    endloop
  endfacet
  facet normal -1 0 0
    outer loop
      vertex -52.705 -44.925 -25.3
      vertex -52.705 -31.75 -5.29999
      vertex -52.705 44.925 -25.3
    endloop
  endfacet
  facet normal -1 -0 0
    outer loop
      vertex -52.705 -31.75 -5.29999
      vertex -52.705 -44.925 -25.3
      vertex -52.705 -44.925 -5.29999
    endloop
  endfacet
  facet normal -1 -0 0
    outer loop
      vertex -52.705 22.5 25.3
      vertex -52.705 -22.5 14.7
      vertex -52.705 -22.5 25.3
    endloop
  endfacet
  facet normal -1 -0 0
    outer loop
      vertex -52.705 -22.5 14.7
      vertex -52.705 -31.75 -5.29999
      vertex -52.705 -31.75 14.7
    endloop
  endfacet
  facet normal 1 0 0
    outer loop
      vertex 52.705 22.5 25.3
      vertex 52.705 -22.5 25.3
      vertex 52.705 22.5 14.7
    endloop
  endfacet
  facet normal 1 0 0
    outer loop
      vertex 52.705 31.75 14.7
      vertex 52.705 22.5 14.7
      vertex 52.705 31.75 -5.29999
    endloop
  endfacet
  facet normal 1 -0 0
    outer loop
      vertex 52.705 31.75 -5.29999
      vertex 52.705 44.925 -25.3
      vertex 52.705 44.925 -5.29999
    endloop
  endfacet
  facet normal 1 0 0
    outer loop
      vertex 52.705 -22.5 14.7
      vertex 52.705 22.5 14.7
      vertex 52.705 -22.5 25.3
    endloop
  endfacet
  facet normal 1 0 0
    outer loop
      vertex 52.705 22.5 14.7
      vertex 52.705 -22.5 14.7
      vertex 52.705 31.75 -5.29999
    endloop
  endfacet
  facet normal 1 0 0
    outer loop
      vertex 52.705 -31.75 -5.29999
      vertex 52.705 31.75 -5.29999
      vertex 52.705 -22.5 14.7
    endloop
  endfacet
  facet normal 1 0 0
    outer loop
      vertex 52.705 -31.75 -5.29999
      vertex 52.705 -22.5 14.7
      vertex 52.705 -31.75 14.7
    endloop
  endfacet
  facet normal 1 0 0
    outer loop
      vertex 52.705 31.75 -5.29999
      vertex 52.705 -31.75 -5.29999
      vertex 52.705 44.925 -25.3
    endloop
  endfacet
  facet normal 1 0 0
    outer loop
      vertex 52.705 -44.925 -25.3
      vertex 52.705 -31.75 -5.29999
      vertex 52.705 -44.925 -5.29999
    endloop
  endfacet
  facet normal 1 0 0
    outer loop
      vertex 52.705 -31.75 -5.29999
      vertex 52.705 -44.925 -25.3
      vertex 52.705 44.925 -25.3
    endloop
  endfacet
  facet normal -0 0 1
    outer loop
      vertex -52.705 -22.5 14.7
      vertex 52.705 -31.75 14.7
      vertex 52.705 -22.5 14.7
    endloop
  endfacet
  facet normal 0 0 1
    outer loop
      vertex 52.705 -31.75 14.7
      vertex -52.705 -22.5 14.7
      vertex -52.705 -31.75 14.7
    endloop
  endfacet
  facet normal 0 -1 0
    outer loop
      vertex -52.705 -31.75 -5.29999
      vertex 52.705 -31.75 14.7
      vertex -52.705 -31.75 14.7
    endloop
  endfacet
  facet normal 0 -1 -0
    outer loop
      vertex 52.705 -31.75 14.7
      vertex -52.705 -31.75 -5.29999
      vertex 52.705 -31.75 -5.29999
    endloop
  endfacet
  facet normal 0 0 1
    outer loop
      vertex 11.5964 -37.5722 -5.29999
      vertex 52.705 -31.75 -5.29999
      vertex 11.6 -37.425 -5.29999
    endloop
  endfacet
  facet normal 0 0 1
    outer loop
      vertex 52.705 -31.75 -5.29999
      vertex 11.5964 -37.2778 -5.29999
      vertex 11.6 -37.425 -5.29999
    endloop
  endfacet
  facet normal 0 0 1
    outer loop
      vertex 52.705 -31.75 -5.29999
      vertex 11.5856 -37.1309 -5.29999
      vertex 11.5964 -37.2778 -5.29999
    endloop
  endfacet
  facet normal 0 0 1
    outer loop
      vertex 52.705 -31.75 -5.29999
      vertex 11.5675 -36.9848 -5.29999
      vertex 11.5856 -37.1309 -5.29999
    endloop
  endfacet
  facet normal 0 0 1
    outer loop
      vertex 52.705 -31.75 -5.29999
      vertex 11.5424 -36.8397 -5.29999
      vertex 11.5675 -36.9848 -5.29999
    endloop
  endfacet
  facet normal 0 0 1
    outer loop
      vertex 52.705 -31.75 -5.29999
      vertex 11.5101 -36.6961 -5.29999
      vertex 11.5424 -36.8397 -5.29999
    endloop
  endfacet
  facet normal 0 0 1
    outer loop
      vertex 52.705 -31.75 -5.29999
      vertex 11.4708 -36.5541 -5.29999
      vertex 11.5101 -36.6961 -5.29999
    endloop
  endfacet
  facet normal 0 0 1
    outer loop
      vertex 52.705 -31.75 -5.29999
      vertex 11.4246 -36.4143 -5.29999
      vertex 11.4708 -36.5541 -5.29999
    endloop
  endfacet
  facet normal 0 0 1
    outer loop
      vertex 52.705 -31.75 -5.29999
      vertex 11.3716 -36.277 -5.29999
      vertex 11.4246 -36.4143 -5.29999
    endloop
  endfacet
  facet normal 0 0 1
    outer loop
      vertex 52.705 -31.75 -5.29999
      vertex 11.312 -36.1423 -5.29999
      vertex 11.3716 -36.277 -5.29999
    endloop
  endfacet
  facet normal 0 0 1
    outer loop
      vertex 52.705 -31.75 -5.29999
      vertex 11.2458 -36.0108 -5.29999
      vertex 11.312 -36.1423 -5.29999
    endloop
  endfacet
  facet normal 0 0 1
    outer loop
      vertex 52.705 -31.75 -5.29999
      vertex 11.1732 -35.8827 -5.29999
      vertex 11.2458 -36.0108 -5.29999
    endloop
  endfacet
  facet normal 0 0 1
    outer loop
      vertex 52.705 -31.75 -5.29999
      vertex 11.0944 -35.7583 -5.29999
      vertex 11.1732 -35.8827 -5.29999
    endloop
  endfacet
  facet normal 0 0 1
    outer loop
      vertex 52.705 -31.75 -5.29999
      vertex 11.0096 -35.6379 -5.29999
      vertex 11.0944 -35.7583 -5.29999
    endloop
  endfacet
  facet normal 0 0 1
    outer loop
      vertex 52.705 -31.75 -5.29999
      vertex 10.919 -35.5218 -5.29999
      vertex 11.0096 -35.6379 -5.29999
    endloop
  endfacet
  facet normal 0 0 1
    outer loop
      vertex 52.705 -31.75 -5.29999
      vertex 10.8229 -35.4103 -5.29999
      vertex 10.919 -35.5218 -5.29999
    endloop
  endfacet
  facet normal 0 0 1
    outer loop
      vertex 52.705 -31.75 -5.29999
      vertex 10.7213 -35.3037 -5.29999
      vertex 10.8229 -35.4103 -5.29999
    endloop
  endfacet
  facet normal 0 0 1
    outer loop
      vertex 52.705 -31.75 -5.29999
      vertex 10.6147 -35.2021 -5.29999
      vertex 10.7213 -35.3037 -5.29999
    endloop
  endfacet
  facet normal 0 0 1
    outer loop
      vertex 52.705 -31.75 -5.29999
      vertex 10.5032 -35.106 -5.29999
      vertex 10.6147 -35.2021 -5.29999
    endloop
  endfacet
  facet normal 0 0 1
    outer loop
      vertex 52.705 -31.75 -5.29999
      vertex 10.3871 -35.0154 -5.29999
      vertex 10.5032 -35.106 -5.29999
    endloop
  endfacet
  facet normal 0 0 1
    outer loop
      vertex 52.705 -31.75 -5.29999
      vertex 10.2667 -34.9306 -5.29999
      vertex 10.3871 -35.0154 -5.29999
    endloop
  endfacet
  facet normal 0 0 1
    outer loop
      vertex 52.705 -31.75 -5.29999
      vertex 10.1423 -34.8518 -5.29999
      vertex 10.2667 -34.9306 -5.29999
    endloop
  endfacet
  facet normal 0 0 1
    outer loop
      vertex 52.705 -31.75 -5.29999
      vertex 10.0142 -34.7792 -5.29999
      vertex 10.1423 -34.8518 -5.29999
    endloop
  endfacet
  facet normal 0 0 1
    outer loop
      vertex 52.705 -31.75 -5.29999
      vertex 9.88266 -34.713 -5.29999
      vertex 10.0142 -34.7792 -5.29999
    endloop
  endfacet
  facet normal 0 0 1
    outer loop
      vertex 52.705 -31.75 -5.29999
      vertex 9.74805 -34.6534 -5.29999
      vertex 9.88266 -34.713 -5.29999
    endloop
  endfacet
  facet normal 0 0 1
    outer loop
      vertex 52.705 -31.75 -5.29999
      vertex 9.61067 -34.6004 -5.29999
      vertex 9.74805 -34.6534 -5.29999
    endloop
  endfacet
  facet normal 0 0 1
    outer loop
      vertex 52.705 -31.75 -5.29999
      vertex 9.47085 -34.5542 -5.29999
      vertex 9.61067 -34.6004 -5.29999
    endloop
  endfacet
  facet normal 0 0 1
    outer loop
      vertex 52.705 -31.75 -5.29999
      vertex 9.32894 -34.5149 -5.29999
      vertex 9.47085 -34.5542 -5.29999
    endloop
  endfacet
  facet normal 0 0 1
    outer loop
      vertex 52.705 -31.75 -5.29999
      vertex 9.18527 -34.4826 -5.29999
      vertex 9.32894 -34.5149 -5.29999
    endloop
  endfacet
  facet normal 0 0 1
    outer loop
      vertex 52.705 -31.75 -5.29999
      vertex 9.04019 -34.4575 -5.29999
      vertex 9.18527 -34.4826 -5.29999
    endloop
  endfacet
  facet normal 0 0 1
    outer loop
      vertex 52.705 -31.75 -5.29999
      vertex 8.89405 -34.4394 -5.29999
      vertex 9.04019 -34.4575 -5.29999
    endloop
  endfacet
  facet normal 0 0 1
    outer loop
      vertex 52.705 -31.75 -5.29999
      vertex 8.7472 -34.4286 -5.29999
      vertex 8.89405 -34.4394 -5.29999
    endloop
  endfacet
  facet normal 0 0 1
    outer loop
      vertex 52.705 -31.75 -5.29999
      vertex 8.6 -34.425 -5.29999
      vertex 8.7472 -34.4286 -5.29999
    endloop
  endfacet
  facet normal 0 0 1
    outer loop
      vertex 3.4 -34.425 -5.29999
      vertex 8.6 -34.425 -5.29999
      vertex 52.705 -31.75 -5.29999
    endloop
  endfacet
  facet normal 0 0 1
    outer loop
      vertex 6.02681 -35.8827 -5.29999
      vertex 5.97319 -35.8827 -5.29999
      vertex 6 -35.93 -5.29999
    endloop
  endfacet
  facet normal 0 0 1
    outer loop
      vertex 6.10559 -35.7583 -5.29999
      vertex 5.97319 -35.8827 -5.29999
      vertex 6.02681 -35.8827 -5.29999
    endloop
  endfacet
  facet normal 0 0 1
    outer loop
      vertex 5.89441 -35.7583 -5.29999
      vertex 6.10559 -35.7583 -5.29999
      vertex 6.19038 -35.6379 -5.29999
    endloop
  endfacet
  facet normal 0 0 1
    outer loop
      vertex 5.80962 -35.6379 -5.29999
      vertex 6.19038 -35.6379 -5.29999
      vertex 6.28097 -35.5218 -5.29999
    endloop
  endfacet
  facet normal 0 0 1
    outer loop
      vertex 6.10559 -35.7583 -5.29999
      vertex 5.89441 -35.7583 -5.29999
      vertex 5.97319 -35.8827 -5.29999
    endloop
  endfacet
  facet normal 0 0 1
    outer loop
      vertex 5.71903 -35.5218 -5.29999
      vertex 6.28097 -35.5218 -5.29999
      vertex 6.37715 -35.4103 -5.29999
    endloop
  endfacet
  facet normal 0 0 1
    outer loop
      vertex 5.62285 -35.4103 -5.29999
      vertex 6.37715 -35.4103 -5.29999
      vertex 6.47868 -35.3037 -5.29999
    endloop
  endfacet
  facet normal 0 0 1
    outer loop
      vertex 5.52132 -35.3037 -5.29999
      vertex 6.47868 -35.3037 -5.29999
      vertex 6.58532 -35.2021 -5.29999
    endloop
  endfacet
  facet normal 0 0 1
    outer loop
      vertex 5.41468 -35.2021 -5.29999
      vertex 6.58532 -35.2021 -5.29999
      vertex 6.69682 -35.106 -5.29999
    endloop
  endfacet
  facet normal 0 0 1
    outer loop
      vertex 6.19038 -35.6379 -5.29999
      vertex 5.80962 -35.6379 -5.29999
      vertex 5.89441 -35.7583 -5.29999
    endloop
  endfacet
  facet normal 0 0 1
    outer loop
      vertex 5.30318 -35.106 -5.29999
      vertex 6.69682 -35.106 -5.29999
      vertex 6.8129 -35.0154 -5.29999
    endloop
  endfacet
  facet normal 0 0 1
    outer loop
      vertex 5.1871 -35.0154 -5.29999
      vertex 6.8129 -35.0154 -5.29999
      vertex 6.93329 -34.9306 -5.29999
    endloop
  endfacet
  facet normal 0 0 1
    outer loop
      vertex 5.06671 -34.9306 -5.29999
      vertex 6.93329 -34.9306 -5.29999
      vertex 7.05769 -34.8518 -5.29999
    endloop
  endfacet
  facet normal 0 0 1
    outer loop
      vertex 6.28097 -35.5218 -5.29999
      vertex 5.71903 -35.5218 -5.29999
      vertex 5.80962 -35.6379 -5.29999
    endloop
  endfacet
  facet normal 0 0 1
    outer loop
      vertex 4.94231 -34.8518 -5.29999
      vertex 7.05769 -34.8518 -5.29999
      vertex 7.18581 -34.7792 -5.29999
    endloop
  endfacet
  facet normal 0 0 1
    outer loop
      vertex 6.37715 -35.4103 -5.29999
      vertex 5.62285 -35.4103 -5.29999
      vertex 5.71903 -35.5218 -5.29999
    endloop
  endfacet
  facet normal 0 0 1
    outer loop
      vertex 4.81419 -34.7792 -5.29999
      vertex 7.18581 -34.7792 -5.29999
      vertex 7.31733 -34.713 -5.29999
    endloop
  endfacet
  facet normal 0 0 1
    outer loop
      vertex 4.68267 -34.713 -5.29999
      vertex 7.31733 -34.713 -5.29999
      vertex 7.45195 -34.6534 -5.29999
    endloop
  endfacet
  facet normal 0 0 1
    outer loop
      vertex 6.47868 -35.3037 -5.29999
      vertex 5.52132 -35.3037 -5.29999
      vertex 5.62285 -35.4103 -5.29999
    endloop
  endfacet
  facet normal 0 0 1
    outer loop
      vertex 4.54805 -34.6534 -5.29999
      vertex 7.45195 -34.6534 -5.29999
      vertex 7.58933 -34.6004 -5.29999
    endloop
  endfacet
  facet normal 0 0 1
    outer loop
      vertex 6.58532 -35.2021 -5.29999
      vertex 5.41468 -35.2021 -5.29999
      vertex 5.52132 -35.3037 -5.29999
    endloop
  endfacet
  facet normal 0 0 1
    outer loop
      vertex 4.41067 -34.6004 -5.29999
      vertex 7.58933 -34.6004 -5.29999
      vertex 7.72915 -34.5542 -5.29999
    endloop
  endfacet
  facet normal 0 0 1
    outer loop
      vertex 6.69682 -35.106 -5.29999
      vertex 5.30318 -35.106 -5.29999
      vertex 5.41468 -35.2021 -5.29999
    endloop
  endfacet
  facet normal 0 0 1
    outer loop
      vertex 4.27085 -34.5542 -5.29999
      vertex 7.72915 -34.5542 -5.29999
      vertex 7.87106 -34.5149 -5.29999
    endloop
  endfacet
  facet normal 0 0 1
    outer loop
      vertex 6.8129 -35.0154 -5.29999
      vertex 5.1871 -35.0154 -5.29999
      vertex 5.30318 -35.106 -5.29999
    endloop
  endfacet
  facet normal 0 0 1
    outer loop
      vertex 4.12894 -34.5149 -5.29999
      vertex 7.87106 -34.5149 -5.29999
      vertex 8.01473 -34.4826 -5.29999
    endloop
  endfacet
  facet normal 0 0 1
    outer loop
      vertex 6.93329 -34.9306 -5.29999
      vertex 5.06671 -34.9306 -5.29999
      vertex 5.1871 -35.0154 -5.29999
    endloop
  endfacet
  facet normal 0 0 1
    outer loop
      vertex 3.98527 -34.4826 -5.29999
      vertex 8.01473 -34.4826 -5.29999
      vertex 8.15981 -34.4575 -5.29999
    endloop
  endfacet
  facet normal 0 0 1
    outer loop
      vertex 7.05769 -34.8518 -5.29999
      vertex 4.94231 -34.8518 -5.29999
      vertex 5.06671 -34.9306 -5.29999
    endloop
  endfacet
  facet normal 0 0 1
    outer loop
      vertex 3.84019 -34.4575 -5.29999
      vertex 8.15981 -34.4575 -5.29999
      vertex 8.30595 -34.4394 -5.29999
    endloop
  endfacet
  facet normal 0 0 1
    outer loop
      vertex 7.18581 -34.7792 -5.29999
      vertex 4.81419 -34.7792 -5.29999
      vertex 4.94231 -34.8518 -5.29999
    endloop
  endfacet
  facet normal 0 0 1
    outer loop
      vertex 7.31733 -34.713 -5.29999
      vertex 4.68267 -34.713 -5.29999
      vertex 4.81419 -34.7792 -5.29999
    endloop
  endfacet
  facet normal 0 0 1
    outer loop
      vertex 7.45195 -34.6534 -5.29999
      vertex 4.54805 -34.6534 -5.29999
      vertex 4.68267 -34.713 -5.29999
    endloop
  endfacet
  facet normal 0 0 1
    outer loop
      vertex 3.69405 -34.4394 -5.29999
      vertex 8.30595 -34.4394 -5.29999
      vertex 8.4528 -34.4286 -5.29999
    endloop
  endfacet
  facet normal 0 0 1
    outer loop
      vertex 8.6 -34.425 -5.29999
      vertex 3.4 -34.425 -5.29999
      vertex 8.4528 -34.4286 -5.29999
    endloop
  endfacet
  facet normal 0 0 1
    outer loop
      vertex 7.58933 -34.6004 -5.29999
      vertex 4.41067 -34.6004 -5.29999
      vertex 4.54805 -34.6534 -5.29999
    endloop
  endfacet
  facet normal 0 0 1
    outer loop
      vertex 7.72915 -34.5542 -5.29999
      vertex 4.27085 -34.5542 -5.29999
      vertex 4.41067 -34.6004 -5.29999
    endloop
  endfacet
  facet normal 0 0 1
    outer loop
      vertex 7.87106 -34.5149 -5.29999
      vertex 4.12894 -34.5149 -5.29999
      vertex 4.27085 -34.5542 -5.29999
    endloop
  endfacet
  facet normal 0 0 1
    outer loop
      vertex 8.01473 -34.4826 -5.29999
      vertex 3.98527 -34.4826 -5.29999
      vertex 4.12894 -34.5149 -5.29999
    endloop
  endfacet
  facet normal 0 0 1
    outer loop
      vertex 8.15981 -34.4575 -5.29999
      vertex 3.84019 -34.4575 -5.29999
      vertex 3.98527 -34.4826 -5.29999
    endloop
  endfacet
  facet normal 0 0 1
    outer loop
      vertex 8.30595 -34.4394 -5.29999
      vertex 3.69405 -34.4394 -5.29999
      vertex 3.84019 -34.4575 -5.29999
    endloop
  endfacet
  facet normal 0 0 1
    outer loop
      vertex 8.4528 -34.4286 -5.29999
      vertex 3.5472 -34.4286 -5.29999
      vertex 3.69405 -34.4394 -5.29999
    endloop
  endfacet
  facet normal 0 0 1
    outer loop
      vertex 8.4528 -34.4286 -5.29999
      vertex 3.4 -34.425 -5.29999
      vertex 3.5472 -34.4286 -5.29999
    endloop
  endfacet
  facet normal 0 0 1
    outer loop
      vertex -1.8 -34.425 -5.29999
      vertex 3.4 -34.425 -5.29999
      vertex 52.705 -31.75 -5.29999
    endloop
  endfacet
  facet normal 0 0 1
    outer loop
      vertex 0.826815 -35.8827 -5.29999
      vertex 0.773186 -35.8827 -5.29999
      vertex 0.800001 -35.93 -5.29999
    endloop
  endfacet
  facet normal 0 0 1
    outer loop
      vertex 0.905591 -35.7583 -5.29999
      vertex 0.773186 -35.8827 -5.29999
      vertex 0.826815 -35.8827 -5.29999
    endloop
  endfacet
  facet normal 0 0 1
    outer loop
      vertex 0.69441 -35.7583 -5.29999
      vertex 0.905591 -35.7583 -5.29999
      vertex 0.990378 -35.6379 -5.29999
    endloop
  endfacet
  facet normal 0 0 1
    outer loop
      vertex 0.609623 -35.6379 -5.29999
      vertex 0.990378 -35.6379 -5.29999
      vertex 1.08097 -35.5218 -5.29999
    endloop
  endfacet
  facet normal 0 0 1
    outer loop
      vertex 0.905591 -35.7583 -5.29999
      vertex 0.69441 -35.7583 -5.29999
      vertex 0.773186 -35.8827 -5.29999
    endloop
  endfacet
  facet normal 0 0 1
    outer loop
      vertex 0.519032 -35.5218 -5.29999
      vertex 1.08097 -35.5218 -5.29999
      vertex 1.17715 -35.4103 -5.29999
    endloop
  endfacet
  facet normal 0 0 1
    outer loop
      vertex 0.422854 -35.4103 -5.29999
      vertex 1.17715 -35.4103 -5.29999
      vertex 1.27868 -35.3037 -5.29999
    endloop
  endfacet
  facet normal 0 0 1
    outer loop
      vertex 0.321321 -35.3037 -5.29999
      vertex 1.27868 -35.3037 -5.29999
      vertex 1.38532 -35.2021 -5.29999
    endloop
  endfacet
  facet normal 0 0 1
    outer loop
      vertex 0.214677 -35.2021 -5.29999
      vertex 1.38532 -35.2021 -5.29999
      vertex 1.49682 -35.106 -5.29999
    endloop
  endfacet
  facet normal 0 0 1
    outer loop
      vertex 0.990378 -35.6379 -5.29999
      vertex 0.609623 -35.6379 -5.29999
      vertex 0.69441 -35.7583 -5.29999
    endloop
  endfacet
  facet normal 0 0 1
    outer loop
      vertex 0.10318 -35.106 -5.29999
      vertex 1.49682 -35.106 -5.29999
      vertex 1.6129 -35.0154 -5.29999
    endloop
  endfacet
  facet normal 0 0 1
    outer loop
      vertex -0.0129019 -35.0154 -5.29999
      vertex 1.6129 -35.0154 -5.29999
      vertex 1.73329 -34.9306 -5.29999
    endloop
  endfacet
  facet normal 0 0 1
    outer loop
      vertex -0.133289 -34.9306 -5.29999
      vertex 1.73329 -34.9306 -5.29999
      vertex 1.85769 -34.8518 -5.29999
    endloop
  endfacet
  facet normal 0 0 1
    outer loop
      vertex 1.08097 -35.5218 -5.29999
      vertex 0.519032 -35.5218 -5.29999
      vertex 0.609623 -35.6379 -5.29999
    endloop
  endfacet
  facet normal 0 0 1
    outer loop
      vertex -0.257691 -34.8518 -5.29999
      vertex 1.85769 -34.8518 -5.29999
      vertex 1.98581 -34.7792 -5.29999
    endloop
  endfacet
  facet normal 0 0 1
    outer loop
      vertex 1.17715 -35.4103 -5.29999
      vertex 0.422854 -35.4103 -5.29999
      vertex 0.519032 -35.5218 -5.29999
    endloop
  endfacet
  facet normal 0 0 1
    outer loop
      vertex -0.38581 -34.7792 -5.29999
      vertex 1.98581 -34.7792 -5.29999
      vertex 2.11733 -34.713 -5.29999
    endloop
  endfacet
  facet normal 0 0 1
    outer loop
      vertex -0.517335 -34.713 -5.29999
      vertex 2.11733 -34.713 -5.29999
      vertex 2.25195 -34.6534 -5.29999
    endloop
  endfacet
  facet normal 0 0 1
    outer loop
      vertex 1.27868 -35.3037 -5.29999
      vertex 0.321321 -35.3037 -5.29999
      vertex 0.422854 -35.4103 -5.29999
    endloop
  endfacet
  facet normal 0 0 1
    outer loop
      vertex -0.65195 -34.6534 -5.29999
      vertex 2.25195 -34.6534 -5.29999
      vertex 2.38933 -34.6004 -5.29999
    endloop
  endfacet
  facet normal 0 0 1
    outer loop
      vertex 1.38532 -35.2021 -5.29999
      vertex 0.214677 -35.2021 -5.29999
      vertex 0.321321 -35.3037 -5.29999
    endloop
  endfacet
  facet normal 0 0 1
    outer loop
      vertex -0.78933 -34.6004 -5.29999
      vertex 2.38933 -34.6004 -5.29999
      vertex 2.52915 -34.5542 -5.29999
    endloop
  endfacet
  facet normal 0 0 1
    outer loop
      vertex 1.49682 -35.106 -5.29999
      vertex 0.10318 -35.106 -5.29999
      vertex 0.214677 -35.2021 -5.29999
    endloop
  endfacet
  facet normal 0 0 1
    outer loop
      vertex -0.929145 -34.5542 -5.29999
      vertex 2.52915 -34.5542 -5.29999
      vertex 2.67106 -34.5149 -5.29999
    endloop
  endfacet
  facet normal 0 0 1
    outer loop
      vertex 1.6129 -35.0154 -5.29999
      vertex -0.0129019 -35.0154 -5.29999
      vertex 0.10318 -35.106 -5.29999
    endloop
  endfacet
  facet normal 0 0 1
    outer loop
      vertex -1.07106 -34.5149 -5.29999
      vertex 2.67106 -34.5149 -5.29999
      vertex 2.81473 -34.4826 -5.29999
    endloop
  endfacet
  facet normal 0 0 1
    outer loop
      vertex 1.73329 -34.9306 -5.29999
      vertex -0.133289 -34.9306 -5.29999
      vertex -0.0129019 -35.0154 -5.29999
    endloop
  endfacet
  facet normal 0 0 1
    outer loop
      vertex -1.21473 -34.4826 -5.29999
      vertex 2.81473 -34.4826 -5.29999
      vertex 2.95981 -34.4575 -5.29999
    endloop
  endfacet
  facet normal 0 0 1
    outer loop
      vertex 1.85769 -34.8518 -5.29999
      vertex -0.257691 -34.8518 -5.29999
      vertex -0.133289 -34.9306 -5.29999
    endloop
  endfacet
  facet normal 0 0 1
    outer loop
      vertex -1.35981 -34.4575 -5.29999
      vertex 2.95981 -34.4575 -5.29999
      vertex 3.10595 -34.4394 -5.29999
    endloop
  endfacet
  facet normal 0 0 1
    outer loop
      vertex 1.98581 -34.7792 -5.29999
      vertex -0.38581 -34.7792 -5.29999
      vertex -0.257691 -34.8518 -5.29999
    endloop
  endfacet
  facet normal 0 0 1
    outer loop
      vertex 2.11733 -34.713 -5.29999
      vertex -0.517335 -34.713 -5.29999
      vertex -0.38581 -34.7792 -5.29999
    endloop
  endfacet
  facet normal 0 0 1
    outer loop
      vertex 2.25195 -34.6534 -5.29999
      vertex -0.65195 -34.6534 -5.29999
      vertex -0.517335 -34.713 -5.29999
    endloop
  endfacet
  facet normal 0 0 1
    outer loop
      vertex -1.50595 -34.4394 -5.29999
      vertex 3.10595 -34.4394 -5.29999
      vertex 3.2528 -34.4286 -5.29999
    endloop
  endfacet
  facet normal 0 0 1
    outer loop
      vertex 2.38933 -34.6004 -5.29999
      vertex -0.78933 -34.6004 -5.29999
      vertex -0.65195 -34.6534 -5.29999
    endloop
  endfacet
  facet normal 0 0 1
    outer loop
      vertex 3.4 -34.425 -5.29999
      vertex -1.8 -34.425 -5.29999
      vertex 3.2528 -34.4286 -5.29999
    endloop
  endfacet
  facet normal 0 0 1
    outer loop
      vertex 2.52915 -34.5542 -5.29999
      vertex -0.929145 -34.5542 -5.29999
      vertex -0.78933 -34.6004 -5.29999
    endloop
  endfacet
  facet normal 0 0 1
    outer loop
      vertex 2.67106 -34.5149 -5.29999
      vertex -1.07106 -34.5149 -5.29999
      vertex -0.929145 -34.5542 -5.29999
    endloop
  endfacet
  facet normal 0 0 1
    outer loop
      vertex 2.81473 -34.4826 -5.29999
      vertex -1.21473 -34.4826 -5.29999
      vertex -1.07106 -34.5149 -5.29999
    endloop
  endfacet
  facet normal 0 0 1
    outer loop
      vertex 2.95981 -34.4575 -5.29999
      vertex -1.35981 -34.4575 -5.29999
      vertex -1.21473 -34.4826 -5.29999
    endloop
  endfacet
  facet normal 0 0 1
    outer loop
      vertex 3.10595 -34.4394 -5.29999
      vertex -1.50595 -34.4394 -5.29999
      vertex -1.35981 -34.4575 -5.29999
    endloop
  endfacet
  facet normal 0 0 1
    outer loop
      vertex 3.2528 -34.4286 -5.29999
      vertex -1.6528 -34.4286 -5.29999
      vertex -1.50595 -34.4394 -5.29999
    endloop
  endfacet
  facet normal 0 0 1
    outer loop
      vertex 3.2528 -34.4286 -5.29999
      vertex -1.8 -34.425 -5.29999
      vertex -1.6528 -34.4286 -5.29999
    endloop
  endfacet
  facet normal -0 0 1
    outer loop
      vertex -52.705 -31.75 -5.29999
      vertex -1.8 -34.425 -5.29999
      vertex 52.705 -31.75 -5.29999
    endloop
  endfacet
  facet normal 0 0 1
    outer loop
      vertex -4.79639 -37.2778 -5.29999
      vertex -6.6 -37.425 -5.29999
      vertex -4.8 -37.425 -5.29999
    endloop
  endfacet
  facet normal 0 0 1
    outer loop
      vertex -6.60361 -37.2778 -5.29999
      vertex -4.79639 -37.2778 -5.29999
      vertex -4.78555 -37.1309 -5.29999
    endloop
  endfacet
  facet normal 0 0 1
    outer loop
      vertex -6.61445 -37.1309 -5.29999
      vertex -4.78555 -37.1309 -5.29999
      vertex -4.76753 -36.9848 -5.29999
    endloop
  endfacet
  facet normal 0 0 1
    outer loop
      vertex -6.63247 -36.9848 -5.29999
      vertex -4.76753 -36.9848 -5.29999
      vertex -4.74235 -36.8397 -5.29999
    endloop
  endfacet
  facet normal 0 0 1
    outer loop
      vertex -6.65765 -36.8397 -5.29999
      vertex -4.74235 -36.8397 -5.29999
      vertex -4.71009 -36.6961 -5.29999
    endloop
  endfacet
  facet normal 0 0 1
    outer loop
      vertex -6.68991 -36.6961 -5.29999
      vertex -4.71009 -36.6961 -5.29999
      vertex -4.67082 -36.5541 -5.29999
    endloop
  endfacet
  facet normal 0 0 1
    outer loop
      vertex -6.72918 -36.5541 -5.29999
      vertex -4.67082 -36.5541 -5.29999
      vertex -4.62463 -36.4143 -5.29999
    endloop
  endfacet
  facet normal 0 0 1
    outer loop
      vertex -6.77537 -36.4143 -5.29999
      vertex -4.62463 -36.4143 -5.29999
      vertex -4.57164 -36.277 -5.29999
    endloop
  endfacet
  facet normal 0 0 1
    outer loop
      vertex -6.82836 -36.277 -5.29999
      vertex -4.57164 -36.277 -5.29999
      vertex -4.51197 -36.1423 -5.29999
    endloop
  endfacet
  facet normal 0 0 1
    outer loop
      vertex -6.88803 -36.1423 -5.29999
      vertex -4.51197 -36.1423 -5.29999
      vertex -4.44576 -36.0108 -5.29999
    endloop
  endfacet
  facet normal 0 0 1
    outer loop
      vertex -6.95424 -36.0108 -5.29999
      vertex -4.44576 -36.0108 -5.29999
      vertex -4.37319 -35.8827 -5.29999
    endloop
  endfacet
  facet normal 0 0 1
    outer loop
      vertex -7.02681 -35.8827 -5.29999
      vertex -4.37319 -35.8827 -5.29999
      vertex -4.29441 -35.7583 -5.29999
    endloop
  endfacet
  facet normal 0 0 1
    outer loop
      vertex -7.10559 -35.7583 -5.29999
      vertex -4.29441 -35.7583 -5.29999
      vertex -4.20962 -35.6379 -5.29999
    endloop
  endfacet
  facet normal 0 0 1
    outer loop
      vertex -7.19038 -35.6379 -5.29999
      vertex -4.20962 -35.6379 -5.29999
      vertex -4.11903 -35.5218 -5.29999
    endloop
  endfacet
  facet normal 0 0 1
    outer loop
      vertex -7.28097 -35.5218 -5.29999
      vertex -4.11903 -35.5218 -5.29999
      vertex -4.02285 -35.4103 -5.29999
    endloop
  endfacet
  facet normal 0 0 1
    outer loop
      vertex -7.37715 -35.4103 -5.29999
      vertex -4.02285 -35.4103 -5.29999
      vertex -3.92132 -35.3037 -5.29999
    endloop
  endfacet
  facet normal 0 0 1
    outer loop
      vertex -7.47868 -35.3037 -5.29999
      vertex -3.92132 -35.3037 -5.29999
      vertex -3.81468 -35.2021 -5.29999
    endloop
  endfacet
  facet normal 0 0 1
    outer loop
      vertex -7.58532 -35.2021 -5.29999
      vertex -3.81468 -35.2021 -5.29999
      vertex -3.70318 -35.106 -5.29999
    endloop
  endfacet
  facet normal 0 0 1
    outer loop
      vertex -4.79639 -37.2778 -5.29999
      vertex -6.60361 -37.2778 -5.29999
      vertex -6.6 -37.425 -5.29999
    endloop
  endfacet
  facet normal 0 0 1
    outer loop
      vertex -7.69682 -35.106 -5.29999
      vertex -3.70318 -35.106 -5.29999
      vertex -3.5871 -35.0154 -5.29999
    endloop
  endfacet
  facet normal 0 0 1
    outer loop
      vertex -4.78555 -37.1309 -5.29999
      vertex -6.61445 -37.1309 -5.29999
      vertex -6.60361 -37.2778 -5.29999
    endloop
  endfacet
  facet normal 0 0 1
    outer loop
      vertex -7.8129 -35.0154 -5.29999
      vertex -3.5871 -35.0154 -5.29999
      vertex -3.46671 -34.9306 -5.29999
    endloop
  endfacet
  facet normal 0 0 1
    outer loop
      vertex -4.76753 -36.9848 -5.29999
      vertex -6.63247 -36.9848 -5.29999
      vertex -6.61445 -37.1309 -5.29999
    endloop
  endfacet
  facet normal 0 0 1
    outer loop
      vertex -4.74235 -36.8397 -5.29999
      vertex -6.65765 -36.8397 -5.29999
      vertex -6.63247 -36.9848 -5.29999
    endloop
  endfacet
  facet normal 0 0 1
    outer loop
      vertex -7.93329 -34.9306 -5.29999
      vertex -3.46671 -34.9306 -5.29999
      vertex -3.34231 -34.8518 -5.29999
    endloop
  endfacet
  facet normal 0 0 1
    outer loop
      vertex -4.71009 -36.6961 -5.29999
      vertex -6.68991 -36.6961 -5.29999
      vertex -6.65765 -36.8397 -5.29999
    endloop
  endfacet
  facet normal 0 0 1
    outer loop
      vertex -8.05769 -34.8518 -5.29999
      vertex -3.34231 -34.8518 -5.29999
      vertex -3.21419 -34.7792 -5.29999
    endloop
  endfacet
  facet normal 0 0 1
    outer loop
      vertex -4.67082 -36.5541 -5.29999
      vertex -6.72918 -36.5541 -5.29999
      vertex -6.68991 -36.6961 -5.29999
    endloop
  endfacet
  facet normal 0 0 1
    outer loop
      vertex -4.62463 -36.4143 -5.29999
      vertex -6.77537 -36.4143 -5.29999
      vertex -6.72918 -36.5541 -5.29999
    endloop
  endfacet
  facet normal 0 0 1
    outer loop
      vertex -8.18581 -34.7792 -5.29999
      vertex -3.21419 -34.7792 -5.29999
      vertex -3.08266 -34.713 -5.29999
    endloop
  endfacet
  facet normal 0 0 1
    outer loop
      vertex -4.57164 -36.277 -5.29999
      vertex -6.82836 -36.277 -5.29999
      vertex -6.77537 -36.4143 -5.29999
    endloop
  endfacet
  facet normal 0 0 1
    outer loop
      vertex -8.31734 -34.713 -5.29999
      vertex -3.08266 -34.713 -5.29999
      vertex -2.94805 -34.6534 -5.29999
    endloop
  endfacet
  facet normal 0 0 1
    outer loop
      vertex -4.51197 -36.1423 -5.29999
      vertex -6.88803 -36.1423 -5.29999
      vertex -6.82836 -36.277 -5.29999
    endloop
  endfacet
  facet normal 0 0 1
    outer loop
      vertex -8.45195 -34.6534 -5.29999
      vertex -2.94805 -34.6534 -5.29999
      vertex -2.81067 -34.6004 -5.29999
    endloop
  endfacet
  facet normal 0 0 1
    outer loop
      vertex -4.44576 -36.0108 -5.29999
      vertex -6.95424 -36.0108 -5.29999
      vertex -6.88803 -36.1423 -5.29999
    endloop
  endfacet
  facet normal 0 0 1
    outer loop
      vertex -4.37319 -35.8827 -5.29999
      vertex -7.02681 -35.8827 -5.29999
      vertex -6.95424 -36.0108 -5.29999
    endloop
  endfacet
  facet normal 0 0 1
    outer loop
      vertex -8.58933 -34.6004 -5.29999
      vertex -2.81067 -34.6004 -5.29999
      vertex -2.67085 -34.5542 -5.29999
    endloop
  endfacet
  facet normal 0 0 1
    outer loop
      vertex -4.29441 -35.7583 -5.29999
      vertex -7.10559 -35.7583 -5.29999
      vertex -7.02681 -35.8827 -5.29999
    endloop
  endfacet
  facet normal 0 0 1
    outer loop
      vertex -8.72915 -34.5542 -5.29999
      vertex -2.67085 -34.5542 -5.29999
      vertex -2.52894 -34.5149 -5.29999
    endloop
  endfacet
  facet normal 0 0 1
    outer loop
      vertex -4.20962 -35.6379 -5.29999
      vertex -7.19038 -35.6379 -5.29999
      vertex -7.10559 -35.7583 -5.29999
    endloop
  endfacet
  facet normal 0 0 1
    outer loop
      vertex -4.11903 -35.5218 -5.29999
      vertex -7.28097 -35.5218 -5.29999
      vertex -7.19038 -35.6379 -5.29999
    endloop
  endfacet
  facet normal 0 0 1
    outer loop
      vertex -8.87106 -34.5149 -5.29999
      vertex -2.52894 -34.5149 -5.29999
      vertex -2.38527 -34.4826 -5.29999
    endloop
  endfacet
  facet normal 0 0 1
    outer loop
      vertex -4.02285 -35.4103 -5.29999
      vertex -7.37715 -35.4103 -5.29999
      vertex -7.28097 -35.5218 -5.29999
    endloop
  endfacet
  facet normal 0 0 1
    outer loop
      vertex -3.92132 -35.3037 -5.29999
      vertex -7.47868 -35.3037 -5.29999
      vertex -7.37715 -35.4103 -5.29999
    endloop
  endfacet
  facet normal 0 0 1
    outer loop
      vertex -9.01473 -34.4826 -5.29999
      vertex -2.38527 -34.4826 -5.29999
      vertex -2.24019 -34.4575 -5.29999
    endloop
  endfacet
  facet normal 0 0 1
    outer loop
      vertex -3.81468 -35.2021 -5.29999
      vertex -7.58532 -35.2021 -5.29999
      vertex -7.47868 -35.3037 -5.29999
    endloop
  endfacet
  facet normal 0 0 1
    outer loop
      vertex -3.70318 -35.106 -5.29999
      vertex -7.69682 -35.106 -5.29999
      vertex -7.58532 -35.2021 -5.29999
    endloop
  endfacet
  facet normal 0 0 1
    outer loop
      vertex -9.15981 -34.4575 -5.29999
      vertex -2.24019 -34.4575 -5.29999
      vertex -2.09405 -34.4394 -5.29999
    endloop
  endfacet
  facet normal 0 0 1
    outer loop
      vertex -3.5871 -35.0154 -5.29999
      vertex -7.8129 -35.0154 -5.29999
      vertex -7.69682 -35.106 -5.29999
    endloop
  endfacet
  facet normal 0 0 1
    outer loop
      vertex -3.46671 -34.9306 -5.29999
      vertex -7.93329 -34.9306 -5.29999
      vertex -7.8129 -35.0154 -5.29999
    endloop
  endfacet
  facet normal 0 0 1
    outer loop
      vertex -3.34231 -34.8518 -5.29999
      vertex -8.05769 -34.8518 -5.29999
      vertex -7.93329 -34.9306 -5.29999
    endloop
  endfacet
  facet normal 0 0 1
    outer loop
      vertex -9.30595 -34.4394 -5.29999
      vertex -2.09405 -34.4394 -5.29999
      vertex -1.9472 -34.4286 -5.29999
    endloop
  endfacet
  facet normal 0 0 1
    outer loop
      vertex -3.21419 -34.7792 -5.29999
      vertex -8.18581 -34.7792 -5.29999
      vertex -8.05769 -34.8518 -5.29999
    endloop
  endfacet
  facet normal 0 0 1
    outer loop
      vertex -3.08266 -34.713 -5.29999
      vertex -8.31734 -34.713 -5.29999
      vertex -8.18581 -34.7792 -5.29999
    endloop
  endfacet
  facet normal 0 -0 1
    outer loop
      vertex -9.6 -34.425 -5.29999
      vertex -1.8 -34.425 -5.29999
      vertex -52.705 -31.75 -5.29999
    endloop
  endfacet
  facet normal 0 0 1
    outer loop
      vertex -2.94805 -34.6534 -5.29999
      vertex -8.45195 -34.6534 -5.29999
      vertex -8.31734 -34.713 -5.29999
    endloop
  endfacet
  facet normal 0 0 1
    outer loop
      vertex -2.81067 -34.6004 -5.29999
      vertex -8.58933 -34.6004 -5.29999
      vertex -8.45195 -34.6534 -5.29999
    endloop
  endfacet
  facet normal 0 0 1
    outer loop
      vertex -2.67085 -34.5542 -5.29999
      vertex -8.72915 -34.5542 -5.29999
      vertex -8.58933 -34.6004 -5.29999
    endloop
  endfacet
  facet normal 0 0 1
    outer loop
      vertex -2.52894 -34.5149 -5.29999
      vertex -8.87106 -34.5149 -5.29999
      vertex -8.72915 -34.5542 -5.29999
    endloop
  endfacet
  facet normal 0 0 1
    outer loop
      vertex -2.38527 -34.4826 -5.29999
      vertex -9.01473 -34.4826 -5.29999
      vertex -8.87106 -34.5149 -5.29999
    endloop
  endfacet
  facet normal 0 0 1
    outer loop
      vertex -2.24019 -34.4575 -5.29999
      vertex -9.15981 -34.4575 -5.29999
      vertex -9.01473 -34.4826 -5.29999
    endloop
  endfacet
  facet normal 0 0 1
    outer loop
      vertex -2.09405 -34.4394 -5.29999
      vertex -9.30595 -34.4394 -5.29999
      vertex -9.15981 -34.4575 -5.29999
    endloop
  endfacet
  facet normal 0 0 1
    outer loop
      vertex -1.9472 -34.4286 -5.29999
      vertex -9.4528 -34.4286 -5.29999
      vertex -9.30595 -34.4394 -5.29999
    endloop
  endfacet
  facet normal 0 0 1
    outer loop
      vertex -1.9472 -34.4286 -5.29999
      vertex -9.6 -34.425 -5.29999
      vertex -9.4528 -34.4286 -5.29999
    endloop
  endfacet
  facet normal 0 0 1
    outer loop
      vertex -1.8 -34.425 -5.29999
      vertex -9.6 -34.425 -5.29999
      vertex -1.9472 -34.4286 -5.29999
    endloop
  endfacet
  facet normal 0 0 1
    outer loop
      vertex -12.1732 -35.8827 -5.29999
      vertex -12.2268 -35.8827 -5.29999
      vertex -12.2 -35.93 -5.29999
    endloop
  endfacet
  facet normal 0 0 1
    outer loop
      vertex -12.0944 -35.7583 -5.29999
      vertex -12.2268 -35.8827 -5.29999
      vertex -12.1732 -35.8827 -5.29999
    endloop
  endfacet
  facet normal 0 0 1
    outer loop
      vertex -12.3056 -35.7583 -5.29999
      vertex -12.0944 -35.7583 -5.29999
      vertex -12.0096 -35.6379 -5.29999
    endloop
  endfacet
  facet normal 0 0 1
    outer loop
      vertex -12.3904 -35.6379 -5.29999
      vertex -12.0096 -35.6379 -5.29999
      vertex -11.919 -35.5218 -5.29999
    endloop
  endfacet
  facet normal 0 0 1
    outer loop
      vertex -12.0944 -35.7583 -5.29999
      vertex -12.3056 -35.7583 -5.29999
      vertex -12.2268 -35.8827 -5.29999
    endloop
  endfacet
  facet normal 0 0 1
    outer loop
      vertex -12.481 -35.5218 -5.29999
      vertex -11.919 -35.5218 -5.29999
      vertex -11.8229 -35.4103 -5.29999
    endloop
  endfacet
  facet normal 0 0 1
    outer loop
      vertex -12.5771 -35.4103 -5.29999
      vertex -11.8229 -35.4103 -5.29999
      vertex -11.7213 -35.3037 -5.29999
    endloop
  endfacet
  facet normal 0 0 1
    outer loop
      vertex -12.6787 -35.3037 -5.29999
      vertex -11.7213 -35.3037 -5.29999
      vertex -11.6147 -35.2021 -5.29999
    endloop
  endfacet
  facet normal 0 0 1
    outer loop
      vertex -12.7853 -35.2021 -5.29999
      vertex -11.6147 -35.2021 -5.29999
      vertex -11.5032 -35.106 -5.29999
    endloop
  endfacet
  facet normal 0 0 1
    outer loop
      vertex -12.0096 -35.6379 -5.29999
      vertex -12.3904 -35.6379 -5.29999
      vertex -12.3056 -35.7583 -5.29999
    endloop
  endfacet
  facet normal 0 0 1
    outer loop
      vertex -12.8968 -35.106 -5.29999
      vertex -11.5032 -35.106 -5.29999
      vertex -11.3871 -35.0154 -5.29999
    endloop
  endfacet
  facet normal 0 0 1
    outer loop
      vertex -13.0129 -35.0154 -5.29999
      vertex -11.3871 -35.0154 -5.29999
      vertex -11.2667 -34.9306 -5.29999
    endloop
  endfacet
  facet normal 0 0 1
    outer loop
      vertex -13.1333 -34.9306 -5.29999
      vertex -11.2667 -34.9306 -5.29999
      vertex -11.1423 -34.8518 -5.29999
    endloop
  endfacet
  facet normal 0 0 1
    outer loop
      vertex -11.919 -35.5218 -5.29999
      vertex -12.481 -35.5218 -5.29999
      vertex -12.3904 -35.6379 -5.29999
    endloop
  endfacet
  facet normal 0 0 1
    outer loop
      vertex -13.2577 -34.8518 -5.29999
      vertex -11.1423 -34.8518 -5.29999
      vertex -11.0142 -34.7792 -5.29999
    endloop
  endfacet
  facet normal 0 0 1
    outer loop
      vertex -11.8229 -35.4103 -5.29999
      vertex -12.5771 -35.4103 -5.29999
      vertex -12.481 -35.5218 -5.29999
    endloop
  endfacet
  facet normal 0 0 1
    outer loop
      vertex -13.3858 -34.7792 -5.29999
      vertex -11.0142 -34.7792 -5.29999
      vertex -10.8827 -34.713 -5.29999
    endloop
  endfacet
  facet normal 0 0 1
    outer loop
      vertex -13.5173 -34.713 -5.29999
      vertex -10.8827 -34.713 -5.29999
      vertex -10.7481 -34.6534 -5.29999
    endloop
  endfacet
  facet normal 0 0 1
    outer loop
      vertex -11.7213 -35.3037 -5.29999
      vertex -12.6787 -35.3037 -5.29999
      vertex -12.5771 -35.4103 -5.29999
    endloop
  endfacet
  facet normal 0 0 1
    outer loop
      vertex -13.652 -34.6534 -5.29999
      vertex -10.7481 -34.6534 -5.29999
      vertex -10.6107 -34.6004 -5.29999
    endloop
  endfacet
  facet normal 0 0 1
    outer loop
      vertex -11.6147 -35.2021 -5.29999
      vertex -12.7853 -35.2021 -5.29999
      vertex -12.6787 -35.3037 -5.29999
    endloop
  endfacet
  facet normal 0 0 1
    outer loop
      vertex -13.7893 -34.6004 -5.29999
      vertex -10.6107 -34.6004 -5.29999
      vertex -10.4709 -34.5542 -5.29999
    endloop
  endfacet
  facet normal 0 0 1
    outer loop
      vertex -11.5032 -35.106 -5.29999
      vertex -12.8968 -35.106 -5.29999
      vertex -12.7853 -35.2021 -5.29999
    endloop
  endfacet
  facet normal 0 0 1
    outer loop
      vertex -13.9291 -34.5542 -5.29999
      vertex -10.4709 -34.5542 -5.29999
      vertex -10.3289 -34.5149 -5.29999
    endloop
  endfacet
  facet normal 0 0 1
    outer loop
      vertex -11.3871 -35.0154 -5.29999
      vertex -13.0129 -35.0154 -5.29999
      vertex -12.8968 -35.106 -5.29999
    endloop
  endfacet
  facet normal 0 0 1
    outer loop
      vertex -14.0711 -34.5149 -5.29999
      vertex -10.3289 -34.5149 -5.29999
      vertex -10.1853 -34.4826 -5.29999
    endloop
  endfacet
  facet normal 0 0 1
    outer loop
      vertex -11.2667 -34.9306 -5.29999
      vertex -13.1333 -34.9306 -5.29999
      vertex -13.0129 -35.0154 -5.29999
    endloop
  endfacet
  facet normal 0 0 1
    outer loop
      vertex -14.2147 -34.4826 -5.29999
      vertex -10.1853 -34.4826 -5.29999
      vertex -10.0402 -34.4575 -5.29999
    endloop
  endfacet
  facet normal 0 0 1
    outer loop
      vertex -11.1423 -34.8518 -5.29999
      vertex -13.2577 -34.8518 -5.29999
      vertex -13.1333 -34.9306 -5.29999
    endloop
  endfacet
  facet normal 0 0 1
    outer loop
      vertex -14.3598 -34.4575 -5.29999
      vertex -10.0402 -34.4575 -5.29999
      vertex -9.89405 -34.4394 -5.29999
    endloop
  endfacet
  facet normal 0 0 1
    outer loop
      vertex -11.0142 -34.7792 -5.29999
      vertex -13.3858 -34.7792 -5.29999
      vertex -13.2577 -34.8518 -5.29999
    endloop
  endfacet
  facet normal 0 0 1
    outer loop
      vertex -10.8827 -34.713 -5.29999
      vertex -13.5173 -34.713 -5.29999
      vertex -13.3858 -34.7792 -5.29999
    endloop
  endfacet
  facet normal 0 0 1
    outer loop
      vertex -10.7481 -34.6534 -5.29999
      vertex -13.652 -34.6534 -5.29999
      vertex -13.5173 -34.713 -5.29999
    endloop
  endfacet
  facet normal 0 0 1
    outer loop
      vertex -14.5059 -34.4394 -5.29999
      vertex -9.89405 -34.4394 -5.29999
      vertex -9.7472 -34.4286 -5.29999
    endloop
  endfacet
  facet normal 0 0 1
    outer loop
      vertex -10.6107 -34.6004 -5.29999
      vertex -13.7893 -34.6004 -5.29999
      vertex -13.652 -34.6534 -5.29999
    endloop
  endfacet
  facet normal 0 -0 1
    outer loop
      vertex -14.8 -34.425 -5.29999
      vertex -9.6 -34.425 -5.29999
      vertex -52.705 -31.75 -5.29999
    endloop
  endfacet
  facet normal 0 0 1
    outer loop
      vertex -10.4709 -34.5542 -5.29999
      vertex -13.9291 -34.5542 -5.29999
      vertex -13.7893 -34.6004 -5.29999
    endloop
  endfacet
  facet normal 0 0 1
    outer loop
      vertex -10.3289 -34.5149 -5.29999
      vertex -14.0711 -34.5149 -5.29999
      vertex -13.9291 -34.5542 -5.29999
    endloop
  endfacet
  facet normal 0 0 1
    outer loop
      vertex -10.1853 -34.4826 -5.29999
      vertex -14.2147 -34.4826 -5.29999
      vertex -14.0711 -34.5149 -5.29999
    endloop
  endfacet
  facet normal 0 0 1
    outer loop
      vertex -10.0402 -34.4575 -5.29999
      vertex -14.3598 -34.4575 -5.29999
      vertex -14.2147 -34.4826 -5.29999
    endloop
  endfacet
  facet normal 0 0 1
    outer loop
      vertex -9.89405 -34.4394 -5.29999
      vertex -14.5059 -34.4394 -5.29999
      vertex -14.3598 -34.4575 -5.29999
    endloop
  endfacet
  facet normal 0 0 1
    outer loop
      vertex -9.7472 -34.4286 -5.29999
      vertex -14.6528 -34.4286 -5.29999
      vertex -14.5059 -34.4394 -5.29999
    endloop
  endfacet
  facet normal 0 0 1
    outer loop
      vertex -9.7472 -34.4286 -5.29999
      vertex -14.8 -34.425 -5.29999
      vertex -14.6528 -34.4286 -5.29999
    endloop
  endfacet
  facet normal 0 0 1
    outer loop
      vertex -9.6 -34.425 -5.29999
      vertex -14.8 -34.425 -5.29999
      vertex -9.7472 -34.4286 -5.29999
    endloop
  endfacet
  facet normal 0 0 1
    outer loop
      vertex -17.3732 -35.8827 -5.29999
      vertex -17.4268 -35.8827 -5.29999
      vertex -17.4 -35.93 -5.29999
    endloop
  endfacet
  facet normal 0 0 1
    outer loop
      vertex -17.2944 -35.7583 -5.29999
      vertex -17.4268 -35.8827 -5.29999
      vertex -17.3732 -35.8827 -5.29999
    endloop
  endfacet
  facet normal 0 0 1
    outer loop
      vertex -17.5056 -35.7583 -5.29999
      vertex -17.2944 -35.7583 -5.29999
      vertex -17.2096 -35.6379 -5.29999
    endloop
  endfacet
  facet normal 0 0 1
    outer loop
      vertex -17.5904 -35.6379 -5.29999
      vertex -17.2096 -35.6379 -5.29999
      vertex -17.119 -35.5218 -5.29999
    endloop
  endfacet
  facet normal 0 0 1
    outer loop
      vertex -17.2944 -35.7583 -5.29999
      vertex -17.5056 -35.7583 -5.29999
      vertex -17.4268 -35.8827 -5.29999
    endloop
  endfacet
  facet normal 0 0 1
    outer loop
      vertex -17.681 -35.5218 -5.29999
      vertex -17.119 -35.5218 -5.29999
      vertex -17.0229 -35.4103 -5.29999
    endloop
  endfacet
  facet normal 0 0 1
    outer loop
      vertex -17.7771 -35.4103 -5.29999
      vertex -17.0229 -35.4103 -5.29999
      vertex -16.9213 -35.3037 -5.29999
    endloop
  endfacet
  facet normal 0 0 1
    outer loop
      vertex -17.8787 -35.3037 -5.29999
      vertex -16.9213 -35.3037 -5.29999
      vertex -16.8147 -35.2021 -5.29999
    endloop
  endfacet
  facet normal 0 0 1
    outer loop
      vertex -17.9853 -35.2021 -5.29999
      vertex -16.8147 -35.2021 -5.29999
      vertex -16.7032 -35.106 -5.29999
    endloop
  endfacet
  facet normal 0 0 1
    outer loop
      vertex -17.2096 -35.6379 -5.29999
      vertex -17.5904 -35.6379 -5.29999
      vertex -17.5056 -35.7583 -5.29999
    endloop
  endfacet
  facet normal 0 0 1
    outer loop
      vertex -18.0968 -35.106 -5.29999
      vertex -16.7032 -35.106 -5.29999
      vertex -16.5871 -35.0154 -5.29999
    endloop
  endfacet
  facet normal 0 0 1
    outer loop
      vertex -18.2129 -35.0154 -5.29999
      vertex -16.5871 -35.0154 -5.29999
      vertex -16.4667 -34.9306 -5.29999
    endloop
  endfacet
  facet normal 0 0 1
    outer loop
      vertex -18.3333 -34.9306 -5.29999
      vertex -16.4667 -34.9306 -5.29999
      vertex -16.3423 -34.8518 -5.29999
    endloop
  endfacet
  facet normal 0 0 1
    outer loop
      vertex -17.119 -35.5218 -5.29999
      vertex -17.681 -35.5218 -5.29999
      vertex -17.5904 -35.6379 -5.29999
    endloop
  endfacet
  facet normal 0 0 1
    outer loop
      vertex -18.4577 -34.8518 -5.29999
      vertex -16.3423 -34.8518 -5.29999
      vertex -16.2142 -34.7792 -5.29999
    endloop
  endfacet
  facet normal 0 0 1
    outer loop
      vertex -17.0229 -35.4103 -5.29999
      vertex -17.7771 -35.4103 -5.29999
      vertex -17.681 -35.5218 -5.29999
    endloop
  endfacet
  facet normal 0 0 1
    outer loop
      vertex -18.5858 -34.7792 -5.29999
      vertex -16.2142 -34.7792 -5.29999
      vertex -16.0827 -34.713 -5.29999
    endloop
  endfacet
  facet normal 0 0 1
    outer loop
      vertex -18.7173 -34.713 -5.29999
      vertex -16.0827 -34.713 -5.29999
      vertex -15.948 -34.6534 -5.29999
    endloop
  endfacet
  facet normal 0 0 1
    outer loop
      vertex -16.9213 -35.3037 -5.29999
      vertex -17.8787 -35.3037 -5.29999
      vertex -17.7771 -35.4103 -5.29999
    endloop
  endfacet
  facet normal 0 0 1
    outer loop
      vertex -18.8519 -34.6534 -5.29999
      vertex -15.948 -34.6534 -5.29999
      vertex -15.8107 -34.6004 -5.29999
    endloop
  endfacet
  facet normal 0 0 1
    outer loop
      vertex -16.8147 -35.2021 -5.29999
      vertex -17.9853 -35.2021 -5.29999
      vertex -17.8787 -35.3037 -5.29999
    endloop
  endfacet
  facet normal 0 0 1
    outer loop
      vertex -18.9893 -34.6004 -5.29999
      vertex -15.8107 -34.6004 -5.29999
      vertex -15.6709 -34.5542 -5.29999
    endloop
  endfacet
  facet normal 0 0 1
    outer loop
      vertex -16.7032 -35.106 -5.29999
      vertex -18.0968 -35.106 -5.29999
      vertex -17.9853 -35.2021 -5.29999
    endloop
  endfacet
  facet normal 0 0 1
    outer loop
      vertex -19.1291 -34.5542 -5.29999
      vertex -15.6709 -34.5542 -5.29999
      vertex -15.5289 -34.5149 -5.29999
    endloop
  endfacet
  facet normal 0 0 1
    outer loop
      vertex -16.5871 -35.0154 -5.29999
      vertex -18.2129 -35.0154 -5.29999
      vertex -18.0968 -35.106 -5.29999
    endloop
  endfacet
  facet normal 0 0 1
    outer loop
      vertex -19.2711 -34.5149 -5.29999
      vertex -15.5289 -34.5149 -5.29999
      vertex -15.3853 -34.4826 -5.29999
    endloop
  endfacet
  facet normal 0 0 1
    outer loop
      vertex -16.4667 -34.9306 -5.29999
      vertex -18.3333 -34.9306 -5.29999
      vertex -18.2129 -35.0154 -5.29999
    endloop
  endfacet
  facet normal 0 0 1
    outer loop
      vertex -19.4147 -34.4826 -5.29999
      vertex -15.3853 -34.4826 -5.29999
      vertex -15.2402 -34.4575 -5.29999
    endloop
  endfacet
  facet normal 0 0 1
    outer loop
      vertex -16.3423 -34.8518 -5.29999
      vertex -18.4577 -34.8518 -5.29999
      vertex -18.3333 -34.9306 -5.29999
    endloop
  endfacet
  facet normal 0 0 1
    outer loop
      vertex -19.5598 -34.4575 -5.29999
      vertex -15.2402 -34.4575 -5.29999
      vertex -15.0941 -34.4394 -5.29999
    endloop
  endfacet
  facet normal 0 0 1
    outer loop
      vertex -16.2142 -34.7792 -5.29999
      vertex -18.5858 -34.7792 -5.29999
      vertex -18.4577 -34.8518 -5.29999
    endloop
  endfacet
  facet normal 0 0 1
    outer loop
      vertex -16.0827 -34.713 -5.29999
      vertex -18.7173 -34.713 -5.29999
      vertex -18.5858 -34.7792 -5.29999
    endloop
  endfacet
  facet normal 0 0 1
    outer loop
      vertex -15.948 -34.6534 -5.29999
      vertex -18.8519 -34.6534 -5.29999
      vertex -18.7173 -34.713 -5.29999
    endloop
  endfacet
  facet normal 0 0 1
    outer loop
      vertex -19.7059 -34.4394 -5.29999
      vertex -15.0941 -34.4394 -5.29999
      vertex -14.9472 -34.4286 -5.29999
    endloop
  endfacet
  facet normal 0 0 1
    outer loop
      vertex -15.8107 -34.6004 -5.29999
      vertex -18.9893 -34.6004 -5.29999
      vertex -18.8519 -34.6534 -5.29999
    endloop
  endfacet
  facet normal 0 0 1
    outer loop
      vertex -15.6709 -34.5542 -5.29999
      vertex -19.1291 -34.5542 -5.29999
      vertex -18.9893 -34.6004 -5.29999
    endloop
  endfacet
  facet normal 0 -0 1
    outer loop
      vertex -20 -34.425 -5.29999
      vertex -14.8 -34.425 -5.29999
      vertex -52.705 -31.75 -5.29999
    endloop
  endfacet
  facet normal 0 0 1
    outer loop
      vertex -15.5289 -34.5149 -5.29999
      vertex -19.2711 -34.5149 -5.29999
      vertex -19.1291 -34.5542 -5.29999
    endloop
  endfacet
  facet normal 0 0 1
    outer loop
      vertex -15.3853 -34.4826 -5.29999
      vertex -19.4147 -34.4826 -5.29999
      vertex -19.2711 -34.5149 -5.29999
    endloop
  endfacet
  facet normal 0 0 1
    outer loop
      vertex -15.2402 -34.4575 -5.29999
      vertex -19.5598 -34.4575 -5.29999
      vertex -19.4147 -34.4826 -5.29999
    endloop
  endfacet
  facet normal 0 0 1
    outer loop
      vertex -15.0941 -34.4394 -5.29999
      vertex -19.7059 -34.4394 -5.29999
      vertex -19.5598 -34.4575 -5.29999
    endloop
  endfacet
  facet normal 0 0 1
    outer loop
      vertex -14.9472 -34.4286 -5.29999
      vertex -19.8528 -34.4286 -5.29999
      vertex -19.7059 -34.4394 -5.29999
    endloop
  endfacet
  facet normal 0 0 1
    outer loop
      vertex -14.8 -34.425 -5.29999
      vertex -20 -34.425 -5.29999
      vertex -14.9472 -34.4286 -5.29999
    endloop
  endfacet
  facet normal 0 0 1
    outer loop
      vertex -14.9472 -34.4286 -5.29999
      vertex -20 -34.425 -5.29999
      vertex -19.8528 -34.4286 -5.29999
    endloop
  endfacet
  facet normal 0 0 1
    outer loop
      vertex -22.9964 -37.2778 -5.29999
      vertex -24.8 -37.425 -5.29999
      vertex -23 -37.425 -5.29999
    endloop
  endfacet
  facet normal 0 0 1
    outer loop
      vertex -24.8036 -37.2778 -5.29999
      vertex -22.9964 -37.2778 -5.29999
      vertex -22.9856 -37.1309 -5.29999
    endloop
  endfacet
  facet normal 0 0 1
    outer loop
      vertex -24.8144 -37.1309 -5.29999
      vertex -22.9856 -37.1309 -5.29999
      vertex -22.9675 -36.9848 -5.29999
    endloop
  endfacet
  facet normal 0 0 1
    outer loop
      vertex -24.8325 -36.9848 -5.29999
      vertex -22.9675 -36.9848 -5.29999
      vertex -22.9424 -36.8397 -5.29999
    endloop
  endfacet
  facet normal 0 0 1
    outer loop
      vertex -24.8576 -36.8397 -5.29999
      vertex -22.9424 -36.8397 -5.29999
      vertex -22.9101 -36.6961 -5.29999
    endloop
  endfacet
  facet normal 0 0 1
    outer loop
      vertex -24.8899 -36.6961 -5.29999
      vertex -22.9101 -36.6961 -5.29999
      vertex -22.8708 -36.5541 -5.29999
    endloop
  endfacet
  facet normal 0 0 1
    outer loop
      vertex -24.9292 -36.5541 -5.29999
      vertex -22.8708 -36.5541 -5.29999
      vertex -22.8246 -36.4143 -5.29999
    endloop
  endfacet
  facet normal 0 0 1
    outer loop
      vertex -24.9754 -36.4143 -5.29999
      vertex -22.8246 -36.4143 -5.29999
      vertex -22.7716 -36.277 -5.29999
    endloop
  endfacet
  facet normal 0 0 1
    outer loop
      vertex -25.0284 -36.277 -5.29999
      vertex -22.7716 -36.277 -5.29999
      vertex -22.712 -36.1423 -5.29999
    endloop
  endfacet
  facet normal 0 0 1
    outer loop
      vertex -25.088 -36.1423 -5.29999
      vertex -22.712 -36.1423 -5.29999
      vertex -22.6458 -36.0108 -5.29999
    endloop
  endfacet
  facet normal 0 0 1
    outer loop
      vertex -25.1542 -36.0108 -5.29999
      vertex -22.6458 -36.0108 -5.29999
      vertex -22.5732 -35.8827 -5.29999
    endloop
  endfacet
  facet normal 0 0 1
    outer loop
      vertex -25.2268 -35.8827 -5.29999
      vertex -22.5732 -35.8827 -5.29999
      vertex -22.4944 -35.7583 -5.29999
    endloop
  endfacet
  facet normal 0 0 1
    outer loop
      vertex -25.3056 -35.7583 -5.29999
      vertex -22.4944 -35.7583 -5.29999
      vertex -22.4096 -35.6379 -5.29999
    endloop
  endfacet
  facet normal 0 0 1
    outer loop
      vertex -25.3904 -35.6379 -5.29999
      vertex -22.4096 -35.6379 -5.29999
      vertex -22.319 -35.5218 -5.29999
    endloop
  endfacet
  facet normal 0 0 1
    outer loop
      vertex -25.481 -35.5218 -5.29999
      vertex -22.319 -35.5218 -5.29999
      vertex -22.2229 -35.4103 -5.29999
    endloop
  endfacet
  facet normal 0 0 1
    outer loop
      vertex -25.5771 -35.4103 -5.29999
      vertex -22.2229 -35.4103 -5.29999
      vertex -22.1213 -35.3037 -5.29999
    endloop
  endfacet
  facet normal 0 0 1
    outer loop
      vertex -25.6787 -35.3037 -5.29999
      vertex -22.1213 -35.3037 -5.29999
      vertex -22.0147 -35.2021 -5.29999
    endloop
  endfacet
  facet normal 0 0 1
    outer loop
      vertex -25.7853 -35.2021 -5.29999
      vertex -22.0147 -35.2021 -5.29999
      vertex -21.9032 -35.106 -5.29999
    endloop
  endfacet
  facet normal 0 0 1
    outer loop
      vertex -22.9964 -37.2778 -5.29999
      vertex -24.8036 -37.2778 -5.29999
      vertex -24.8 -37.425 -5.29999
    endloop
  endfacet
  facet normal 0 0 1
    outer loop
      vertex -25.8968 -35.106 -5.29999
      vertex -21.9032 -35.106 -5.29999
      vertex -21.7871 -35.0154 -5.29999
    endloop
  endfacet
  facet normal 0 0 1
    outer loop
      vertex -22.9856 -37.1309 -5.29999
      vertex -24.8144 -37.1309 -5.29999
      vertex -24.8036 -37.2778 -5.29999
    endloop
  endfacet
  facet normal 0 0 1
    outer loop
      vertex -26.0129 -35.0154 -5.29999
      vertex -21.7871 -35.0154 -5.29999
      vertex -21.6667 -34.9306 -5.29999
    endloop
  endfacet
  facet normal 0 0 1
    outer loop
      vertex -22.9675 -36.9848 -5.29999
      vertex -24.8325 -36.9848 -5.29999
      vertex -24.8144 -37.1309 -5.29999
    endloop
  endfacet
  facet normal 0 0 1
    outer loop
      vertex -22.9424 -36.8397 -5.29999
      vertex -24.8576 -36.8397 -5.29999
      vertex -24.8325 -36.9848 -5.29999
    endloop
  endfacet
  facet normal 0 0 1
    outer loop
      vertex -26.1333 -34.9306 -5.29999
      vertex -21.6667 -34.9306 -5.29999
      vertex -21.5423 -34.8518 -5.29999
    endloop
  endfacet
  facet normal 0 0 1
    outer loop
      vertex -22.9101 -36.6961 -5.29999
      vertex -24.8899 -36.6961 -5.29999
      vertex -24.8576 -36.8397 -5.29999
    endloop
  endfacet
  facet normal 0 0 1
    outer loop
      vertex -26.2577 -34.8518 -5.29999
      vertex -21.5423 -34.8518 -5.29999
      vertex -21.4142 -34.7792 -5.29999
    endloop
  endfacet
  facet normal 0 0 1
    outer loop
      vertex -22.8708 -36.5541 -5.29999
      vertex -24.9292 -36.5541 -5.29999
      vertex -24.8899 -36.6961 -5.29999
    endloop
  endfacet
  facet normal 0 0 1
    outer loop
      vertex -22.8246 -36.4143 -5.29999
      vertex -24.9754 -36.4143 -5.29999
      vertex -24.9292 -36.5541 -5.29999
    endloop
  endfacet
  facet normal 0 0 1
    outer loop
      vertex -26.3858 -34.7792 -5.29999
      vertex -21.4142 -34.7792 -5.29999
      vertex -21.2827 -34.713 -5.29999
    endloop
  endfacet
  facet normal 0 0 1
    outer loop
      vertex -22.7716 -36.277 -5.29999
      vertex -25.0284 -36.277 -5.29999
      vertex -24.9754 -36.4143 -5.29999
    endloop
  endfacet
  facet normal 0 0 1
    outer loop
      vertex -26.5173 -34.713 -5.29999
      vertex -21.2827 -34.713 -5.29999
      vertex -21.1481 -34.6534 -5.29999
    endloop
  endfacet
  facet normal 0 0 1
    outer loop
      vertex -22.712 -36.1423 -5.29999
      vertex -25.088 -36.1423 -5.29999
      vertex -25.0284 -36.277 -5.29999
    endloop
  endfacet
  facet normal 0 0 1
    outer loop
      vertex -26.652 -34.6534 -5.29999
      vertex -21.1481 -34.6534 -5.29999
      vertex -21.0107 -34.6004 -5.29999
    endloop
  endfacet
  facet normal 0 0 1
    outer loop
      vertex -22.6458 -36.0108 -5.29999
      vertex -25.1542 -36.0108 -5.29999
      vertex -25.088 -36.1423 -5.29999
    endloop
  endfacet
  facet normal 0 0 1
    outer loop
      vertex -22.5732 -35.8827 -5.29999
      vertex -25.2268 -35.8827 -5.29999
      vertex -25.1542 -36.0108 -5.29999
    endloop
  endfacet
  facet normal 0 0 1
    outer loop
      vertex -26.7893 -34.6004 -5.29999
      vertex -21.0107 -34.6004 -5.29999
      vertex -20.8709 -34.5542 -5.29999
    endloop
  endfacet
  facet normal 0 0 1
    outer loop
      vertex -22.4944 -35.7583 -5.29999
      vertex -25.3056 -35.7583 -5.29999
      vertex -25.2268 -35.8827 -5.29999
    endloop
  endfacet
  facet normal 0 0 1
    outer loop
      vertex -26.9291 -34.5542 -5.29999
      vertex -20.8709 -34.5542 -5.29999
      vertex -20.7289 -34.5149 -5.29999
    endloop
  endfacet
  facet normal 0 0 1
    outer loop
      vertex -22.4096 -35.6379 -5.29999
      vertex -25.3904 -35.6379 -5.29999
      vertex -25.3056 -35.7583 -5.29999
    endloop
  endfacet
  facet normal 0 0 1
    outer loop
      vertex -22.319 -35.5218 -5.29999
      vertex -25.481 -35.5218 -5.29999
      vertex -25.3904 -35.6379 -5.29999
    endloop
  endfacet
  facet normal 0 0 1
    outer loop
      vertex -27.0711 -34.5149 -5.29999
      vertex -20.7289 -34.5149 -5.29999
      vertex -20.5853 -34.4826 -5.29999
    endloop
  endfacet
  facet normal 0 0 1
    outer loop
      vertex -22.2229 -35.4103 -5.29999
      vertex -25.5771 -35.4103 -5.29999
      vertex -25.481 -35.5218 -5.29999
    endloop
  endfacet
  facet normal 0 0 1
    outer loop
      vertex -22.1213 -35.3037 -5.29999
      vertex -25.6787 -35.3037 -5.29999
      vertex -25.5771 -35.4103 -5.29999
    endloop
  endfacet
  facet normal 0 0 1
    outer loop
      vertex -27.2147 -34.4826 -5.29999
      vertex -20.5853 -34.4826 -5.29999
      vertex -20.4402 -34.4575 -5.29999
    endloop
  endfacet
  facet normal 0 0 1
    outer loop
      vertex -22.0147 -35.2021 -5.29999
      vertex -25.7853 -35.2021 -5.29999
      vertex -25.6787 -35.3037 -5.29999
    endloop
  endfacet
  facet normal 0 0 1
    outer loop
      vertex -21.9032 -35.106 -5.29999
      vertex -25.8968 -35.106 -5.29999
      vertex -25.7853 -35.2021 -5.29999
    endloop
  endfacet
  facet normal 0 0 1
    outer loop
      vertex -27.3598 -34.4575 -5.29999
      vertex -20.4402 -34.4575 -5.29999
      vertex -20.2941 -34.4394 -5.29999
    endloop
  endfacet
  facet normal 0 0 1
    outer loop
      vertex -21.7871 -35.0154 -5.29999
      vertex -26.0129 -35.0154 -5.29999
      vertex -25.8968 -35.106 -5.29999
    endloop
  endfacet
  facet normal 0 0 1
    outer loop
      vertex -21.6667 -34.9306 -5.29999
      vertex -26.1333 -34.9306 -5.29999
      vertex -26.0129 -35.0154 -5.29999
    endloop
  endfacet
  facet normal 0 0 1
    outer loop
      vertex -21.5423 -34.8518 -5.29999
      vertex -26.2577 -34.8518 -5.29999
      vertex -26.1333 -34.9306 -5.29999
    endloop
  endfacet
  facet normal 0 0 1
    outer loop
      vertex -27.5059 -34.4394 -5.29999
      vertex -20.2941 -34.4394 -5.29999
      vertex -20.1472 -34.4286 -5.29999
    endloop
  endfacet
  facet normal 0 0 1
    outer loop
      vertex -21.4142 -34.7792 -5.29999
      vertex -26.3858 -34.7792 -5.29999
      vertex -26.2577 -34.8518 -5.29999
    endloop
  endfacet
  facet normal 0 0 1
    outer loop
      vertex -21.2827 -34.713 -5.29999
      vertex -26.5173 -34.713 -5.29999
      vertex -26.3858 -34.7792 -5.29999
    endloop
  endfacet
  facet normal 0 0 1
    outer loop
      vertex -21.1481 -34.6534 -5.29999
      vertex -26.652 -34.6534 -5.29999
      vertex -26.5173 -34.713 -5.29999
    endloop
  endfacet
  facet normal 0 0 1
    outer loop
      vertex -20 -34.425 -5.29999
      vertex -52.705 -31.75 -5.29999
      vertex -20.1472 -34.4286 -5.29999
    endloop
  endfacet
  facet normal 0 0 1
    outer loop
      vertex -21.0107 -34.6004 -5.29999
      vertex -26.7893 -34.6004 -5.29999
      vertex -26.652 -34.6534 -5.29999
    endloop
  endfacet
  facet normal 0 0 1
    outer loop
      vertex -20.8709 -34.5542 -5.29999
      vertex -26.9291 -34.5542 -5.29999
      vertex -26.7893 -34.6004 -5.29999
    endloop
  endfacet
  facet normal 0 0 1
    outer loop
      vertex -20.7289 -34.5149 -5.29999
      vertex -27.0711 -34.5149 -5.29999
      vertex -26.9291 -34.5542 -5.29999
    endloop
  endfacet
  facet normal 0 0 1
    outer loop
      vertex -20.5853 -34.4826 -5.29999
      vertex -27.2147 -34.4826 -5.29999
      vertex -27.0711 -34.5149 -5.29999
    endloop
  endfacet
  facet normal 0 0 1
    outer loop
      vertex -20.4402 -34.4575 -5.29999
      vertex -27.3598 -34.4575 -5.29999
      vertex -27.2147 -34.4826 -5.29999
    endloop
  endfacet
  facet normal 0 0 1
    outer loop
      vertex -20.2941 -34.4394 -5.29999
      vertex -27.5059 -34.4394 -5.29999
      vertex -27.3598 -34.4575 -5.29999
    endloop
  endfacet
  facet normal 0 0 1
    outer loop
      vertex -20.1472 -34.4286 -5.29999
      vertex -27.6528 -34.4286 -5.29999
      vertex -27.5059 -34.4394 -5.29999
    endloop
  endfacet
  facet normal 0 0 1
    outer loop
      vertex -20.1472 -34.4286 -5.29999
      vertex -52.705 -31.75 -5.29999
      vertex -27.6528 -34.4286 -5.29999
    endloop
  endfacet
  facet normal 0 0 1
    outer loop
      vertex -27.6528 -34.4286 -5.29999
      vertex -52.705 -31.75 -5.29999
      vertex -27.8 -34.425 -5.29999
    endloop
  endfacet
  facet normal 0 0 1
    outer loop
      vertex -30.3732 -35.8827 -5.29999
      vertex -30.4268 -35.8827 -5.29999
      vertex -30.4 -35.93 -5.29999
    endloop
  endfacet
  facet normal 0 0 1
    outer loop
      vertex -30.2944 -35.7583 -5.29999
      vertex -30.4268 -35.8827 -5.29999
      vertex -30.3732 -35.8827 -5.29999
    endloop
  endfacet
  facet normal 0 0 1
    outer loop
      vertex -30.5056 -35.7583 -5.29999
      vertex -30.2944 -35.7583 -5.29999
      vertex -30.2096 -35.6379 -5.29999
    endloop
  endfacet
  facet normal 0 0 1
    outer loop
      vertex -30.5904 -35.6379 -5.29999
      vertex -30.2096 -35.6379 -5.29999
      vertex -30.119 -35.5218 -5.29999
    endloop
  endfacet
  facet normal 0 0 1
    outer loop
      vertex -30.2944 -35.7583 -5.29999
      vertex -30.5056 -35.7583 -5.29999
      vertex -30.4268 -35.8827 -5.29999
    endloop
  endfacet
  facet normal 0 0 1
    outer loop
      vertex -30.681 -35.5218 -5.29999
      vertex -30.119 -35.5218 -5.29999
      vertex -30.0229 -35.4103 -5.29999
    endloop
  endfacet
  facet normal 0 0 1
    outer loop
      vertex -30.7771 -35.4103 -5.29999
      vertex -30.0229 -35.4103 -5.29999
      vertex -29.9213 -35.3037 -5.29999
    endloop
  endfacet
  facet normal 0 0 1
    outer loop
      vertex -30.8787 -35.3037 -5.29999
      vertex -29.9213 -35.3037 -5.29999
      vertex -29.8147 -35.2021 -5.29999
    endloop
  endfacet
  facet normal 0 0 1
    outer loop
      vertex -30.9853 -35.2021 -5.29999
      vertex -29.8147 -35.2021 -5.29999
      vertex -29.7032 -35.106 -5.29999
    endloop
  endfacet
  facet normal 0 0 1
    outer loop
      vertex -30.2096 -35.6379 -5.29999
      vertex -30.5904 -35.6379 -5.29999
      vertex -30.5056 -35.7583 -5.29999
    endloop
  endfacet
  facet normal 0 0 1
    outer loop
      vertex -31.0968 -35.106 -5.29999
      vertex -29.7032 -35.106 -5.29999
      vertex -29.5871 -35.0154 -5.29999
    endloop
  endfacet
  facet normal 0 0 1
    outer loop
      vertex -31.2129 -35.0154 -5.29999
      vertex -29.5871 -35.0154 -5.29999
      vertex -29.4667 -34.9306 -5.29999
    endloop
  endfacet
  facet normal 0 0 1
    outer loop
      vertex -31.3333 -34.9306 -5.29999
      vertex -29.4667 -34.9306 -5.29999
      vertex -29.3423 -34.8518 -5.29999
    endloop
  endfacet
  facet normal 0 0 1
    outer loop
      vertex -30.119 -35.5218 -5.29999
      vertex -30.681 -35.5218 -5.29999
      vertex -30.5904 -35.6379 -5.29999
    endloop
  endfacet
  facet normal 0 0 1
    outer loop
      vertex -31.4577 -34.8518 -5.29999
      vertex -29.3423 -34.8518 -5.29999
      vertex -29.2142 -34.7792 -5.29999
    endloop
  endfacet
  facet normal 0 0 1
    outer loop
      vertex -30.0229 -35.4103 -5.29999
      vertex -30.7771 -35.4103 -5.29999
      vertex -30.681 -35.5218 -5.29999
    endloop
  endfacet
  facet normal 0 0 1
    outer loop
      vertex -31.5858 -34.7792 -5.29999
      vertex -29.2142 -34.7792 -5.29999
      vertex -29.0827 -34.713 -5.29999
    endloop
  endfacet
  facet normal 0 0 1
    outer loop
      vertex -31.7173 -34.713 -5.29999
      vertex -29.0827 -34.713 -5.29999
      vertex -28.9481 -34.6534 -5.29999
    endloop
  endfacet
  facet normal 0 0 1
    outer loop
      vertex -29.9213 -35.3037 -5.29999
      vertex -30.8787 -35.3037 -5.29999
      vertex -30.7771 -35.4103 -5.29999
    endloop
  endfacet
  facet normal 0 0 1
    outer loop
      vertex -31.852 -34.6534 -5.29999
      vertex -28.9481 -34.6534 -5.29999
      vertex -28.8107 -34.6004 -5.29999
    endloop
  endfacet
  facet normal 0 0 1
    outer loop
      vertex -29.8147 -35.2021 -5.29999
      vertex -30.9853 -35.2021 -5.29999
      vertex -30.8787 -35.3037 -5.29999
    endloop
  endfacet
  facet normal 0 0 1
    outer loop
      vertex -31.9893 -34.6004 -5.29999
      vertex -28.8107 -34.6004 -5.29999
      vertex -28.6709 -34.5542 -5.29999
    endloop
  endfacet
  facet normal 0 0 1
    outer loop
      vertex -29.7032 -35.106 -5.29999
      vertex -31.0968 -35.106 -5.29999
      vertex -30.9853 -35.2021 -5.29999
    endloop
  endfacet
  facet normal 0 0 1
    outer loop
      vertex -32.1291 -34.5542 -5.29999
      vertex -28.6709 -34.5542 -5.29999
      vertex -28.5289 -34.5149 -5.29999
    endloop
  endfacet
  facet normal 0 0 1
    outer loop
      vertex -29.5871 -35.0154 -5.29999
      vertex -31.2129 -35.0154 -5.29999
      vertex -31.0968 -35.106 -5.29999
    endloop
  endfacet
  facet normal 0 0 1
    outer loop
      vertex -32.2711 -34.5149 -5.29999
      vertex -28.5289 -34.5149 -5.29999
      vertex -28.3853 -34.4826 -5.29999
    endloop
  endfacet
  facet normal 0 0 1
    outer loop
      vertex -29.4667 -34.9306 -5.29999
      vertex -31.3333 -34.9306 -5.29999
      vertex -31.2129 -35.0154 -5.29999
    endloop
  endfacet
  facet normal 0 0 1
    outer loop
      vertex -32.4147 -34.4826 -5.29999
      vertex -28.3853 -34.4826 -5.29999
      vertex -28.2402 -34.4575 -5.29999
    endloop
  endfacet
  facet normal 0 0 1
    outer loop
      vertex -29.3423 -34.8518 -5.29999
      vertex -31.4577 -34.8518 -5.29999
      vertex -31.3333 -34.9306 -5.29999
    endloop
  endfacet
  facet normal 0 0 1
    outer loop
      vertex -32.5598 -34.4575 -5.29999
      vertex -28.2402 -34.4575 -5.29999
      vertex -28.0941 -34.4394 -5.29999
    endloop
  endfacet
  facet normal 0 0 1
    outer loop
      vertex -29.2142 -34.7792 -5.29999
      vertex -31.5858 -34.7792 -5.29999
      vertex -31.4577 -34.8518 -5.29999
    endloop
  endfacet
  facet normal 0 0 1
    outer loop
      vertex -29.0827 -34.713 -5.29999
      vertex -31.7173 -34.713 -5.29999
      vertex -31.5858 -34.7792 -5.29999
    endloop
  endfacet
  facet normal 0 0 1
    outer loop
      vertex -28.9481 -34.6534 -5.29999
      vertex -31.852 -34.6534 -5.29999
      vertex -31.7173 -34.713 -5.29999
    endloop
  endfacet
  facet normal 0 0 1
    outer loop
      vertex -32.7059 -34.4394 -5.29999
      vertex -28.0941 -34.4394 -5.29999
      vertex -27.9472 -34.4286 -5.29999
    endloop
  endfacet
  facet normal 0 0 1
    outer loop
      vertex -28.8107 -34.6004 -5.29999
      vertex -31.9893 -34.6004 -5.29999
      vertex -31.852 -34.6534 -5.29999
    endloop
  endfacet
  facet normal 0 0 1
    outer loop
      vertex -28.6709 -34.5542 -5.29999
      vertex -32.1291 -34.5542 -5.29999
      vertex -31.9893 -34.6004 -5.29999
    endloop
  endfacet
  facet normal 0 0 1
    outer loop
      vertex -27.8 -34.425 -5.29999
      vertex -52.705 -31.75 -5.29999
      vertex -27.9472 -34.4286 -5.29999
    endloop
  endfacet
  facet normal 0 0 1
    outer loop
      vertex -28.5289 -34.5149 -5.29999
      vertex -32.2711 -34.5149 -5.29999
      vertex -32.1291 -34.5542 -5.29999
    endloop
  endfacet
  facet normal 0 0 1
    outer loop
      vertex -28.3853 -34.4826 -5.29999
      vertex -32.4147 -34.4826 -5.29999
      vertex -32.2711 -34.5149 -5.29999
    endloop
  endfacet
  facet normal 0 0 1
    outer loop
      vertex -28.2402 -34.4575 -5.29999
      vertex -32.5598 -34.4575 -5.29999
      vertex -32.4147 -34.4826 -5.29999
    endloop
  endfacet
  facet normal 0 0 1
    outer loop
      vertex -28.0941 -34.4394 -5.29999
      vertex -32.7059 -34.4394 -5.29999
      vertex -32.5598 -34.4575 -5.29999
    endloop
  endfacet
  facet normal 0 -0 1
    outer loop
      vertex -32.8528 -34.4286 -5.29999
      vertex -27.9472 -34.4286 -5.29999
      vertex -52.705 -31.75 -5.29999
    endloop
  endfacet
  facet normal 0 0 1
    outer loop
      vertex -27.9472 -34.4286 -5.29999
      vertex -32.8528 -34.4286 -5.29999
      vertex -32.7059 -34.4394 -5.29999
    endloop
  endfacet
  facet normal 0 0 1
    outer loop
      vertex -32.8528 -34.4286 -5.29999
      vertex -52.705 -31.75 -5.29999
      vertex -33 -34.425 -5.29999
    endloop
  endfacet
  facet normal 0 0 1
    outer loop
      vertex -35.5732 -35.8827 -5.29999
      vertex -35.6268 -35.8827 -5.29999
      vertex -35.6 -35.93 -5.29999
    endloop
  endfacet
  facet normal 0 0 1
    outer loop
      vertex -35.4944 -35.7583 -5.29999
      vertex -35.6268 -35.8827 -5.29999
      vertex -35.5732 -35.8827 -5.29999
    endloop
  endfacet
  facet normal 0 0 1
    outer loop
      vertex -35.7056 -35.7583 -5.29999
      vertex -35.4944 -35.7583 -5.29999
      vertex -35.4096 -35.6379 -5.29999
    endloop
  endfacet
  facet normal 0 0 1
    outer loop
      vertex -35.7904 -35.6379 -5.29999
      vertex -35.4096 -35.6379 -5.29999
      vertex -35.319 -35.5218 -5.29999
    endloop
  endfacet
  facet normal 0 0 1
    outer loop
      vertex -35.4944 -35.7583 -5.29999
      vertex -35.7056 -35.7583 -5.29999
      vertex -35.6268 -35.8827 -5.29999
    endloop
  endfacet
  facet normal 0 0 1
    outer loop
      vertex -35.881 -35.5218 -5.29999
      vertex -35.319 -35.5218 -5.29999
      vertex -35.2229 -35.4103 -5.29999
    endloop
  endfacet
  facet normal 0 0 1
    outer loop
      vertex -35.9771 -35.4103 -5.29999
      vertex -35.2229 -35.4103 -5.29999
      vertex -35.1213 -35.3037 -5.29999
    endloop
  endfacet
  facet normal 0 0 1
    outer loop
      vertex -36.0787 -35.3037 -5.29999
      vertex -35.1213 -35.3037 -5.29999
      vertex -35.0147 -35.2021 -5.29999
    endloop
  endfacet
  facet normal 0 0 1
    outer loop
      vertex -36.1853 -35.2021 -5.29999
      vertex -35.0147 -35.2021 -5.29999
      vertex -34.9032 -35.106 -5.29999
    endloop
  endfacet
  facet normal 0 0 1
    outer loop
      vertex -35.4096 -35.6379 -5.29999
      vertex -35.7904 -35.6379 -5.29999
      vertex -35.7056 -35.7583 -5.29999
    endloop
  endfacet
  facet normal 0 0 1
    outer loop
      vertex -36.2968 -35.106 -5.29999
      vertex -34.9032 -35.106 -5.29999
      vertex -34.7871 -35.0154 -5.29999
    endloop
  endfacet
  facet normal 0 0 1
    outer loop
      vertex -36.4129 -35.0154 -5.29999
      vertex -34.7871 -35.0154 -5.29999
      vertex -34.6667 -34.9306 -5.29999
    endloop
  endfacet
  facet normal 0 0 1
    outer loop
      vertex -36.5333 -34.9306 -5.29999
      vertex -34.6667 -34.9306 -5.29999
      vertex -34.5423 -34.8518 -5.29999
    endloop
  endfacet
  facet normal 0 0 1
    outer loop
      vertex -35.319 -35.5218 -5.29999
      vertex -35.881 -35.5218 -5.29999
      vertex -35.7904 -35.6379 -5.29999
    endloop
  endfacet
  facet normal 0 0 1
    outer loop
      vertex -36.6577 -34.8518 -5.29999
      vertex -34.5423 -34.8518 -5.29999
      vertex -34.4142 -34.7792 -5.29999
    endloop
  endfacet
  facet normal 0 0 1
    outer loop
      vertex -35.2229 -35.4103 -5.29999
      vertex -35.9771 -35.4103 -5.29999
      vertex -35.881 -35.5218 -5.29999
    endloop
  endfacet
  facet normal 0 0 1
    outer loop
      vertex -36.7858 -34.7792 -5.29999
      vertex -34.4142 -34.7792 -5.29999
      vertex -34.2827 -34.713 -5.29999
    endloop
  endfacet
  facet normal 0 0 1
    outer loop
      vertex -36.9173 -34.713 -5.29999
      vertex -34.2827 -34.713 -5.29999
      vertex -34.148 -34.6534 -5.29999
    endloop
  endfacet
  facet normal 0 0 1
    outer loop
      vertex -35.1213 -35.3037 -5.29999
      vertex -36.0787 -35.3037 -5.29999
      vertex -35.9771 -35.4103 -5.29999
    endloop
  endfacet
  facet normal 0 0 1
    outer loop
      vertex -37.0519 -34.6534 -5.29999
      vertex -34.148 -34.6534 -5.29999
      vertex -34.0107 -34.6004 -5.29999
    endloop
  endfacet
  facet normal 0 0 1
    outer loop
      vertex -35.0147 -35.2021 -5.29999
      vertex -36.1853 -35.2021 -5.29999
      vertex -36.0787 -35.3037 -5.29999
    endloop
  endfacet
  facet normal 0 0 1
    outer loop
      vertex -37.1893 -34.6004 -5.29999
      vertex -34.0107 -34.6004 -5.29999
      vertex -33.8709 -34.5542 -5.29999
    endloop
  endfacet
  facet normal 0 0 1
    outer loop
      vertex -34.9032 -35.106 -5.29999
      vertex -36.2968 -35.106 -5.29999
      vertex -36.1853 -35.2021 -5.29999
    endloop
  endfacet
  facet normal 0 0 1
    outer loop
      vertex -37.3291 -34.5542 -5.29999
      vertex -33.8709 -34.5542 -5.29999
      vertex -33.7289 -34.5149 -5.29999
    endloop
  endfacet
  facet normal 0 0 1
    outer loop
      vertex -34.7871 -35.0154 -5.29999
      vertex -36.4129 -35.0154 -5.29999
      vertex -36.2968 -35.106 -5.29999
    endloop
  endfacet
  facet normal 0 0 1
    outer loop
      vertex -37.4711 -34.5149 -5.29999
      vertex -33.7289 -34.5149 -5.29999
      vertex -33.5853 -34.4826 -5.29999
    endloop
  endfacet
  facet normal 0 0 1
    outer loop
      vertex -34.6667 -34.9306 -5.29999
      vertex -36.5333 -34.9306 -5.29999
      vertex -36.4129 -35.0154 -5.29999
    endloop
  endfacet
  facet normal 0 0 1
    outer loop
      vertex -37.6147 -34.4826 -5.29999
      vertex -33.5853 -34.4826 -5.29999
      vertex -33.4402 -34.4575 -5.29999
    endloop
  endfacet
  facet normal 0 0 1
    outer loop
      vertex -34.5423 -34.8518 -5.29999
      vertex -36.6577 -34.8518 -5.29999
      vertex -36.5333 -34.9306 -5.29999
    endloop
  endfacet
  facet normal 0 0 1
    outer loop
      vertex -37.7598 -34.4575 -5.29999
      vertex -33.4402 -34.4575 -5.29999
      vertex -33.2941 -34.4394 -5.29999
    endloop
  endfacet
  facet normal 0 0 1
    outer loop
      vertex -34.4142 -34.7792 -5.29999
      vertex -36.7858 -34.7792 -5.29999
      vertex -36.6577 -34.8518 -5.29999
    endloop
  endfacet
  facet normal 0 0 1
    outer loop
      vertex -34.2827 -34.713 -5.29999
      vertex -36.9173 -34.713 -5.29999
      vertex -36.7858 -34.7792 -5.29999
    endloop
  endfacet
  facet normal 0 0 1
    outer loop
      vertex -34.148 -34.6534 -5.29999
      vertex -37.0519 -34.6534 -5.29999
      vertex -36.9173 -34.713 -5.29999
    endloop
  endfacet
  facet normal 0 0 1
    outer loop
      vertex -37.9059 -34.4394 -5.29999
      vertex -33.2941 -34.4394 -5.29999
      vertex -33.1472 -34.4286 -5.29999
    endloop
  endfacet
  facet normal 0 0 1
    outer loop
      vertex -34.0107 -34.6004 -5.29999
      vertex -37.1893 -34.6004 -5.29999
      vertex -37.0519 -34.6534 -5.29999
    endloop
  endfacet
  facet normal 0 0 1
    outer loop
      vertex -33.8709 -34.5542 -5.29999
      vertex -37.3291 -34.5542 -5.29999
      vertex -37.1893 -34.6004 -5.29999
    endloop
  endfacet
  facet normal 0 0 1
    outer loop
      vertex -33 -34.425 -5.29999
      vertex -52.705 -31.75 -5.29999
      vertex -33.1472 -34.4286 -5.29999
    endloop
  endfacet
  facet normal 0 0 1
    outer loop
      vertex -33.7289 -34.5149 -5.29999
      vertex -37.4711 -34.5149 -5.29999
      vertex -37.3291 -34.5542 -5.29999
    endloop
  endfacet
  facet normal 0 0 1
    outer loop
      vertex -33.5853 -34.4826 -5.29999
      vertex -37.6147 -34.4826 -5.29999
      vertex -37.4711 -34.5149 -5.29999
    endloop
  endfacet
  facet normal 0 0 1
    outer loop
      vertex -33.4402 -34.4575 -5.29999
      vertex -37.7598 -34.4575 -5.29999
      vertex -37.6147 -34.4826 -5.29999
    endloop
  endfacet
  facet normal 0 -0 1
    outer loop
      vertex -38.0528 -34.4286 -5.29999
      vertex -33.1472 -34.4286 -5.29999
      vertex -52.705 -31.75 -5.29999
    endloop
  endfacet
  facet normal 0 0 1
    outer loop
      vertex -33.2941 -34.4394 -5.29999
      vertex -37.9059 -34.4394 -5.29999
      vertex -37.7598 -34.4575 -5.29999
    endloop
  endfacet
  facet normal 0 0 1
    outer loop
      vertex -33.1472 -34.4286 -5.29999
      vertex -38.0528 -34.4286 -5.29999
      vertex -37.9059 -34.4394 -5.29999
    endloop
  endfacet
  facet normal 0 0 1
    outer loop
      vertex -38.0528 -34.4286 -5.29999
      vertex -52.705 -31.75 -5.29999
      vertex -38.2 -34.425 -5.29999
    endloop
  endfacet
  facet normal 0 0 1
    outer loop
      vertex -41.1964 -37.2778 -5.29999
      vertex -52.705 -31.75 -5.29999
      vertex -41.2 -37.425 -5.29999
    endloop
  endfacet
  facet normal 0 0 1
    outer loop
      vertex -41.1856 -37.1309 -5.29999
      vertex -52.705 -31.75 -5.29999
      vertex -41.1964 -37.2778 -5.29999
    endloop
  endfacet
  facet normal 0 0 1
    outer loop
      vertex -41.1675 -36.9848 -5.29999
      vertex -52.705 -31.75 -5.29999
      vertex -41.1856 -37.1309 -5.29999
    endloop
  endfacet
  facet normal 0 0 1
    outer loop
      vertex -41.1424 -36.8397 -5.29999
      vertex -52.705 -31.75 -5.29999
      vertex -41.1675 -36.9848 -5.29999
    endloop
  endfacet
  facet normal 0 0 1
    outer loop
      vertex -41.1101 -36.6961 -5.29999
      vertex -52.705 -31.75 -5.29999
      vertex -41.1424 -36.8397 -5.29999
    endloop
  endfacet
  facet normal 0 0 1
    outer loop
      vertex -41.0708 -36.5541 -5.29999
      vertex -52.705 -31.75 -5.29999
      vertex -41.1101 -36.6961 -5.29999
    endloop
  endfacet
  facet normal 0 0 1
    outer loop
      vertex -41.0246 -36.4143 -5.29999
      vertex -52.705 -31.75 -5.29999
      vertex -41.0708 -36.5541 -5.29999
    endloop
  endfacet
  facet normal 0 0 1
    outer loop
      vertex -40.9716 -36.277 -5.29999
      vertex -52.705 -31.75 -5.29999
      vertex -41.0246 -36.4143 -5.29999
    endloop
  endfacet
  facet normal 0 0 1
    outer loop
      vertex -40.912 -36.1423 -5.29999
      vertex -52.705 -31.75 -5.29999
      vertex -40.9716 -36.277 -5.29999
    endloop
  endfacet
  facet normal 0 0 1
    outer loop
      vertex -40.8458 -36.0108 -5.29999
      vertex -52.705 -31.75 -5.29999
      vertex -40.912 -36.1423 -5.29999
    endloop
  endfacet
  facet normal 0 0 1
    outer loop
      vertex -40.7732 -35.8827 -5.29999
      vertex -52.705 -31.75 -5.29999
      vertex -40.8458 -36.0108 -5.29999
    endloop
  endfacet
  facet normal 0 0 1
    outer loop
      vertex -40.6944 -35.7583 -5.29999
      vertex -52.705 -31.75 -5.29999
      vertex -40.7732 -35.8827 -5.29999
    endloop
  endfacet
  facet normal 0 0 1
    outer loop
      vertex -40.6096 -35.6379 -5.29999
      vertex -52.705 -31.75 -5.29999
      vertex -40.6944 -35.7583 -5.29999
    endloop
  endfacet
  facet normal 0 0 1
    outer loop
      vertex -40.519 -35.5218 -5.29999
      vertex -52.705 -31.75 -5.29999
      vertex -40.6096 -35.6379 -5.29999
    endloop
  endfacet
  facet normal 0 0 1
    outer loop
      vertex -40.4229 -35.4103 -5.29999
      vertex -52.705 -31.75 -5.29999
      vertex -40.519 -35.5218 -5.29999
    endloop
  endfacet
  facet normal 0 0 1
    outer loop
      vertex -40.3213 -35.3037 -5.29999
      vertex -52.705 -31.75 -5.29999
      vertex -40.4229 -35.4103 -5.29999
    endloop
  endfacet
  facet normal 0 0 1
    outer loop
      vertex -40.2147 -35.2021 -5.29999
      vertex -52.705 -31.75 -5.29999
      vertex -40.3213 -35.3037 -5.29999
    endloop
  endfacet
  facet normal 0 0 1
    outer loop
      vertex -40.1032 -35.106 -5.29999
      vertex -52.705 -31.75 -5.29999
      vertex -40.2147 -35.2021 -5.29999
    endloop
  endfacet
  facet normal 0 0 1
    outer loop
      vertex -39.9871 -35.0154 -5.29999
      vertex -52.705 -31.75 -5.29999
      vertex -40.1032 -35.106 -5.29999
    endloop
  endfacet
  facet normal 0 0 1
    outer loop
      vertex -39.8667 -34.9306 -5.29999
      vertex -52.705 -31.75 -5.29999
      vertex -39.9871 -35.0154 -5.29999
    endloop
  endfacet
  facet normal 0 0 1
    outer loop
      vertex -39.7423 -34.8518 -5.29999
      vertex -52.705 -31.75 -5.29999
      vertex -39.8667 -34.9306 -5.29999
    endloop
  endfacet
  facet normal 0 0 1
    outer loop
      vertex -39.6142 -34.7792 -5.29999
      vertex -52.705 -31.75 -5.29999
      vertex -39.7423 -34.8518 -5.29999
    endloop
  endfacet
  facet normal 0 0 1
    outer loop
      vertex -39.4827 -34.713 -5.29999
      vertex -52.705 -31.75 -5.29999
      vertex -39.6142 -34.7792 -5.29999
    endloop
  endfacet
  facet normal 0 0 1
    outer loop
      vertex -39.348 -34.6534 -5.29999
      vertex -52.705 -31.75 -5.29999
      vertex -39.4827 -34.713 -5.29999
    endloop
  endfacet
  facet normal 0 0 1
    outer loop
      vertex -39.2107 -34.6004 -5.29999
      vertex -52.705 -31.75 -5.29999
      vertex -39.348 -34.6534 -5.29999
    endloop
  endfacet
  facet normal 0 0 1
    outer loop
      vertex -39.0709 -34.5542 -5.29999
      vertex -52.705 -31.75 -5.29999
      vertex -39.2107 -34.6004 -5.29999
    endloop
  endfacet
  facet normal 0 0 1
    outer loop
      vertex -38.9289 -34.5149 -5.29999
      vertex -52.705 -31.75 -5.29999
      vertex -39.0709 -34.5542 -5.29999
    endloop
  endfacet
  facet normal 0 0 1
    outer loop
      vertex -38.7853 -34.4826 -5.29999
      vertex -52.705 -31.75 -5.29999
      vertex -38.9289 -34.5149 -5.29999
    endloop
  endfacet
  facet normal 0 0 1
    outer loop
      vertex -38.6402 -34.4575 -5.29999
      vertex -52.705 -31.75 -5.29999
      vertex -38.7853 -34.4826 -5.29999
    endloop
  endfacet
  facet normal 0 0 1
    outer loop
      vertex -38.494 -34.4394 -5.29999
      vertex -52.705 -31.75 -5.29999
      vertex -38.6402 -34.4575 -5.29999
    endloop
  endfacet
  facet normal 0 0 1
    outer loop
      vertex -38.3472 -34.4286 -5.29999
      vertex -52.705 -31.75 -5.29999
      vertex -38.494 -34.4394 -5.29999
    endloop
  endfacet
  facet normal 0 0 1
    outer loop
      vertex -38.2 -34.425 -5.29999
      vertex -52.705 -31.75 -5.29999
      vertex -38.3472 -34.4286 -5.29999
    endloop
  endfacet
  facet normal 0 0 1
    outer loop
      vertex 52.705 -31.75 -5.29999
      vertex 11.5964 -37.5722 -5.29999
      vertex 52.705 -44.925 -5.29999
    endloop
  endfacet
  facet normal -0 0 1
    outer loop
      vertex 11.5856 -37.7191 -5.29999
      vertex 52.705 -44.925 -5.29999
      vertex 11.5964 -37.5722 -5.29999
    endloop
  endfacet
  facet normal -0 0 1
    outer loop
      vertex 11.5675 -37.8652 -5.29999
      vertex 52.705 -44.925 -5.29999
      vertex 11.5856 -37.7191 -5.29999
    endloop
  endfacet
  facet normal -0 0 1
    outer loop
      vertex 11.5424 -38.0103 -5.29999
      vertex 52.705 -44.925 -5.29999
      vertex 11.5675 -37.8652 -5.29999
    endloop
  endfacet
  facet normal -0 0 1
    outer loop
      vertex 11.5101 -38.1539 -5.29999
      vertex 52.705 -44.925 -5.29999
      vertex 11.5424 -38.0103 -5.29999
    endloop
  endfacet
  facet normal -0 0 1
    outer loop
      vertex 11.4708 -38.2959 -5.29999
      vertex 52.705 -44.925 -5.29999
      vertex 11.5101 -38.1539 -5.29999
    endloop
  endfacet
  facet normal -0 0 1
    outer loop
      vertex 11.4246 -38.4357 -5.29999
      vertex 52.705 -44.925 -5.29999
      vertex 11.4708 -38.2959 -5.29999
    endloop
  endfacet
  facet normal -0 0 1
    outer loop
      vertex 11.3716 -38.573 -5.29999
      vertex 52.705 -44.925 -5.29999
      vertex 11.4246 -38.4357 -5.29999
    endloop
  endfacet
  facet normal -0 0 1
    outer loop
      vertex 11.312 -38.7077 -5.29999
      vertex 52.705 -44.925 -5.29999
      vertex 11.3716 -38.573 -5.29999
    endloop
  endfacet
  facet normal -0 0 1
    outer loop
      vertex 11.2458 -38.8392 -5.29999
      vertex 52.705 -44.925 -5.29999
      vertex 11.312 -38.7077 -5.29999
    endloop
  endfacet
  facet normal -0 0 1
    outer loop
      vertex 11.1732 -38.9673 -5.29999
      vertex 52.705 -44.925 -5.29999
      vertex 11.2458 -38.8392 -5.29999
    endloop
  endfacet
  facet normal -0 0 1
    outer loop
      vertex 11.0944 -39.0917 -5.29999
      vertex 52.705 -44.925 -5.29999
      vertex 11.1732 -38.9673 -5.29999
    endloop
  endfacet
  facet normal -0 0 1
    outer loop
      vertex 11.0096 -39.2121 -5.29999
      vertex 52.705 -44.925 -5.29999
      vertex 11.0944 -39.0917 -5.29999
    endloop
  endfacet
  facet normal -0 0 1
    outer loop
      vertex 10.919 -39.3282 -5.29999
      vertex 52.705 -44.925 -5.29999
      vertex 11.0096 -39.2121 -5.29999
    endloop
  endfacet
  facet normal -0 0 1
    outer loop
      vertex 10.8229 -39.4397 -5.29999
      vertex 52.705 -44.925 -5.29999
      vertex 10.919 -39.3282 -5.29999
    endloop
  endfacet
  facet normal -0 0 1
    outer loop
      vertex 10.7213 -39.5463 -5.29999
      vertex 52.705 -44.925 -5.29999
      vertex 10.8229 -39.4397 -5.29999
    endloop
  endfacet
  facet normal -0 0 1
    outer loop
      vertex 10.6147 -39.6479 -5.29999
      vertex 52.705 -44.925 -5.29999
      vertex 10.7213 -39.5463 -5.29999
    endloop
  endfacet
  facet normal -0 0 1
    outer loop
      vertex 10.5032 -39.744 -5.29999
      vertex 52.705 -44.925 -5.29999
      vertex 10.6147 -39.6479 -5.29999
    endloop
  endfacet
  facet normal -0 0 1
    outer loop
      vertex 10.3871 -39.8346 -5.29999
      vertex 52.705 -44.925 -5.29999
      vertex 10.5032 -39.744 -5.29999
    endloop
  endfacet
  facet normal -0 0 1
    outer loop
      vertex 10.2667 -39.9194 -5.29999
      vertex 52.705 -44.925 -5.29999
      vertex 10.3871 -39.8346 -5.29999
    endloop
  endfacet
  facet normal -0 0 1
    outer loop
      vertex 10.1423 -39.9982 -5.29999
      vertex 52.705 -44.925 -5.29999
      vertex 10.2667 -39.9194 -5.29999
    endloop
  endfacet
  facet normal -0 0 1
    outer loop
      vertex 10.0142 -40.0708 -5.29999
      vertex 52.705 -44.925 -5.29999
      vertex 10.1423 -39.9982 -5.29999
    endloop
  endfacet
  facet normal -0 0 1
    outer loop
      vertex 9.88266 -40.137 -5.29999
      vertex 52.705 -44.925 -5.29999
      vertex 10.0142 -40.0708 -5.29999
    endloop
  endfacet
  facet normal -0 0 1
    outer loop
      vertex 9.74805 -40.1966 -5.29999
      vertex 52.705 -44.925 -5.29999
      vertex 9.88266 -40.137 -5.29999
    endloop
  endfacet
  facet normal -0 0 1
    outer loop
      vertex 9.61067 -40.2496 -5.29999
      vertex 52.705 -44.925 -5.29999
      vertex 9.74805 -40.1966 -5.29999
    endloop
  endfacet
  facet normal -0 0 1
    outer loop
      vertex 9.47085 -40.2958 -5.29999
      vertex 52.705 -44.925 -5.29999
      vertex 9.61067 -40.2496 -5.29999
    endloop
  endfacet
  facet normal -0 0 1
    outer loop
      vertex 9.32894 -40.3351 -5.29999
      vertex 52.705 -44.925 -5.29999
      vertex 9.47085 -40.2958 -5.29999
    endloop
  endfacet
  facet normal -0 0 1
    outer loop
      vertex 9.18527 -40.3674 -5.29999
      vertex 52.705 -44.925 -5.29999
      vertex 9.32894 -40.3351 -5.29999
    endloop
  endfacet
  facet normal -0 0 1
    outer loop
      vertex 9.04019 -40.3925 -5.29999
      vertex 52.705 -44.925 -5.29999
      vertex 9.18527 -40.3674 -5.29999
    endloop
  endfacet
  facet normal -0 0 1
    outer loop
      vertex 8.89405 -40.4106 -5.29999
      vertex 52.705 -44.925 -5.29999
      vertex 9.04019 -40.3925 -5.29999
    endloop
  endfacet
  facet normal -0 0 1
    outer loop
      vertex 8.7472 -40.4214 -5.29999
      vertex 52.705 -44.925 -5.29999
      vertex 8.89405 -40.4106 -5.29999
    endloop
  endfacet
  facet normal -0 0 1
    outer loop
      vertex 8.6 -40.425 -5.29999
      vertex 52.705 -44.925 -5.29999
      vertex 8.7472 -40.4214 -5.29999
    endloop
  endfacet
  facet normal 0 0 1
    outer loop
      vertex 3.4 -40.425 -5.29999
      vertex 8.6 -40.425 -5.29999
      vertex 8.4528 -40.4214 -5.29999
    endloop
  endfacet
  facet normal 0 0 1
    outer loop
      vertex 3.5472 -40.4214 -5.29999
      vertex 8.4528 -40.4214 -5.29999
      vertex 8.30595 -40.4106 -5.29999
    endloop
  endfacet
  facet normal 0 0 1
    outer loop
      vertex 5.97319 -38.9673 -5.29999
      vertex 6.02681 -38.9673 -5.29999
      vertex 6 -38.92 -5.29999
    endloop
  endfacet
  facet normal -0 0 1
    outer loop
      vertex 5.97319 -38.9673 -5.29999
      vertex 6.10559 -39.0917 -5.29999
      vertex 6.02681 -38.9673 -5.29999
    endloop
  endfacet
  facet normal 0 0 1
    outer loop
      vertex 5.89441 -39.0917 -5.29999
      vertex 6.10559 -39.0917 -5.29999
      vertex 5.97319 -38.9673 -5.29999
    endloop
  endfacet
  facet normal 0 0 1
    outer loop
      vertex 6.10559 -39.0917 -5.29999
      vertex 5.89441 -39.0917 -5.29999
      vertex 6.19038 -39.2121 -5.29999
    endloop
  endfacet
  facet normal 0 0 1
    outer loop
      vertex 5.80962 -39.2121 -5.29999
      vertex 6.19038 -39.2121 -5.29999
      vertex 5.89441 -39.0917 -5.29999
    endloop
  endfacet
  facet normal 0 0 1
    outer loop
      vertex 6.19038 -39.2121 -5.29999
      vertex 5.80962 -39.2121 -5.29999
      vertex 6.28097 -39.3282 -5.29999
    endloop
  endfacet
  facet normal 0 0 1
    outer loop
      vertex 5.71903 -39.3282 -5.29999
      vertex 6.28097 -39.3282 -5.29999
      vertex 5.80962 -39.2121 -5.29999
    endloop
  endfacet
  facet normal 0 0 1
    outer loop
      vertex 6.28097 -39.3282 -5.29999
      vertex 5.71903 -39.3282 -5.29999
      vertex 6.37715 -39.4397 -5.29999
    endloop
  endfacet
  facet normal 0 0 1
    outer loop
      vertex 5.62285 -39.4397 -5.29999
      vertex 6.37715 -39.4397 -5.29999
      vertex 5.71903 -39.3282 -5.29999
    endloop
  endfacet
  facet normal 0 0 1
    outer loop
      vertex 6.37715 -39.4397 -5.29999
      vertex 5.62285 -39.4397 -5.29999
      vertex 6.47868 -39.5463 -5.29999
    endloop
  endfacet
  facet normal 0 0 1
    outer loop
      vertex 5.52132 -39.5463 -5.29999
      vertex 6.47868 -39.5463 -5.29999
      vertex 5.62285 -39.4397 -5.29999
    endloop
  endfacet
  facet normal 0 0 1
    outer loop
      vertex 6.47868 -39.5463 -5.29999
      vertex 5.52132 -39.5463 -5.29999
      vertex 6.58532 -39.6479 -5.29999
    endloop
  endfacet
  facet normal 0 0 1
    outer loop
      vertex 5.41468 -39.6479 -5.29999
      vertex 6.58532 -39.6479 -5.29999
      vertex 5.52132 -39.5463 -5.29999
    endloop
  endfacet
  facet normal 0 0 1
    outer loop
      vertex 6.58532 -39.6479 -5.29999
      vertex 5.41468 -39.6479 -5.29999
      vertex 6.69682 -39.744 -5.29999
    endloop
  endfacet
  facet normal 0 0 1
    outer loop
      vertex 5.30318 -39.744 -5.29999
      vertex 6.69682 -39.744 -5.29999
      vertex 5.41468 -39.6479 -5.29999
    endloop
  endfacet
  facet normal 0 0 1
    outer loop
      vertex 6.69682 -39.744 -5.29999
      vertex 5.30318 -39.744 -5.29999
      vertex 6.8129 -39.8346 -5.29999
    endloop
  endfacet
  facet normal 0 0 1
    outer loop
      vertex 5.1871 -39.8346 -5.29999
      vertex 6.8129 -39.8346 -5.29999
      vertex 5.30318 -39.744 -5.29999
    endloop
  endfacet
  facet normal 0 0 1
    outer loop
      vertex 6.8129 -39.8346 -5.29999
      vertex 5.1871 -39.8346 -5.29999
      vertex 6.93329 -39.9194 -5.29999
    endloop
  endfacet
  facet normal 0 0 1
    outer loop
      vertex 5.06671 -39.9194 -5.29999
      vertex 6.93329 -39.9194 -5.29999
      vertex 5.1871 -39.8346 -5.29999
    endloop
  endfacet
  facet normal 0 0 1
    outer loop
      vertex 6.93329 -39.9194 -5.29999
      vertex 5.06671 -39.9194 -5.29999
      vertex 7.05769 -39.9982 -5.29999
    endloop
  endfacet
  facet normal 0 0 1
    outer loop
      vertex 4.94231 -39.9982 -5.29999
      vertex 7.05769 -39.9982 -5.29999
      vertex 5.06671 -39.9194 -5.29999
    endloop
  endfacet
  facet normal 0 0 1
    outer loop
      vertex 7.05769 -39.9982 -5.29999
      vertex 4.94231 -39.9982 -5.29999
      vertex 7.18581 -40.0708 -5.29999
    endloop
  endfacet
  facet normal 0 0 1
    outer loop
      vertex 4.81419 -40.0708 -5.29999
      vertex 7.18581 -40.0708 -5.29999
      vertex 4.94231 -39.9982 -5.29999
    endloop
  endfacet
  facet normal 0 0 1
    outer loop
      vertex 7.18581 -40.0708 -5.29999
      vertex 4.81419 -40.0708 -5.29999
      vertex 7.31733 -40.137 -5.29999
    endloop
  endfacet
  facet normal 0 0 1
    outer loop
      vertex 4.68267 -40.137 -5.29999
      vertex 7.31733 -40.137 -5.29999
      vertex 4.81419 -40.0708 -5.29999
    endloop
  endfacet
  facet normal 0 0 1
    outer loop
      vertex 7.31733 -40.137 -5.29999
      vertex 4.68267 -40.137 -5.29999
      vertex 7.45195 -40.1966 -5.29999
    endloop
  endfacet
  facet normal 0 0 1
    outer loop
      vertex 4.54805 -40.1966 -5.29999
      vertex 7.45195 -40.1966 -5.29999
      vertex 4.68267 -40.137 -5.29999
    endloop
  endfacet
  facet normal 0 0 1
    outer loop
      vertex 7.45195 -40.1966 -5.29999
      vertex 4.54805 -40.1966 -5.29999
      vertex 7.58933 -40.2496 -5.29999
    endloop
  endfacet
  facet normal 0 0 1
    outer loop
      vertex 4.41067 -40.2496 -5.29999
      vertex 7.58933 -40.2496 -5.29999
      vertex 4.54805 -40.1966 -5.29999
    endloop
  endfacet
  facet normal 0 0 1
    outer loop
      vertex 7.58933 -40.2496 -5.29999
      vertex 4.41067 -40.2496 -5.29999
      vertex 7.72915 -40.2958 -5.29999
    endloop
  endfacet
  facet normal 0 0 1
    outer loop
      vertex 4.27085 -40.2958 -5.29999
      vertex 7.72915 -40.2958 -5.29999
      vertex 4.41067 -40.2496 -5.29999
    endloop
  endfacet
  facet normal 0 0 1
    outer loop
      vertex 7.72915 -40.2958 -5.29999
      vertex 4.27085 -40.2958 -5.29999
      vertex 7.87106 -40.3351 -5.29999
    endloop
  endfacet
  facet normal 0 0 1
    outer loop
      vertex 4.12894 -40.3351 -5.29999
      vertex 7.87106 -40.3351 -5.29999
      vertex 4.27085 -40.2958 -5.29999
    endloop
  endfacet
  facet normal 0 0 1
    outer loop
      vertex 7.87106 -40.3351 -5.29999
      vertex 4.12894 -40.3351 -5.29999
      vertex 8.01473 -40.3674 -5.29999
    endloop
  endfacet
  facet normal 0 0 1
    outer loop
      vertex 3.98527 -40.3674 -5.29999
      vertex 8.01473 -40.3674 -5.29999
      vertex 4.12894 -40.3351 -5.29999
    endloop
  endfacet
  facet normal 0 0 1
    outer loop
      vertex 8.01473 -40.3674 -5.29999
      vertex 3.98527 -40.3674 -5.29999
      vertex 8.15981 -40.3925 -5.29999
    endloop
  endfacet
  facet normal 0 0 1
    outer loop
      vertex 3.84019 -40.3925 -5.29999
      vertex 8.15981 -40.3925 -5.29999
      vertex 3.98527 -40.3674 -5.29999
    endloop
  endfacet
  facet normal 0 0 1
    outer loop
      vertex 8.15981 -40.3925 -5.29999
      vertex 3.84019 -40.3925 -5.29999
      vertex 8.30595 -40.4106 -5.29999
    endloop
  endfacet
  facet normal 0 0 1
    outer loop
      vertex 3.69405 -40.4106 -5.29999
      vertex 8.30595 -40.4106 -5.29999
      vertex 3.84019 -40.3925 -5.29999
    endloop
  endfacet
  facet normal 0 0 1
    outer loop
      vertex 3.5472 -40.4214 -5.29999
      vertex 8.30595 -40.4106 -5.29999
      vertex 3.69405 -40.4106 -5.29999
    endloop
  endfacet
  facet normal 0 0 1
    outer loop
      vertex 8.4528 -40.4214 -5.29999
      vertex 3.5472 -40.4214 -5.29999
      vertex 3.4 -40.425 -5.29999
    endloop
  endfacet
  facet normal 0 0 1
    outer loop
      vertex 8.6 -40.425 -5.29999
      vertex 3.4 -40.425 -5.29999
      vertex 52.705 -44.925 -5.29999
    endloop
  endfacet
  facet normal 0 0 1
    outer loop
      vertex -1.8 -40.425 -5.29999
      vertex 3.4 -40.425 -5.29999
      vertex 3.2528 -40.4214 -5.29999
    endloop
  endfacet
  facet normal 0 0 1
    outer loop
      vertex -1.6528 -40.4214 -5.29999
      vertex 3.2528 -40.4214 -5.29999
      vertex 3.10595 -40.4106 -5.29999
    endloop
  endfacet
  facet normal 0 0 1
    outer loop
      vertex 0.773186 -38.9673 -5.29999
      vertex 0.826815 -38.9673 -5.29999
      vertex 0.800001 -38.92 -5.29999
    endloop
  endfacet
  facet normal -0 0 1
    outer loop
      vertex 0.773186 -38.9673 -5.29999
      vertex 0.905591 -39.0917 -5.29999
      vertex 0.826815 -38.9673 -5.29999
    endloop
  endfacet
  facet normal 0 0 1
    outer loop
      vertex 0.69441 -39.0917 -5.29999
      vertex 0.905591 -39.0917 -5.29999
      vertex 0.773186 -38.9673 -5.29999
    endloop
  endfacet
  facet normal 0 0 1
    outer loop
      vertex 0.905591 -39.0917 -5.29999
      vertex 0.69441 -39.0917 -5.29999
      vertex 0.990378 -39.2121 -5.29999
    endloop
  endfacet
  facet normal 0 0 1
    outer loop
      vertex 0.609623 -39.2121 -5.29999
      vertex 0.990378 -39.2121 -5.29999
      vertex 0.69441 -39.0917 -5.29999
    endloop
  endfacet
  facet normal 0 0 1
    outer loop
      vertex 0.990378 -39.2121 -5.29999
      vertex 0.609623 -39.2121 -5.29999
      vertex 1.08097 -39.3282 -5.29999
    endloop
  endfacet
  facet normal 0 0 1
    outer loop
      vertex 0.519032 -39.3282 -5.29999
      vertex 1.08097 -39.3282 -5.29999
      vertex 0.609623 -39.2121 -5.29999
    endloop
  endfacet
  facet normal 0 0 1
    outer loop
      vertex 1.08097 -39.3282 -5.29999
      vertex 0.519032 -39.3282 -5.29999
      vertex 1.17715 -39.4397 -5.29999
    endloop
  endfacet
  facet normal 0 0 1
    outer loop
      vertex 0.422854 -39.4397 -5.29999
      vertex 1.17715 -39.4397 -5.29999
      vertex 0.519032 -39.3282 -5.29999
    endloop
  endfacet
  facet normal 0 0 1
    outer loop
      vertex 1.17715 -39.4397 -5.29999
      vertex 0.422854 -39.4397 -5.29999
      vertex 1.27868 -39.5463 -5.29999
    endloop
  endfacet
  facet normal 0 0 1
    outer loop
      vertex 0.321321 -39.5463 -5.29999
      vertex 1.27868 -39.5463 -5.29999
      vertex 0.422854 -39.4397 -5.29999
    endloop
  endfacet
  facet normal 0 0 1
    outer loop
      vertex 1.27868 -39.5463 -5.29999
      vertex 0.321321 -39.5463 -5.29999
      vertex 1.38532 -39.6479 -5.29999
    endloop
  endfacet
  facet normal 0 0 1
    outer loop
      vertex 0.214677 -39.6479 -5.29999
      vertex 1.38532 -39.6479 -5.29999
      vertex 0.321321 -39.5463 -5.29999
    endloop
  endfacet
  facet normal 0 0 1
    outer loop
      vertex 1.38532 -39.6479 -5.29999
      vertex 0.214677 -39.6479 -5.29999
      vertex 1.49682 -39.744 -5.29999
    endloop
  endfacet
  facet normal 0 0 1
    outer loop
      vertex 0.10318 -39.744 -5.29999
      vertex 1.49682 -39.744 -5.29999
      vertex 0.214677 -39.6479 -5.29999
    endloop
  endfacet
  facet normal 0 0 1
    outer loop
      vertex 1.49682 -39.744 -5.29999
      vertex 0.10318 -39.744 -5.29999
      vertex 1.6129 -39.8346 -5.29999
    endloop
  endfacet
  facet normal 0 0 1
    outer loop
      vertex -0.0129019 -39.8346 -5.29999
      vertex 1.6129 -39.8346 -5.29999
      vertex 0.10318 -39.744 -5.29999
    endloop
  endfacet
  facet normal 0 0 1
    outer loop
      vertex 1.6129 -39.8346 -5.29999
      vertex -0.0129019 -39.8346 -5.29999
      vertex 1.73329 -39.9194 -5.29999
    endloop
  endfacet
  facet normal 0 0 1
    outer loop
      vertex -0.133289 -39.9194 -5.29999
      vertex 1.73329 -39.9194 -5.29999
      vertex -0.0129019 -39.8346 -5.29999
    endloop
  endfacet
  facet normal 0 0 1
    outer loop
      vertex 1.73329 -39.9194 -5.29999
      vertex -0.133289 -39.9194 -5.29999
      vertex 1.85769 -39.9982 -5.29999
    endloop
  endfacet
  facet normal 0 0 1
    outer loop
      vertex -0.257691 -39.9982 -5.29999
      vertex 1.85769 -39.9982 -5.29999
      vertex -0.133289 -39.9194 -5.29999
    endloop
  endfacet
  facet normal 0 0 1
    outer loop
      vertex 1.85769 -39.9982 -5.29999
      vertex -0.257691 -39.9982 -5.29999
      vertex 1.98581 -40.0708 -5.29999
    endloop
  endfacet
  facet normal 0 0 1
    outer loop
      vertex -0.38581 -40.0708 -5.29999
      vertex 1.98581 -40.0708 -5.29999
      vertex -0.257691 -39.9982 -5.29999
    endloop
  endfacet
  facet normal 0 0 1
    outer loop
      vertex 1.98581 -40.0708 -5.29999
      vertex -0.38581 -40.0708 -5.29999
      vertex 2.11733 -40.137 -5.29999
    endloop
  endfacet
  facet normal 0 0 1
    outer loop
      vertex -0.517335 -40.137 -5.29999
      vertex 2.11733 -40.137 -5.29999
      vertex -0.38581 -40.0708 -5.29999
    endloop
  endfacet
  facet normal 0 0 1
    outer loop
      vertex 2.11733 -40.137 -5.29999
      vertex -0.517335 -40.137 -5.29999
      vertex 2.25195 -40.1966 -5.29999
    endloop
  endfacet
  facet normal 0 0 1
    outer loop
      vertex -0.65195 -40.1966 -5.29999
      vertex 2.25195 -40.1966 -5.29999
      vertex -0.517335 -40.137 -5.29999
    endloop
  endfacet
  facet normal 0 0 1
    outer loop
      vertex 2.25195 -40.1966 -5.29999
      vertex -0.65195 -40.1966 -5.29999
      vertex 2.38933 -40.2496 -5.29999
    endloop
  endfacet
  facet normal 0 0 1
    outer loop
      vertex -0.78933 -40.2496 -5.29999
      vertex 2.38933 -40.2496 -5.29999
      vertex -0.65195 -40.1966 -5.29999
    endloop
  endfacet
  facet normal 0 0 1
    outer loop
      vertex 2.38933 -40.2496 -5.29999
      vertex -0.78933 -40.2496 -5.29999
      vertex 2.52915 -40.2958 -5.29999
    endloop
  endfacet
  facet normal 0 0 1
    outer loop
      vertex -0.929145 -40.2958 -5.29999
      vertex 2.52915 -40.2958 -5.29999
      vertex -0.78933 -40.2496 -5.29999
    endloop
  endfacet
  facet normal 0 0 1
    outer loop
      vertex 2.52915 -40.2958 -5.29999
      vertex -0.929145 -40.2958 -5.29999
      vertex 2.67106 -40.3351 -5.29999
    endloop
  endfacet
  facet normal 0 0 1
    outer loop
      vertex -1.07106 -40.3351 -5.29999
      vertex 2.67106 -40.3351 -5.29999
      vertex -0.929145 -40.2958 -5.29999
    endloop
  endfacet
  facet normal 0 0 1
    outer loop
      vertex 2.67106 -40.3351 -5.29999
      vertex -1.07106 -40.3351 -5.29999
      vertex 2.81473 -40.3674 -5.29999
    endloop
  endfacet
  facet normal 0 0 1
    outer loop
      vertex -1.21473 -40.3674 -5.29999
      vertex 2.81473 -40.3674 -5.29999
      vertex -1.07106 -40.3351 -5.29999
    endloop
  endfacet
  facet normal 0 0 1
    outer loop
      vertex 2.81473 -40.3674 -5.29999
      vertex -1.21473 -40.3674 -5.29999
      vertex 2.95981 -40.3925 -5.29999
    endloop
  endfacet
  facet normal 0 0 1
    outer loop
      vertex -1.35981 -40.3925 -5.29999
      vertex 2.95981 -40.3925 -5.29999
      vertex -1.21473 -40.3674 -5.29999
    endloop
  endfacet
  facet normal 0 0 1
    outer loop
      vertex 2.95981 -40.3925 -5.29999
      vertex -1.35981 -40.3925 -5.29999
      vertex 3.10595 -40.4106 -5.29999
    endloop
  endfacet
  facet normal 0 0 1
    outer loop
      vertex -1.50595 -40.4106 -5.29999
      vertex 3.10595 -40.4106 -5.29999
      vertex -1.35981 -40.3925 -5.29999
    endloop
  endfacet
  facet normal 0 0 1
    outer loop
      vertex -1.6528 -40.4214 -5.29999
      vertex 3.10595 -40.4106 -5.29999
      vertex -1.50595 -40.4106 -5.29999
    endloop
  endfacet
  facet normal 0 0 1
    outer loop
      vertex 3.2528 -40.4214 -5.29999
      vertex -1.6528 -40.4214 -5.29999
      vertex -1.8 -40.425 -5.29999
    endloop
  endfacet
  facet normal 0 0 1
    outer loop
      vertex 3.4 -40.425 -5.29999
      vertex -1.8 -40.425 -5.29999
      vertex 52.705 -44.925 -5.29999
    endloop
  endfacet
  facet normal 0 0 1
    outer loop
      vertex -52.705 -44.925 -5.29999
      vertex -1.8 -40.425 -5.29999
      vertex -1.9472 -40.4214 -5.29999
    endloop
  endfacet
  facet normal 0 0 1
    outer loop
      vertex -9.4528 -40.4214 -5.29999
      vertex -1.9472 -40.4214 -5.29999
      vertex -2.09405 -40.4106 -5.29999
    endloop
  endfacet
  facet normal -0 0 1
    outer loop
      vertex -6.6 -37.425 -5.29999
      vertex -4.79639 -37.5722 -5.29999
      vertex -4.8 -37.425 -5.29999
    endloop
  endfacet
  facet normal 0 0 1
    outer loop
      vertex -6.60361 -37.5722 -5.29999
      vertex -4.79639 -37.5722 -5.29999
      vertex -6.6 -37.425 -5.29999
    endloop
  endfacet
  facet normal 0 0 1
    outer loop
      vertex -4.79639 -37.5722 -5.29999
      vertex -6.60361 -37.5722 -5.29999
      vertex -4.78555 -37.7191 -5.29999
    endloop
  endfacet
  facet normal 0 0 1
    outer loop
      vertex -6.61445 -37.7191 -5.29999
      vertex -4.78555 -37.7191 -5.29999
      vertex -6.60361 -37.5722 -5.29999
    endloop
  endfacet
  facet normal 0 0 1
    outer loop
      vertex -4.78555 -37.7191 -5.29999
      vertex -6.61445 -37.7191 -5.29999
      vertex -4.76753 -37.8652 -5.29999
    endloop
  endfacet
  facet normal 0 0 1
    outer loop
      vertex -6.63247 -37.8652 -5.29999
      vertex -4.76753 -37.8652 -5.29999
      vertex -6.61445 -37.7191 -5.29999
    endloop
  endfacet
  facet normal 0 0 1
    outer loop
      vertex -4.76753 -37.8652 -5.29999
      vertex -6.63247 -37.8652 -5.29999
      vertex -4.74235 -38.0103 -5.29999
    endloop
  endfacet
  facet normal 0 0 1
    outer loop
      vertex -6.65765 -38.0103 -5.29999
      vertex -4.74235 -38.0103 -5.29999
      vertex -6.63247 -37.8652 -5.29999
    endloop
  endfacet
  facet normal 0 0 1
    outer loop
      vertex -4.74235 -38.0103 -5.29999
      vertex -6.65765 -38.0103 -5.29999
      vertex -4.71009 -38.1539 -5.29999
    endloop
  endfacet
  facet normal 0 0 1
    outer loop
      vertex -6.68991 -38.1539 -5.29999
      vertex -4.71009 -38.1539 -5.29999
      vertex -6.65765 -38.0103 -5.29999
    endloop
  endfacet
  facet normal 0 0 1
    outer loop
      vertex -4.71009 -38.1539 -5.29999
      vertex -6.68991 -38.1539 -5.29999
      vertex -4.67082 -38.2959 -5.29999
    endloop
  endfacet
  facet normal 0 0 1
    outer loop
      vertex -6.72918 -38.2959 -5.29999
      vertex -4.67082 -38.2959 -5.29999
      vertex -6.68991 -38.1539 -5.29999
    endloop
  endfacet
  facet normal 0 0 1
    outer loop
      vertex -4.67082 -38.2959 -5.29999
      vertex -6.72918 -38.2959 -5.29999
      vertex -4.62463 -38.4357 -5.29999
    endloop
  endfacet
  facet normal 0 0 1
    outer loop
      vertex -6.77537 -38.4357 -5.29999
      vertex -4.62463 -38.4357 -5.29999
      vertex -6.72918 -38.2959 -5.29999
    endloop
  endfacet
  facet normal 0 0 1
    outer loop
      vertex -4.62463 -38.4357 -5.29999
      vertex -6.77537 -38.4357 -5.29999
      vertex -4.57164 -38.573 -5.29999
    endloop
  endfacet
  facet normal 0 0 1
    outer loop
      vertex -6.82836 -38.573 -5.29999
      vertex -4.57164 -38.573 -5.29999
      vertex -6.77537 -38.4357 -5.29999
    endloop
  endfacet
  facet normal 0 0 1
    outer loop
      vertex -4.57164 -38.573 -5.29999
      vertex -6.82836 -38.573 -5.29999
      vertex -4.51197 -38.7077 -5.29999
    endloop
  endfacet
  facet normal 0 0 1
    outer loop
      vertex -6.88803 -38.7077 -5.29999
      vertex -4.51197 -38.7077 -5.29999
      vertex -6.82836 -38.573 -5.29999
    endloop
  endfacet
  facet normal 0 0 1
    outer loop
      vertex -4.51197 -38.7077 -5.29999
      vertex -6.88803 -38.7077 -5.29999
      vertex -4.44576 -38.8392 -5.29999
    endloop
  endfacet
  facet normal 0 0 1
    outer loop
      vertex -6.95424 -38.8392 -5.29999
      vertex -4.44576 -38.8392 -5.29999
      vertex -6.88803 -38.7077 -5.29999
    endloop
  endfacet
  facet normal 0 0 1
    outer loop
      vertex -4.44576 -38.8392 -5.29999
      vertex -6.95424 -38.8392 -5.29999
      vertex -4.37319 -38.9673 -5.29999
    endloop
  endfacet
  facet normal 0 0 1
    outer loop
      vertex -7.02681 -38.9673 -5.29999
      vertex -4.37319 -38.9673 -5.29999
      vertex -6.95424 -38.8392 -5.29999
    endloop
  endfacet
  facet normal 0 0 1
    outer loop
      vertex -4.37319 -38.9673 -5.29999
      vertex -7.02681 -38.9673 -5.29999
      vertex -4.29441 -39.0917 -5.29999
    endloop
  endfacet
  facet normal 0 0 1
    outer loop
      vertex -7.10559 -39.0917 -5.29999
      vertex -4.29441 -39.0917 -5.29999
      vertex -7.02681 -38.9673 -5.29999
    endloop
  endfacet
  facet normal 0 0 1
    outer loop
      vertex -4.29441 -39.0917 -5.29999
      vertex -7.10559 -39.0917 -5.29999
      vertex -4.20962 -39.2121 -5.29999
    endloop
  endfacet
  facet normal 0 0 1
    outer loop
      vertex -7.19038 -39.2121 -5.29999
      vertex -4.20962 -39.2121 -5.29999
      vertex -7.10559 -39.0917 -5.29999
    endloop
  endfacet
  facet normal 0 0 1
    outer loop
      vertex -4.20962 -39.2121 -5.29999
      vertex -7.19038 -39.2121 -5.29999
      vertex -4.11903 -39.3282 -5.29999
    endloop
  endfacet
  facet normal 0 0 1
    outer loop
      vertex -7.28097 -39.3282 -5.29999
      vertex -4.11903 -39.3282 -5.29999
      vertex -7.19038 -39.2121 -5.29999
    endloop
  endfacet
  facet normal 0 0 1
    outer loop
      vertex -4.11903 -39.3282 -5.29999
      vertex -7.28097 -39.3282 -5.29999
      vertex -4.02285 -39.4397 -5.29999
    endloop
  endfacet
  facet normal 0 0 1
    outer loop
      vertex -7.37715 -39.4397 -5.29999
      vertex -4.02285 -39.4397 -5.29999
      vertex -7.28097 -39.3282 -5.29999
    endloop
  endfacet
  facet normal 0 0 1
    outer loop
      vertex -4.02285 -39.4397 -5.29999
      vertex -7.37715 -39.4397 -5.29999
      vertex -3.92132 -39.5463 -5.29999
    endloop
  endfacet
  facet normal 0 0 1
    outer loop
      vertex -7.47868 -39.5463 -5.29999
      vertex -3.92132 -39.5463 -5.29999
      vertex -7.37715 -39.4397 -5.29999
    endloop
  endfacet
  facet normal 0 0 1
    outer loop
      vertex -3.92132 -39.5463 -5.29999
      vertex -7.47868 -39.5463 -5.29999
      vertex -3.81468 -39.6479 -5.29999
    endloop
  endfacet
  facet normal 0 0 1
    outer loop
      vertex -7.58532 -39.6479 -5.29999
      vertex -3.81468 -39.6479 -5.29999
      vertex -7.47868 -39.5463 -5.29999
    endloop
  endfacet
  facet normal 0 0 1
    outer loop
      vertex -3.81468 -39.6479 -5.29999
      vertex -7.58532 -39.6479 -5.29999
      vertex -3.70318 -39.744 -5.29999
    endloop
  endfacet
  facet normal 0 0 1
    outer loop
      vertex -7.69682 -39.744 -5.29999
      vertex -3.70318 -39.744 -5.29999
      vertex -7.58532 -39.6479 -5.29999
    endloop
  endfacet
  facet normal 0 0 1
    outer loop
      vertex -3.70318 -39.744 -5.29999
      vertex -7.69682 -39.744 -5.29999
      vertex -3.5871 -39.8346 -5.29999
    endloop
  endfacet
  facet normal 0 0 1
    outer loop
      vertex -7.8129 -39.8346 -5.29999
      vertex -3.5871 -39.8346 -5.29999
      vertex -7.69682 -39.744 -5.29999
    endloop
  endfacet
  facet normal 0 0 1
    outer loop
      vertex -3.5871 -39.8346 -5.29999
      vertex -7.8129 -39.8346 -5.29999
      vertex -3.46671 -39.9194 -5.29999
    endloop
  endfacet
  facet normal 0 0 1
    outer loop
      vertex -7.93329 -39.9194 -5.29999
      vertex -3.46671 -39.9194 -5.29999
      vertex -7.8129 -39.8346 -5.29999
    endloop
  endfacet
  facet normal 0 0 1
    outer loop
      vertex -3.46671 -39.9194 -5.29999
      vertex -7.93329 -39.9194 -5.29999
      vertex -3.34231 -39.9982 -5.29999
    endloop
  endfacet
  facet normal 0 0 1
    outer loop
      vertex -8.05769 -39.9982 -5.29999
      vertex -3.34231 -39.9982 -5.29999
      vertex -7.93329 -39.9194 -5.29999
    endloop
  endfacet
  facet normal 0 0 1
    outer loop
      vertex -3.34231 -39.9982 -5.29999
      vertex -8.05769 -39.9982 -5.29999
      vertex -3.21419 -40.0708 -5.29999
    endloop
  endfacet
  facet normal 0 0 1
    outer loop
      vertex -8.18581 -40.0708 -5.29999
      vertex -3.21419 -40.0708 -5.29999
      vertex -8.05769 -39.9982 -5.29999
    endloop
  endfacet
  facet normal 0 0 1
    outer loop
      vertex -3.21419 -40.0708 -5.29999
      vertex -8.18581 -40.0708 -5.29999
      vertex -3.08266 -40.137 -5.29999
    endloop
  endfacet
  facet normal 0 0 1
    outer loop
      vertex -8.31734 -40.137 -5.29999
      vertex -3.08266 -40.137 -5.29999
      vertex -8.18581 -40.0708 -5.29999
    endloop
  endfacet
  facet normal 0 0 1
    outer loop
      vertex -3.08266 -40.137 -5.29999
      vertex -8.31734 -40.137 -5.29999
      vertex -2.94805 -40.1966 -5.29999
    endloop
  endfacet
  facet normal 0 0 1
    outer loop
      vertex -8.45195 -40.1966 -5.29999
      vertex -2.94805 -40.1966 -5.29999
      vertex -8.31734 -40.137 -5.29999
    endloop
  endfacet
  facet normal 0 0 1
    outer loop
      vertex -2.94805 -40.1966 -5.29999
      vertex -8.45195 -40.1966 -5.29999
      vertex -2.81067 -40.2496 -5.29999
    endloop
  endfacet
  facet normal 0 0 1
    outer loop
      vertex -8.58933 -40.2496 -5.29999
      vertex -2.81067 -40.2496 -5.29999
      vertex -8.45195 -40.1966 -5.29999
    endloop
  endfacet
  facet normal 0 0 1
    outer loop
      vertex -2.81067 -40.2496 -5.29999
      vertex -8.58933 -40.2496 -5.29999
      vertex -2.67085 -40.2958 -5.29999
    endloop
  endfacet
  facet normal 0 0 1
    outer loop
      vertex -8.72915 -40.2958 -5.29999
      vertex -2.67085 -40.2958 -5.29999
      vertex -8.58933 -40.2496 -5.29999
    endloop
  endfacet
  facet normal 0 0 1
    outer loop
      vertex -2.67085 -40.2958 -5.29999
      vertex -8.72915 -40.2958 -5.29999
      vertex -2.52894 -40.3351 -5.29999
    endloop
  endfacet
  facet normal 0 0 1
    outer loop
      vertex -8.87106 -40.3351 -5.29999
      vertex -2.52894 -40.3351 -5.29999
      vertex -8.72915 -40.2958 -5.29999
    endloop
  endfacet
  facet normal 0 0 1
    outer loop
      vertex -2.52894 -40.3351 -5.29999
      vertex -8.87106 -40.3351 -5.29999
      vertex -2.38527 -40.3674 -5.29999
    endloop
  endfacet
  facet normal 0 0 1
    outer loop
      vertex -9.01473 -40.3674 -5.29999
      vertex -2.38527 -40.3674 -5.29999
      vertex -8.87106 -40.3351 -5.29999
    endloop
  endfacet
  facet normal 0 0 1
    outer loop
      vertex -2.38527 -40.3674 -5.29999
      vertex -9.01473 -40.3674 -5.29999
      vertex -2.24019 -40.3925 -5.29999
    endloop
  endfacet
  facet normal 0 0 1
    outer loop
      vertex -9.15981 -40.3925 -5.29999
      vertex -2.24019 -40.3925 -5.29999
      vertex -9.01473 -40.3674 -5.29999
    endloop
  endfacet
  facet normal 0 0 1
    outer loop
      vertex -2.24019 -40.3925 -5.29999
      vertex -9.15981 -40.3925 -5.29999
      vertex -2.09405 -40.4106 -5.29999
    endloop
  endfacet
  facet normal 0 0 1
    outer loop
      vertex -9.30595 -40.4106 -5.29999
      vertex -2.09405 -40.4106 -5.29999
      vertex -9.15981 -40.3925 -5.29999
    endloop
  endfacet
  facet normal 0 0 1
    outer loop
      vertex -9.4528 -40.4214 -5.29999
      vertex -2.09405 -40.4106 -5.29999
      vertex -9.30595 -40.4106 -5.29999
    endloop
  endfacet
  facet normal 0 0 1
    outer loop
      vertex -1.9472 -40.4214 -5.29999
      vertex -9.4528 -40.4214 -5.29999
      vertex -9.6 -40.425 -5.29999
    endloop
  endfacet
  facet normal 0 0 1
    outer loop
      vertex -1.9472 -40.4214 -5.29999
      vertex -9.6 -40.425 -5.29999
      vertex -52.705 -44.925 -5.29999
    endloop
  endfacet
  facet normal 0 0 1
    outer loop
      vertex -14.8 -40.425 -5.29999
      vertex -9.6 -40.425 -5.29999
      vertex -9.7472 -40.4214 -5.29999
    endloop
  endfacet
  facet normal 0 0 1
    outer loop
      vertex -12.2268 -38.9673 -5.29999
      vertex -12.1732 -38.9673 -5.29999
      vertex -12.2 -38.92 -5.29999
    endloop
  endfacet
  facet normal -0 0 1
    outer loop
      vertex -12.2268 -38.9673 -5.29999
      vertex -12.0944 -39.0917 -5.29999
      vertex -12.1732 -38.9673 -5.29999
    endloop
  endfacet
  facet normal 0 0 1
    outer loop
      vertex -12.3056 -39.0917 -5.29999
      vertex -12.0944 -39.0917 -5.29999
      vertex -12.2268 -38.9673 -5.29999
    endloop
  endfacet
  facet normal 0 0 1
    outer loop
      vertex -12.0944 -39.0917 -5.29999
      vertex -12.3056 -39.0917 -5.29999
      vertex -12.0096 -39.2121 -5.29999
    endloop
  endfacet
  facet normal 0 0 1
    outer loop
      vertex -12.3904 -39.2121 -5.29999
      vertex -12.0096 -39.2121 -5.29999
      vertex -12.3056 -39.0917 -5.29999
    endloop
  endfacet
  facet normal 0 0 1
    outer loop
      vertex -12.0096 -39.2121 -5.29999
      vertex -12.3904 -39.2121 -5.29999
      vertex -11.919 -39.3282 -5.29999
    endloop
  endfacet
  facet normal 0 0 1
    outer loop
      vertex -12.481 -39.3282 -5.29999
      vertex -11.919 -39.3282 -5.29999
      vertex -12.3904 -39.2121 -5.29999
    endloop
  endfacet
  facet normal 0 0 1
    outer loop
      vertex -11.919 -39.3282 -5.29999
      vertex -12.481 -39.3282 -5.29999
      vertex -11.8229 -39.4397 -5.29999
    endloop
  endfacet
  facet normal 0 0 1
    outer loop
      vertex -12.5771 -39.4397 -5.29999
      vertex -11.8229 -39.4397 -5.29999
      vertex -12.481 -39.3282 -5.29999
    endloop
  endfacet
  facet normal 0 0 1
    outer loop
      vertex -11.8229 -39.4397 -5.29999
      vertex -12.5771 -39.4397 -5.29999
      vertex -11.7213 -39.5463 -5.29999
    endloop
  endfacet
  facet normal 0 0 1
    outer loop
      vertex -12.6787 -39.5463 -5.29999
      vertex -11.7213 -39.5463 -5.29999
      vertex -12.5771 -39.4397 -5.29999
    endloop
  endfacet
  facet normal 0 0 1
    outer loop
      vertex -11.7213 -39.5463 -5.29999
      vertex -12.6787 -39.5463 -5.29999
      vertex -11.6147 -39.6479 -5.29999
    endloop
  endfacet
  facet normal 0 0 1
    outer loop
      vertex -12.7853 -39.6479 -5.29999
      vertex -11.6147 -39.6479 -5.29999
      vertex -12.6787 -39.5463 -5.29999
    endloop
  endfacet
  facet normal 0 0 1
    outer loop
      vertex -11.6147 -39.6479 -5.29999
      vertex -12.7853 -39.6479 -5.29999
      vertex -11.5032 -39.744 -5.29999
    endloop
  endfacet
  facet normal 0 0 1
    outer loop
      vertex -12.8968 -39.744 -5.29999
      vertex -11.5032 -39.744 -5.29999
      vertex -12.7853 -39.6479 -5.29999
    endloop
  endfacet
  facet normal 0 0 1
    outer loop
      vertex -11.5032 -39.744 -5.29999
      vertex -12.8968 -39.744 -5.29999
      vertex -11.3871 -39.8346 -5.29999
    endloop
  endfacet
  facet normal 0 0 1
    outer loop
      vertex -13.0129 -39.8346 -5.29999
      vertex -11.3871 -39.8346 -5.29999
      vertex -12.8968 -39.744 -5.29999
    endloop
  endfacet
  facet normal 0 0 1
    outer loop
      vertex -11.3871 -39.8346 -5.29999
      vertex -13.0129 -39.8346 -5.29999
      vertex -11.2667 -39.9194 -5.29999
    endloop
  endfacet
  facet normal 0 0 1
    outer loop
      vertex -13.1333 -39.9194 -5.29999
      vertex -11.2667 -39.9194 -5.29999
      vertex -13.0129 -39.8346 -5.29999
    endloop
  endfacet
  facet normal 0 0 1
    outer loop
      vertex -11.2667 -39.9194 -5.29999
      vertex -13.1333 -39.9194 -5.29999
      vertex -11.1423 -39.9982 -5.29999
    endloop
  endfacet
  facet normal 0 0 1
    outer loop
      vertex -13.2577 -39.9982 -5.29999
      vertex -11.1423 -39.9982 -5.29999
      vertex -13.1333 -39.9194 -5.29999
    endloop
  endfacet
  facet normal 0 0 1
    outer loop
      vertex -11.1423 -39.9982 -5.29999
      vertex -13.2577 -39.9982 -5.29999
      vertex -11.0142 -40.0708 -5.29999
    endloop
  endfacet
  facet normal 0 0 1
    outer loop
      vertex -13.3858 -40.0708 -5.29999
      vertex -11.0142 -40.0708 -5.29999
      vertex -13.2577 -39.9982 -5.29999
    endloop
  endfacet
  facet normal 0 0 1
    outer loop
      vertex -11.0142 -40.0708 -5.29999
      vertex -13.3858 -40.0708 -5.29999
      vertex -10.8827 -40.137 -5.29999
    endloop
  endfacet
  facet normal 0 0 1
    outer loop
      vertex -13.5173 -40.137 -5.29999
      vertex -10.8827 -40.137 -5.29999
      vertex -13.3858 -40.0708 -5.29999
    endloop
  endfacet
  facet normal 0 0 1
    outer loop
      vertex -10.8827 -40.137 -5.29999
      vertex -13.5173 -40.137 -5.29999
      vertex -10.7481 -40.1966 -5.29999
    endloop
  endfacet
  facet normal 0 0 1
    outer loop
      vertex -13.652 -40.1966 -5.29999
      vertex -10.7481 -40.1966 -5.29999
      vertex -13.5173 -40.137 -5.29999
    endloop
  endfacet
  facet normal 0 0 1
    outer loop
      vertex -10.7481 -40.1966 -5.29999
      vertex -13.652 -40.1966 -5.29999
      vertex -10.6107 -40.2496 -5.29999
    endloop
  endfacet
  facet normal 0 0 1
    outer loop
      vertex -13.7893 -40.2496 -5.29999
      vertex -10.6107 -40.2496 -5.29999
      vertex -13.652 -40.1966 -5.29999
    endloop
  endfacet
  facet normal 0 0 1
    outer loop
      vertex -10.6107 -40.2496 -5.29999
      vertex -13.7893 -40.2496 -5.29999
      vertex -10.4709 -40.2958 -5.29999
    endloop
  endfacet
  facet normal 0 0 1
    outer loop
      vertex -13.9291 -40.2958 -5.29999
      vertex -10.4709 -40.2958 -5.29999
      vertex -13.7893 -40.2496 -5.29999
    endloop
  endfacet
  facet normal 0 0 1
    outer loop
      vertex -10.4709 -40.2958 -5.29999
      vertex -13.9291 -40.2958 -5.29999
      vertex -10.3289 -40.3351 -5.29999
    endloop
  endfacet
  facet normal 0 0 1
    outer loop
      vertex -14.0711 -40.3351 -5.29999
      vertex -10.3289 -40.3351 -5.29999
      vertex -13.9291 -40.2958 -5.29999
    endloop
  endfacet
  facet normal 0 0 1
    outer loop
      vertex -10.3289 -40.3351 -5.29999
      vertex -14.0711 -40.3351 -5.29999
      vertex -10.1853 -40.3674 -5.29999
    endloop
  endfacet
  facet normal 0 0 1
    outer loop
      vertex -14.2147 -40.3674 -5.29999
      vertex -10.1853 -40.3674 -5.29999
      vertex -14.0711 -40.3351 -5.29999
    endloop
  endfacet
  facet normal 0 0 1
    outer loop
      vertex -10.1853 -40.3674 -5.29999
      vertex -14.2147 -40.3674 -5.29999
      vertex -10.0402 -40.3925 -5.29999
    endloop
  endfacet
  facet normal 0 0 1
    outer loop
      vertex -14.3598 -40.3925 -5.29999
      vertex -10.0402 -40.3925 -5.29999
      vertex -14.2147 -40.3674 -5.29999
    endloop
  endfacet
  facet normal 0 0 1
    outer loop
      vertex -10.0402 -40.3925 -5.29999
      vertex -14.3598 -40.3925 -5.29999
      vertex -9.89405 -40.4106 -5.29999
    endloop
  endfacet
  facet normal 0 0 1
    outer loop
      vertex -14.5059 -40.4106 -5.29999
      vertex -9.89405 -40.4106 -5.29999
      vertex -14.3598 -40.3925 -5.29999
    endloop
  endfacet
  facet normal 0 0 1
    outer loop
      vertex -9.89405 -40.4106 -5.29999
      vertex -14.5059 -40.4106 -5.29999
      vertex -9.7472 -40.4214 -5.29999
    endloop
  endfacet
  facet normal 0 0 1
    outer loop
      vertex -14.6528 -40.4214 -5.29999
      vertex -9.7472 -40.4214 -5.29999
      vertex -14.5059 -40.4106 -5.29999
    endloop
  endfacet
  facet normal 0 0 1
    outer loop
      vertex -14.8 -40.425 -5.29999
      vertex -9.7472 -40.4214 -5.29999
      vertex -14.6528 -40.4214 -5.29999
    endloop
  endfacet
  facet normal 0 0 1
    outer loop
      vertex -9.6 -40.425 -5.29999
      vertex -14.8 -40.425 -5.29999
      vertex -52.705 -44.925 -5.29999
    endloop
  endfacet
  facet normal 0 0 1
    outer loop
      vertex -52.705 -44.925 -5.29999
      vertex -14.8 -40.425 -5.29999
      vertex -14.9472 -40.4214 -5.29999
    endloop
  endfacet
  facet normal 0 0 1
    outer loop
      vertex -17.4268 -38.9673 -5.29999
      vertex -17.3732 -38.9673 -5.29999
      vertex -17.4 -38.92 -5.29999
    endloop
  endfacet
  facet normal -0 0 1
    outer loop
      vertex -17.4268 -38.9673 -5.29999
      vertex -17.2944 -39.0917 -5.29999
      vertex -17.3732 -38.9673 -5.29999
    endloop
  endfacet
  facet normal 0 0 1
    outer loop
      vertex -17.5056 -39.0917 -5.29999
      vertex -17.2944 -39.0917 -5.29999
      vertex -17.4268 -38.9673 -5.29999
    endloop
  endfacet
  facet normal 0 0 1
    outer loop
      vertex -17.2944 -39.0917 -5.29999
      vertex -17.5056 -39.0917 -5.29999
      vertex -17.2096 -39.2121 -5.29999
    endloop
  endfacet
  facet normal 0 0 1
    outer loop
      vertex -17.5904 -39.2121 -5.29999
      vertex -17.2096 -39.2121 -5.29999
      vertex -17.5056 -39.0917 -5.29999
    endloop
  endfacet
  facet normal 0 0 1
    outer loop
      vertex -17.2096 -39.2121 -5.29999
      vertex -17.5904 -39.2121 -5.29999
      vertex -17.119 -39.3282 -5.29999
    endloop
  endfacet
  facet normal 0 0 1
    outer loop
      vertex -17.681 -39.3282 -5.29999
      vertex -17.119 -39.3282 -5.29999
      vertex -17.5904 -39.2121 -5.29999
    endloop
  endfacet
  facet normal 0 0 1
    outer loop
      vertex -17.119 -39.3282 -5.29999
      vertex -17.681 -39.3282 -5.29999
      vertex -17.0229 -39.4397 -5.29999
    endloop
  endfacet
  facet normal 0 0 1
    outer loop
      vertex -17.7771 -39.4397 -5.29999
      vertex -17.0229 -39.4397 -5.29999
      vertex -17.681 -39.3282 -5.29999
    endloop
  endfacet
  facet normal 0 0 1
    outer loop
      vertex -17.0229 -39.4397 -5.29999
      vertex -17.7771 -39.4397 -5.29999
      vertex -16.9213 -39.5463 -5.29999
    endloop
  endfacet
  facet normal 0 0 1
    outer loop
      vertex -17.8787 -39.5463 -5.29999
      vertex -16.9213 -39.5463 -5.29999
      vertex -17.7771 -39.4397 -5.29999
    endloop
  endfacet
  facet normal 0 0 1
    outer loop
      vertex -16.9213 -39.5463 -5.29999
      vertex -17.8787 -39.5463 -5.29999
      vertex -16.8147 -39.6479 -5.29999
    endloop
  endfacet
  facet normal 0 0 1
    outer loop
      vertex -17.9853 -39.6479 -5.29999
      vertex -16.8147 -39.6479 -5.29999
      vertex -17.8787 -39.5463 -5.29999
    endloop
  endfacet
  facet normal 0 0 1
    outer loop
      vertex -16.8147 -39.6479 -5.29999
      vertex -17.9853 -39.6479 -5.29999
      vertex -16.7032 -39.744 -5.29999
    endloop
  endfacet
  facet normal 0 0 1
    outer loop
      vertex -18.0968 -39.744 -5.29999
      vertex -16.7032 -39.744 -5.29999
      vertex -17.9853 -39.6479 -5.29999
    endloop
  endfacet
  facet normal 0 0 1
    outer loop
      vertex -16.7032 -39.744 -5.29999
      vertex -18.0968 -39.744 -5.29999
      vertex -16.5871 -39.8346 -5.29999
    endloop
  endfacet
  facet normal 0 0 1
    outer loop
      vertex -18.2129 -39.8346 -5.29999
      vertex -16.5871 -39.8346 -5.29999
      vertex -18.0968 -39.744 -5.29999
    endloop
  endfacet
  facet normal 0 0 1
    outer loop
      vertex -16.5871 -39.8346 -5.29999
      vertex -18.2129 -39.8346 -5.29999
      vertex -16.4667 -39.9194 -5.29999
    endloop
  endfacet
  facet normal 0 0 1
    outer loop
      vertex -18.3333 -39.9194 -5.29999
      vertex -16.4667 -39.9194 -5.29999
      vertex -18.2129 -39.8346 -5.29999
    endloop
  endfacet
  facet normal 0 0 1
    outer loop
      vertex -16.4667 -39.9194 -5.29999
      vertex -18.3333 -39.9194 -5.29999
      vertex -16.3423 -39.9982 -5.29999
    endloop
  endfacet
  facet normal 0 0 1
    outer loop
      vertex -18.4577 -39.9982 -5.29999
      vertex -16.3423 -39.9982 -5.29999
      vertex -18.3333 -39.9194 -5.29999
    endloop
  endfacet
  facet normal 0 0 1
    outer loop
      vertex -16.3423 -39.9982 -5.29999
      vertex -18.4577 -39.9982 -5.29999
      vertex -16.2142 -40.0708 -5.29999
    endloop
  endfacet
  facet normal 0 0 1
    outer loop
      vertex -18.5858 -40.0708 -5.29999
      vertex -16.2142 -40.0708 -5.29999
      vertex -18.4577 -39.9982 -5.29999
    endloop
  endfacet
  facet normal 0 0 1
    outer loop
      vertex -16.2142 -40.0708 -5.29999
      vertex -18.5858 -40.0708 -5.29999
      vertex -16.0827 -40.137 -5.29999
    endloop
  endfacet
  facet normal 0 0 1
    outer loop
      vertex -18.7173 -40.137 -5.29999
      vertex -16.0827 -40.137 -5.29999
      vertex -18.5858 -40.0708 -5.29999
    endloop
  endfacet
  facet normal 0 0 1
    outer loop
      vertex -16.0827 -40.137 -5.29999
      vertex -18.7173 -40.137 -5.29999
      vertex -15.948 -40.1966 -5.29999
    endloop
  endfacet
  facet normal 0 0 1
    outer loop
      vertex -18.8519 -40.1966 -5.29999
      vertex -15.948 -40.1966 -5.29999
      vertex -18.7173 -40.137 -5.29999
    endloop
  endfacet
  facet normal 0 0 1
    outer loop
      vertex -15.948 -40.1966 -5.29999
      vertex -18.8519 -40.1966 -5.29999
      vertex -15.8107 -40.2496 -5.29999
    endloop
  endfacet
  facet normal 0 0 1
    outer loop
      vertex -18.9893 -40.2496 -5.29999
      vertex -15.8107 -40.2496 -5.29999
      vertex -18.8519 -40.1966 -5.29999
    endloop
  endfacet
  facet normal 0 0 1
    outer loop
      vertex -15.8107 -40.2496 -5.29999
      vertex -18.9893 -40.2496 -5.29999
      vertex -15.6709 -40.2958 -5.29999
    endloop
  endfacet
  facet normal 0 0 1
    outer loop
      vertex -19.1291 -40.2958 -5.29999
      vertex -15.6709 -40.2958 -5.29999
      vertex -18.9893 -40.2496 -5.29999
    endloop
  endfacet
  facet normal 0 0 1
    outer loop
      vertex -15.6709 -40.2958 -5.29999
      vertex -19.1291 -40.2958 -5.29999
      vertex -15.5289 -40.3351 -5.29999
    endloop
  endfacet
  facet normal 0 0 1
    outer loop
      vertex -19.2711 -40.3351 -5.29999
      vertex -15.5289 -40.3351 -5.29999
      vertex -19.1291 -40.2958 -5.29999
    endloop
  endfacet
  facet normal 0 0 1
    outer loop
      vertex -15.5289 -40.3351 -5.29999
      vertex -19.2711 -40.3351 -5.29999
      vertex -15.3853 -40.3674 -5.29999
    endloop
  endfacet
  facet normal 0 0 1
    outer loop
      vertex -19.4147 -40.3674 -5.29999
      vertex -15.3853 -40.3674 -5.29999
      vertex -19.2711 -40.3351 -5.29999
    endloop
  endfacet
  facet normal 0 0 1
    outer loop
      vertex -15.3853 -40.3674 -5.29999
      vertex -19.4147 -40.3674 -5.29999
      vertex -15.2402 -40.3925 -5.29999
    endloop
  endfacet
  facet normal 0 0 1
    outer loop
      vertex -19.5598 -40.3925 -5.29999
      vertex -15.2402 -40.3925 -5.29999
      vertex -19.4147 -40.3674 -5.29999
    endloop
  endfacet
  facet normal 0 0 1
    outer loop
      vertex -15.2402 -40.3925 -5.29999
      vertex -19.5598 -40.3925 -5.29999
      vertex -15.0941 -40.4106 -5.29999
    endloop
  endfacet
  facet normal 0 0 1
    outer loop
      vertex -19.7059 -40.4106 -5.29999
      vertex -15.0941 -40.4106 -5.29999
      vertex -19.5598 -40.3925 -5.29999
    endloop
  endfacet
  facet normal 0 0 1
    outer loop
      vertex -15.0941 -40.4106 -5.29999
      vertex -19.7059 -40.4106 -5.29999
      vertex -14.9472 -40.4214 -5.29999
    endloop
  endfacet
  facet normal 0 0 1
    outer loop
      vertex -19.8528 -40.4214 -5.29999
      vertex -14.9472 -40.4214 -5.29999
      vertex -19.7059 -40.4106 -5.29999
    endloop
  endfacet
  facet normal 0 0 1
    outer loop
      vertex -52.705 -44.925 -5.29999
      vertex -14.9472 -40.4214 -5.29999
      vertex -19.8528 -40.4214 -5.29999
    endloop
  endfacet
  facet normal 0 0 1
    outer loop
      vertex -52.705 -44.925 -5.29999
      vertex -19.8528 -40.4214 -5.29999
      vertex -20 -40.425 -5.29999
    endloop
  endfacet
  facet normal 0 0 1
    outer loop
      vertex -52.705 -44.925 -5.29999
      vertex -20 -40.425 -5.29999
      vertex -20.1472 -40.4214 -5.29999
    endloop
  endfacet
  facet normal -0 0 1
    outer loop
      vertex -24.8 -37.425 -5.29999
      vertex -22.9964 -37.5722 -5.29999
      vertex -23 -37.425 -5.29999
    endloop
  endfacet
  facet normal 0 0 1
    outer loop
      vertex -24.8036 -37.5722 -5.29999
      vertex -22.9964 -37.5722 -5.29999
      vertex -24.8 -37.425 -5.29999
    endloop
  endfacet
  facet normal 0 0 1
    outer loop
      vertex -22.9964 -37.5722 -5.29999
      vertex -24.8036 -37.5722 -5.29999
      vertex -22.9856 -37.7191 -5.29999
    endloop
  endfacet
  facet normal 0 0 1
    outer loop
      vertex -24.8144 -37.7191 -5.29999
      vertex -22.9856 -37.7191 -5.29999
      vertex -24.8036 -37.5722 -5.29999
    endloop
  endfacet
  facet normal 0 0 1
    outer loop
      vertex -22.9856 -37.7191 -5.29999
      vertex -24.8144 -37.7191 -5.29999
      vertex -22.9675 -37.8652 -5.29999
    endloop
  endfacet
  facet normal 0 0 1
    outer loop
      vertex -24.8325 -37.8652 -5.29999
      vertex -22.9675 -37.8652 -5.29999
      vertex -24.8144 -37.7191 -5.29999
    endloop
  endfacet
  facet normal 0 0 1
    outer loop
      vertex -22.9675 -37.8652 -5.29999
      vertex -24.8325 -37.8652 -5.29999
      vertex -22.9424 -38.0103 -5.29999
    endloop
  endfacet
  facet normal 0 0 1
    outer loop
      vertex -24.8576 -38.0103 -5.29999
      vertex -22.9424 -38.0103 -5.29999
      vertex -24.8325 -37.8652 -5.29999
    endloop
  endfacet
  facet normal 0 0 1
    outer loop
      vertex -22.9424 -38.0103 -5.29999
      vertex -24.8576 -38.0103 -5.29999
      vertex -22.9101 -38.1539 -5.29999
    endloop
  endfacet
  facet normal 0 0 1
    outer loop
      vertex -24.8899 -38.1539 -5.29999
      vertex -22.9101 -38.1539 -5.29999
      vertex -24.8576 -38.0103 -5.29999
    endloop
  endfacet
  facet normal 0 0 1
    outer loop
      vertex -22.9101 -38.1539 -5.29999
      vertex -24.8899 -38.1539 -5.29999
      vertex -22.8708 -38.2959 -5.29999
    endloop
  endfacet
  facet normal 0 0 1
    outer loop
      vertex -24.9292 -38.2959 -5.29999
      vertex -22.8708 -38.2959 -5.29999
      vertex -24.8899 -38.1539 -5.29999
    endloop
  endfacet
  facet normal 0 0 1
    outer loop
      vertex -22.8708 -38.2959 -5.29999
      vertex -24.9292 -38.2959 -5.29999
      vertex -22.8246 -38.4357 -5.29999
    endloop
  endfacet
  facet normal 0 0 1
    outer loop
      vertex -24.9754 -38.4357 -5.29999
      vertex -22.8246 -38.4357 -5.29999
      vertex -24.9292 -38.2959 -5.29999
    endloop
  endfacet
  facet normal 0 0 1
    outer loop
      vertex -22.8246 -38.4357 -5.29999
      vertex -24.9754 -38.4357 -5.29999
      vertex -22.7716 -38.573 -5.29999
    endloop
  endfacet
  facet normal 0 0 1
    outer loop
      vertex -25.0284 -38.573 -5.29999
      vertex -22.7716 -38.573 -5.29999
      vertex -24.9754 -38.4357 -5.29999
    endloop
  endfacet
  facet normal 0 0 1
    outer loop
      vertex -22.7716 -38.573 -5.29999
      vertex -25.0284 -38.573 -5.29999
      vertex -22.712 -38.7077 -5.29999
    endloop
  endfacet
  facet normal 0 0 1
    outer loop
      vertex -25.088 -38.7077 -5.29999
      vertex -22.712 -38.7077 -5.29999
      vertex -25.0284 -38.573 -5.29999
    endloop
  endfacet
  facet normal 0 0 1
    outer loop
      vertex -22.712 -38.7077 -5.29999
      vertex -25.088 -38.7077 -5.29999
      vertex -22.6458 -38.8392 -5.29999
    endloop
  endfacet
  facet normal 0 0 1
    outer loop
      vertex -25.1542 -38.8392 -5.29999
      vertex -22.6458 -38.8392 -5.29999
      vertex -25.088 -38.7077 -5.29999
    endloop
  endfacet
  facet normal 0 0 1
    outer loop
      vertex -22.6458 -38.8392 -5.29999
      vertex -25.1542 -38.8392 -5.29999
      vertex -22.5732 -38.9673 -5.29999
    endloop
  endfacet
  facet normal 0 0 1
    outer loop
      vertex -25.2268 -38.9673 -5.29999
      vertex -22.5732 -38.9673 -5.29999
      vertex -25.1542 -38.8392 -5.29999
    endloop
  endfacet
  facet normal 0 0 1
    outer loop
      vertex -22.5732 -38.9673 -5.29999
      vertex -25.2268 -38.9673 -5.29999
      vertex -22.4944 -39.0917 -5.29999
    endloop
  endfacet
  facet normal 0 0 1
    outer loop
      vertex -25.3056 -39.0917 -5.29999
      vertex -22.4944 -39.0917 -5.29999
      vertex -25.2268 -38.9673 -5.29999
    endloop
  endfacet
  facet normal 0 0 1
    outer loop
      vertex -22.4944 -39.0917 -5.29999
      vertex -25.3056 -39.0917 -5.29999
      vertex -22.4096 -39.2121 -5.29999
    endloop
  endfacet
  facet normal 0 0 1
    outer loop
      vertex -25.3904 -39.2121 -5.29999
      vertex -22.4096 -39.2121 -5.29999
      vertex -25.3056 -39.0917 -5.29999
    endloop
  endfacet
  facet normal 0 0 1
    outer loop
      vertex -22.4096 -39.2121 -5.29999
      vertex -25.3904 -39.2121 -5.29999
      vertex -22.319 -39.3282 -5.29999
    endloop
  endfacet
  facet normal 0 0 1
    outer loop
      vertex -25.481 -39.3282 -5.29999
      vertex -22.319 -39.3282 -5.29999
      vertex -25.3904 -39.2121 -5.29999
    endloop
  endfacet
  facet normal 0 0 1
    outer loop
      vertex -22.319 -39.3282 -5.29999
      vertex -25.481 -39.3282 -5.29999
      vertex -22.2229 -39.4397 -5.29999
    endloop
  endfacet
  facet normal 0 0 1
    outer loop
      vertex -25.5771 -39.4397 -5.29999
      vertex -22.2229 -39.4397 -5.29999
      vertex -25.481 -39.3282 -5.29999
    endloop
  endfacet
  facet normal 0 0 1
    outer loop
      vertex -22.2229 -39.4397 -5.29999
      vertex -25.5771 -39.4397 -5.29999
      vertex -22.1213 -39.5463 -5.29999
    endloop
  endfacet
  facet normal 0 0 1
    outer loop
      vertex -25.6787 -39.5463 -5.29999
      vertex -22.1213 -39.5463 -5.29999
      vertex -25.5771 -39.4397 -5.29999
    endloop
  endfacet
  facet normal 0 0 1
    outer loop
      vertex -22.1213 -39.5463 -5.29999
      vertex -25.6787 -39.5463 -5.29999
      vertex -22.0147 -39.6479 -5.29999
    endloop
  endfacet
  facet normal 0 0 1
    outer loop
      vertex -25.7853 -39.6479 -5.29999
      vertex -22.0147 -39.6479 -5.29999
      vertex -25.6787 -39.5463 -5.29999
    endloop
  endfacet
  facet normal 0 0 1
    outer loop
      vertex -22.0147 -39.6479 -5.29999
      vertex -25.7853 -39.6479 -5.29999
      vertex -21.9032 -39.744 -5.29999
    endloop
  endfacet
  facet normal 0 0 1
    outer loop
      vertex -25.8968 -39.744 -5.29999
      vertex -21.9032 -39.744 -5.29999
      vertex -25.7853 -39.6479 -5.29999
    endloop
  endfacet
  facet normal 0 0 1
    outer loop
      vertex -21.9032 -39.744 -5.29999
      vertex -25.8968 -39.744 -5.29999
      vertex -21.7871 -39.8346 -5.29999
    endloop
  endfacet
  facet normal 0 0 1
    outer loop
      vertex -26.0129 -39.8346 -5.29999
      vertex -21.7871 -39.8346 -5.29999
      vertex -25.8968 -39.744 -5.29999
    endloop
  endfacet
  facet normal 0 0 1
    outer loop
      vertex -21.7871 -39.8346 -5.29999
      vertex -26.0129 -39.8346 -5.29999
      vertex -21.6667 -39.9194 -5.29999
    endloop
  endfacet
  facet normal 0 0 1
    outer loop
      vertex -26.1333 -39.9194 -5.29999
      vertex -21.6667 -39.9194 -5.29999
      vertex -26.0129 -39.8346 -5.29999
    endloop
  endfacet
  facet normal 0 0 1
    outer loop
      vertex -21.6667 -39.9194 -5.29999
      vertex -26.1333 -39.9194 -5.29999
      vertex -21.5423 -39.9982 -5.29999
    endloop
  endfacet
  facet normal 0 0 1
    outer loop
      vertex -26.2577 -39.9982 -5.29999
      vertex -21.5423 -39.9982 -5.29999
      vertex -26.1333 -39.9194 -5.29999
    endloop
  endfacet
  facet normal 0 0 1
    outer loop
      vertex -21.5423 -39.9982 -5.29999
      vertex -26.2577 -39.9982 -5.29999
      vertex -21.4142 -40.0708 -5.29999
    endloop
  endfacet
  facet normal 0 0 1
    outer loop
      vertex -26.3858 -40.0708 -5.29999
      vertex -21.4142 -40.0708 -5.29999
      vertex -26.2577 -39.9982 -5.29999
    endloop
  endfacet
  facet normal 0 0 1
    outer loop
      vertex -21.4142 -40.0708 -5.29999
      vertex -26.3858 -40.0708 -5.29999
      vertex -21.2827 -40.137 -5.29999
    endloop
  endfacet
  facet normal 0 0 1
    outer loop
      vertex -26.5173 -40.137 -5.29999
      vertex -21.2827 -40.137 -5.29999
      vertex -26.3858 -40.0708 -5.29999
    endloop
  endfacet
  facet normal 0 0 1
    outer loop
      vertex -21.2827 -40.137 -5.29999
      vertex -26.5173 -40.137 -5.29999
      vertex -21.1481 -40.1966 -5.29999
    endloop
  endfacet
  facet normal 0 0 1
    outer loop
      vertex -26.652 -40.1966 -5.29999
      vertex -21.1481 -40.1966 -5.29999
      vertex -26.5173 -40.137 -5.29999
    endloop
  endfacet
  facet normal 0 0 1
    outer loop
      vertex -21.1481 -40.1966 -5.29999
      vertex -26.652 -40.1966 -5.29999
      vertex -21.0107 -40.2496 -5.29999
    endloop
  endfacet
  facet normal 0 0 1
    outer loop
      vertex -26.7893 -40.2496 -5.29999
      vertex -21.0107 -40.2496 -5.29999
      vertex -26.652 -40.1966 -5.29999
    endloop
  endfacet
  facet normal 0 0 1
    outer loop
      vertex -21.0107 -40.2496 -5.29999
      vertex -26.7893 -40.2496 -5.29999
      vertex -20.8709 -40.2958 -5.29999
    endloop
  endfacet
  facet normal 0 0 1
    outer loop
      vertex -26.9291 -40.2958 -5.29999
      vertex -20.8709 -40.2958 -5.29999
      vertex -26.7893 -40.2496 -5.29999
    endloop
  endfacet
  facet normal 0 0 1
    outer loop
      vertex -20.8709 -40.2958 -5.29999
      vertex -26.9291 -40.2958 -5.29999
      vertex -20.7289 -40.3351 -5.29999
    endloop
  endfacet
  facet normal 0 0 1
    outer loop
      vertex -27.0711 -40.3351 -5.29999
      vertex -20.7289 -40.3351 -5.29999
      vertex -26.9291 -40.2958 -5.29999
    endloop
  endfacet
  facet normal 0 0 1
    outer loop
      vertex -20.7289 -40.3351 -5.29999
      vertex -27.0711 -40.3351 -5.29999
      vertex -20.5853 -40.3674 -5.29999
    endloop
  endfacet
  facet normal 0 0 1
    outer loop
      vertex -27.2147 -40.3674 -5.29999
      vertex -20.5853 -40.3674 -5.29999
      vertex -27.0711 -40.3351 -5.29999
    endloop
  endfacet
  facet normal 0 0 1
    outer loop
      vertex -20.5853 -40.3674 -5.29999
      vertex -27.2147 -40.3674 -5.29999
      vertex -20.4402 -40.3925 -5.29999
    endloop
  endfacet
  facet normal 0 0 1
    outer loop
      vertex -27.3598 -40.3925 -5.29999
      vertex -20.4402 -40.3925 -5.29999
      vertex -27.2147 -40.3674 -5.29999
    endloop
  endfacet
  facet normal 0 0 1
    outer loop
      vertex -20.4402 -40.3925 -5.29999
      vertex -27.3598 -40.3925 -5.29999
      vertex -20.2941 -40.4106 -5.29999
    endloop
  endfacet
  facet normal 0 0 1
    outer loop
      vertex -27.5059 -40.4106 -5.29999
      vertex -20.2941 -40.4106 -5.29999
      vertex -27.3598 -40.3925 -5.29999
    endloop
  endfacet
  facet normal 0 0 1
    outer loop
      vertex -20.2941 -40.4106 -5.29999
      vertex -27.5059 -40.4106 -5.29999
      vertex -20.1472 -40.4214 -5.29999
    endloop
  endfacet
  facet normal 0 0 1
    outer loop
      vertex -27.6528 -40.4214 -5.29999
      vertex -20.1472 -40.4214 -5.29999
      vertex -27.5059 -40.4106 -5.29999
    endloop
  endfacet
  facet normal 0 0 1
    outer loop
      vertex -20.1472 -40.4214 -5.29999
      vertex -27.6528 -40.4214 -5.29999
      vertex -52.705 -44.925 -5.29999
    endloop
  endfacet
  facet normal 0 0 1
    outer loop
      vertex -52.705 -44.925 -5.29999
      vertex -27.6528 -40.4214 -5.29999
      vertex -27.8 -40.425 -5.29999
    endloop
  endfacet
  facet normal 0 0 1
    outer loop
      vertex -52.705 -44.925 -5.29999
      vertex -27.8 -40.425 -5.29999
      vertex -27.9472 -40.4214 -5.29999
    endloop
  endfacet
  facet normal 0 0 1
    outer loop
      vertex -30.4268 -38.9673 -5.29999
      vertex -30.3732 -38.9673 -5.29999
      vertex -30.4 -38.92 -5.29999
    endloop
  endfacet
  facet normal -0 0 1
    outer loop
      vertex -30.4268 -38.9673 -5.29999
      vertex -30.2944 -39.0917 -5.29999
      vertex -30.3732 -38.9673 -5.29999
    endloop
  endfacet
  facet normal 0 0 1
    outer loop
      vertex -30.5056 -39.0917 -5.29999
      vertex -30.2944 -39.0917 -5.29999
      vertex -30.4268 -38.9673 -5.29999
    endloop
  endfacet
  facet normal 0 0 1
    outer loop
      vertex -30.2944 -39.0917 -5.29999
      vertex -30.5056 -39.0917 -5.29999
      vertex -30.2096 -39.2121 -5.29999
    endloop
  endfacet
  facet normal 0 0 1
    outer loop
      vertex -30.5904 -39.2121 -5.29999
      vertex -30.2096 -39.2121 -5.29999
      vertex -30.5056 -39.0917 -5.29999
    endloop
  endfacet
  facet normal 0 0 1
    outer loop
      vertex -30.2096 -39.2121 -5.29999
      vertex -30.5904 -39.2121 -5.29999
      vertex -30.119 -39.3282 -5.29999
    endloop
  endfacet
  facet normal 0 0 1
    outer loop
      vertex -30.681 -39.3282 -5.29999
      vertex -30.119 -39.3282 -5.29999
      vertex -30.5904 -39.2121 -5.29999
    endloop
  endfacet
  facet normal 0 0 1
    outer loop
      vertex -30.119 -39.3282 -5.29999
      vertex -30.681 -39.3282 -5.29999
      vertex -30.0229 -39.4397 -5.29999
    endloop
  endfacet
  facet normal 0 0 1
    outer loop
      vertex -30.7771 -39.4397 -5.29999
      vertex -30.0229 -39.4397 -5.29999
      vertex -30.681 -39.3282 -5.29999
    endloop
  endfacet
  facet normal 0 0 1
    outer loop
      vertex -30.0229 -39.4397 -5.29999
      vertex -30.7771 -39.4397 -5.29999
      vertex -29.9213 -39.5463 -5.29999
    endloop
  endfacet
  facet normal 0 0 1
    outer loop
      vertex -30.8787 -39.5463 -5.29999
      vertex -29.9213 -39.5463 -5.29999
      vertex -30.7771 -39.4397 -5.29999
    endloop
  endfacet
  facet normal 0 0 1
    outer loop
      vertex -29.9213 -39.5463 -5.29999
      vertex -30.8787 -39.5463 -5.29999
      vertex -29.8147 -39.6479 -5.29999
    endloop
  endfacet
  facet normal 0 0 1
    outer loop
      vertex -30.9853 -39.6479 -5.29999
      vertex -29.8147 -39.6479 -5.29999
      vertex -30.8787 -39.5463 -5.29999
    endloop
  endfacet
  facet normal 0 0 1
    outer loop
      vertex -29.8147 -39.6479 -5.29999
      vertex -30.9853 -39.6479 -5.29999
      vertex -29.7032 -39.744 -5.29999
    endloop
  endfacet
  facet normal 0 0 1
    outer loop
      vertex -31.0968 -39.744 -5.29999
      vertex -29.7032 -39.744 -5.29999
      vertex -30.9853 -39.6479 -5.29999
    endloop
  endfacet
  facet normal 0 0 1
    outer loop
      vertex -29.7032 -39.744 -5.29999
      vertex -31.0968 -39.744 -5.29999
      vertex -29.5871 -39.8346 -5.29999
    endloop
  endfacet
  facet normal 0 0 1
    outer loop
      vertex -31.2129 -39.8346 -5.29999
      vertex -29.5871 -39.8346 -5.29999
      vertex -31.0968 -39.744 -5.29999
    endloop
  endfacet
  facet normal 0 0 1
    outer loop
      vertex -29.5871 -39.8346 -5.29999
      vertex -31.2129 -39.8346 -5.29999
      vertex -29.4667 -39.9194 -5.29999
    endloop
  endfacet
  facet normal 0 0 1
    outer loop
      vertex -31.3333 -39.9194 -5.29999
      vertex -29.4667 -39.9194 -5.29999
      vertex -31.2129 -39.8346 -5.29999
    endloop
  endfacet
  facet normal 0 0 1
    outer loop
      vertex -29.4667 -39.9194 -5.29999
      vertex -31.3333 -39.9194 -5.29999
      vertex -29.3423 -39.9982 -5.29999
    endloop
  endfacet
  facet normal 0 0 1
    outer loop
      vertex -31.4577 -39.9982 -5.29999
      vertex -29.3423 -39.9982 -5.29999
      vertex -31.3333 -39.9194 -5.29999
    endloop
  endfacet
  facet normal 0 0 1
    outer loop
      vertex -29.3423 -39.9982 -5.29999
      vertex -31.4577 -39.9982 -5.29999
      vertex -29.2142 -40.0708 -5.29999
    endloop
  endfacet
  facet normal 0 0 1
    outer loop
      vertex -31.5858 -40.0708 -5.29999
      vertex -29.2142 -40.0708 -5.29999
      vertex -31.4577 -39.9982 -5.29999
    endloop
  endfacet
  facet normal 0 0 1
    outer loop
      vertex -29.2142 -40.0708 -5.29999
      vertex -31.5858 -40.0708 -5.29999
      vertex -29.0827 -40.137 -5.29999
    endloop
  endfacet
  facet normal 0 0 1
    outer loop
      vertex -31.7173 -40.137 -5.29999
      vertex -29.0827 -40.137 -5.29999
      vertex -31.5858 -40.0708 -5.29999
    endloop
  endfacet
  facet normal 0 0 1
    outer loop
      vertex -29.0827 -40.137 -5.29999
      vertex -31.7173 -40.137 -5.29999
      vertex -28.9481 -40.1966 -5.29999
    endloop
  endfacet
  facet normal 0 0 1
    outer loop
      vertex -31.852 -40.1966 -5.29999
      vertex -28.9481 -40.1966 -5.29999
      vertex -31.7173 -40.137 -5.29999
    endloop
  endfacet
  facet normal 0 0 1
    outer loop
      vertex -28.9481 -40.1966 -5.29999
      vertex -31.852 -40.1966 -5.29999
      vertex -28.8107 -40.2496 -5.29999
    endloop
  endfacet
  facet normal 0 0 1
    outer loop
      vertex -31.9893 -40.2496 -5.29999
      vertex -28.8107 -40.2496 -5.29999
      vertex -31.852 -40.1966 -5.29999
    endloop
  endfacet
  facet normal 0 0 1
    outer loop
      vertex -28.8107 -40.2496 -5.29999
      vertex -31.9893 -40.2496 -5.29999
      vertex -28.6709 -40.2958 -5.29999
    endloop
  endfacet
  facet normal 0 0 1
    outer loop
      vertex -32.1291 -40.2958 -5.29999
      vertex -28.6709 -40.2958 -5.29999
      vertex -31.9893 -40.2496 -5.29999
    endloop
  endfacet
  facet normal 0 0 1
    outer loop
      vertex -28.6709 -40.2958 -5.29999
      vertex -32.1291 -40.2958 -5.29999
      vertex -28.5289 -40.3351 -5.29999
    endloop
  endfacet
  facet normal 0 0 1
    outer loop
      vertex -32.2711 -40.3351 -5.29999
      vertex -28.5289 -40.3351 -5.29999
      vertex -32.1291 -40.2958 -5.29999
    endloop
  endfacet
  facet normal 0 0 1
    outer loop
      vertex -28.5289 -40.3351 -5.29999
      vertex -32.2711 -40.3351 -5.29999
      vertex -28.3853 -40.3674 -5.29999
    endloop
  endfacet
  facet normal 0 0 1
    outer loop
      vertex -32.4147 -40.3674 -5.29999
      vertex -28.3853 -40.3674 -5.29999
      vertex -32.2711 -40.3351 -5.29999
    endloop
  endfacet
  facet normal 0 0 1
    outer loop
      vertex -28.3853 -40.3674 -5.29999
      vertex -32.4147 -40.3674 -5.29999
      vertex -28.2402 -40.3925 -5.29999
    endloop
  endfacet
  facet normal 0 0 1
    outer loop
      vertex -32.5598 -40.3925 -5.29999
      vertex -28.2402 -40.3925 -5.29999
      vertex -32.4147 -40.3674 -5.29999
    endloop
  endfacet
  facet normal 0 0 1
    outer loop
      vertex -28.2402 -40.3925 -5.29999
      vertex -32.5598 -40.3925 -5.29999
      vertex -28.0941 -40.4106 -5.29999
    endloop
  endfacet
  facet normal 0 0 1
    outer loop
      vertex -32.7059 -40.4106 -5.29999
      vertex -28.0941 -40.4106 -5.29999
      vertex -32.5598 -40.3925 -5.29999
    endloop
  endfacet
  facet normal 0 0 1
    outer loop
      vertex -28.0941 -40.4106 -5.29999
      vertex -32.7059 -40.4106 -5.29999
      vertex -27.9472 -40.4214 -5.29999
    endloop
  endfacet
  facet normal 0 0 1
    outer loop
      vertex -32.8528 -40.4214 -5.29999
      vertex -27.9472 -40.4214 -5.29999
      vertex -32.7059 -40.4106 -5.29999
    endloop
  endfacet
  facet normal 0 0 1
    outer loop
      vertex -27.9472 -40.4214 -5.29999
      vertex -32.8528 -40.4214 -5.29999
      vertex -52.705 -44.925 -5.29999
    endloop
  endfacet
  facet normal 0 0 1
    outer loop
      vertex -52.705 -44.925 -5.29999
      vertex -32.8528 -40.4214 -5.29999
      vertex -33 -40.425 -5.29999
    endloop
  endfacet
  facet normal 0 0 1
    outer loop
      vertex -52.705 -44.925 -5.29999
      vertex -33 -40.425 -5.29999
      vertex -33.1472 -40.4214 -5.29999
    endloop
  endfacet
  facet normal 0 0 1
    outer loop
      vertex -35.6268 -38.9673 -5.29999
      vertex -35.5732 -38.9673 -5.29999
      vertex -35.6 -38.92 -5.29999
    endloop
  endfacet
  facet normal -0 0 1
    outer loop
      vertex -35.6268 -38.9673 -5.29999
      vertex -35.4944 -39.0917 -5.29999
      vertex -35.5732 -38.9673 -5.29999
    endloop
  endfacet
  facet normal 0 0 1
    outer loop
      vertex -35.7056 -39.0917 -5.29999
      vertex -35.4944 -39.0917 -5.29999
      vertex -35.6268 -38.9673 -5.29999
    endloop
  endfacet
  facet normal 0 0 1
    outer loop
      vertex -35.4944 -39.0917 -5.29999
      vertex -35.7056 -39.0917 -5.29999
      vertex -35.4096 -39.2121 -5.29999
    endloop
  endfacet
  facet normal 0 0 1
    outer loop
      vertex -35.7904 -39.2121 -5.29999
      vertex -35.4096 -39.2121 -5.29999
      vertex -35.7056 -39.0917 -5.29999
    endloop
  endfacet
  facet normal 0 0 1
    outer loop
      vertex -35.4096 -39.2121 -5.29999
      vertex -35.7904 -39.2121 -5.29999
      vertex -35.319 -39.3282 -5.29999
    endloop
  endfacet
  facet normal 0 0 1
    outer loop
      vertex -35.881 -39.3282 -5.29999
      vertex -35.319 -39.3282 -5.29999
      vertex -35.7904 -39.2121 -5.29999
    endloop
  endfacet
  facet normal 0 0 1
    outer loop
      vertex -35.319 -39.3282 -5.29999
      vertex -35.881 -39.3282 -5.29999
      vertex -35.2229 -39.4397 -5.29999
    endloop
  endfacet
  facet normal 0 0 1
    outer loop
      vertex -35.9771 -39.4397 -5.29999
      vertex -35.2229 -39.4397 -5.29999
      vertex -35.881 -39.3282 -5.29999
    endloop
  endfacet
  facet normal 0 0 1
    outer loop
      vertex -35.2229 -39.4397 -5.29999
      vertex -35.9771 -39.4397 -5.29999
      vertex -35.1213 -39.5463 -5.29999
    endloop
  endfacet
  facet normal 0 0 1
    outer loop
      vertex -36.0787 -39.5463 -5.29999
      vertex -35.1213 -39.5463 -5.29999
      vertex -35.9771 -39.4397 -5.29999
    endloop
  endfacet
  facet normal 0 0 1
    outer loop
      vertex -35.1213 -39.5463 -5.29999
      vertex -36.0787 -39.5463 -5.29999
      vertex -35.0147 -39.6479 -5.29999
    endloop
  endfacet
  facet normal 0 0 1
    outer loop
      vertex -36.1853 -39.6479 -5.29999
      vertex -35.0147 -39.6479 -5.29999
      vertex -36.0787 -39.5463 -5.29999
    endloop
  endfacet
  facet normal 0 0 1
    outer loop
      vertex -35.0147 -39.6479 -5.29999
      vertex -36.1853 -39.6479 -5.29999
      vertex -34.9032 -39.744 -5.29999
    endloop
  endfacet
  facet normal 0 0 1
    outer loop
      vertex -36.2968 -39.744 -5.29999
      vertex -34.9032 -39.744 -5.29999
      vertex -36.1853 -39.6479 -5.29999
    endloop
  endfacet
  facet normal 0 0 1
    outer loop
      vertex -34.9032 -39.744 -5.29999
      vertex -36.2968 -39.744 -5.29999
      vertex -34.7871 -39.8346 -5.29999
    endloop
  endfacet
  facet normal 0 0 1
    outer loop
      vertex -36.4129 -39.8346 -5.29999
      vertex -34.7871 -39.8346 -5.29999
      vertex -36.2968 -39.744 -5.29999
    endloop
  endfacet
  facet normal 0 0 1
    outer loop
      vertex -34.7871 -39.8346 -5.29999
      vertex -36.4129 -39.8346 -5.29999
      vertex -34.6667 -39.9194 -5.29999
    endloop
  endfacet
  facet normal 0 0 1
    outer loop
      vertex -36.5333 -39.9194 -5.29999
      vertex -34.6667 -39.9194 -5.29999
      vertex -36.4129 -39.8346 -5.29999
    endloop
  endfacet
  facet normal 0 0 1
    outer loop
      vertex -34.6667 -39.9194 -5.29999
      vertex -36.5333 -39.9194 -5.29999
      vertex -34.5423 -39.9982 -5.29999
    endloop
  endfacet
  facet normal 0 0 1
    outer loop
      vertex -36.6577 -39.9982 -5.29999
      vertex -34.5423 -39.9982 -5.29999
      vertex -36.5333 -39.9194 -5.29999
    endloop
  endfacet
  facet normal 0 0 1
    outer loop
      vertex -34.5423 -39.9982 -5.29999
      vertex -36.6577 -39.9982 -5.29999
      vertex -34.4142 -40.0708 -5.29999
    endloop
  endfacet
  facet normal 0 0 1
    outer loop
      vertex -36.7858 -40.0708 -5.29999
      vertex -34.4142 -40.0708 -5.29999
      vertex -36.6577 -39.9982 -5.29999
    endloop
  endfacet
  facet normal 0 0 1
    outer loop
      vertex -34.4142 -40.0708 -5.29999
      vertex -36.7858 -40.0708 -5.29999
      vertex -34.2827 -40.137 -5.29999
    endloop
  endfacet
  facet normal 0 0 1
    outer loop
      vertex -36.9173 -40.137 -5.29999
      vertex -34.2827 -40.137 -5.29999
      vertex -36.7858 -40.0708 -5.29999
    endloop
  endfacet
  facet normal 0 0 1
    outer loop
      vertex -34.2827 -40.137 -5.29999
      vertex -36.9173 -40.137 -5.29999
      vertex -34.148 -40.1966 -5.29999
    endloop
  endfacet
  facet normal 0 0 1
    outer loop
      vertex -37.0519 -40.1966 -5.29999
      vertex -34.148 -40.1966 -5.29999
      vertex -36.9173 -40.137 -5.29999
    endloop
  endfacet
  facet normal 0 0 1
    outer loop
      vertex -34.148 -40.1966 -5.29999
      vertex -37.0519 -40.1966 -5.29999
      vertex -34.0107 -40.2496 -5.29999
    endloop
  endfacet
  facet normal 0 0 1
    outer loop
      vertex -37.1893 -40.2496 -5.29999
      vertex -34.0107 -40.2496 -5.29999
      vertex -37.0519 -40.1966 -5.29999
    endloop
  endfacet
  facet normal 0 0 1
    outer loop
      vertex -34.0107 -40.2496 -5.29999
      vertex -37.1893 -40.2496 -5.29999
      vertex -33.8709 -40.2958 -5.29999
    endloop
  endfacet
  facet normal 0 0 1
    outer loop
      vertex -37.3291 -40.2958 -5.29999
      vertex -33.8709 -40.2958 -5.29999
      vertex -37.1893 -40.2496 -5.29999
    endloop
  endfacet
  facet normal 0 0 1
    outer loop
      vertex -33.8709 -40.2958 -5.29999
      vertex -37.3291 -40.2958 -5.29999
      vertex -33.7289 -40.3351 -5.29999
    endloop
  endfacet
  facet normal 0 0 1
    outer loop
      vertex -37.4711 -40.3351 -5.29999
      vertex -33.7289 -40.3351 -5.29999
      vertex -37.3291 -40.2958 -5.29999
    endloop
  endfacet
  facet normal 0 0 1
    outer loop
      vertex -33.7289 -40.3351 -5.29999
      vertex -37.4711 -40.3351 -5.29999
      vertex -33.5853 -40.3674 -5.29999
    endloop
  endfacet
  facet normal 0 0 1
    outer loop
      vertex -37.6147 -40.3674 -5.29999
      vertex -33.5853 -40.3674 -5.29999
      vertex -37.4711 -40.3351 -5.29999
    endloop
  endfacet
  facet normal 0 0 1
    outer loop
      vertex -33.5853 -40.3674 -5.29999
      vertex -37.6147 -40.3674 -5.29999
      vertex -33.4402 -40.3925 -5.29999
    endloop
  endfacet
  facet normal 0 0 1
    outer loop
      vertex -37.7598 -40.3925 -5.29999
      vertex -33.4402 -40.3925 -5.29999
      vertex -37.6147 -40.3674 -5.29999
    endloop
  endfacet
  facet normal 0 0 1
    outer loop
      vertex -33.4402 -40.3925 -5.29999
      vertex -37.7598 -40.3925 -5.29999
      vertex -33.2941 -40.4106 -5.29999
    endloop
  endfacet
  facet normal 0 0 1
    outer loop
      vertex -37.9059 -40.4106 -5.29999
      vertex -33.2941 -40.4106 -5.29999
      vertex -37.7598 -40.3925 -5.29999
    endloop
  endfacet
  facet normal 0 0 1
    outer loop
      vertex -33.2941 -40.4106 -5.29999
      vertex -37.9059 -40.4106 -5.29999
      vertex -33.1472 -40.4214 -5.29999
    endloop
  endfacet
  facet normal 0 0 1
    outer loop
      vertex -33.1472 -40.4214 -5.29999
      vertex -37.9059 -40.4106 -5.29999
      vertex -52.705 -44.925 -5.29999
    endloop
  endfacet
  facet normal 0 0 1
    outer loop
      vertex -52.705 -44.925 -5.29999
      vertex -37.9059 -40.4106 -5.29999
      vertex -38.0528 -40.4214 -5.29999
    endloop
  endfacet
  facet normal 0 0 1
    outer loop
      vertex -52.705 -44.925 -5.29999
      vertex -38.0528 -40.4214 -5.29999
      vertex -38.2 -40.425 -5.29999
    endloop
  endfacet
  facet normal 0 0 1
    outer loop
      vertex -52.705 -44.925 -5.29999
      vertex -38.2 -40.425 -5.29999
      vertex -38.3472 -40.4214 -5.29999
    endloop
  endfacet
  facet normal 0 0 1
    outer loop
      vertex -52.705 -31.75 -5.29999
      vertex -41.1964 -37.5722 -5.29999
      vertex -41.2 -37.425 -5.29999
    endloop
  endfacet
  facet normal 0 0 1
    outer loop
      vertex -52.705 -31.75 -5.29999
      vertex -41.1856 -37.7191 -5.29999
      vertex -41.1964 -37.5722 -5.29999
    endloop
  endfacet
  facet normal 0 0 1
    outer loop
      vertex -52.705 -44.925 -5.29999
      vertex -41.1856 -37.7191 -5.29999
      vertex -52.705 -31.75 -5.29999
    endloop
  endfacet
  facet normal 0 0 1
    outer loop
      vertex -41.1856 -37.7191 -5.29999
      vertex -52.705 -44.925 -5.29999
      vertex -41.1675 -37.8652 -5.29999
    endloop
  endfacet
  facet normal 0 0 1
    outer loop
      vertex -41.1675 -37.8652 -5.29999
      vertex -52.705 -44.925 -5.29999
      vertex -41.1424 -38.0103 -5.29999
    endloop
  endfacet
  facet normal 0 0 1
    outer loop
      vertex -41.1424 -38.0103 -5.29999
      vertex -52.705 -44.925 -5.29999
      vertex -41.1101 -38.1539 -5.29999
    endloop
  endfacet
  facet normal 0 0 1
    outer loop
      vertex -41.1101 -38.1539 -5.29999
      vertex -52.705 -44.925 -5.29999
      vertex -41.0708 -38.2959 -5.29999
    endloop
  endfacet
  facet normal 0 0 1
    outer loop
      vertex -41.0708 -38.2959 -5.29999
      vertex -52.705 -44.925 -5.29999
      vertex -41.0246 -38.4357 -5.29999
    endloop
  endfacet
  facet normal 0 0 1
    outer loop
      vertex -41.0246 -38.4357 -5.29999
      vertex -52.705 -44.925 -5.29999
      vertex -40.9716 -38.573 -5.29999
    endloop
  endfacet
  facet normal 0 0 1
    outer loop
      vertex -40.9716 -38.573 -5.29999
      vertex -52.705 -44.925 -5.29999
      vertex -40.912 -38.7077 -5.29999
    endloop
  endfacet
  facet normal 0 0 1
    outer loop
      vertex -40.912 -38.7077 -5.29999
      vertex -52.705 -44.925 -5.29999
      vertex -40.8458 -38.8392 -5.29999
    endloop
  endfacet
  facet normal 0 0 1
    outer loop
      vertex -40.8458 -38.8392 -5.29999
      vertex -52.705 -44.925 -5.29999
      vertex -40.7732 -38.9673 -5.29999
    endloop
  endfacet
  facet normal 0 0 1
    outer loop
      vertex -40.7732 -38.9673 -5.29999
      vertex -52.705 -44.925 -5.29999
      vertex -40.6944 -39.0917 -5.29999
    endloop
  endfacet
  facet normal 0 0 1
    outer loop
      vertex -40.6944 -39.0917 -5.29999
      vertex -52.705 -44.925 -5.29999
      vertex -40.6096 -39.2121 -5.29999
    endloop
  endfacet
  facet normal 0 0 1
    outer loop
      vertex -40.6096 -39.2121 -5.29999
      vertex -52.705 -44.925 -5.29999
      vertex -40.519 -39.3282 -5.29999
    endloop
  endfacet
  facet normal 0 0 1
    outer loop
      vertex -40.519 -39.3282 -5.29999
      vertex -52.705 -44.925 -5.29999
      vertex -40.4229 -39.4397 -5.29999
    endloop
  endfacet
  facet normal 0 0 1
    outer loop
      vertex -40.4229 -39.4397 -5.29999
      vertex -52.705 -44.925 -5.29999
      vertex -40.3213 -39.5463 -5.29999
    endloop
  endfacet
  facet normal 0 0 1
    outer loop
      vertex -40.3213 -39.5463 -5.29999
      vertex -52.705 -44.925 -5.29999
      vertex -40.2147 -39.6479 -5.29999
    endloop
  endfacet
  facet normal 0 0 1
    outer loop
      vertex -40.2147 -39.6479 -5.29999
      vertex -52.705 -44.925 -5.29999
      vertex -40.1032 -39.744 -5.29999
    endloop
  endfacet
  facet normal 0 0 1
    outer loop
      vertex -40.1032 -39.744 -5.29999
      vertex -52.705 -44.925 -5.29999
      vertex -39.9871 -39.8346 -5.29999
    endloop
  endfacet
  facet normal 0 0 1
    outer loop
      vertex -1.8 -40.425 -5.29999
      vertex -52.705 -44.925 -5.29999
      vertex 52.705 -44.925 -5.29999
    endloop
  endfacet
  facet normal 0 0 1
    outer loop
      vertex -38.494 -40.4106 -5.29999
      vertex -52.705 -44.925 -5.29999
      vertex -38.3472 -40.4214 -5.29999
    endloop
  endfacet
  facet normal 0 0 1
    outer loop
      vertex -38.6402 -40.3925 -5.29999
      vertex -52.705 -44.925 -5.29999
      vertex -38.494 -40.4106 -5.29999
    endloop
  endfacet
  facet normal 0 0 1
    outer loop
      vertex -38.7853 -40.3674 -5.29999
      vertex -52.705 -44.925 -5.29999
      vertex -38.6402 -40.3925 -5.29999
    endloop
  endfacet
  facet normal 0 0 1
    outer loop
      vertex -38.9289 -40.3351 -5.29999
      vertex -52.705 -44.925 -5.29999
      vertex -38.7853 -40.3674 -5.29999
    endloop
  endfacet
  facet normal 0 0 1
    outer loop
      vertex -39.0709 -40.2958 -5.29999
      vertex -52.705 -44.925 -5.29999
      vertex -38.9289 -40.3351 -5.29999
    endloop
  endfacet
  facet normal 0 0 1
    outer loop
      vertex -39.2107 -40.2496 -5.29999
      vertex -52.705 -44.925 -5.29999
      vertex -39.0709 -40.2958 -5.29999
    endloop
  endfacet
  facet normal 0 0 1
    outer loop
      vertex -39.348 -40.1966 -5.29999
      vertex -52.705 -44.925 -5.29999
      vertex -39.2107 -40.2496 -5.29999
    endloop
  endfacet
  facet normal 0 0 1
    outer loop
      vertex -39.4827 -40.137 -5.29999
      vertex -52.705 -44.925 -5.29999
      vertex -39.348 -40.1966 -5.29999
    endloop
  endfacet
  facet normal 0 0 1
    outer loop
      vertex -39.6142 -40.0708 -5.29999
      vertex -52.705 -44.925 -5.29999
      vertex -39.4827 -40.137 -5.29999
    endloop
  endfacet
  facet normal 0 0 1
    outer loop
      vertex -39.7423 -39.9982 -5.29999
      vertex -52.705 -44.925 -5.29999
      vertex -39.6142 -40.0708 -5.29999
    endloop
  endfacet
  facet normal 0 0 1
    outer loop
      vertex -39.8667 -39.9194 -5.29999
      vertex -52.705 -44.925 -5.29999
      vertex -39.7423 -39.9982 -5.29999
    endloop
  endfacet
  facet normal 0 0 1
    outer loop
      vertex -39.9871 -39.8346 -5.29999
      vertex -52.705 -44.925 -5.29999
      vertex -39.8667 -39.9194 -5.29999
    endloop
  endfacet
  facet normal 0 -1 0
    outer loop
      vertex -7 -44.925 -21.25
      vertex -4.4 -44.925 -13.75
      vertex -7 -44.925 -13.75
    endloop
  endfacet
  facet normal 0 -1 -0
    outer loop
      vertex -4.4 -44.925 -13.75
      vertex -7 -44.925 -21.25
      vertex -4.4 -44.925 -21.25
    endloop
  endfacet
  facet normal 0 -1 0
    outer loop
      vertex -25.2 -44.925 -21.25
      vertex -22.6 -44.925 -13.75
      vertex -25.2 -44.925 -13.75
    endloop
  endfacet
  facet normal 0 -1 -0
    outer loop
      vertex -22.6 -44.925 -13.75
      vertex -25.2 -44.925 -21.25
      vertex -22.6 -44.925 -21.25
    endloop
  endfacet
  facet normal 0 -1 0
    outer loop
      vertex -25.2 -44.925 -13.75
      vertex -52.705 -44.925 -5.29999
      vertex -40.8 -44.925 -13.75
    endloop
  endfacet
  facet normal 0 -1 0
    outer loop
      vertex -52.705 -44.925 -25.3
      vertex -40.8 -44.925 -13.75
      vertex -52.705 -44.925 -5.29999
    endloop
  endfacet
  facet normal 0 -1 0
    outer loop
      vertex -52.705 -44.925 -25.3
      vertex -25.2 -44.925 -21.25
      vertex -40.8 -44.925 -21.25
    endloop
  endfacet
  facet normal 0 -1 -0
    outer loop
      vertex -25.2 -44.925 -21.25
      vertex -52.705 -44.925 -25.3
      vertex -22.6 -44.925 -21.25
    endloop
  endfacet
  facet normal 0 -1 -0
    outer loop
      vertex -22.6 -44.925 -21.25
      vertex -52.705 -44.925 -25.3
      vertex -7 -44.925 -21.25
    endloop
  endfacet
  facet normal 0 -1 -0
    outer loop
      vertex -7 -44.925 -21.25
      vertex -52.705 -44.925 -25.3
      vertex -4.4 -44.925 -21.25
    endloop
  endfacet
  facet normal 0 -1 0
    outer loop
      vertex 52.705 -44.925 -25.3
      vertex -4.4 -44.925 -21.25
      vertex -52.705 -44.925 -25.3
    endloop
  endfacet
  facet normal 0 -1 -0
    outer loop
      vertex -40.8 -44.925 -13.75
      vertex -52.705 -44.925 -25.3
      vertex -40.8 -44.925 -21.25
    endloop
  endfacet
  facet normal 0 -1 0
    outer loop
      vertex -22.6 -44.925 -13.75
      vertex -52.705 -44.925 -5.29999
      vertex -25.2 -44.925 -13.75
    endloop
  endfacet
  facet normal 0 -1 0
    outer loop
      vertex -7 -44.925 -13.75
      vertex -52.705 -44.925 -5.29999
      vertex -22.6 -44.925 -13.75
    endloop
  endfacet
  facet normal 0 -1 0
    outer loop
      vertex -4.4 -44.925 -13.75
      vertex -52.705 -44.925 -5.29999
      vertex -7 -44.925 -13.75
    endloop
  endfacet
  facet normal 0 -1 0
    outer loop
      vertex -52.705 -44.925 -5.29999
      vertex -4.4 -44.925 -13.75
      vertex 52.705 -44.925 -5.29999
    endloop
  endfacet
  facet normal 0 -1 0
    outer loop
      vertex 11.2 -44.925 -13.75
      vertex 52.705 -44.925 -5.29999
      vertex -4.4 -44.925 -13.75
    endloop
  endfacet
  facet normal 0 -1 0
    outer loop
      vertex 52.705 -44.925 -25.3
      vertex 11.2 -44.925 -13.75
      vertex 11.2 -44.925 -21.25
    endloop
  endfacet
  facet normal 0 -1 0
    outer loop
      vertex 11.2 -44.925 -13.75
      vertex 52.705 -44.925 -25.3
      vertex 52.705 -44.925 -5.29999
    endloop
  endfacet
  facet normal 0 -1 0
    outer loop
      vertex -4.4 -44.925 -21.25
      vertex 52.705 -44.925 -25.3
      vertex 11.2 -44.925 -21.25
    endloop
  endfacet
  facet normal 0 0 -1
    outer loop
      vertex -52.01 -19.925 -25.3
      vertex -51.705 19.925 -25.3
      vertex -51.705 -19.925 -25.3
    endloop
  endfacet
  facet normal -0 0 -1
    outer loop
      vertex -51.705 19.925 -25.3
      vertex -52.01 -19.925 -25.3
      vertex -52.01 19.925 -25.3
    endloop
  endfacet
  facet normal 0 0 -1
    outer loop
      vertex -51.705 24.925 -25.3
      vertex -52.01 24.925 -25.3
      vertex -51.705 43.925 -25.3
    endloop
  endfacet
  facet normal 0 0 -1
    outer loop
      vertex 51.705 -19.925 -25.3
      vertex 52.01 19.925 -25.3
      vertex 52.01 -19.925 -25.3
    endloop
  endfacet
  facet normal -0 0 -1
    outer loop
      vertex 52.01 19.925 -25.3
      vertex 51.705 -19.925 -25.3
      vertex 51.705 19.925 -25.3
    endloop
  endfacet
  facet normal 0 0 -1
    outer loop
      vertex 52.01 -19.925 -25.3
      vertex 52.705 -44.925 -25.3
      vertex 52.01 -24.925 -25.3
    endloop
  endfacet
  facet normal 0 0 -1
    outer loop
      vertex 52.705 -44.925 -25.3
      vertex 51.705 -43.925 -25.3
      vertex 52.01 -24.925 -25.3
    endloop
  endfacet
  facet normal 0 0 -1
    outer loop
      vertex 52.705 -44.925 -25.3
      vertex -51.705 -43.925 -25.3
      vertex 51.705 -43.925 -25.3
    endloop
  endfacet
  facet normal 0 0 -1
    outer loop
      vertex -51.705 -43.925 -25.3
      vertex -52.01 -24.925 -25.3
      vertex -51.705 -24.925 -25.3
    endloop
  endfacet
  facet normal 0 0 -1
    outer loop
      vertex -52.705 -44.925 -25.3
      vertex -52.01 -19.925 -25.3
      vertex -52.01 -24.925 -25.3
    endloop
  endfacet
  facet normal -0 0 -1
    outer loop
      vertex -52.01 -19.925 -25.3
      vertex -52.705 -44.925 -25.3
      vertex -52.01 19.925 -25.3
    endloop
  endfacet
  facet normal 0 0 -1
    outer loop
      vertex -52.705 44.925 -25.3
      vertex -52.01 19.925 -25.3
      vertex -52.705 -44.925 -25.3
    endloop
  endfacet
  facet normal -0 0 -1
    outer loop
      vertex -51.705 -43.925 -25.3
      vertex -52.705 -44.925 -25.3
      vertex -52.01 -24.925 -25.3
    endloop
  endfacet
  facet normal 0 0 -1
    outer loop
      vertex -52.705 -44.925 -25.3
      vertex -51.705 -43.925 -25.3
      vertex 52.705 -44.925 -25.3
    endloop
  endfacet
  facet normal 0 0 -1
    outer loop
      vertex 52.705 -44.925 -25.3
      vertex 52.01 -19.925 -25.3
      vertex 52.705 44.925 -25.3
    endloop
  endfacet
  facet normal 0 0 -1
    outer loop
      vertex 52.01 19.925 -25.3
      vertex 52.705 44.925 -25.3
      vertex 52.01 -19.925 -25.3
    endloop
  endfacet
  facet normal 0 0 -1
    outer loop
      vertex 52.01 24.925 -25.3
      vertex 52.705 44.925 -25.3
      vertex 52.01 19.925 -25.3
    endloop
  endfacet
  facet normal 0 0 -1
    outer loop
      vertex 51.705 43.925 -25.3
      vertex 52.01 24.925 -25.3
      vertex 51.705 24.925 -25.3
    endloop
  endfacet
  facet normal 0 0 -1
    outer loop
      vertex 52.01 24.925 -25.3
      vertex 51.705 43.925 -25.3
      vertex 52.705 44.925 -25.3
    endloop
  endfacet
  facet normal 0 0 -1
    outer loop
      vertex -51.705 43.925 -25.3
      vertex 52.705 44.925 -25.3
      vertex 51.705 43.925 -25.3
    endloop
  endfacet
  facet normal 0 0 -1
    outer loop
      vertex -51.705 43.925 -25.3
      vertex -52.705 44.925 -25.3
      vertex 52.705 44.925 -25.3
    endloop
  endfacet
  facet normal 0 0 -1
    outer loop
      vertex -52.01 24.925 -25.3
      vertex -52.705 44.925 -25.3
      vertex -51.705 43.925 -25.3
    endloop
  endfacet
  facet normal 0 0 -1
    outer loop
      vertex -52.01 19.925 -25.3
      vertex -52.705 44.925 -25.3
      vertex -52.01 24.925 -25.3
    endloop
  endfacet
  facet normal -0 0 -1
    outer loop
      vertex 52.01 -24.925 -25.3
      vertex 51.705 -43.925 -25.3
      vertex 51.705 -24.925 -25.3
    endloop
  endfacet
  facet normal 0 1 -0
    outer loop
      vertex 19.843 44.925 -9.00385
      vertex -52.705 44.925 -5.29999
      vertex 52.705 44.925 -5.29999
    endloop
  endfacet
  facet normal 0 1 0
    outer loop
      vertex 19.843 44.925 -9.00385
      vertex 52.705 44.925 -5.29999
      vertex 20 44.925 -9
    endloop
  endfacet
  facet normal 0 1 0
    outer loop
      vertex 52.705 44.925 -5.29999
      vertex 20.157 44.925 -9.00385
      vertex 20 44.925 -9
    endloop
  endfacet
  facet normal 0 1 0
    outer loop
      vertex 52.705 44.925 -5.29999
      vertex 20.3137 44.925 -9.01541
      vertex 20.157 44.925 -9.00385
    endloop
  endfacet
  facet normal 0 1 0
    outer loop
      vertex 52.705 44.925 -5.29999
      vertex 20.4695 44.925 -9.03463
      vertex 20.3137 44.925 -9.01541
    endloop
  endfacet
  facet normal 0 1 0
    outer loop
      vertex 52.705 44.925 -5.29999
      vertex 20.6243 44.925 -9.06149
      vertex 20.4695 44.925 -9.03463
    endloop
  endfacet
  facet normal 0 1 0
    outer loop
      vertex 52.705 44.925 -5.29999
      vertex 20.7775 44.925 -9.0959
      vertex 20.6243 44.925 -9.06149
    endloop
  endfacet
  facet normal 0 1 0
    outer loop
      vertex 52.705 44.925 -5.29999
      vertex 20.9289 44.925 -9.13779
      vertex 20.7775 44.925 -9.0959
    endloop
  endfacet
  facet normal 0 1 0
    outer loop
      vertex 52.705 44.925 -5.29999
      vertex 21.078 44.925 -9.18706
      vertex 20.9289 44.925 -9.13779
    endloop
  endfacet
  facet normal 0 1 0
    outer loop
      vertex 52.705 44.925 -5.29999
      vertex 21.2246 44.925 -9.24358
      vertex 21.078 44.925 -9.18706
    endloop
  endfacet
  facet normal 0 1 0
    outer loop
      vertex 52.705 44.925 -5.29999
      vertex 21.3682 44.925 -9.30723
      vertex 21.2246 44.925 -9.24358
    endloop
  endfacet
  facet normal 0 1 0
    outer loop
      vertex 52.705 44.925 -5.29999
      vertex 21.5085 44.925 -9.37785
      vertex 21.3682 44.925 -9.30723
    endloop
  endfacet
  facet normal 0 1 0
    outer loop
      vertex 52.705 44.925 -5.29999
      vertex 21.6451 44.925 -9.45527
      vertex 21.5085 44.925 -9.37785
    endloop
  endfacet
  facet normal 0 1 0
    outer loop
      vertex 52.705 44.925 -5.29999
      vertex 21.7778 44.925 -9.5393
      vertex 21.6451 44.925 -9.45527
    endloop
  endfacet
  facet normal 0 1 0
    outer loop
      vertex 52.705 44.925 -5.29999
      vertex 21.9062 44.925 -9.62973
      vertex 21.7778 44.925 -9.5393
    endloop
  endfacet
  facet normal 0 1 0
    outer loop
      vertex 52.705 44.925 -5.29999
      vertex 22.0301 44.925 -9.72637
      vertex 21.9062 44.925 -9.62973
    endloop
  endfacet
  facet normal 0 1 0
    outer loop
      vertex 52.705 44.925 -5.29999
      vertex 22.149 44.925 -9.82896
      vertex 22.0301 44.925 -9.72637
    endloop
  endfacet
  facet normal 0 1 0
    outer loop
      vertex 52.705 44.925 -5.29999
      vertex 22.2627 44.925 -9.93726
      vertex 22.149 44.925 -9.82896
    endloop
  endfacet
  facet normal 0 1 0
    outer loop
      vertex 52.705 44.925 -5.29999
      vertex 22.371 44.925 -10.051
      vertex 22.2627 44.925 -9.93726
    endloop
  endfacet
  facet normal 0 1 0
    outer loop
      vertex 52.705 44.925 -5.29999
      vertex 22.4736 44.925 -10.1699
      vertex 22.371 44.925 -10.051
    endloop
  endfacet
  facet normal 0 1 0
    outer loop
      vertex 52.705 44.925 -5.29999
      vertex 22.5703 44.925 -10.2938
      vertex 22.4736 44.925 -10.1699
    endloop
  endfacet
  facet normal 0 1 0
    outer loop
      vertex 52.705 44.925 -5.29999
      vertex 22.6607 44.925 -10.4222
      vertex 22.5703 44.925 -10.2938
    endloop
  endfacet
  facet normal 0 1 0
    outer loop
      vertex 52.705 44.925 -5.29999
      vertex 22.7447 44.925 -10.5549
      vertex 22.6607 44.925 -10.4222
    endloop
  endfacet
  facet normal 0 1 0
    outer loop
      vertex 52.705 44.925 -5.29999
      vertex 22.8221 44.925 -10.6915
      vertex 22.7447 44.925 -10.5549
    endloop
  endfacet
  facet normal 0 1 0
    outer loop
      vertex 52.705 44.925 -5.29999
      vertex 22.8928 44.925 -10.8318
      vertex 22.8221 44.925 -10.6915
    endloop
  endfacet
  facet normal 0 1 0
    outer loop
      vertex 52.705 44.925 -5.29999
      vertex 22.9564 44.925 -10.9754
      vertex 22.8928 44.925 -10.8318
    endloop
  endfacet
  facet normal 0 1 0
    outer loop
      vertex 52.705 44.925 -5.29999
      vertex 23.0129 44.925 -11.122
      vertex 22.9564 44.925 -10.9754
    endloop
  endfacet
  facet normal 0 1 0
    outer loop
      vertex 52.705 44.925 -5.29999
      vertex 23.0622 44.925 -11.2711
      vertex 23.0129 44.925 -11.122
    endloop
  endfacet
  facet normal 0 1 0
    outer loop
      vertex 52.705 44.925 -5.29999
      vertex 23.1041 44.925 -11.4225
      vertex 23.0622 44.925 -11.2711
    endloop
  endfacet
  facet normal 0 1 0
    outer loop
      vertex 52.705 44.925 -5.29999
      vertex 23.1385 44.925 -11.5757
      vertex 23.1041 44.925 -11.4225
    endloop
  endfacet
  facet normal 0 1 0
    outer loop
      vertex 52.705 44.925 -5.29999
      vertex 23.1654 44.925 -11.7305
      vertex 23.1385 44.925 -11.5757
    endloop
  endfacet
  facet normal 0 1 0
    outer loop
      vertex 52.705 44.925 -5.29999
      vertex 23.1846 44.925 -11.8863
      vertex 23.1654 44.925 -11.7305
    endloop
  endfacet
  facet normal 0 1 0
    outer loop
      vertex 52.705 44.925 -5.29999
      vertex 23.1961 44.925 -12.043
      vertex 23.1846 44.925 -11.8863
    endloop
  endfacet
  facet normal 0 1 0
    outer loop
      vertex 52.705 44.925 -5.29999
      vertex 23.2 44.925 -12.2
      vertex 23.1961 44.925 -12.043
    endloop
  endfacet
  facet normal 0 1 0
    outer loop
      vertex 52.705 44.925 -5.29999
      vertex 23.1961 44.925 -12.357
      vertex 23.2 44.925 -12.2
    endloop
  endfacet
  facet normal 0 1 0
    outer loop
      vertex 52.705 44.925 -5.29999
      vertex 23.1846 44.925 -12.5137
      vertex 23.1961 44.925 -12.357
    endloop
  endfacet
  facet normal 0 1 0
    outer loop
      vertex 52.705 44.925 -5.29999
      vertex 23.1654 44.925 -12.6695
      vertex 23.1846 44.925 -12.5137
    endloop
  endfacet
  facet normal 0 1 -0
    outer loop
      vertex 52.705 44.925 -25.3
      vertex 23.1654 44.925 -12.6695
      vertex 52.705 44.925 -5.29999
    endloop
  endfacet
  facet normal 0 1 0
    outer loop
      vertex 23.1654 44.925 -12.6695
      vertex 52.705 44.925 -25.3
      vertex 23.1385 44.925 -12.8243
    endloop
  endfacet
  facet normal 0 1 0
    outer loop
      vertex 23.1385 44.925 -12.8243
      vertex 52.705 44.925 -25.3
      vertex 23.1041 44.925 -12.9775
    endloop
  endfacet
  facet normal 0 1 0
    outer loop
      vertex 23.1041 44.925 -12.9775
      vertex 52.705 44.925 -25.3
      vertex 23.0622 44.925 -13.1289
    endloop
  endfacet
  facet normal 0 1 0
    outer loop
      vertex 23.0622 44.925 -13.1289
      vertex 52.705 44.925 -25.3
      vertex 23.0129 44.925 -13.278
    endloop
  endfacet
  facet normal 0 1 0
    outer loop
      vertex 23.0129 44.925 -13.278
      vertex 52.705 44.925 -25.3
      vertex 22.9564 44.925 -13.4246
    endloop
  endfacet
  facet normal 0 1 0
    outer loop
      vertex 22.9564 44.925 -13.4246
      vertex 52.705 44.925 -25.3
      vertex 22.8928 44.925 -13.5682
    endloop
  endfacet
  facet normal 0 1 0
    outer loop
      vertex 22.8928 44.925 -13.5682
      vertex 52.705 44.925 -25.3
      vertex 22.8221 44.925 -13.7085
    endloop
  endfacet
  facet normal 0 1 0
    outer loop
      vertex 22.8221 44.925 -13.7085
      vertex 52.705 44.925 -25.3
      vertex 22.7447 44.925 -13.8451
    endloop
  endfacet
  facet normal 0 1 0
    outer loop
      vertex 22.7447 44.925 -13.8451
      vertex 52.705 44.925 -25.3
      vertex 22.6607 44.925 -13.9778
    endloop
  endfacet
  facet normal 0 1 0
    outer loop
      vertex 22.6607 44.925 -13.9778
      vertex 52.705 44.925 -25.3
      vertex 22.5703 44.925 -14.1062
    endloop
  endfacet
  facet normal 0 1 0
    outer loop
      vertex 22.5703 44.925 -14.1062
      vertex 52.705 44.925 -25.3
      vertex 22.4736 44.925 -14.2301
    endloop
  endfacet
  facet normal 0 1 0
    outer loop
      vertex 22.4736 44.925 -14.2301
      vertex 52.705 44.925 -25.3
      vertex 22.371 44.925 -14.349
    endloop
  endfacet
  facet normal 0 1 0
    outer loop
      vertex 22.371 44.925 -14.349
      vertex 52.705 44.925 -25.3
      vertex 22.2627 44.925 -14.4627
    endloop
  endfacet
  facet normal 0 1 0
    outer loop
      vertex 22.2627 44.925 -14.4627
      vertex 52.705 44.925 -25.3
      vertex 22.149 44.925 -14.571
    endloop
  endfacet
  facet normal 0 1 0
    outer loop
      vertex 22.149 44.925 -14.571
      vertex 52.705 44.925 -25.3
      vertex 22.0301 44.925 -14.6736
    endloop
  endfacet
  facet normal 0 1 0
    outer loop
      vertex 22.0301 44.925 -14.6736
      vertex 52.705 44.925 -25.3
      vertex 21.9062 44.925 -14.7703
    endloop
  endfacet
  facet normal 0 1 0
    outer loop
      vertex 21.9062 44.925 -14.7703
      vertex 52.705 44.925 -25.3
      vertex 21.7778 44.925 -14.8607
    endloop
  endfacet
  facet normal 0 1 0
    outer loop
      vertex 21.7778 44.925 -14.8607
      vertex 52.705 44.925 -25.3
      vertex 21.6451 44.925 -14.9447
    endloop
  endfacet
  facet normal 0 1 0
    outer loop
      vertex 21.6451 44.925 -14.9447
      vertex 52.705 44.925 -25.3
      vertex 21.5085 44.925 -15.0221
    endloop
  endfacet
  facet normal 0 1 0
    outer loop
      vertex 21.5085 44.925 -15.0221
      vertex 52.705 44.925 -25.3
      vertex 21.3682 44.925 -15.0928
    endloop
  endfacet
  facet normal 0 1 0
    outer loop
      vertex 21.3682 44.925 -15.0928
      vertex 52.705 44.925 -25.3
      vertex 21.2246 44.925 -15.1564
    endloop
  endfacet
  facet normal 0 1 0
    outer loop
      vertex 21.2246 44.925 -15.1564
      vertex 52.705 44.925 -25.3
      vertex 21.078 44.925 -15.2129
    endloop
  endfacet
  facet normal 0 1 0
    outer loop
      vertex 19.3757 44.925 -15.3385
      vertex -52.705 44.925 -25.3
      vertex -29.905 44.925 -16.25
    endloop
  endfacet
  facet normal 0 1 0
    outer loop
      vertex -52.705 44.925 -25.3
      vertex 19.5305 44.925 -15.3654
      vertex 52.705 44.925 -25.3
    endloop
  endfacet
  facet normal 0 1 0
    outer loop
      vertex 20.157 44.925 -15.3961
      vertex 52.705 44.925 -25.3
      vertex 20 44.925 -15.4
    endloop
  endfacet
  facet normal 0 1 0
    outer loop
      vertex 20.3137 44.925 -15.3846
      vertex 52.705 44.925 -25.3
      vertex 20.157 44.925 -15.3961
    endloop
  endfacet
  facet normal 0 1 0
    outer loop
      vertex 20.4695 44.925 -15.3654
      vertex 52.705 44.925 -25.3
      vertex 20.3137 44.925 -15.3846
    endloop
  endfacet
  facet normal 0 1 0
    outer loop
      vertex 20.6243 44.925 -15.3385
      vertex 52.705 44.925 -25.3
      vertex 20.4695 44.925 -15.3654
    endloop
  endfacet
  facet normal 0 1 0
    outer loop
      vertex 20.7775 44.925 -15.3041
      vertex 52.705 44.925 -25.3
      vertex 20.6243 44.925 -15.3385
    endloop
  endfacet
  facet normal 0 1 0
    outer loop
      vertex 20.9289 44.925 -15.2622
      vertex 52.705 44.925 -25.3
      vertex 20.7775 44.925 -15.3041
    endloop
  endfacet
  facet normal 0 1 0
    outer loop
      vertex 21.078 44.925 -15.2129
      vertex 52.705 44.925 -25.3
      vertex 20.9289 44.925 -15.2622
    endloop
  endfacet
  facet normal 0 1 -0
    outer loop
      vertex -40.305 44.925 -8.75
      vertex -52.705 44.925 -5.29999
      vertex -29.905 44.925 -8.75
    endloop
  endfacet
  facet normal 0 1 -0
    outer loop
      vertex -40.305 44.925 -16.25
      vertex -52.705 44.925 -5.29999
      vertex -40.305 44.925 -8.75
    endloop
  endfacet
  facet normal 0 1 0
    outer loop
      vertex -40.305 44.925 -16.25
      vertex -52.705 44.925 -25.3
      vertex -52.705 44.925 -5.29999
    endloop
  endfacet
  facet normal 0 1 0
    outer loop
      vertex -29.905 44.925 -16.25
      vertex -52.705 44.925 -25.3
      vertex -40.305 44.925 -16.25
    endloop
  endfacet
  facet normal 0 1 -0
    outer loop
      vertex 19.6863 44.925 -9.01541
      vertex -52.705 44.925 -5.29999
      vertex 19.843 44.925 -9.00385
    endloop
  endfacet
  facet normal 0 1 0
    outer loop
      vertex -52.705 44.925 -5.29999
      vertex 19.6863 44.925 -9.01541
      vertex -29.905 44.925 -8.75
    endloop
  endfacet
  facet normal 0 1 -0
    outer loop
      vertex 19.5305 44.925 -9.03463
      vertex -29.905 44.925 -8.75
      vertex 19.6863 44.925 -9.01541
    endloop
  endfacet
  facet normal 0 1 -0
    outer loop
      vertex 19.3757 44.925 -9.06149
      vertex -29.905 44.925 -8.75
      vertex 19.5305 44.925 -9.03463
    endloop
  endfacet
  facet normal 0 1 -0
    outer loop
      vertex 19.2225 44.925 -9.0959
      vertex -29.905 44.925 -8.75
      vertex 19.3757 44.925 -9.06149
    endloop
  endfacet
  facet normal 0 1 -0
    outer loop
      vertex 19.0711 44.925 -9.13779
      vertex -29.905 44.925 -8.75
      vertex 19.2225 44.925 -9.0959
    endloop
  endfacet
  facet normal 0 1 -0
    outer loop
      vertex 18.922 44.925 -9.18706
      vertex -29.905 44.925 -8.75
      vertex 19.0711 44.925 -9.13779
    endloop
  endfacet
  facet normal 0 1 -0
    outer loop
      vertex 18.7754 44.925 -9.24358
      vertex -29.905 44.925 -8.75
      vertex 18.922 44.925 -9.18706
    endloop
  endfacet
  facet normal 0 1 -0
    outer loop
      vertex 18.6318 44.925 -9.30723
      vertex -29.905 44.925 -8.75
      vertex 18.7754 44.925 -9.24358
    endloop
  endfacet
  facet normal 0 1 -0
    outer loop
      vertex 18.4915 44.925 -9.37785
      vertex -29.905 44.925 -8.75
      vertex 18.6318 44.925 -9.30723
    endloop
  endfacet
  facet normal 0 1 -0
    outer loop
      vertex 18.3549 44.925 -9.45527
      vertex -29.905 44.925 -8.75
      vertex 18.4915 44.925 -9.37785
    endloop
  endfacet
  facet normal 0 1 -0
    outer loop
      vertex 18.2222 44.925 -9.5393
      vertex -29.905 44.925 -8.75
      vertex 18.3549 44.925 -9.45527
    endloop
  endfacet
  facet normal 0 1 -0
    outer loop
      vertex 18.0938 44.925 -9.62973
      vertex -29.905 44.925 -8.75
      vertex 18.2222 44.925 -9.5393
    endloop
  endfacet
  facet normal 0 1 -0
    outer loop
      vertex 17.9699 44.925 -9.72637
      vertex -29.905 44.925 -8.75
      vertex 18.0938 44.925 -9.62973
    endloop
  endfacet
  facet normal 0 1 -0
    outer loop
      vertex 17.851 44.925 -9.82896
      vertex -29.905 44.925 -8.75
      vertex 17.9699 44.925 -9.72637
    endloop
  endfacet
  facet normal 0 1 -0
    outer loop
      vertex 17.7373 44.925 -9.93726
      vertex -29.905 44.925 -8.75
      vertex 17.851 44.925 -9.82896
    endloop
  endfacet
  facet normal 0 1 -0
    outer loop
      vertex 17.629 44.925 -10.051
      vertex -29.905 44.925 -8.75
      vertex 17.7373 44.925 -9.93726
    endloop
  endfacet
  facet normal 0 1 -0
    outer loop
      vertex 17.5264 44.925 -10.1699
      vertex -29.905 44.925 -8.75
      vertex 17.629 44.925 -10.051
    endloop
  endfacet
  facet normal 0 1 -0
    outer loop
      vertex 17.4297 44.925 -10.2938
      vertex -29.905 44.925 -8.75
      vertex 17.5264 44.925 -10.1699
    endloop
  endfacet
  facet normal 0 1 -0
    outer loop
      vertex 17.3393 44.925 -10.4222
      vertex -29.905 44.925 -8.75
      vertex 17.4297 44.925 -10.2938
    endloop
  endfacet
  facet normal 0 1 -0
    outer loop
      vertex 17.2553 44.925 -10.5549
      vertex -29.905 44.925 -8.75
      vertex 17.3393 44.925 -10.4222
    endloop
  endfacet
  facet normal 0 1 -0
    outer loop
      vertex 17.1779 44.925 -10.6915
      vertex -29.905 44.925 -8.75
      vertex 17.2553 44.925 -10.5549
    endloop
  endfacet
  facet normal 0 1 -0
    outer loop
      vertex 17.1072 44.925 -10.8318
      vertex -29.905 44.925 -8.75
      vertex 17.1779 44.925 -10.6915
    endloop
  endfacet
  facet normal 0 1 -0
    outer loop
      vertex 17.0436 44.925 -10.9754
      vertex -29.905 44.925 -8.75
      vertex 17.1072 44.925 -10.8318
    endloop
  endfacet
  facet normal 0 1 -0
    outer loop
      vertex 16.9871 44.925 -11.122
      vertex -29.905 44.925 -8.75
      vertex 17.0436 44.925 -10.9754
    endloop
  endfacet
  facet normal 0 1 -0
    outer loop
      vertex 16.9378 44.925 -11.2711
      vertex -29.905 44.925 -8.75
      vertex 16.9871 44.925 -11.122
    endloop
  endfacet
  facet normal 0 1 -0
    outer loop
      vertex 16.8959 44.925 -11.4225
      vertex -29.905 44.925 -8.75
      vertex 16.9378 44.925 -11.2711
    endloop
  endfacet
  facet normal 0 1 -0
    outer loop
      vertex 16.8615 44.925 -11.5757
      vertex -29.905 44.925 -8.75
      vertex 16.8959 44.925 -11.4225
    endloop
  endfacet
  facet normal 0 1 -0
    outer loop
      vertex 16.8346 44.925 -11.7305
      vertex -29.905 44.925 -8.75
      vertex 16.8615 44.925 -11.5757
    endloop
  endfacet
  facet normal 0 1 -0
    outer loop
      vertex 16.8154 44.925 -11.8863
      vertex -29.905 44.925 -8.75
      vertex 16.8346 44.925 -11.7305
    endloop
  endfacet
  facet normal 0 1 -0
    outer loop
      vertex 16.8039 44.925 -12.043
      vertex -29.905 44.925 -8.75
      vertex 16.8154 44.925 -11.8863
    endloop
  endfacet
  facet normal 0 1 -0
    outer loop
      vertex 16.8 44.925 -12.2
      vertex -29.905 44.925 -8.75
      vertex 16.8039 44.925 -12.043
    endloop
  endfacet
  facet normal 0 1 0
    outer loop
      vertex -29.905 44.925 -16.25
      vertex 16.8 44.925 -12.2
      vertex 16.8039 44.925 -12.357
    endloop
  endfacet
  facet normal 0 1 0
    outer loop
      vertex -29.905 44.925 -16.25
      vertex 16.8039 44.925 -12.357
      vertex 16.8154 44.925 -12.5137
    endloop
  endfacet
  facet normal 0 1 0
    outer loop
      vertex -29.905 44.925 -16.25
      vertex 16.8154 44.925 -12.5137
      vertex 16.8346 44.925 -12.6695
    endloop
  endfacet
  facet normal 0 1 0
    outer loop
      vertex -29.905 44.925 -16.25
      vertex 16.8346 44.925 -12.6695
      vertex 16.8615 44.925 -12.8243
    endloop
  endfacet
  facet normal 0 1 0
    outer loop
      vertex -29.905 44.925 -16.25
      vertex 16.8615 44.925 -12.8243
      vertex 16.8959 44.925 -12.9775
    endloop
  endfacet
  facet normal 0 1 0
    outer loop
      vertex -29.905 44.925 -16.25
      vertex 16.8959 44.925 -12.9775
      vertex 16.9378 44.925 -13.1289
    endloop
  endfacet
  facet normal 0 1 0
    outer loop
      vertex -29.905 44.925 -16.25
      vertex 16.9378 44.925 -13.1289
      vertex 16.9871 44.925 -13.278
    endloop
  endfacet
  facet normal 0 1 0
    outer loop
      vertex -29.905 44.925 -16.25
      vertex 16.9871 44.925 -13.278
      vertex 17.0436 44.925 -13.4246
    endloop
  endfacet
  facet normal 0 1 0
    outer loop
      vertex -29.905 44.925 -16.25
      vertex 17.0436 44.925 -13.4246
      vertex 17.1072 44.925 -13.5682
    endloop
  endfacet
  facet normal 0 1 0
    outer loop
      vertex -29.905 44.925 -16.25
      vertex 17.1072 44.925 -13.5682
      vertex 17.1779 44.925 -13.7085
    endloop
  endfacet
  facet normal 0 1 0
    outer loop
      vertex -29.905 44.925 -16.25
      vertex 17.1779 44.925 -13.7085
      vertex 17.2553 44.925 -13.8451
    endloop
  endfacet
  facet normal 0 1 0
    outer loop
      vertex -29.905 44.925 -16.25
      vertex 17.2553 44.925 -13.8451
      vertex 17.3393 44.925 -13.9778
    endloop
  endfacet
  facet normal 0 1 0
    outer loop
      vertex -29.905 44.925 -16.25
      vertex 17.3393 44.925 -13.9778
      vertex 17.4297 44.925 -14.1062
    endloop
  endfacet
  facet normal 0 1 0
    outer loop
      vertex -29.905 44.925 -16.25
      vertex 17.4297 44.925 -14.1062
      vertex 17.5264 44.925 -14.2301
    endloop
  endfacet
  facet normal 0 1 0
    outer loop
      vertex -29.905 44.925 -16.25
      vertex 17.5264 44.925 -14.2301
      vertex 17.629 44.925 -14.349
    endloop
  endfacet
  facet normal 0 1 0
    outer loop
      vertex -29.905 44.925 -16.25
      vertex 17.629 44.925 -14.349
      vertex 17.7373 44.925 -14.4627
    endloop
  endfacet
  facet normal 0 1 0
    outer loop
      vertex -29.905 44.925 -16.25
      vertex 17.7373 44.925 -14.4627
      vertex 17.851 44.925 -14.571
    endloop
  endfacet
  facet normal 0 1 0
    outer loop
      vertex -29.905 44.925 -16.25
      vertex 17.851 44.925 -14.571
      vertex 17.9699 44.925 -14.6736
    endloop
  endfacet
  facet normal 0 1 0
    outer loop
      vertex -29.905 44.925 -16.25
      vertex 17.9699 44.925 -14.6736
      vertex 18.0938 44.925 -14.7703
    endloop
  endfacet
  facet normal 0 1 0
    outer loop
      vertex -29.905 44.925 -16.25
      vertex 18.0938 44.925 -14.7703
      vertex 18.2222 44.925 -14.8607
    endloop
  endfacet
  facet normal 0 1 0
    outer loop
      vertex -29.905 44.925 -16.25
      vertex 18.2222 44.925 -14.8607
      vertex 18.3549 44.925 -14.9447
    endloop
  endfacet
  facet normal 0 1 0
    outer loop
      vertex -29.905 44.925 -16.25
      vertex 18.3549 44.925 -14.9447
      vertex 18.4915 44.925 -15.0221
    endloop
  endfacet
  facet normal 0 1 0
    outer loop
      vertex -29.905 44.925 -16.25
      vertex 18.4915 44.925 -15.0221
      vertex 18.6318 44.925 -15.0928
    endloop
  endfacet
  facet normal 0 1 0
    outer loop
      vertex -29.905 44.925 -16.25
      vertex 18.6318 44.925 -15.0928
      vertex 18.7754 44.925 -15.1564
    endloop
  endfacet
  facet normal 0 1 0
    outer loop
      vertex -29.905 44.925 -16.25
      vertex 18.7754 44.925 -15.1564
      vertex 18.922 44.925 -15.2129
    endloop
  endfacet
  facet normal 0 1 0
    outer loop
      vertex -29.905 44.925 -16.25
      vertex 18.922 44.925 -15.2129
      vertex 19.0711 44.925 -15.2622
    endloop
  endfacet
  facet normal 0 1 0
    outer loop
      vertex -29.905 44.925 -16.25
      vertex 19.0711 44.925 -15.2622
      vertex 19.2225 44.925 -15.3041
    endloop
  endfacet
  facet normal 0 1 0
    outer loop
      vertex -29.905 44.925 -16.25
      vertex 19.2225 44.925 -15.3041
      vertex 19.3757 44.925 -15.3385
    endloop
  endfacet
  facet normal 0 1 0
    outer loop
      vertex -52.705 44.925 -25.3
      vertex 19.3757 44.925 -15.3385
      vertex 19.5305 44.925 -15.3654
    endloop
  endfacet
  facet normal 0 1 0
    outer loop
      vertex 16.8 44.925 -12.2
      vertex -29.905 44.925 -16.25
      vertex -29.905 44.925 -8.75
    endloop
  endfacet
  facet normal 0 1 0
    outer loop
      vertex 52.705 44.925 -25.3
      vertex 19.5305 44.925 -15.3654
      vertex 19.6863 44.925 -15.3846
    endloop
  endfacet
  facet normal 0 1 0
    outer loop
      vertex 52.705 44.925 -25.3
      vertex 19.6863 44.925 -15.3846
      vertex 19.843 44.925 -15.3961
    endloop
  endfacet
  facet normal 0 1 0
    outer loop
      vertex 52.705 44.925 -25.3
      vertex 19.843 44.925 -15.3961
      vertex 20 44.925 -15.4
    endloop
  endfacet
  facet normal 0 0 1
    outer loop
      vertex 52.705 44.925 -5.29999
      vertex -29.505 37.425 -5.29999
      vertex 52.705 31.75 -5.29999
    endloop
  endfacet
  facet normal 0 0 1
    outer loop
      vertex 52.705 44.925 -5.29999
      vertex -29.5086 37.5722 -5.29999
      vertex -29.505 37.425 -5.29999
    endloop
  endfacet
  facet normal 0 0 1
    outer loop
      vertex 52.705 44.925 -5.29999
      vertex -29.5194 37.7191 -5.29999
      vertex -29.5086 37.5722 -5.29999
    endloop
  endfacet
  facet normal 0 0 1
    outer loop
      vertex 52.705 44.925 -5.29999
      vertex -29.5375 37.8652 -5.29999
      vertex -29.5194 37.7191 -5.29999
    endloop
  endfacet
  facet normal 0 0 1
    outer loop
      vertex 52.705 44.925 -5.29999
      vertex -29.5626 38.0103 -5.29999
      vertex -29.5375 37.8652 -5.29999
    endloop
  endfacet
  facet normal 0 0 1
    outer loop
      vertex 52.705 44.925 -5.29999
      vertex -29.5949 38.1539 -5.29999
      vertex -29.5626 38.0103 -5.29999
    endloop
  endfacet
  facet normal 0 0 1
    outer loop
      vertex 52.705 44.925 -5.29999
      vertex -29.6342 38.2959 -5.29999
      vertex -29.5949 38.1539 -5.29999
    endloop
  endfacet
  facet normal 0 0 1
    outer loop
      vertex 52.705 44.925 -5.29999
      vertex -29.6804 38.4357 -5.29999
      vertex -29.6342 38.2959 -5.29999
    endloop
  endfacet
  facet normal 0 0 1
    outer loop
      vertex 52.705 44.925 -5.29999
      vertex -29.7334 38.573 -5.29999
      vertex -29.6804 38.4357 -5.29999
    endloop
  endfacet
  facet normal 0 0 1
    outer loop
      vertex 52.705 44.925 -5.29999
      vertex -29.793 38.7077 -5.29999
      vertex -29.7334 38.573 -5.29999
    endloop
  endfacet
  facet normal 0 0 1
    outer loop
      vertex 52.705 44.925 -5.29999
      vertex -29.8592 38.8392 -5.29999
      vertex -29.793 38.7077 -5.29999
    endloop
  endfacet
  facet normal 0 0 1
    outer loop
      vertex 52.705 44.925 -5.29999
      vertex -29.9318 38.9673 -5.29999
      vertex -29.8592 38.8392 -5.29999
    endloop
  endfacet
  facet normal 0 0 1
    outer loop
      vertex 52.705 44.925 -5.29999
      vertex -30.0106 39.0917 -5.29999
      vertex -29.9318 38.9673 -5.29999
    endloop
  endfacet
  facet normal 0 0 1
    outer loop
      vertex 52.705 44.925 -5.29999
      vertex -30.0954 39.2121 -5.29999
      vertex -30.0106 39.0917 -5.29999
    endloop
  endfacet
  facet normal 0 0 1
    outer loop
      vertex 52.705 44.925 -5.29999
      vertex -30.186 39.3282 -5.29999
      vertex -30.0954 39.2121 -5.29999
    endloop
  endfacet
  facet normal 0 0 1
    outer loop
      vertex 52.705 44.925 -5.29999
      vertex -30.2821 39.4397 -5.29999
      vertex -30.186 39.3282 -5.29999
    endloop
  endfacet
  facet normal 0 0 1
    outer loop
      vertex 52.705 44.925 -5.29999
      vertex -30.3837 39.5463 -5.29999
      vertex -30.2821 39.4397 -5.29999
    endloop
  endfacet
  facet normal 0 0 1
    outer loop
      vertex 52.705 44.925 -5.29999
      vertex -30.4903 39.6479 -5.29999
      vertex -30.3837 39.5463 -5.29999
    endloop
  endfacet
  facet normal 0 0 1
    outer loop
      vertex 52.705 44.925 -5.29999
      vertex -30.6018 39.744 -5.29999
      vertex -30.4903 39.6479 -5.29999
    endloop
  endfacet
  facet normal 0 0 1
    outer loop
      vertex 52.705 44.925 -5.29999
      vertex -30.7179 39.8346 -5.29999
      vertex -30.6018 39.744 -5.29999
    endloop
  endfacet
  facet normal 0 0 1
    outer loop
      vertex 52.705 44.925 -5.29999
      vertex -30.8383 39.9194 -5.29999
      vertex -30.7179 39.8346 -5.29999
    endloop
  endfacet
  facet normal 0 0 1
    outer loop
      vertex 52.705 44.925 -5.29999
      vertex -30.9627 39.9982 -5.29999
      vertex -30.8383 39.9194 -5.29999
    endloop
  endfacet
  facet normal 0 0 1
    outer loop
      vertex 52.705 44.925 -5.29999
      vertex -31.0908 40.0708 -5.29999
      vertex -30.9627 39.9982 -5.29999
    endloop
  endfacet
  facet normal 0 0 1
    outer loop
      vertex 52.705 44.925 -5.29999
      vertex -31.2223 40.137 -5.29999
      vertex -31.0908 40.0708 -5.29999
    endloop
  endfacet
  facet normal 0 0 1
    outer loop
      vertex 52.705 44.925 -5.29999
      vertex -31.357 40.1966 -5.29999
      vertex -31.2223 40.137 -5.29999
    endloop
  endfacet
  facet normal 0 0 1
    outer loop
      vertex 52.705 44.925 -5.29999
      vertex -31.4943 40.2496 -5.29999
      vertex -31.357 40.1966 -5.29999
    endloop
  endfacet
  facet normal 0 0 1
    outer loop
      vertex 52.705 44.925 -5.29999
      vertex -31.6341 40.2958 -5.29999
      vertex -31.4943 40.2496 -5.29999
    endloop
  endfacet
  facet normal 0 0 1
    outer loop
      vertex 52.705 44.925 -5.29999
      vertex -31.7761 40.3351 -5.29999
      vertex -31.6341 40.2958 -5.29999
    endloop
  endfacet
  facet normal 0 0 1
    outer loop
      vertex 52.705 44.925 -5.29999
      vertex -31.9197 40.3674 -5.29999
      vertex -31.7761 40.3351 -5.29999
    endloop
  endfacet
  facet normal 0 0 1
    outer loop
      vertex 52.705 44.925 -5.29999
      vertex -32.0648 40.3925 -5.29999
      vertex -31.9197 40.3674 -5.29999
    endloop
  endfacet
  facet normal -0 0 1
    outer loop
      vertex -52.705 44.925 -5.29999
      vertex -32.0648 40.3925 -5.29999
      vertex 52.705 44.925 -5.29999
    endloop
  endfacet
  facet normal 0 0 1
    outer loop
      vertex -32.0648 40.3925 -5.29999
      vertex -52.705 44.925 -5.29999
      vertex -32.2109 40.4106 -5.29999
    endloop
  endfacet
  facet normal 0 0 1
    outer loop
      vertex -32.2109 40.4106 -5.29999
      vertex -52.705 44.925 -5.29999
      vertex -32.3578 40.4214 -5.29999
    endloop
  endfacet
  facet normal 0 0 1
    outer loop
      vertex -32.3578 40.4214 -5.29999
      vertex -52.705 44.925 -5.29999
      vertex -32.505 40.425 -5.29999
    endloop
  endfacet
  facet normal 0 0 1
    outer loop
      vertex -35.0782 38.9673 -5.29999
      vertex -35.1318 38.9673 -5.29999
      vertex -35.105 38.92 -5.29999
    endloop
  endfacet
  facet normal 0 0 1
    outer loop
      vertex -34.9994 39.0917 -5.29999
      vertex -35.1318 38.9673 -5.29999
      vertex -35.0782 38.9673 -5.29999
    endloop
  endfacet
  facet normal 0 0 1
    outer loop
      vertex -35.2106 39.0917 -5.29999
      vertex -34.9994 39.0917 -5.29999
      vertex -34.9146 39.2121 -5.29999
    endloop
  endfacet
  facet normal 0 0 1
    outer loop
      vertex -35.2954 39.2121 -5.29999
      vertex -34.9146 39.2121 -5.29999
      vertex -34.824 39.3282 -5.29999
    endloop
  endfacet
  facet normal 0 0 1
    outer loop
      vertex -34.9994 39.0917 -5.29999
      vertex -35.2106 39.0917 -5.29999
      vertex -35.1318 38.9673 -5.29999
    endloop
  endfacet
  facet normal 0 0 1
    outer loop
      vertex -35.386 39.3282 -5.29999
      vertex -34.824 39.3282 -5.29999
      vertex -34.7279 39.4397 -5.29999
    endloop
  endfacet
  facet normal 0 0 1
    outer loop
      vertex -35.4821 39.4397 -5.29999
      vertex -34.7279 39.4397 -5.29999
      vertex -34.6263 39.5463 -5.29999
    endloop
  endfacet
  facet normal 0 0 1
    outer loop
      vertex -35.5837 39.5463 -5.29999
      vertex -34.6263 39.5463 -5.29999
      vertex -34.5197 39.6479 -5.29999
    endloop
  endfacet
  facet normal 0 0 1
    outer loop
      vertex -35.6903 39.6479 -5.29999
      vertex -34.5197 39.6479 -5.29999
      vertex -34.4082 39.744 -5.29999
    endloop
  endfacet
  facet normal 0 0 1
    outer loop
      vertex -34.9146 39.2121 -5.29999
      vertex -35.2954 39.2121 -5.29999
      vertex -35.2106 39.0917 -5.29999
    endloop
  endfacet
  facet normal 0 0 1
    outer loop
      vertex -35.8018 39.744 -5.29999
      vertex -34.4082 39.744 -5.29999
      vertex -34.2921 39.8346 -5.29999
    endloop
  endfacet
  facet normal 0 0 1
    outer loop
      vertex -35.9179 39.8346 -5.29999
      vertex -34.2921 39.8346 -5.29999
      vertex -34.1717 39.9194 -5.29999
    endloop
  endfacet
  facet normal 0 0 1
    outer loop
      vertex -36.0383 39.9194 -5.29999
      vertex -34.1717 39.9194 -5.29999
      vertex -34.0473 39.9982 -5.29999
    endloop
  endfacet
  facet normal 0 0 1
    outer loop
      vertex -34.824 39.3282 -5.29999
      vertex -35.386 39.3282 -5.29999
      vertex -35.2954 39.2121 -5.29999
    endloop
  endfacet
  facet normal 0 0 1
    outer loop
      vertex -36.1627 39.9982 -5.29999
      vertex -34.0473 39.9982 -5.29999
      vertex -33.9192 40.0708 -5.29999
    endloop
  endfacet
  facet normal 0 0 1
    outer loop
      vertex -34.7279 39.4397 -5.29999
      vertex -35.4821 39.4397 -5.29999
      vertex -35.386 39.3282 -5.29999
    endloop
  endfacet
  facet normal 0 0 1
    outer loop
      vertex -36.2908 40.0708 -5.29999
      vertex -33.9192 40.0708 -5.29999
      vertex -33.7877 40.137 -5.29999
    endloop
  endfacet
  facet normal 0 0 1
    outer loop
      vertex -36.4223 40.137 -5.29999
      vertex -33.7877 40.137 -5.29999
      vertex -33.653 40.1966 -5.29999
    endloop
  endfacet
  facet normal 0 0 1
    outer loop
      vertex -34.6263 39.5463 -5.29999
      vertex -35.5837 39.5463 -5.29999
      vertex -35.4821 39.4397 -5.29999
    endloop
  endfacet
  facet normal 0 0 1
    outer loop
      vertex -36.5569 40.1966 -5.29999
      vertex -33.653 40.1966 -5.29999
      vertex -33.5157 40.2496 -5.29999
    endloop
  endfacet
  facet normal 0 0 1
    outer loop
      vertex -34.5197 39.6479 -5.29999
      vertex -35.6903 39.6479 -5.29999
      vertex -35.5837 39.5463 -5.29999
    endloop
  endfacet
  facet normal 0 0 1
    outer loop
      vertex -36.6943 40.2496 -5.29999
      vertex -33.5157 40.2496 -5.29999
      vertex -33.3759 40.2958 -5.29999
    endloop
  endfacet
  facet normal 0 0 1
    outer loop
      vertex -34.4082 39.744 -5.29999
      vertex -35.8018 39.744 -5.29999
      vertex -35.6903 39.6479 -5.29999
    endloop
  endfacet
  facet normal 0 0 1
    outer loop
      vertex -36.8341 40.2958 -5.29999
      vertex -33.3759 40.2958 -5.29999
      vertex -33.2339 40.3351 -5.29999
    endloop
  endfacet
  facet normal 0 0 1
    outer loop
      vertex -34.2921 39.8346 -5.29999
      vertex -35.9179 39.8346 -5.29999
      vertex -35.8018 39.744 -5.29999
    endloop
  endfacet
  facet normal 0 0 1
    outer loop
      vertex -36.9761 40.3351 -5.29999
      vertex -33.2339 40.3351 -5.29999
      vertex -33.0903 40.3674 -5.29999
    endloop
  endfacet
  facet normal 0 0 1
    outer loop
      vertex -34.1717 39.9194 -5.29999
      vertex -36.0383 39.9194 -5.29999
      vertex -35.9179 39.8346 -5.29999
    endloop
  endfacet
  facet normal 0 0 1
    outer loop
      vertex -37.1197 40.3674 -5.29999
      vertex -33.0903 40.3674 -5.29999
      vertex -32.9452 40.3925 -5.29999
    endloop
  endfacet
  facet normal 0 0 1
    outer loop
      vertex -34.0473 39.9982 -5.29999
      vertex -36.1627 39.9982 -5.29999
      vertex -36.0383 39.9194 -5.29999
    endloop
  endfacet
  facet normal 0 0 1
    outer loop
      vertex -37.2648 40.3925 -5.29999
      vertex -32.9452 40.3925 -5.29999
      vertex -32.7991 40.4106 -5.29999
    endloop
  endfacet
  facet normal 0 0 1
    outer loop
      vertex -33.9192 40.0708 -5.29999
      vertex -36.2908 40.0708 -5.29999
      vertex -36.1627 39.9982 -5.29999
    endloop
  endfacet
  facet normal 0 0 1
    outer loop
      vertex -33.7877 40.137 -5.29999
      vertex -36.4223 40.137 -5.29999
      vertex -36.2908 40.0708 -5.29999
    endloop
  endfacet
  facet normal 0 0 1
    outer loop
      vertex -33.653 40.1966 -5.29999
      vertex -36.5569 40.1966 -5.29999
      vertex -36.4223 40.137 -5.29999
    endloop
  endfacet
  facet normal 0 0 1
    outer loop
      vertex -37.4109 40.4106 -5.29999
      vertex -32.7991 40.4106 -5.29999
      vertex -32.6522 40.4214 -5.29999
    endloop
  endfacet
  facet normal 0 0 1
    outer loop
      vertex -33.5157 40.2496 -5.29999
      vertex -36.6943 40.2496 -5.29999
      vertex -36.5569 40.1966 -5.29999
    endloop
  endfacet
  facet normal 0 0 1
    outer loop
      vertex -32.505 40.425 -5.29999
      vertex -52.705 44.925 -5.29999
      vertex -32.6522 40.4214 -5.29999
    endloop
  endfacet
  facet normal 0 0 1
    outer loop
      vertex -33.3759 40.2958 -5.29999
      vertex -36.8341 40.2958 -5.29999
      vertex -36.6943 40.2496 -5.29999
    endloop
  endfacet
  facet normal 0 0 1
    outer loop
      vertex -33.2339 40.3351 -5.29999
      vertex -36.9761 40.3351 -5.29999
      vertex -36.8341 40.2958 -5.29999
    endloop
  endfacet
  facet normal 0 -0 1
    outer loop
      vertex -37.4109 40.4106 -5.29999
      vertex -32.6522 40.4214 -5.29999
      vertex -52.705 44.925 -5.29999
    endloop
  endfacet
  facet normal 0 0 1
    outer loop
      vertex -33.0903 40.3674 -5.29999
      vertex -37.1197 40.3674 -5.29999
      vertex -36.9761 40.3351 -5.29999
    endloop
  endfacet
  facet normal 0 0 1
    outer loop
      vertex -32.9452 40.3925 -5.29999
      vertex -37.2648 40.3925 -5.29999
      vertex -37.1197 40.3674 -5.29999
    endloop
  endfacet
  facet normal 0 0 1
    outer loop
      vertex -32.7991 40.4106 -5.29999
      vertex -37.4109 40.4106 -5.29999
      vertex -37.2648 40.3925 -5.29999
    endloop
  endfacet
  facet normal 0 0 1
    outer loop
      vertex -37.4109 40.4106 -5.29999
      vertex -52.705 44.925 -5.29999
      vertex -37.5578 40.4214 -5.29999
    endloop
  endfacet
  facet normal 0 0 1
    outer loop
      vertex -37.5578 40.4214 -5.29999
      vertex -52.705 44.925 -5.29999
      vertex -37.705 40.425 -5.29999
    endloop
  endfacet
  facet normal 0 0 1
    outer loop
      vertex -40.6906 37.7191 -5.29999
      vertex -52.705 31.75 -5.29999
      vertex -40.7014 37.5722 -5.29999
    endloop
  endfacet
  facet normal 0 0 1
    outer loop
      vertex -52.705 31.75 -5.29999
      vertex -40.6906 37.7191 -5.29999
      vertex -52.705 44.925 -5.29999
    endloop
  endfacet
  facet normal 0 0 1
    outer loop
      vertex -40.6725 37.8652 -5.29999
      vertex -52.705 44.925 -5.29999
      vertex -40.6906 37.7191 -5.29999
    endloop
  endfacet
  facet normal 0 0 1
    outer loop
      vertex -40.6474 38.0103 -5.29999
      vertex -52.705 44.925 -5.29999
      vertex -40.6725 37.8652 -5.29999
    endloop
  endfacet
  facet normal 0 0 1
    outer loop
      vertex -40.6151 38.1539 -5.29999
      vertex -52.705 44.925 -5.29999
      vertex -40.6474 38.0103 -5.29999
    endloop
  endfacet
  facet normal 0 0 1
    outer loop
      vertex -40.5758 38.2959 -5.29999
      vertex -52.705 44.925 -5.29999
      vertex -40.6151 38.1539 -5.29999
    endloop
  endfacet
  facet normal 0 0 1
    outer loop
      vertex -40.5296 38.4357 -5.29999
      vertex -52.705 44.925 -5.29999
      vertex -40.5758 38.2959 -5.29999
    endloop
  endfacet
  facet normal 0 0 1
    outer loop
      vertex -40.4766 38.573 -5.29999
      vertex -52.705 44.925 -5.29999
      vertex -40.5296 38.4357 -5.29999
    endloop
  endfacet
  facet normal 0 0 1
    outer loop
      vertex -40.417 38.7077 -5.29999
      vertex -52.705 44.925 -5.29999
      vertex -40.4766 38.573 -5.29999
    endloop
  endfacet
  facet normal 0 0 1
    outer loop
      vertex -40.3508 38.8392 -5.29999
      vertex -52.705 44.925 -5.29999
      vertex -40.417 38.7077 -5.29999
    endloop
  endfacet
  facet normal 0 0 1
    outer loop
      vertex -40.2782 38.9673 -5.29999
      vertex -52.705 44.925 -5.29999
      vertex -40.3508 38.8392 -5.29999
    endloop
  endfacet
  facet normal 0 0 1
    outer loop
      vertex -40.1994 39.0917 -5.29999
      vertex -52.705 44.925 -5.29999
      vertex -40.2782 38.9673 -5.29999
    endloop
  endfacet
  facet normal 0 0 1
    outer loop
      vertex -40.1146 39.2121 -5.29999
      vertex -52.705 44.925 -5.29999
      vertex -40.1994 39.0917 -5.29999
    endloop
  endfacet
  facet normal 0 0 1
    outer loop
      vertex -40.024 39.3282 -5.29999
      vertex -52.705 44.925 -5.29999
      vertex -40.1146 39.2121 -5.29999
    endloop
  endfacet
  facet normal 0 0 1
    outer loop
      vertex -39.9279 39.4397 -5.29999
      vertex -52.705 44.925 -5.29999
      vertex -40.024 39.3282 -5.29999
    endloop
  endfacet
  facet normal 0 0 1
    outer loop
      vertex -39.8263 39.5463 -5.29999
      vertex -52.705 44.925 -5.29999
      vertex -39.9279 39.4397 -5.29999
    endloop
  endfacet
  facet normal 0 0 1
    outer loop
      vertex -39.7197 39.6479 -5.29999
      vertex -52.705 44.925 -5.29999
      vertex -39.8263 39.5463 -5.29999
    endloop
  endfacet
  facet normal 0 0 1
    outer loop
      vertex -39.6082 39.744 -5.29999
      vertex -52.705 44.925 -5.29999
      vertex -39.7197 39.6479 -5.29999
    endloop
  endfacet
  facet normal 0 0 1
    outer loop
      vertex -39.4921 39.8346 -5.29999
      vertex -52.705 44.925 -5.29999
      vertex -39.6082 39.744 -5.29999
    endloop
  endfacet
  facet normal 0 0 1
    outer loop
      vertex -39.3717 39.9194 -5.29999
      vertex -52.705 44.925 -5.29999
      vertex -39.4921 39.8346 -5.29999
    endloop
  endfacet
  facet normal 0 0 1
    outer loop
      vertex -39.2473 39.9982 -5.29999
      vertex -52.705 44.925 -5.29999
      vertex -39.3717 39.9194 -5.29999
    endloop
  endfacet
  facet normal 0 0 1
    outer loop
      vertex -39.1192 40.0708 -5.29999
      vertex -52.705 44.925 -5.29999
      vertex -39.2473 39.9982 -5.29999
    endloop
  endfacet
  facet normal 0 0 1
    outer loop
      vertex -38.9877 40.137 -5.29999
      vertex -52.705 44.925 -5.29999
      vertex -39.1192 40.0708 -5.29999
    endloop
  endfacet
  facet normal 0 0 1
    outer loop
      vertex -38.8531 40.1966 -5.29999
      vertex -52.705 44.925 -5.29999
      vertex -38.9877 40.137 -5.29999
    endloop
  endfacet
  facet normal 0 0 1
    outer loop
      vertex -38.7157 40.2496 -5.29999
      vertex -52.705 44.925 -5.29999
      vertex -38.8531 40.1966 -5.29999
    endloop
  endfacet
  facet normal 0 0 1
    outer loop
      vertex -38.5759 40.2958 -5.29999
      vertex -52.705 44.925 -5.29999
      vertex -38.7157 40.2496 -5.29999
    endloop
  endfacet
  facet normal 0 0 1
    outer loop
      vertex -38.4339 40.3351 -5.29999
      vertex -52.705 44.925 -5.29999
      vertex -38.5759 40.2958 -5.29999
    endloop
  endfacet
  facet normal 0 0 1
    outer loop
      vertex -38.2903 40.3674 -5.29999
      vertex -52.705 44.925 -5.29999
      vertex -38.4339 40.3351 -5.29999
    endloop
  endfacet
  facet normal 0 0 1
    outer loop
      vertex -38.1452 40.3925 -5.29999
      vertex -52.705 44.925 -5.29999
      vertex -38.2903 40.3674 -5.29999
    endloop
  endfacet
  facet normal 0 0 1
    outer loop
      vertex -37.9991 40.4106 -5.29999
      vertex -52.705 44.925 -5.29999
      vertex -38.1452 40.3925 -5.29999
    endloop
  endfacet
  facet normal 0 0 1
    outer loop
      vertex -37.8522 40.4214 -5.29999
      vertex -52.705 44.925 -5.29999
      vertex -37.9991 40.4106 -5.29999
    endloop
  endfacet
  facet normal 0 0 1
    outer loop
      vertex -37.705 40.425 -5.29999
      vertex -52.705 44.925 -5.29999
      vertex -37.8522 40.4214 -5.29999
    endloop
  endfacet
  facet normal -0 0 1
    outer loop
      vertex -29.5086 37.2778 -5.29999
      vertex 52.705 31.75 -5.29999
      vertex -29.505 37.425 -5.29999
    endloop
  endfacet
  facet normal -0 0 1
    outer loop
      vertex -29.5194 37.1309 -5.29999
      vertex 52.705 31.75 -5.29999
      vertex -29.5086 37.2778 -5.29999
    endloop
  endfacet
  facet normal -0 0 1
    outer loop
      vertex -29.5375 36.9848 -5.29999
      vertex 52.705 31.75 -5.29999
      vertex -29.5194 37.1309 -5.29999
    endloop
  endfacet
  facet normal -0 0 1
    outer loop
      vertex -29.5626 36.8397 -5.29999
      vertex 52.705 31.75 -5.29999
      vertex -29.5375 36.9848 -5.29999
    endloop
  endfacet
  facet normal -0 0 1
    outer loop
      vertex -29.5949 36.6961 -5.29999
      vertex 52.705 31.75 -5.29999
      vertex -29.5626 36.8397 -5.29999
    endloop
  endfacet
  facet normal -0 0 1
    outer loop
      vertex -29.6342 36.5541 -5.29999
      vertex 52.705 31.75 -5.29999
      vertex -29.5949 36.6961 -5.29999
    endloop
  endfacet
  facet normal -0 0 1
    outer loop
      vertex -29.6804 36.4143 -5.29999
      vertex 52.705 31.75 -5.29999
      vertex -29.6342 36.5541 -5.29999
    endloop
  endfacet
  facet normal -0 0 1
    outer loop
      vertex -29.7334 36.277 -5.29999
      vertex 52.705 31.75 -5.29999
      vertex -29.6804 36.4143 -5.29999
    endloop
  endfacet
  facet normal -0 0 1
    outer loop
      vertex -29.793 36.1423 -5.29999
      vertex 52.705 31.75 -5.29999
      vertex -29.7334 36.277 -5.29999
    endloop
  endfacet
  facet normal -0 0 1
    outer loop
      vertex -29.8592 36.0108 -5.29999
      vertex 52.705 31.75 -5.29999
      vertex -29.793 36.1423 -5.29999
    endloop
  endfacet
  facet normal -0 0 1
    outer loop
      vertex -29.9318 35.8827 -5.29999
      vertex 52.705 31.75 -5.29999
      vertex -29.8592 36.0108 -5.29999
    endloop
  endfacet
  facet normal -0 0 1
    outer loop
      vertex -30.0106 35.7583 -5.29999
      vertex 52.705 31.75 -5.29999
      vertex -29.9318 35.8827 -5.29999
    endloop
  endfacet
  facet normal -0 0 1
    outer loop
      vertex -30.0954 35.6379 -5.29999
      vertex 52.705 31.75 -5.29999
      vertex -30.0106 35.7583 -5.29999
    endloop
  endfacet
  facet normal -0 0 1
    outer loop
      vertex -30.186 35.5218 -5.29999
      vertex 52.705 31.75 -5.29999
      vertex -30.0954 35.6379 -5.29999
    endloop
  endfacet
  facet normal -0 0 1
    outer loop
      vertex -30.2821 35.4103 -5.29999
      vertex 52.705 31.75 -5.29999
      vertex -30.186 35.5218 -5.29999
    endloop
  endfacet
  facet normal -0 0 1
    outer loop
      vertex -30.3837 35.3037 -5.29999
      vertex 52.705 31.75 -5.29999
      vertex -30.2821 35.4103 -5.29999
    endloop
  endfacet
  facet normal -0 0 1
    outer loop
      vertex -30.4903 35.2021 -5.29999
      vertex 52.705 31.75 -5.29999
      vertex -30.3837 35.3037 -5.29999
    endloop
  endfacet
  facet normal -0 0 1
    outer loop
      vertex -30.6018 35.106 -5.29999
      vertex 52.705 31.75 -5.29999
      vertex -30.4903 35.2021 -5.29999
    endloop
  endfacet
  facet normal -0 0 1
    outer loop
      vertex -30.7179 35.0154 -5.29999
      vertex 52.705 31.75 -5.29999
      vertex -30.6018 35.106 -5.29999
    endloop
  endfacet
  facet normal -0 0 1
    outer loop
      vertex -30.8383 34.9306 -5.29999
      vertex 52.705 31.75 -5.29999
      vertex -30.7179 35.0154 -5.29999
    endloop
  endfacet
  facet normal -0 0 1
    outer loop
      vertex -30.9627 34.8518 -5.29999
      vertex 52.705 31.75 -5.29999
      vertex -30.8383 34.9306 -5.29999
    endloop
  endfacet
  facet normal -0 0 1
    outer loop
      vertex -31.0908 34.7792 -5.29999
      vertex 52.705 31.75 -5.29999
      vertex -30.9627 34.8518 -5.29999
    endloop
  endfacet
  facet normal -0 0 1
    outer loop
      vertex -31.2223 34.713 -5.29999
      vertex 52.705 31.75 -5.29999
      vertex -31.0908 34.7792 -5.29999
    endloop
  endfacet
  facet normal -0 0 1
    outer loop
      vertex -31.357 34.6534 -5.29999
      vertex 52.705 31.75 -5.29999
      vertex -31.2223 34.713 -5.29999
    endloop
  endfacet
  facet normal -0 0 1
    outer loop
      vertex -31.4943 34.6004 -5.29999
      vertex 52.705 31.75 -5.29999
      vertex -31.357 34.6534 -5.29999
    endloop
  endfacet
  facet normal -0 0 1
    outer loop
      vertex -31.6341 34.5542 -5.29999
      vertex 52.705 31.75 -5.29999
      vertex -31.4943 34.6004 -5.29999
    endloop
  endfacet
  facet normal -0 0 1
    outer loop
      vertex -31.7761 34.5149 -5.29999
      vertex 52.705 31.75 -5.29999
      vertex -31.6341 34.5542 -5.29999
    endloop
  endfacet
  facet normal -0 0 1
    outer loop
      vertex -31.9197 34.4826 -5.29999
      vertex 52.705 31.75 -5.29999
      vertex -31.7761 34.5149 -5.29999
    endloop
  endfacet
  facet normal -0 0 1
    outer loop
      vertex -32.0648 34.4575 -5.29999
      vertex 52.705 31.75 -5.29999
      vertex -31.9197 34.4826 -5.29999
    endloop
  endfacet
  facet normal -0 0 1
    outer loop
      vertex -32.2109 34.4394 -5.29999
      vertex 52.705 31.75 -5.29999
      vertex -32.0648 34.4575 -5.29999
    endloop
  endfacet
  facet normal 0 0 1
    outer loop
      vertex -52.705 31.75 -5.29999
      vertex -32.2109 34.4394 -5.29999
      vertex -32.3578 34.4286 -5.29999
    endloop
  endfacet
  facet normal 0 0 1
    outer loop
      vertex -52.705 31.75 -5.29999
      vertex -32.3578 34.4286 -5.29999
      vertex -32.505 34.425 -5.29999
    endloop
  endfacet
  facet normal 0 0 1
    outer loop
      vertex -52.705 31.75 -5.29999
      vertex -32.505 34.425 -5.29999
      vertex -32.6522 34.4286 -5.29999
    endloop
  endfacet
  facet normal 0 0 1
    outer loop
      vertex -35.1318 35.8827 -5.29999
      vertex -35.0782 35.8827 -5.29999
      vertex -35.105 35.93 -5.29999
    endloop
  endfacet
  facet normal -0 0 1
    outer loop
      vertex -35.1318 35.8827 -5.29999
      vertex -34.9994 35.7583 -5.29999
      vertex -35.0782 35.8827 -5.29999
    endloop
  endfacet
  facet normal 0 0 1
    outer loop
      vertex -35.2106 35.7583 -5.29999
      vertex -34.9994 35.7583 -5.29999
      vertex -35.1318 35.8827 -5.29999
    endloop
  endfacet
  facet normal 0 0 1
    outer loop
      vertex -34.9994 35.7583 -5.29999
      vertex -35.2106 35.7583 -5.29999
      vertex -34.9146 35.6379 -5.29999
    endloop
  endfacet
  facet normal 0 0 1
    outer loop
      vertex -35.2954 35.6379 -5.29999
      vertex -34.9146 35.6379 -5.29999
      vertex -35.2106 35.7583 -5.29999
    endloop
  endfacet
  facet normal 0 0 1
    outer loop
      vertex -34.9146 35.6379 -5.29999
      vertex -35.2954 35.6379 -5.29999
      vertex -34.824 35.5218 -5.29999
    endloop
  endfacet
  facet normal 0 0 1
    outer loop
      vertex -35.386 35.5218 -5.29999
      vertex -34.824 35.5218 -5.29999
      vertex -35.2954 35.6379 -5.29999
    endloop
  endfacet
  facet normal 0 0 1
    outer loop
      vertex -34.824 35.5218 -5.29999
      vertex -35.386 35.5218 -5.29999
      vertex -34.7279 35.4103 -5.29999
    endloop
  endfacet
  facet normal 0 0 1
    outer loop
      vertex -35.4821 35.4103 -5.29999
      vertex -34.7279 35.4103 -5.29999
      vertex -35.386 35.5218 -5.29999
    endloop
  endfacet
  facet normal 0 0 1
    outer loop
      vertex -34.7279 35.4103 -5.29999
      vertex -35.4821 35.4103 -5.29999
      vertex -34.6263 35.3037 -5.29999
    endloop
  endfacet
  facet normal 0 0 1
    outer loop
      vertex -35.5837 35.3037 -5.29999
      vertex -34.6263 35.3037 -5.29999
      vertex -35.4821 35.4103 -5.29999
    endloop
  endfacet
  facet normal 0 0 1
    outer loop
      vertex -34.6263 35.3037 -5.29999
      vertex -35.5837 35.3037 -5.29999
      vertex -34.5197 35.2021 -5.29999
    endloop
  endfacet
  facet normal 0 0 1
    outer loop
      vertex -35.6903 35.2021 -5.29999
      vertex -34.5197 35.2021 -5.29999
      vertex -35.5837 35.3037 -5.29999
    endloop
  endfacet
  facet normal 0 0 1
    outer loop
      vertex -34.5197 35.2021 -5.29999
      vertex -35.6903 35.2021 -5.29999
      vertex -34.4082 35.106 -5.29999
    endloop
  endfacet
  facet normal 0 0 1
    outer loop
      vertex -35.8018 35.106 -5.29999
      vertex -34.4082 35.106 -5.29999
      vertex -35.6903 35.2021 -5.29999
    endloop
  endfacet
  facet normal 0 0 1
    outer loop
      vertex -34.4082 35.106 -5.29999
      vertex -35.8018 35.106 -5.29999
      vertex -34.2921 35.0154 -5.29999
    endloop
  endfacet
  facet normal 0 0 1
    outer loop
      vertex -35.9179 35.0154 -5.29999
      vertex -34.2921 35.0154 -5.29999
      vertex -35.8018 35.106 -5.29999
    endloop
  endfacet
  facet normal 0 0 1
    outer loop
      vertex -34.2921 35.0154 -5.29999
      vertex -35.9179 35.0154 -5.29999
      vertex -34.1717 34.9306 -5.29999
    endloop
  endfacet
  facet normal 0 0 1
    outer loop
      vertex -36.0383 34.9306 -5.29999
      vertex -34.1717 34.9306 -5.29999
      vertex -35.9179 35.0154 -5.29999
    endloop
  endfacet
  facet normal 0 0 1
    outer loop
      vertex -34.1717 34.9306 -5.29999
      vertex -36.0383 34.9306 -5.29999
      vertex -34.0473 34.8518 -5.29999
    endloop
  endfacet
  facet normal 0 0 1
    outer loop
      vertex -36.1627 34.8518 -5.29999
      vertex -34.0473 34.8518 -5.29999
      vertex -36.0383 34.9306 -5.29999
    endloop
  endfacet
  facet normal 0 0 1
    outer loop
      vertex -34.0473 34.8518 -5.29999
      vertex -36.1627 34.8518 -5.29999
      vertex -33.9192 34.7792 -5.29999
    endloop
  endfacet
  facet normal 0 0 1
    outer loop
      vertex -36.2908 34.7792 -5.29999
      vertex -33.9192 34.7792 -5.29999
      vertex -36.1627 34.8518 -5.29999
    endloop
  endfacet
  facet normal 0 0 1
    outer loop
      vertex -33.9192 34.7792 -5.29999
      vertex -36.2908 34.7792 -5.29999
      vertex -33.7877 34.713 -5.29999
    endloop
  endfacet
  facet normal 0 0 1
    outer loop
      vertex -36.4223 34.713 -5.29999
      vertex -33.7877 34.713 -5.29999
      vertex -36.2908 34.7792 -5.29999
    endloop
  endfacet
  facet normal 0 0 1
    outer loop
      vertex -33.7877 34.713 -5.29999
      vertex -36.4223 34.713 -5.29999
      vertex -33.653 34.6534 -5.29999
    endloop
  endfacet
  facet normal 0 0 1
    outer loop
      vertex -36.5569 34.6534 -5.29999
      vertex -33.653 34.6534 -5.29999
      vertex -36.4223 34.713 -5.29999
    endloop
  endfacet
  facet normal 0 0 1
    outer loop
      vertex -33.653 34.6534 -5.29999
      vertex -36.5569 34.6534 -5.29999
      vertex -33.5157 34.6004 -5.29999
    endloop
  endfacet
  facet normal 0 0 1
    outer loop
      vertex -36.6943 34.6004 -5.29999
      vertex -33.5157 34.6004 -5.29999
      vertex -36.5569 34.6534 -5.29999
    endloop
  endfacet
  facet normal 0 0 1
    outer loop
      vertex -33.5157 34.6004 -5.29999
      vertex -36.6943 34.6004 -5.29999
      vertex -33.3759 34.5542 -5.29999
    endloop
  endfacet
  facet normal 0 0 1
    outer loop
      vertex -36.8341 34.5542 -5.29999
      vertex -33.3759 34.5542 -5.29999
      vertex -36.6943 34.6004 -5.29999
    endloop
  endfacet
  facet normal 0 0 1
    outer loop
      vertex -33.3759 34.5542 -5.29999
      vertex -36.8341 34.5542 -5.29999
      vertex -33.2339 34.5149 -5.29999
    endloop
  endfacet
  facet normal 0 0 1
    outer loop
      vertex -36.9761 34.5149 -5.29999
      vertex -33.2339 34.5149 -5.29999
      vertex -36.8341 34.5542 -5.29999
    endloop
  endfacet
  facet normal 0 0 1
    outer loop
      vertex -33.2339 34.5149 -5.29999
      vertex -36.9761 34.5149 -5.29999
      vertex -33.0903 34.4826 -5.29999
    endloop
  endfacet
  facet normal 0 0 1
    outer loop
      vertex -37.1197 34.4826 -5.29999
      vertex -33.0903 34.4826 -5.29999
      vertex -36.9761 34.5149 -5.29999
    endloop
  endfacet
  facet normal 0 0 1
    outer loop
      vertex -33.0903 34.4826 -5.29999
      vertex -37.1197 34.4826 -5.29999
      vertex -32.9452 34.4575 -5.29999
    endloop
  endfacet
  facet normal 0 0 1
    outer loop
      vertex -37.2648 34.4575 -5.29999
      vertex -32.9452 34.4575 -5.29999
      vertex -37.1197 34.4826 -5.29999
    endloop
  endfacet
  facet normal 0 0 1
    outer loop
      vertex -32.9452 34.4575 -5.29999
      vertex -37.2648 34.4575 -5.29999
      vertex -32.7991 34.4394 -5.29999
    endloop
  endfacet
  facet normal 0 0 1
    outer loop
      vertex -37.4109 34.4394 -5.29999
      vertex -32.7991 34.4394 -5.29999
      vertex -37.2648 34.4575 -5.29999
    endloop
  endfacet
  facet normal 0 0 1
    outer loop
      vertex -32.7991 34.4394 -5.29999
      vertex -37.4109 34.4394 -5.29999
      vertex -32.6522 34.4286 -5.29999
    endloop
  endfacet
  facet normal 0 0 1
    outer loop
      vertex -37.5578 34.4286 -5.29999
      vertex -32.6522 34.4286 -5.29999
      vertex -37.4109 34.4394 -5.29999
    endloop
  endfacet
  facet normal 0 0 1
    outer loop
      vertex -32.6522 34.4286 -5.29999
      vertex -37.5578 34.4286 -5.29999
      vertex -52.705 31.75 -5.29999
    endloop
  endfacet
  facet normal 0 0 1
    outer loop
      vertex -52.705 31.75 -5.29999
      vertex -37.5578 34.4286 -5.29999
      vertex -37.705 34.425 -5.29999
    endloop
  endfacet
  facet normal 0 0 1
    outer loop
      vertex -52.705 31.75 -5.29999
      vertex -37.705 34.425 -5.29999
      vertex -37.8522 34.4286 -5.29999
    endloop
  endfacet
  facet normal 0 0 1
    outer loop
      vertex -40.7014 37.5722 -5.29999
      vertex -52.705 31.75 -5.29999
      vertex -40.705 37.425 -5.29999
    endloop
  endfacet
  facet normal 0 0 1
    outer loop
      vertex -40.705 37.425 -5.29999
      vertex -52.705 31.75 -5.29999
      vertex -40.7014 37.2778 -5.29999
    endloop
  endfacet
  facet normal 0 0 1
    outer loop
      vertex -40.7014 37.2778 -5.29999
      vertex -52.705 31.75 -5.29999
      vertex -40.6906 37.1309 -5.29999
    endloop
  endfacet
  facet normal 0 0 1
    outer loop
      vertex -40.6906 37.1309 -5.29999
      vertex -52.705 31.75 -5.29999
      vertex -40.6725 36.9848 -5.29999
    endloop
  endfacet
  facet normal 0 0 1
    outer loop
      vertex -40.6725 36.9848 -5.29999
      vertex -52.705 31.75 -5.29999
      vertex -40.6474 36.8397 -5.29999
    endloop
  endfacet
  facet normal 0 0 1
    outer loop
      vertex -40.6474 36.8397 -5.29999
      vertex -52.705 31.75 -5.29999
      vertex -40.6151 36.6961 -5.29999
    endloop
  endfacet
  facet normal 0 0 1
    outer loop
      vertex -40.6151 36.6961 -5.29999
      vertex -52.705 31.75 -5.29999
      vertex -40.5758 36.5541 -5.29999
    endloop
  endfacet
  facet normal 0 0 1
    outer loop
      vertex -40.5758 36.5541 -5.29999
      vertex -52.705 31.75 -5.29999
      vertex -40.5296 36.4143 -5.29999
    endloop
  endfacet
  facet normal 0 0 1
    outer loop
      vertex -40.5296 36.4143 -5.29999
      vertex -52.705 31.75 -5.29999
      vertex -40.4766 36.277 -5.29999
    endloop
  endfacet
  facet normal 0 0 1
    outer loop
      vertex -40.4766 36.277 -5.29999
      vertex -52.705 31.75 -5.29999
      vertex -40.417 36.1423 -5.29999
    endloop
  endfacet
  facet normal 0 0 1
    outer loop
      vertex -40.417 36.1423 -5.29999
      vertex -52.705 31.75 -5.29999
      vertex -40.3508 36.0108 -5.29999
    endloop
  endfacet
  facet normal 0 0 1
    outer loop
      vertex -40.3508 36.0108 -5.29999
      vertex -52.705 31.75 -5.29999
      vertex -40.2782 35.8827 -5.29999
    endloop
  endfacet
  facet normal 0 0 1
    outer loop
      vertex -40.2782 35.8827 -5.29999
      vertex -52.705 31.75 -5.29999
      vertex -40.1994 35.7583 -5.29999
    endloop
  endfacet
  facet normal 0 0 1
    outer loop
      vertex -40.1994 35.7583 -5.29999
      vertex -52.705 31.75 -5.29999
      vertex -40.1146 35.6379 -5.29999
    endloop
  endfacet
  facet normal 0 0 1
    outer loop
      vertex -40.1146 35.6379 -5.29999
      vertex -52.705 31.75 -5.29999
      vertex -40.024 35.5218 -5.29999
    endloop
  endfacet
  facet normal 0 0 1
    outer loop
      vertex -40.024 35.5218 -5.29999
      vertex -52.705 31.75 -5.29999
      vertex -39.9279 35.4103 -5.29999
    endloop
  endfacet
  facet normal 0 0 1
    outer loop
      vertex -39.9279 35.4103 -5.29999
      vertex -52.705 31.75 -5.29999
      vertex -39.8263 35.3037 -5.29999
    endloop
  endfacet
  facet normal 0 0 1
    outer loop
      vertex -39.8263 35.3037 -5.29999
      vertex -52.705 31.75 -5.29999
      vertex -39.7197 35.2021 -5.29999
    endloop
  endfacet
  facet normal 0 0 1
    outer loop
      vertex -39.7197 35.2021 -5.29999
      vertex -52.705 31.75 -5.29999
      vertex -39.6082 35.106 -5.29999
    endloop
  endfacet
  facet normal 0 0 1
    outer loop
      vertex -32.2109 34.4394 -5.29999
      vertex -52.705 31.75 -5.29999
      vertex 52.705 31.75 -5.29999
    endloop
  endfacet
  facet normal 0 0 1
    outer loop
      vertex -37.9991 34.4394 -5.29999
      vertex -52.705 31.75 -5.29999
      vertex -37.8522 34.4286 -5.29999
    endloop
  endfacet
  facet normal 0 0 1
    outer loop
      vertex -38.1452 34.4575 -5.29999
      vertex -52.705 31.75 -5.29999
      vertex -37.9991 34.4394 -5.29999
    endloop
  endfacet
  facet normal 0 0 1
    outer loop
      vertex -38.2903 34.4826 -5.29999
      vertex -52.705 31.75 -5.29999
      vertex -38.1452 34.4575 -5.29999
    endloop
  endfacet
  facet normal 0 0 1
    outer loop
      vertex -38.4339 34.5149 -5.29999
      vertex -52.705 31.75 -5.29999
      vertex -38.2903 34.4826 -5.29999
    endloop
  endfacet
  facet normal 0 0 1
    outer loop
      vertex -38.5759 34.5542 -5.29999
      vertex -52.705 31.75 -5.29999
      vertex -38.4339 34.5149 -5.29999
    endloop
  endfacet
  facet normal 0 0 1
    outer loop
      vertex -38.7157 34.6004 -5.29999
      vertex -52.705 31.75 -5.29999
      vertex -38.5759 34.5542 -5.29999
    endloop
  endfacet
  facet normal 0 0 1
    outer loop
      vertex -38.8531 34.6534 -5.29999
      vertex -52.705 31.75 -5.29999
      vertex -38.7157 34.6004 -5.29999
    endloop
  endfacet
  facet normal 0 0 1
    outer loop
      vertex -38.9877 34.713 -5.29999
      vertex -52.705 31.75 -5.29999
      vertex -38.8531 34.6534 -5.29999
    endloop
  endfacet
  facet normal 0 0 1
    outer loop
      vertex -39.1192 34.7792 -5.29999
      vertex -52.705 31.75 -5.29999
      vertex -38.9877 34.713 -5.29999
    endloop
  endfacet
  facet normal 0 0 1
    outer loop
      vertex -39.2473 34.8518 -5.29999
      vertex -52.705 31.75 -5.29999
      vertex -39.1192 34.7792 -5.29999
    endloop
  endfacet
  facet normal 0 0 1
    outer loop
      vertex -39.3717 34.9306 -5.29999
      vertex -52.705 31.75 -5.29999
      vertex -39.2473 34.8518 -5.29999
    endloop
  endfacet
  facet normal 0 0 1
    outer loop
      vertex -39.4921 35.0154 -5.29999
      vertex -52.705 31.75 -5.29999
      vertex -39.3717 34.9306 -5.29999
    endloop
  endfacet
  facet normal 0 0 1
    outer loop
      vertex -39.6082 35.106 -5.29999
      vertex -52.705 31.75 -5.29999
      vertex -39.4921 35.0154 -5.29999
    endloop
  endfacet
  facet normal 0 1 -0
    outer loop
      vertex 52.705 31.75 -5.29999
      vertex -52.705 31.75 14.7
      vertex 52.705 31.75 14.7
    endloop
  endfacet
  facet normal 0 1 0
    outer loop
      vertex -52.705 31.75 14.7
      vertex 52.705 31.75 -5.29999
      vertex -52.705 31.75 -5.29999
    endloop
  endfacet
  facet normal -0 0 1
    outer loop
      vertex -52.705 31.75 14.7
      vertex 52.705 22.5 14.7
      vertex 52.705 31.75 14.7
    endloop
  endfacet
  facet normal 0 0 1
    outer loop
      vertex 52.705 22.5 14.7
      vertex -52.705 31.75 14.7
      vertex -52.705 22.5 14.7
    endloop
  endfacet
  facet normal 0 1 -0
    outer loop
      vertex 52.705 22.5 14.7
      vertex -52.705 22.5 25.3
      vertex 52.705 22.5 25.3
    endloop
  endfacet
  facet normal 0 1 0
    outer loop
      vertex -52.705 22.5 25.3
      vertex 52.705 22.5 14.7
      vertex -52.705 22.5 14.7
    endloop
  endfacet
  facet normal -0 0 1
    outer loop
      vertex -52.705 22.5 25.3
      vertex 52.705 -22.5 25.3
      vertex 52.705 22.5 25.3
    endloop
  endfacet
  facet normal 0 0 1
    outer loop
      vertex 52.705 -22.5 25.3
      vertex -52.705 22.5 25.3
      vertex -52.705 -22.5 25.3
    endloop
  endfacet
  facet normal 0 -1 0
    outer loop
      vertex -52.705 -22.5 14.7
      vertex 52.705 -22.5 25.3
      vertex -52.705 -22.5 25.3
    endloop
  endfacet
  facet normal 0 -1 -0
    outer loop
      vertex 52.705 -22.5 25.3
      vertex -52.705 -22.5 14.7
      vertex 52.705 -22.5 14.7
    endloop
  endfacet
  facet normal 1 0 0
    outer loop
      vertex -51.705 -21.5 13.685
      vertex -51.705 21.5 13.685
      vertex -51.705 21.5 24.295
    endloop
  endfacet
  facet normal 1 0 0
    outer loop
      vertex -51.705 19.925 -23.5
      vertex -51.705 -19.925 -23.5
      vertex -51.705 19.925 -25.3
    endloop
  endfacet
  facet normal 1 0 0
    outer loop
      vertex -51.705 21.5 13.685
      vertex -51.705 -21.5 13.685
      vertex -51.705 19.925 -23.5
    endloop
  endfacet
  facet normal 1 0 0
    outer loop
      vertex -51.705 -21.5 13.685
      vertex -51.705 21.5 24.295
      vertex -51.705 -21.5 24.295
    endloop
  endfacet
  facet normal 1 0 0
    outer loop
      vertex -51.705 19.925 -23.5
      vertex -51.705 -21.5 13.685
      vertex -51.705 -19.925 -23.5
    endloop
  endfacet
  facet normal 1 -0 0
    outer loop
      vertex -51.705 -30.75 -6.31499
      vertex -51.705 -19.925 -23.5
      vertex -51.705 -21.5 13.685
    endloop
  endfacet
  facet normal 1 0 0
    outer loop
      vertex -51.705 -30.75 -6.31499
      vertex -51.705 -21.5 13.685
      vertex -51.705 -30.75 13.685
    endloop
  endfacet
  facet normal 1 0 0
    outer loop
      vertex -51.705 -19.925 -23.5
      vertex -51.705 -30.75 -6.31499
      vertex -51.705 -24.925 -23.5
    endloop
  endfacet
  facet normal 1 0 0
    outer loop
      vertex -51.705 -43.925 -25.3
      vertex -51.705 -24.925 -23.5
      vertex -51.705 -30.75 -6.31499
    endloop
  endfacet
  facet normal 1 0 0
    outer loop
      vertex -51.705 -43.925 -25.3
      vertex -51.705 -30.75 -6.31499
      vertex -51.705 -43.925 -6.31499
    endloop
  endfacet
  facet normal 1 0 0
    outer loop
      vertex -51.705 -24.925 -23.5
      vertex -51.705 -43.925 -25.3
      vertex -51.705 -24.925 -25.3
    endloop
  endfacet
  facet normal 1 -0 0
    outer loop
      vertex -51.705 21.5 13.685
      vertex -51.705 30.75 -6.31499
      vertex -51.705 30.75 13.685
    endloop
  endfacet
  facet normal 1 0 0
    outer loop
      vertex -51.705 19.925 -23.5
      vertex -51.705 30.75 -6.31499
      vertex -51.705 21.5 13.685
    endloop
  endfacet
  facet normal 1 0 0
    outer loop
      vertex -51.705 30.75 -6.31499
      vertex -51.705 19.925 -23.5
      vertex -51.705 24.925 -23.5
    endloop
  endfacet
  facet normal 1 -0 0
    outer loop
      vertex -51.705 30.75 -6.31499
      vertex -51.705 43.925 -25.3
      vertex -51.705 43.925 -6.31499
    endloop
  endfacet
  facet normal 1 -0 0
    outer loop
      vertex -51.705 24.925 -23.5
      vertex -51.705 43.925 -25.3
      vertex -51.705 30.75 -6.31499
    endloop
  endfacet
  facet normal 1 0 0
    outer loop
      vertex -51.705 43.925 -25.3
      vertex -51.705 24.925 -23.5
      vertex -51.705 24.925 -25.3
    endloop
  endfacet
  facet normal 1 0 0
    outer loop
      vertex -51.705 19.925 -25.3
      vertex -51.705 -19.925 -23.5
      vertex -51.705 -19.925 -25.3
    endloop
  endfacet
  facet normal -1 0 0
    outer loop
      vertex 51.705 -43.925 -25.3
      vertex 51.705 -24.925 -23.5
      vertex 51.705 -24.925 -25.3
    endloop
  endfacet
  facet normal -1 -0 0
    outer loop
      vertex 51.705 -24.925 -23.5
      vertex 51.705 -43.925 -25.3
      vertex 51.705 -30.75 -6.31499
    endloop
  endfacet
  facet normal -1 -0 0
    outer loop
      vertex 51.705 -30.75 -6.31499
      vertex 51.705 -43.925 -25.3
      vertex 51.705 -43.925 -6.31499
    endloop
  endfacet
  facet normal -1 0 0
    outer loop
      vertex 51.705 19.925 -25.3
      vertex 51.705 -19.925 -25.3
      vertex 51.705 19.925 -23.5
    endloop
  endfacet
  facet normal -1 0 0
    outer loop
      vertex 51.705 43.925 -25.3
      vertex 51.705 30.75 -6.31499
      vertex 51.705 43.925 -6.31499
    endloop
  endfacet
  facet normal -1 0 0
    outer loop
      vertex 51.705 24.925 -23.5
      vertex 51.705 43.925 -25.3
      vertex 51.705 24.925 -25.3
    endloop
  endfacet
  facet normal -1 0 0
    outer loop
      vertex 51.705 43.925 -25.3
      vertex 51.705 24.925 -23.5
      vertex 51.705 30.75 -6.31499
    endloop
  endfacet
  facet normal -1 0 0
    outer loop
      vertex 51.705 19.925 -23.5
      vertex 51.705 30.75 -6.31499
      vertex 51.705 24.925 -23.5
    endloop
  endfacet
  facet normal -1 0 0
    outer loop
      vertex 51.705 30.75 -6.31499
      vertex 51.705 21.5 13.685
      vertex 51.705 30.75 13.685
    endloop
  endfacet
  facet normal -1 -0 0
    outer loop
      vertex 51.705 30.75 -6.31499
      vertex 51.705 19.925 -23.5
      vertex 51.705 21.5 13.685
    endloop
  endfacet
  facet normal -1 0 0
    outer loop
      vertex 51.705 -21.5 13.685
      vertex 51.705 21.5 13.685
      vertex 51.705 19.925 -23.5
    endloop
  endfacet
  facet normal -1 0 0
    outer loop
      vertex 51.705 -19.925 -23.5
      vertex 51.705 19.925 -23.5
      vertex 51.705 -19.925 -25.3
    endloop
  endfacet
  facet normal -1 0 0
    outer loop
      vertex 51.705 -21.5 13.685
      vertex 51.705 19.925 -23.5
      vertex 51.705 -19.925 -23.5
    endloop
  endfacet
  facet normal -1 0 0
    outer loop
      vertex 51.705 21.5 13.685
      vertex 51.705 -21.5 13.685
      vertex 51.705 21.5 24.295
    endloop
  endfacet
  facet normal -1 -0 0
    outer loop
      vertex 51.705 21.5 24.295
      vertex 51.705 -21.5 13.685
      vertex 51.705 -21.5 24.295
    endloop
  endfacet
  facet normal -1 0 0
    outer loop
      vertex 51.705 -30.75 -6.31499
      vertex 51.705 -19.925 -23.5
      vertex 51.705 -24.925 -23.5
    endloop
  endfacet
  facet normal -1 0 0
    outer loop
      vertex 51.705 -19.925 -23.5
      vertex 51.705 -30.75 -6.31499
      vertex 51.705 -21.5 13.685
    endloop
  endfacet
  facet normal -1 -0 0
    outer loop
      vertex 51.705 -21.5 13.685
      vertex 51.705 -30.75 -6.31499
      vertex 51.705 -30.75 13.685
    endloop
  endfacet
  facet normal 0 0 -1
    outer loop
      vertex -51.705 -30.75 13.685
      vertex 51.705 -21.5 13.685
      vertex 51.705 -30.75 13.685
    endloop
  endfacet
  facet normal -0 0 -1
    outer loop
      vertex 51.705 -21.5 13.685
      vertex -51.705 -30.75 13.685
      vertex -51.705 -21.5 13.685
    endloop
  endfacet
  facet normal 0 1 -0
    outer loop
      vertex 51.705 -30.75 -6.31499
      vertex -51.705 -30.75 13.685
      vertex 51.705 -30.75 13.685
    endloop
  endfacet
  facet normal 0 1 0
    outer loop
      vertex -51.705 -30.75 13.685
      vertex 51.705 -30.75 -6.31499
      vertex -51.705 -30.75 -6.31499
    endloop
  endfacet
  facet normal 0 0 -1
    outer loop
      vertex 51.705 -43.925 -6.31499
      vertex 11.6 -37.425 -6.31499
      vertex 51.705 -30.75 -6.31499
    endloop
  endfacet
  facet normal 0 0 -1
    outer loop
      vertex 51.705 -43.925 -6.31499
      vertex 11.5964 -37.5722 -6.31499
      vertex 11.6 -37.425 -6.31499
    endloop
  endfacet
  facet normal 0 0 -1
    outer loop
      vertex 51.705 -43.925 -6.31499
      vertex 11.5856 -37.7191 -6.31499
      vertex 11.5964 -37.5722 -6.31499
    endloop
  endfacet
  facet normal 0 0 -1
    outer loop
      vertex 51.705 -43.925 -6.31499
      vertex 11.5675 -37.8652 -6.31499
      vertex 11.5856 -37.7191 -6.31499
    endloop
  endfacet
  facet normal 0 0 -1
    outer loop
      vertex 51.705 -43.925 -6.31499
      vertex 11.5424 -38.0103 -6.31499
      vertex 11.5675 -37.8652 -6.31499
    endloop
  endfacet
  facet normal 0 0 -1
    outer loop
      vertex 51.705 -43.925 -6.31499
      vertex 11.5101 -38.1539 -6.31499
      vertex 11.5424 -38.0103 -6.31499
    endloop
  endfacet
  facet normal 0 0 -1
    outer loop
      vertex 51.705 -43.925 -6.31499
      vertex 11.4708 -38.2959 -6.31499
      vertex 11.5101 -38.1539 -6.31499
    endloop
  endfacet
  facet normal 0 0 -1
    outer loop
      vertex 51.705 -43.925 -6.31499
      vertex 11.4246 -38.4357 -6.31499
      vertex 11.4708 -38.2959 -6.31499
    endloop
  endfacet
  facet normal 0 0 -1
    outer loop
      vertex 51.705 -43.925 -6.31499
      vertex 11.3716 -38.573 -6.31499
      vertex 11.4246 -38.4357 -6.31499
    endloop
  endfacet
  facet normal 0 0 -1
    outer loop
      vertex 51.705 -43.925 -6.31499
      vertex 11.312 -38.7077 -6.31499
      vertex 11.3716 -38.573 -6.31499
    endloop
  endfacet
  facet normal 0 0 -1
    outer loop
      vertex 51.705 -43.925 -6.31499
      vertex 11.2458 -38.8392 -6.31499
      vertex 11.312 -38.7077 -6.31499
    endloop
  endfacet
  facet normal 0 0 -1
    outer loop
      vertex 51.705 -43.925 -6.31499
      vertex 11.1732 -38.9673 -6.31499
      vertex 11.2458 -38.8392 -6.31499
    endloop
  endfacet
  facet normal 0 0 -1
    outer loop
      vertex 51.705 -43.925 -6.31499
      vertex 11.0944 -39.0917 -6.31499
      vertex 11.1732 -38.9673 -6.31499
    endloop
  endfacet
  facet normal 0 0 -1
    outer loop
      vertex 51.705 -43.925 -6.31499
      vertex 11.0096 -39.2121 -6.31499
      vertex 11.0944 -39.0917 -6.31499
    endloop
  endfacet
  facet normal 0 0 -1
    outer loop
      vertex 51.705 -43.925 -6.31499
      vertex 10.919 -39.3282 -6.31499
      vertex 11.0096 -39.2121 -6.31499
    endloop
  endfacet
  facet normal 0 0 -1
    outer loop
      vertex 51.705 -43.925 -6.31499
      vertex 10.8229 -39.4397 -6.31499
      vertex 10.919 -39.3282 -6.31499
    endloop
  endfacet
  facet normal 0 0 -1
    outer loop
      vertex 51.705 -43.925 -6.31499
      vertex 10.7213 -39.5463 -6.31499
      vertex 10.8229 -39.4397 -6.31499
    endloop
  endfacet
  facet normal 0 0 -1
    outer loop
      vertex 51.705 -43.925 -6.31499
      vertex 10.6147 -39.6479 -6.31499
      vertex 10.7213 -39.5463 -6.31499
    endloop
  endfacet
  facet normal 0 0 -1
    outer loop
      vertex 51.705 -43.925 -6.31499
      vertex 10.5032 -39.744 -6.31499
      vertex 10.6147 -39.6479 -6.31499
    endloop
  endfacet
  facet normal 0 0 -1
    outer loop
      vertex 51.705 -43.925 -6.31499
      vertex 10.3871 -39.8346 -6.31499
      vertex 10.5032 -39.744 -6.31499
    endloop
  endfacet
  facet normal 0 0 -1
    outer loop
      vertex 51.705 -43.925 -6.31499
      vertex 10.2667 -39.9194 -6.31499
      vertex 10.3871 -39.8346 -6.31499
    endloop
  endfacet
  facet normal 0 0 -1
    outer loop
      vertex 51.705 -43.925 -6.31499
      vertex 10.1423 -39.9982 -6.31499
      vertex 10.2667 -39.9194 -6.31499
    endloop
  endfacet
  facet normal 0 0 -1
    outer loop
      vertex 51.705 -43.925 -6.31499
      vertex 10.0142 -40.0708 -6.31499
      vertex 10.1423 -39.9982 -6.31499
    endloop
  endfacet
  facet normal 0 0 -1
    outer loop
      vertex 51.705 -43.925 -6.31499
      vertex 9.88266 -40.137 -6.31499
      vertex 10.0142 -40.0708 -6.31499
    endloop
  endfacet
  facet normal 0 0 -1
    outer loop
      vertex 51.705 -43.925 -6.31499
      vertex 9.74805 -40.1966 -6.31499
      vertex 9.88266 -40.137 -6.31499
    endloop
  endfacet
  facet normal 0 0 -1
    outer loop
      vertex 51.705 -43.925 -6.31499
      vertex 9.61067 -40.2496 -6.31499
      vertex 9.74805 -40.1966 -6.31499
    endloop
  endfacet
  facet normal 0 0 -1
    outer loop
      vertex 51.705 -43.925 -6.31499
      vertex 9.47085 -40.2958 -6.31499
      vertex 9.61067 -40.2496 -6.31499
    endloop
  endfacet
  facet normal 0 0 -1
    outer loop
      vertex 51.705 -43.925 -6.31499
      vertex 9.32894 -40.3351 -6.31499
      vertex 9.47085 -40.2958 -6.31499
    endloop
  endfacet
  facet normal 0 0 -1
    outer loop
      vertex 51.705 -43.925 -6.31499
      vertex 9.18527 -40.3674 -6.31499
      vertex 9.32894 -40.3351 -6.31499
    endloop
  endfacet
  facet normal 0 0 -1
    outer loop
      vertex 51.705 -43.925 -6.31499
      vertex 9.04019 -40.3925 -6.31499
      vertex 9.18527 -40.3674 -6.31499
    endloop
  endfacet
  facet normal 0 0 -1
    outer loop
      vertex 51.705 -43.925 -6.31499
      vertex 8.89405 -40.4106 -6.31499
      vertex 9.04019 -40.3925 -6.31499
    endloop
  endfacet
  facet normal 0 0 -1
    outer loop
      vertex 51.705 -43.925 -6.31499
      vertex 8.7472 -40.4214 -6.31499
      vertex 8.89405 -40.4106 -6.31499
    endloop
  endfacet
  facet normal 0 0 -1
    outer loop
      vertex 51.705 -43.925 -6.31499
      vertex 8.6 -40.425 -6.31499
      vertex 8.7472 -40.4214 -6.31499
    endloop
  endfacet
  facet normal 0 0 -1
    outer loop
      vertex 3.4 -40.425 -6.31499
      vertex 8.6 -40.425 -6.31499
      vertex 51.705 -43.925 -6.31499
    endloop
  endfacet
  facet normal 0 0 -1
    outer loop
      vertex 8.6 -40.425 -6.31499
      vertex 3.4 -40.425 -6.31499
      vertex 8.4528 -40.4214 -6.31499
    endloop
  endfacet
  facet normal 0 0 -1
    outer loop
      vertex 6.02681 -38.9673 -6.31499
      vertex 5.97319 -38.9673 -6.31499
      vertex 6 -38.92 -6.31499
    endloop
  endfacet
  facet normal 0 0 -1
    outer loop
      vertex 6.10559 -39.0917 -6.31499
      vertex 5.97319 -38.9673 -6.31499
      vertex 6.02681 -38.9673 -6.31499
    endloop
  endfacet
  facet normal 0 0 -1
    outer loop
      vertex 5.89441 -39.0917 -6.31499
      vertex 6.10559 -39.0917 -6.31499
      vertex 6.19038 -39.2121 -6.31499
    endloop
  endfacet
  facet normal 0 0 -1
    outer loop
      vertex 5.80962 -39.2121 -6.31499
      vertex 6.19038 -39.2121 -6.31499
      vertex 6.28097 -39.3282 -6.31499
    endloop
  endfacet
  facet normal 0 0 -1
    outer loop
      vertex 6.10559 -39.0917 -6.31499
      vertex 5.89441 -39.0917 -6.31499
      vertex 5.97319 -38.9673 -6.31499
    endloop
  endfacet
  facet normal 0 0 -1
    outer loop
      vertex 5.71903 -39.3282 -6.31499
      vertex 6.28097 -39.3282 -6.31499
      vertex 6.37715 -39.4397 -6.31499
    endloop
  endfacet
  facet normal 0 0 -1
    outer loop
      vertex 5.62285 -39.4397 -6.31499
      vertex 6.37715 -39.4397 -6.31499
      vertex 6.47868 -39.5463 -6.31499
    endloop
  endfacet
  facet normal 0 0 -1
    outer loop
      vertex 5.52132 -39.5463 -6.31499
      vertex 6.47868 -39.5463 -6.31499
      vertex 6.58532 -39.6479 -6.31499
    endloop
  endfacet
  facet normal 0 0 -1
    outer loop
      vertex 5.41468 -39.6479 -6.31499
      vertex 6.58532 -39.6479 -6.31499
      vertex 6.69682 -39.744 -6.31499
    endloop
  endfacet
  facet normal 0 0 -1
    outer loop
      vertex 6.19038 -39.2121 -6.31499
      vertex 5.80962 -39.2121 -6.31499
      vertex 5.89441 -39.0917 -6.31499
    endloop
  endfacet
  facet normal 0 0 -1
    outer loop
      vertex 5.30318 -39.744 -6.31499
      vertex 6.69682 -39.744 -6.31499
      vertex 6.8129 -39.8346 -6.31499
    endloop
  endfacet
  facet normal 0 0 -1
    outer loop
      vertex 5.1871 -39.8346 -6.31499
      vertex 6.8129 -39.8346 -6.31499
      vertex 6.93329 -39.9194 -6.31499
    endloop
  endfacet
  facet normal 0 0 -1
    outer loop
      vertex 5.06671 -39.9194 -6.31499
      vertex 6.93329 -39.9194 -6.31499
      vertex 7.05769 -39.9982 -6.31499
    endloop
  endfacet
  facet normal 0 0 -1
    outer loop
      vertex 6.28097 -39.3282 -6.31499
      vertex 5.71903 -39.3282 -6.31499
      vertex 5.80962 -39.2121 -6.31499
    endloop
  endfacet
  facet normal 0 0 -1
    outer loop
      vertex 4.94231 -39.9982 -6.31499
      vertex 7.05769 -39.9982 -6.31499
      vertex 7.18581 -40.0708 -6.31499
    endloop
  endfacet
  facet normal 0 0 -1
    outer loop
      vertex 6.37715 -39.4397 -6.31499
      vertex 5.62285 -39.4397 -6.31499
      vertex 5.71903 -39.3282 -6.31499
    endloop
  endfacet
  facet normal 0 0 -1
    outer loop
      vertex 4.81419 -40.0708 -6.31499
      vertex 7.18581 -40.0708 -6.31499
      vertex 7.31733 -40.137 -6.31499
    endloop
  endfacet
  facet normal 0 0 -1
    outer loop
      vertex 4.68267 -40.137 -6.31499
      vertex 7.31733 -40.137 -6.31499
      vertex 7.45195 -40.1966 -6.31499
    endloop
  endfacet
  facet normal 0 0 -1
    outer loop
      vertex 6.47868 -39.5463 -6.31499
      vertex 5.52132 -39.5463 -6.31499
      vertex 5.62285 -39.4397 -6.31499
    endloop
  endfacet
  facet normal 0 0 -1
    outer loop
      vertex 4.54805 -40.1966 -6.31499
      vertex 7.45195 -40.1966 -6.31499
      vertex 7.58933 -40.2496 -6.31499
    endloop
  endfacet
  facet normal 0 0 -1
    outer loop
      vertex 6.58532 -39.6479 -6.31499
      vertex 5.41468 -39.6479 -6.31499
      vertex 5.52132 -39.5463 -6.31499
    endloop
  endfacet
  facet normal 0 0 -1
    outer loop
      vertex 4.41067 -40.2496 -6.31499
      vertex 7.58933 -40.2496 -6.31499
      vertex 7.72915 -40.2958 -6.31499
    endloop
  endfacet
  facet normal 0 0 -1
    outer loop
      vertex 6.69682 -39.744 -6.31499
      vertex 5.30318 -39.744 -6.31499
      vertex 5.41468 -39.6479 -6.31499
    endloop
  endfacet
  facet normal 0 0 -1
    outer loop
      vertex 4.27085 -40.2958 -6.31499
      vertex 7.72915 -40.2958 -6.31499
      vertex 7.87106 -40.3351 -6.31499
    endloop
  endfacet
  facet normal 0 0 -1
    outer loop
      vertex 6.8129 -39.8346 -6.31499
      vertex 5.1871 -39.8346 -6.31499
      vertex 5.30318 -39.744 -6.31499
    endloop
  endfacet
  facet normal 0 0 -1
    outer loop
      vertex 4.12894 -40.3351 -6.31499
      vertex 7.87106 -40.3351 -6.31499
      vertex 8.01473 -40.3674 -6.31499
    endloop
  endfacet
  facet normal 0 0 -1
    outer loop
      vertex 6.93329 -39.9194 -6.31499
      vertex 5.06671 -39.9194 -6.31499
      vertex 5.1871 -39.8346 -6.31499
    endloop
  endfacet
  facet normal 0 0 -1
    outer loop
      vertex 3.98527 -40.3674 -6.31499
      vertex 8.01473 -40.3674 -6.31499
      vertex 8.15981 -40.3925 -6.31499
    endloop
  endfacet
  facet normal 0 0 -1
    outer loop
      vertex 7.05769 -39.9982 -6.31499
      vertex 4.94231 -39.9982 -6.31499
      vertex 5.06671 -39.9194 -6.31499
    endloop
  endfacet
  facet normal 0 0 -1
    outer loop
      vertex 3.84019 -40.3925 -6.31499
      vertex 8.15981 -40.3925 -6.31499
      vertex 8.30595 -40.4106 -6.31499
    endloop
  endfacet
  facet normal 0 0 -1
    outer loop
      vertex 7.18581 -40.0708 -6.31499
      vertex 4.81419 -40.0708 -6.31499
      vertex 4.94231 -39.9982 -6.31499
    endloop
  endfacet
  facet normal 0 0 -1
    outer loop
      vertex 7.31733 -40.137 -6.31499
      vertex 4.68267 -40.137 -6.31499
      vertex 4.81419 -40.0708 -6.31499
    endloop
  endfacet
  facet normal 0 -0 -1
    outer loop
      vertex 3.5472 -40.4214 -6.31499
      vertex 8.4528 -40.4214 -6.31499
      vertex 3.4 -40.425 -6.31499
    endloop
  endfacet
  facet normal 0 0 -1
    outer loop
      vertex 7.45195 -40.1966 -6.31499
      vertex 4.54805 -40.1966 -6.31499
      vertex 4.68267 -40.137 -6.31499
    endloop
  endfacet
  facet normal 0 0 -1
    outer loop
      vertex 7.58933 -40.2496 -6.31499
      vertex 4.41067 -40.2496 -6.31499
      vertex 4.54805 -40.1966 -6.31499
    endloop
  endfacet
  facet normal 0 0 -1
    outer loop
      vertex 7.72915 -40.2958 -6.31499
      vertex 4.27085 -40.2958 -6.31499
      vertex 4.41067 -40.2496 -6.31499
    endloop
  endfacet
  facet normal 0 0 -1
    outer loop
      vertex 7.87106 -40.3351 -6.31499
      vertex 4.12894 -40.3351 -6.31499
      vertex 4.27085 -40.2958 -6.31499
    endloop
  endfacet
  facet normal 0 0 -1
    outer loop
      vertex 8.01473 -40.3674 -6.31499
      vertex 3.98527 -40.3674 -6.31499
      vertex 4.12894 -40.3351 -6.31499
    endloop
  endfacet
  facet normal 0 0 -1
    outer loop
      vertex 8.15981 -40.3925 -6.31499
      vertex 3.84019 -40.3925 -6.31499
      vertex 3.98527 -40.3674 -6.31499
    endloop
  endfacet
  facet normal 0 0 -1
    outer loop
      vertex 8.30595 -40.4106 -6.31499
      vertex 3.69405 -40.4106 -6.31499
      vertex 3.84019 -40.3925 -6.31499
    endloop
  endfacet
  facet normal -0 0 -1
    outer loop
      vertex 8.30595 -40.4106 -6.31499
      vertex 3.5472 -40.4214 -6.31499
      vertex 3.69405 -40.4106 -6.31499
    endloop
  endfacet
  facet normal 0 0 -1
    outer loop
      vertex 8.4528 -40.4214 -6.31499
      vertex 3.5472 -40.4214 -6.31499
      vertex 8.30595 -40.4106 -6.31499
    endloop
  endfacet
  facet normal 0 0 -1
    outer loop
      vertex -1.8 -40.425 -6.31499
      vertex 3.4 -40.425 -6.31499
      vertex 51.705 -43.925 -6.31499
    endloop
  endfacet
  facet normal 0 0 -1
    outer loop
      vertex 0.826815 -38.9673 -6.31499
      vertex 0.773186 -38.9673 -6.31499
      vertex 0.800001 -38.92 -6.31499
    endloop
  endfacet
  facet normal 0 0 -1
    outer loop
      vertex 0.905591 -39.0917 -6.31499
      vertex 0.773186 -38.9673 -6.31499
      vertex 0.826815 -38.9673 -6.31499
    endloop
  endfacet
  facet normal 0 0 -1
    outer loop
      vertex 0.69441 -39.0917 -6.31499
      vertex 0.905591 -39.0917 -6.31499
      vertex 0.990378 -39.2121 -6.31499
    endloop
  endfacet
  facet normal 0 0 -1
    outer loop
      vertex 0.609623 -39.2121 -6.31499
      vertex 0.990378 -39.2121 -6.31499
      vertex 1.08097 -39.3282 -6.31499
    endloop
  endfacet
  facet normal 0 0 -1
    outer loop
      vertex 0.905591 -39.0917 -6.31499
      vertex 0.69441 -39.0917 -6.31499
      vertex 0.773186 -38.9673 -6.31499
    endloop
  endfacet
  facet normal 0 0 -1
    outer loop
      vertex 0.519032 -39.3282 -6.31499
      vertex 1.08097 -39.3282 -6.31499
      vertex 1.17715 -39.4397 -6.31499
    endloop
  endfacet
  facet normal 0 0 -1
    outer loop
      vertex 0.422854 -39.4397 -6.31499
      vertex 1.17715 -39.4397 -6.31499
      vertex 1.27868 -39.5463 -6.31499
    endloop
  endfacet
  facet normal 0 0 -1
    outer loop
      vertex 0.321321 -39.5463 -6.31499
      vertex 1.27868 -39.5463 -6.31499
      vertex 1.38532 -39.6479 -6.31499
    endloop
  endfacet
  facet normal 0 0 -1
    outer loop
      vertex 0.214677 -39.6479 -6.31499
      vertex 1.38532 -39.6479 -6.31499
      vertex 1.49682 -39.744 -6.31499
    endloop
  endfacet
  facet normal 0 0 -1
    outer loop
      vertex 0.990378 -39.2121 -6.31499
      vertex 0.609623 -39.2121 -6.31499
      vertex 0.69441 -39.0917 -6.31499
    endloop
  endfacet
  facet normal 0 0 -1
    outer loop
      vertex 0.10318 -39.744 -6.31499
      vertex 1.49682 -39.744 -6.31499
      vertex 1.6129 -39.8346 -6.31499
    endloop
  endfacet
  facet normal 0 0 -1
    outer loop
      vertex -0.0129019 -39.8346 -6.31499
      vertex 1.6129 -39.8346 -6.31499
      vertex 1.73329 -39.9194 -6.31499
    endloop
  endfacet
  facet normal 0 0 -1
    outer loop
      vertex -0.133289 -39.9194 -6.31499
      vertex 1.73329 -39.9194 -6.31499
      vertex 1.85769 -39.9982 -6.31499
    endloop
  endfacet
  facet normal 0 0 -1
    outer loop
      vertex 1.08097 -39.3282 -6.31499
      vertex 0.519032 -39.3282 -6.31499
      vertex 0.609623 -39.2121 -6.31499
    endloop
  endfacet
  facet normal 0 0 -1
    outer loop
      vertex -0.257691 -39.9982 -6.31499
      vertex 1.85769 -39.9982 -6.31499
      vertex 1.98581 -40.0708 -6.31499
    endloop
  endfacet
  facet normal 0 0 -1
    outer loop
      vertex 1.17715 -39.4397 -6.31499
      vertex 0.422854 -39.4397 -6.31499
      vertex 0.519032 -39.3282 -6.31499
    endloop
  endfacet
  facet normal 0 0 -1
    outer loop
      vertex -0.38581 -40.0708 -6.31499
      vertex 1.98581 -40.0708 -6.31499
      vertex 2.11733 -40.137 -6.31499
    endloop
  endfacet
  facet normal 0 0 -1
    outer loop
      vertex -0.517335 -40.137 -6.31499
      vertex 2.11733 -40.137 -6.31499
      vertex 2.25195 -40.1966 -6.31499
    endloop
  endfacet
  facet normal 0 0 -1
    outer loop
      vertex 1.27868 -39.5463 -6.31499
      vertex 0.321321 -39.5463 -6.31499
      vertex 0.422854 -39.4397 -6.31499
    endloop
  endfacet
  facet normal 0 0 -1
    outer loop
      vertex -0.65195 -40.1966 -6.31499
      vertex 2.25195 -40.1966 -6.31499
      vertex 2.38933 -40.2496 -6.31499
    endloop
  endfacet
  facet normal 0 0 -1
    outer loop
      vertex 1.38532 -39.6479 -6.31499
      vertex 0.214677 -39.6479 -6.31499
      vertex 0.321321 -39.5463 -6.31499
    endloop
  endfacet
  facet normal 0 0 -1
    outer loop
      vertex -0.78933 -40.2496 -6.31499
      vertex 2.38933 -40.2496 -6.31499
      vertex 2.52915 -40.2958 -6.31499
    endloop
  endfacet
  facet normal 0 0 -1
    outer loop
      vertex 1.49682 -39.744 -6.31499
      vertex 0.10318 -39.744 -6.31499
      vertex 0.214677 -39.6479 -6.31499
    endloop
  endfacet
  facet normal 0 0 -1
    outer loop
      vertex -0.929145 -40.2958 -6.31499
      vertex 2.52915 -40.2958 -6.31499
      vertex 2.67106 -40.3351 -6.31499
    endloop
  endfacet
  facet normal 0 0 -1
    outer loop
      vertex 1.6129 -39.8346 -6.31499
      vertex -0.0129019 -39.8346 -6.31499
      vertex 0.10318 -39.744 -6.31499
    endloop
  endfacet
  facet normal 0 0 -1
    outer loop
      vertex -1.07106 -40.3351 -6.31499
      vertex 2.67106 -40.3351 -6.31499
      vertex 2.81473 -40.3674 -6.31499
    endloop
  endfacet
  facet normal 0 0 -1
    outer loop
      vertex 1.73329 -39.9194 -6.31499
      vertex -0.133289 -39.9194 -6.31499
      vertex -0.0129019 -39.8346 -6.31499
    endloop
  endfacet
  facet normal 0 0 -1
    outer loop
      vertex -1.21473 -40.3674 -6.31499
      vertex 2.81473 -40.3674 -6.31499
      vertex 2.95981 -40.3925 -6.31499
    endloop
  endfacet
  facet normal 0 0 -1
    outer loop
      vertex 1.85769 -39.9982 -6.31499
      vertex -0.257691 -39.9982 -6.31499
      vertex -0.133289 -39.9194 -6.31499
    endloop
  endfacet
  facet normal 0 0 -1
    outer loop
      vertex -1.35981 -40.3925 -6.31499
      vertex 2.95981 -40.3925 -6.31499
      vertex 3.10595 -40.4106 -6.31499
    endloop
  endfacet
  facet normal 0 0 -1
    outer loop
      vertex 1.98581 -40.0708 -6.31499
      vertex -0.38581 -40.0708 -6.31499
      vertex -0.257691 -39.9982 -6.31499
    endloop
  endfacet
  facet normal 0 0 -1
    outer loop
      vertex 2.11733 -40.137 -6.31499
      vertex -0.517335 -40.137 -6.31499
      vertex -0.38581 -40.0708 -6.31499
    endloop
  endfacet
  facet normal 0 0 -1
    outer loop
      vertex 2.25195 -40.1966 -6.31499
      vertex -0.65195 -40.1966 -6.31499
      vertex -0.517335 -40.137 -6.31499
    endloop
  endfacet
  facet normal 0 0 -1
    outer loop
      vertex -1.50595 -40.4106 -6.31499
      vertex 3.10595 -40.4106 -6.31499
      vertex 3.2528 -40.4214 -6.31499
    endloop
  endfacet
  facet normal 0 0 -1
    outer loop
      vertex 3.4 -40.425 -6.31499
      vertex -1.8 -40.425 -6.31499
      vertex 3.2528 -40.4214 -6.31499
    endloop
  endfacet
  facet normal 0 0 -1
    outer loop
      vertex 2.38933 -40.2496 -6.31499
      vertex -0.78933 -40.2496 -6.31499
      vertex -0.65195 -40.1966 -6.31499
    endloop
  endfacet
  facet normal 0 0 -1
    outer loop
      vertex 2.52915 -40.2958 -6.31499
      vertex -0.929145 -40.2958 -6.31499
      vertex -0.78933 -40.2496 -6.31499
    endloop
  endfacet
  facet normal 0 0 -1
    outer loop
      vertex 2.67106 -40.3351 -6.31499
      vertex -1.07106 -40.3351 -6.31499
      vertex -0.929145 -40.2958 -6.31499
    endloop
  endfacet
  facet normal 0 0 -1
    outer loop
      vertex 2.81473 -40.3674 -6.31499
      vertex -1.21473 -40.3674 -6.31499
      vertex -1.07106 -40.3351 -6.31499
    endloop
  endfacet
  facet normal 0 0 -1
    outer loop
      vertex 2.95981 -40.3925 -6.31499
      vertex -1.35981 -40.3925 -6.31499
      vertex -1.21473 -40.3674 -6.31499
    endloop
  endfacet
  facet normal 0 0 -1
    outer loop
      vertex 3.10595 -40.4106 -6.31499
      vertex -1.50595 -40.4106 -6.31499
      vertex -1.35981 -40.3925 -6.31499
    endloop
  endfacet
  facet normal 0 0 -1
    outer loop
      vertex 3.2528 -40.4214 -6.31499
      vertex -1.6528 -40.4214 -6.31499
      vertex -1.50595 -40.4106 -6.31499
    endloop
  endfacet
  facet normal -0 0 -1
    outer loop
      vertex 3.2528 -40.4214 -6.31499
      vertex -1.8 -40.425 -6.31499
      vertex -1.6528 -40.4214 -6.31499
    endloop
  endfacet
  facet normal 0 0 -1
    outer loop
      vertex -51.705 -43.925 -6.31499
      vertex -1.8 -40.425 -6.31499
      vertex 51.705 -43.925 -6.31499
    endloop
  endfacet
  facet normal 0 0 -1
    outer loop
      vertex -4.79639 -37.5722 -6.31499
      vertex -6.6 -37.425 -6.31499
      vertex -4.8 -37.425 -6.31499
    endloop
  endfacet
  facet normal 0 0 -1
    outer loop
      vertex -6.60361 -37.5722 -6.31499
      vertex -4.79639 -37.5722 -6.31499
      vertex -4.78555 -37.7191 -6.31499
    endloop
  endfacet
  facet normal 0 0 -1
    outer loop
      vertex -6.61445 -37.7191 -6.31499
      vertex -4.78555 -37.7191 -6.31499
      vertex -4.76753 -37.8652 -6.31499
    endloop
  endfacet
  facet normal 0 0 -1
    outer loop
      vertex -6.63247 -37.8652 -6.31499
      vertex -4.76753 -37.8652 -6.31499
      vertex -4.74235 -38.0103 -6.31499
    endloop
  endfacet
  facet normal 0 0 -1
    outer loop
      vertex -6.65765 -38.0103 -6.31499
      vertex -4.74235 -38.0103 -6.31499
      vertex -4.71009 -38.1539 -6.31499
    endloop
  endfacet
  facet normal 0 0 -1
    outer loop
      vertex -6.68991 -38.1539 -6.31499
      vertex -4.71009 -38.1539 -6.31499
      vertex -4.67082 -38.2959 -6.31499
    endloop
  endfacet
  facet normal 0 0 -1
    outer loop
      vertex -6.72918 -38.2959 -6.31499
      vertex -4.67082 -38.2959 -6.31499
      vertex -4.62463 -38.4357 -6.31499
    endloop
  endfacet
  facet normal 0 0 -1
    outer loop
      vertex -6.77537 -38.4357 -6.31499
      vertex -4.62463 -38.4357 -6.31499
      vertex -4.57164 -38.573 -6.31499
    endloop
  endfacet
  facet normal 0 0 -1
    outer loop
      vertex -6.82836 -38.573 -6.31499
      vertex -4.57164 -38.573 -6.31499
      vertex -4.51197 -38.7077 -6.31499
    endloop
  endfacet
  facet normal 0 0 -1
    outer loop
      vertex -6.88803 -38.7077 -6.31499
      vertex -4.51197 -38.7077 -6.31499
      vertex -4.44576 -38.8392 -6.31499
    endloop
  endfacet
  facet normal 0 0 -1
    outer loop
      vertex -6.95424 -38.8392 -6.31499
      vertex -4.44576 -38.8392 -6.31499
      vertex -4.37319 -38.9673 -6.31499
    endloop
  endfacet
  facet normal 0 0 -1
    outer loop
      vertex -7.02681 -38.9673 -6.31499
      vertex -4.37319 -38.9673 -6.31499
      vertex -4.29441 -39.0917 -6.31499
    endloop
  endfacet
  facet normal 0 0 -1
    outer loop
      vertex -7.10559 -39.0917 -6.31499
      vertex -4.29441 -39.0917 -6.31499
      vertex -4.20962 -39.2121 -6.31499
    endloop
  endfacet
  facet normal 0 0 -1
    outer loop
      vertex -7.19038 -39.2121 -6.31499
      vertex -4.20962 -39.2121 -6.31499
      vertex -4.11903 -39.3282 -6.31499
    endloop
  endfacet
  facet normal 0 0 -1
    outer loop
      vertex -7.28097 -39.3282 -6.31499
      vertex -4.11903 -39.3282 -6.31499
      vertex -4.02285 -39.4397 -6.31499
    endloop
  endfacet
  facet normal 0 0 -1
    outer loop
      vertex -7.37715 -39.4397 -6.31499
      vertex -4.02285 -39.4397 -6.31499
      vertex -3.92132 -39.5463 -6.31499
    endloop
  endfacet
  facet normal 0 0 -1
    outer loop
      vertex -7.47868 -39.5463 -6.31499
      vertex -3.92132 -39.5463 -6.31499
      vertex -3.81468 -39.6479 -6.31499
    endloop
  endfacet
  facet normal 0 0 -1
    outer loop
      vertex -7.58532 -39.6479 -6.31499
      vertex -3.81468 -39.6479 -6.31499
      vertex -3.70318 -39.744 -6.31499
    endloop
  endfacet
  facet normal 0 0 -1
    outer loop
      vertex -4.79639 -37.5722 -6.31499
      vertex -6.60361 -37.5722 -6.31499
      vertex -6.6 -37.425 -6.31499
    endloop
  endfacet
  facet normal 0 0 -1
    outer loop
      vertex -7.69682 -39.744 -6.31499
      vertex -3.70318 -39.744 -6.31499
      vertex -3.5871 -39.8346 -6.31499
    endloop
  endfacet
  facet normal 0 0 -1
    outer loop
      vertex -4.78555 -37.7191 -6.31499
      vertex -6.61445 -37.7191 -6.31499
      vertex -6.60361 -37.5722 -6.31499
    endloop
  endfacet
  facet normal 0 0 -1
    outer loop
      vertex -7.8129 -39.8346 -6.31499
      vertex -3.5871 -39.8346 -6.31499
      vertex -3.46671 -39.9194 -6.31499
    endloop
  endfacet
  facet normal 0 0 -1
    outer loop
      vertex -4.76753 -37.8652 -6.31499
      vertex -6.63247 -37.8652 -6.31499
      vertex -6.61445 -37.7191 -6.31499
    endloop
  endfacet
  facet normal 0 0 -1
    outer loop
      vertex -4.74235 -38.0103 -6.31499
      vertex -6.65765 -38.0103 -6.31499
      vertex -6.63247 -37.8652 -6.31499
    endloop
  endfacet
  facet normal 0 0 -1
    outer loop
      vertex -7.93329 -39.9194 -6.31499
      vertex -3.46671 -39.9194 -6.31499
      vertex -3.34231 -39.9982 -6.31499
    endloop
  endfacet
  facet normal 0 0 -1
    outer loop
      vertex -4.71009 -38.1539 -6.31499
      vertex -6.68991 -38.1539 -6.31499
      vertex -6.65765 -38.0103 -6.31499
    endloop
  endfacet
  facet normal 0 0 -1
    outer loop
      vertex -8.05769 -39.9982 -6.31499
      vertex -3.34231 -39.9982 -6.31499
      vertex -3.21419 -40.0708 -6.31499
    endloop
  endfacet
  facet normal 0 0 -1
    outer loop
      vertex -4.67082 -38.2959 -6.31499
      vertex -6.72918 -38.2959 -6.31499
      vertex -6.68991 -38.1539 -6.31499
    endloop
  endfacet
  facet normal 0 0 -1
    outer loop
      vertex -4.62463 -38.4357 -6.31499
      vertex -6.77537 -38.4357 -6.31499
      vertex -6.72918 -38.2959 -6.31499
    endloop
  endfacet
  facet normal 0 0 -1
    outer loop
      vertex -8.18581 -40.0708 -6.31499
      vertex -3.21419 -40.0708 -6.31499
      vertex -3.08266 -40.137 -6.31499
    endloop
  endfacet
  facet normal 0 0 -1
    outer loop
      vertex -4.57164 -38.573 -6.31499
      vertex -6.82836 -38.573 -6.31499
      vertex -6.77537 -38.4357 -6.31499
    endloop
  endfacet
  facet normal 0 0 -1
    outer loop
      vertex -8.31734 -40.137 -6.31499
      vertex -3.08266 -40.137 -6.31499
      vertex -2.94805 -40.1966 -6.31499
    endloop
  endfacet
  facet normal 0 0 -1
    outer loop
      vertex -4.51197 -38.7077 -6.31499
      vertex -6.88803 -38.7077 -6.31499
      vertex -6.82836 -38.573 -6.31499
    endloop
  endfacet
  facet normal 0 0 -1
    outer loop
      vertex -8.45195 -40.1966 -6.31499
      vertex -2.94805 -40.1966 -6.31499
      vertex -2.81067 -40.2496 -6.31499
    endloop
  endfacet
  facet normal 0 0 -1
    outer loop
      vertex -4.44576 -38.8392 -6.31499
      vertex -6.95424 -38.8392 -6.31499
      vertex -6.88803 -38.7077 -6.31499
    endloop
  endfacet
  facet normal 0 0 -1
    outer loop
      vertex -4.37319 -38.9673 -6.31499
      vertex -7.02681 -38.9673 -6.31499
      vertex -6.95424 -38.8392 -6.31499
    endloop
  endfacet
  facet normal 0 0 -1
    outer loop
      vertex -8.58933 -40.2496 -6.31499
      vertex -2.81067 -40.2496 -6.31499
      vertex -2.67085 -40.2958 -6.31499
    endloop
  endfacet
  facet normal 0 0 -1
    outer loop
      vertex -4.29441 -39.0917 -6.31499
      vertex -7.10559 -39.0917 -6.31499
      vertex -7.02681 -38.9673 -6.31499
    endloop
  endfacet
  facet normal 0 0 -1
    outer loop
      vertex -8.72915 -40.2958 -6.31499
      vertex -2.67085 -40.2958 -6.31499
      vertex -2.52894 -40.3351 -6.31499
    endloop
  endfacet
  facet normal 0 0 -1
    outer loop
      vertex -4.20962 -39.2121 -6.31499
      vertex -7.19038 -39.2121 -6.31499
      vertex -7.10559 -39.0917 -6.31499
    endloop
  endfacet
  facet normal 0 0 -1
    outer loop
      vertex -4.11903 -39.3282 -6.31499
      vertex -7.28097 -39.3282 -6.31499
      vertex -7.19038 -39.2121 -6.31499
    endloop
  endfacet
  facet normal 0 0 -1
    outer loop
      vertex -8.87106 -40.3351 -6.31499
      vertex -2.52894 -40.3351 -6.31499
      vertex -2.38527 -40.3674 -6.31499
    endloop
  endfacet
  facet normal 0 0 -1
    outer loop
      vertex -4.02285 -39.4397 -6.31499
      vertex -7.37715 -39.4397 -6.31499
      vertex -7.28097 -39.3282 -6.31499
    endloop
  endfacet
  facet normal 0 0 -1
    outer loop
      vertex -3.92132 -39.5463 -6.31499
      vertex -7.47868 -39.5463 -6.31499
      vertex -7.37715 -39.4397 -6.31499
    endloop
  endfacet
  facet normal 0 0 -1
    outer loop
      vertex -9.01473 -40.3674 -6.31499
      vertex -2.38527 -40.3674 -6.31499
      vertex -2.24019 -40.3925 -6.31499
    endloop
  endfacet
  facet normal 0 0 -1
    outer loop
      vertex -3.81468 -39.6479 -6.31499
      vertex -7.58532 -39.6479 -6.31499
      vertex -7.47868 -39.5463 -6.31499
    endloop
  endfacet
  facet normal 0 0 -1
    outer loop
      vertex -3.70318 -39.744 -6.31499
      vertex -7.69682 -39.744 -6.31499
      vertex -7.58532 -39.6479 -6.31499
    endloop
  endfacet
  facet normal 0 0 -1
    outer loop
      vertex -9.15981 -40.3925 -6.31499
      vertex -2.24019 -40.3925 -6.31499
      vertex -2.09405 -40.4106 -6.31499
    endloop
  endfacet
  facet normal 0 0 -1
    outer loop
      vertex -3.5871 -39.8346 -6.31499
      vertex -7.8129 -39.8346 -6.31499
      vertex -7.69682 -39.744 -6.31499
    endloop
  endfacet
  facet normal 0 0 -1
    outer loop
      vertex -3.46671 -39.9194 -6.31499
      vertex -7.93329 -39.9194 -6.31499
      vertex -7.8129 -39.8346 -6.31499
    endloop
  endfacet
  facet normal 0 0 -1
    outer loop
      vertex -3.34231 -39.9982 -6.31499
      vertex -8.05769 -39.9982 -6.31499
      vertex -7.93329 -39.9194 -6.31499
    endloop
  endfacet
  facet normal 0 0 -1
    outer loop
      vertex -9.30595 -40.4106 -6.31499
      vertex -2.09405 -40.4106 -6.31499
      vertex -1.9472 -40.4214 -6.31499
    endloop
  endfacet
  facet normal 0 0 -1
    outer loop
      vertex -3.21419 -40.0708 -6.31499
      vertex -8.18581 -40.0708 -6.31499
      vertex -8.05769 -39.9982 -6.31499
    endloop
  endfacet
  facet normal 0 -0 -1
    outer loop
      vertex -9.6 -40.425 -6.31499
      vertex -1.8 -40.425 -6.31499
      vertex -51.705 -43.925 -6.31499
    endloop
  endfacet
  facet normal 0 0 -1
    outer loop
      vertex -3.08266 -40.137 -6.31499
      vertex -8.31734 -40.137 -6.31499
      vertex -8.18581 -40.0708 -6.31499
    endloop
  endfacet
  facet normal 0 0 -1
    outer loop
      vertex -2.94805 -40.1966 -6.31499
      vertex -8.45195 -40.1966 -6.31499
      vertex -8.31734 -40.137 -6.31499
    endloop
  endfacet
  facet normal 0 0 -1
    outer loop
      vertex -2.81067 -40.2496 -6.31499
      vertex -8.58933 -40.2496 -6.31499
      vertex -8.45195 -40.1966 -6.31499
    endloop
  endfacet
  facet normal 0 0 -1
    outer loop
      vertex -2.67085 -40.2958 -6.31499
      vertex -8.72915 -40.2958 -6.31499
      vertex -8.58933 -40.2496 -6.31499
    endloop
  endfacet
  facet normal 0 0 -1
    outer loop
      vertex -2.52894 -40.3351 -6.31499
      vertex -8.87106 -40.3351 -6.31499
      vertex -8.72915 -40.2958 -6.31499
    endloop
  endfacet
  facet normal 0 0 -1
    outer loop
      vertex -2.38527 -40.3674 -6.31499
      vertex -9.01473 -40.3674 -6.31499
      vertex -8.87106 -40.3351 -6.31499
    endloop
  endfacet
  facet normal 0 0 -1
    outer loop
      vertex -2.24019 -40.3925 -6.31499
      vertex -9.15981 -40.3925 -6.31499
      vertex -9.01473 -40.3674 -6.31499
    endloop
  endfacet
  facet normal 0 0 -1
    outer loop
      vertex -2.09405 -40.4106 -6.31499
      vertex -9.30595 -40.4106 -6.31499
      vertex -9.15981 -40.3925 -6.31499
    endloop
  endfacet
  facet normal 0 0 -1
    outer loop
      vertex -1.9472 -40.4214 -6.31499
      vertex -9.4528 -40.4214 -6.31499
      vertex -9.30595 -40.4106 -6.31499
    endloop
  endfacet
  facet normal -0 0 -1
    outer loop
      vertex -1.9472 -40.4214 -6.31499
      vertex -9.6 -40.425 -6.31499
      vertex -9.4528 -40.4214 -6.31499
    endloop
  endfacet
  facet normal 0 0 -1
    outer loop
      vertex -1.8 -40.425 -6.31499
      vertex -9.6 -40.425 -6.31499
      vertex -1.9472 -40.4214 -6.31499
    endloop
  endfacet
  facet normal 0 0 -1
    outer loop
      vertex -12.1732 -38.9673 -6.31499
      vertex -12.2268 -38.9673 -6.31499
      vertex -12.2 -38.92 -6.31499
    endloop
  endfacet
  facet normal 0 0 -1
    outer loop
      vertex -12.0944 -39.0917 -6.31499
      vertex -12.2268 -38.9673 -6.31499
      vertex -12.1732 -38.9673 -6.31499
    endloop
  endfacet
  facet normal 0 0 -1
    outer loop
      vertex -12.3056 -39.0917 -6.31499
      vertex -12.0944 -39.0917 -6.31499
      vertex -12.0096 -39.2121 -6.31499
    endloop
  endfacet
  facet normal 0 0 -1
    outer loop
      vertex -12.3904 -39.2121 -6.31499
      vertex -12.0096 -39.2121 -6.31499
      vertex -11.919 -39.3282 -6.31499
    endloop
  endfacet
  facet normal 0 0 -1
    outer loop
      vertex -12.0944 -39.0917 -6.31499
      vertex -12.3056 -39.0917 -6.31499
      vertex -12.2268 -38.9673 -6.31499
    endloop
  endfacet
  facet normal 0 0 -1
    outer loop
      vertex -12.481 -39.3282 -6.31499
      vertex -11.919 -39.3282 -6.31499
      vertex -11.8229 -39.4397 -6.31499
    endloop
  endfacet
  facet normal 0 0 -1
    outer loop
      vertex -12.5771 -39.4397 -6.31499
      vertex -11.8229 -39.4397 -6.31499
      vertex -11.7213 -39.5463 -6.31499
    endloop
  endfacet
  facet normal 0 0 -1
    outer loop
      vertex -12.6787 -39.5463 -6.31499
      vertex -11.7213 -39.5463 -6.31499
      vertex -11.6147 -39.6479 -6.31499
    endloop
  endfacet
  facet normal 0 0 -1
    outer loop
      vertex -12.7853 -39.6479 -6.31499
      vertex -11.6147 -39.6479 -6.31499
      vertex -11.5032 -39.744 -6.31499
    endloop
  endfacet
  facet normal 0 0 -1
    outer loop
      vertex -12.0096 -39.2121 -6.31499
      vertex -12.3904 -39.2121 -6.31499
      vertex -12.3056 -39.0917 -6.31499
    endloop
  endfacet
  facet normal 0 0 -1
    outer loop
      vertex -12.8968 -39.744 -6.31499
      vertex -11.5032 -39.744 -6.31499
      vertex -11.3871 -39.8346 -6.31499
    endloop
  endfacet
  facet normal 0 0 -1
    outer loop
      vertex -13.0129 -39.8346 -6.31499
      vertex -11.3871 -39.8346 -6.31499
      vertex -11.2667 -39.9194 -6.31499
    endloop
  endfacet
  facet normal 0 0 -1
    outer loop
      vertex -13.1333 -39.9194 -6.31499
      vertex -11.2667 -39.9194 -6.31499
      vertex -11.1423 -39.9982 -6.31499
    endloop
  endfacet
  facet normal 0 0 -1
    outer loop
      vertex -11.919 -39.3282 -6.31499
      vertex -12.481 -39.3282 -6.31499
      vertex -12.3904 -39.2121 -6.31499
    endloop
  endfacet
  facet normal 0 0 -1
    outer loop
      vertex -13.2577 -39.9982 -6.31499
      vertex -11.1423 -39.9982 -6.31499
      vertex -11.0142 -40.0708 -6.31499
    endloop
  endfacet
  facet normal 0 0 -1
    outer loop
      vertex -11.8229 -39.4397 -6.31499
      vertex -12.5771 -39.4397 -6.31499
      vertex -12.481 -39.3282 -6.31499
    endloop
  endfacet
  facet normal 0 0 -1
    outer loop
      vertex -13.3858 -40.0708 -6.31499
      vertex -11.0142 -40.0708 -6.31499
      vertex -10.8827 -40.137 -6.31499
    endloop
  endfacet
  facet normal 0 0 -1
    outer loop
      vertex -13.5173 -40.137 -6.31499
      vertex -10.8827 -40.137 -6.31499
      vertex -10.7481 -40.1966 -6.31499
    endloop
  endfacet
  facet normal 0 0 -1
    outer loop
      vertex -11.7213 -39.5463 -6.31499
      vertex -12.6787 -39.5463 -6.31499
      vertex -12.5771 -39.4397 -6.31499
    endloop
  endfacet
  facet normal 0 0 -1
    outer loop
      vertex -13.652 -40.1966 -6.31499
      vertex -10.7481 -40.1966 -6.31499
      vertex -10.6107 -40.2496 -6.31499
    endloop
  endfacet
  facet normal 0 0 -1
    outer loop
      vertex -11.6147 -39.6479 -6.31499
      vertex -12.7853 -39.6479 -6.31499
      vertex -12.6787 -39.5463 -6.31499
    endloop
  endfacet
  facet normal 0 0 -1
    outer loop
      vertex -13.7893 -40.2496 -6.31499
      vertex -10.6107 -40.2496 -6.31499
      vertex -10.4709 -40.2958 -6.31499
    endloop
  endfacet
  facet normal 0 0 -1
    outer loop
      vertex -11.5032 -39.744 -6.31499
      vertex -12.8968 -39.744 -6.31499
      vertex -12.7853 -39.6479 -6.31499
    endloop
  endfacet
  facet normal 0 0 -1
    outer loop
      vertex -13.9291 -40.2958 -6.31499
      vertex -10.4709 -40.2958 -6.31499
      vertex -10.3289 -40.3351 -6.31499
    endloop
  endfacet
  facet normal 0 0 -1
    outer loop
      vertex -11.3871 -39.8346 -6.31499
      vertex -13.0129 -39.8346 -6.31499
      vertex -12.8968 -39.744 -6.31499
    endloop
  endfacet
  facet normal 0 0 -1
    outer loop
      vertex -14.0711 -40.3351 -6.31499
      vertex -10.3289 -40.3351 -6.31499
      vertex -10.1853 -40.3674 -6.31499
    endloop
  endfacet
  facet normal 0 0 -1
    outer loop
      vertex -11.2667 -39.9194 -6.31499
      vertex -13.1333 -39.9194 -6.31499
      vertex -13.0129 -39.8346 -6.31499
    endloop
  endfacet
  facet normal 0 0 -1
    outer loop
      vertex -14.2147 -40.3674 -6.31499
      vertex -10.1853 -40.3674 -6.31499
      vertex -10.0402 -40.3925 -6.31499
    endloop
  endfacet
  facet normal 0 0 -1
    outer loop
      vertex -11.1423 -39.9982 -6.31499
      vertex -13.2577 -39.9982 -6.31499
      vertex -13.1333 -39.9194 -6.31499
    endloop
  endfacet
  facet normal 0 0 -1
    outer loop
      vertex -14.3598 -40.3925 -6.31499
      vertex -10.0402 -40.3925 -6.31499
      vertex -9.89405 -40.4106 -6.31499
    endloop
  endfacet
  facet normal 0 0 -1
    outer loop
      vertex -11.0142 -40.0708 -6.31499
      vertex -13.3858 -40.0708 -6.31499
      vertex -13.2577 -39.9982 -6.31499
    endloop
  endfacet
  facet normal 0 0 -1
    outer loop
      vertex -10.8827 -40.137 -6.31499
      vertex -13.5173 -40.137 -6.31499
      vertex -13.3858 -40.0708 -6.31499
    endloop
  endfacet
  facet normal 0 0 -1
    outer loop
      vertex -10.7481 -40.1966 -6.31499
      vertex -13.652 -40.1966 -6.31499
      vertex -13.5173 -40.137 -6.31499
    endloop
  endfacet
  facet normal 0 0 -1
    outer loop
      vertex -14.5059 -40.4106 -6.31499
      vertex -9.89405 -40.4106 -6.31499
      vertex -9.7472 -40.4214 -6.31499
    endloop
  endfacet
  facet normal 0 0 -1
    outer loop
      vertex -10.6107 -40.2496 -6.31499
      vertex -13.7893 -40.2496 -6.31499
      vertex -13.652 -40.1966 -6.31499
    endloop
  endfacet
  facet normal 0 -0 -1
    outer loop
      vertex -14.8 -40.425 -6.31499
      vertex -9.6 -40.425 -6.31499
      vertex -51.705 -43.925 -6.31499
    endloop
  endfacet
  facet normal 0 0 -1
    outer loop
      vertex -10.4709 -40.2958 -6.31499
      vertex -13.9291 -40.2958 -6.31499
      vertex -13.7893 -40.2496 -6.31499
    endloop
  endfacet
  facet normal 0 0 -1
    outer loop
      vertex -10.3289 -40.3351 -6.31499
      vertex -14.0711 -40.3351 -6.31499
      vertex -13.9291 -40.2958 -6.31499
    endloop
  endfacet
  facet normal 0 0 -1
    outer loop
      vertex -10.1853 -40.3674 -6.31499
      vertex -14.2147 -40.3674 -6.31499
      vertex -14.0711 -40.3351 -6.31499
    endloop
  endfacet
  facet normal 0 0 -1
    outer loop
      vertex -10.0402 -40.3925 -6.31499
      vertex -14.3598 -40.3925 -6.31499
      vertex -14.2147 -40.3674 -6.31499
    endloop
  endfacet
  facet normal 0 0 -1
    outer loop
      vertex -9.89405 -40.4106 -6.31499
      vertex -14.5059 -40.4106 -6.31499
      vertex -14.3598 -40.3925 -6.31499
    endloop
  endfacet
  facet normal 0 0 -1
    outer loop
      vertex -9.7472 -40.4214 -6.31499
      vertex -14.6528 -40.4214 -6.31499
      vertex -14.5059 -40.4106 -6.31499
    endloop
  endfacet
  facet normal 0 0 -1
    outer loop
      vertex -9.6 -40.425 -6.31499
      vertex -14.8 -40.425 -6.31499
      vertex -9.7472 -40.4214 -6.31499
    endloop
  endfacet
  facet normal -0 0 -1
    outer loop
      vertex -9.7472 -40.4214 -6.31499
      vertex -14.8 -40.425 -6.31499
      vertex -14.6528 -40.4214 -6.31499
    endloop
  endfacet
  facet normal 0 0 -1
    outer loop
      vertex -17.3732 -38.9673 -6.31499
      vertex -17.4268 -38.9673 -6.31499
      vertex -17.4 -38.92 -6.31499
    endloop
  endfacet
  facet normal 0 0 -1
    outer loop
      vertex -17.2944 -39.0917 -6.31499
      vertex -17.4268 -38.9673 -6.31499
      vertex -17.3732 -38.9673 -6.31499
    endloop
  endfacet
  facet normal 0 0 -1
    outer loop
      vertex -17.5056 -39.0917 -6.31499
      vertex -17.2944 -39.0917 -6.31499
      vertex -17.2096 -39.2121 -6.31499
    endloop
  endfacet
  facet normal 0 0 -1
    outer loop
      vertex -17.5904 -39.2121 -6.31499
      vertex -17.2096 -39.2121 -6.31499
      vertex -17.119 -39.3282 -6.31499
    endloop
  endfacet
  facet normal 0 0 -1
    outer loop
      vertex -17.2944 -39.0917 -6.31499
      vertex -17.5056 -39.0917 -6.31499
      vertex -17.4268 -38.9673 -6.31499
    endloop
  endfacet
  facet normal 0 0 -1
    outer loop
      vertex -17.681 -39.3282 -6.31499
      vertex -17.119 -39.3282 -6.31499
      vertex -17.0229 -39.4397 -6.31499
    endloop
  endfacet
  facet normal 0 0 -1
    outer loop
      vertex -17.7771 -39.4397 -6.31499
      vertex -17.0229 -39.4397 -6.31499
      vertex -16.9213 -39.5463 -6.31499
    endloop
  endfacet
  facet normal 0 0 -1
    outer loop
      vertex -17.8787 -39.5463 -6.31499
      vertex -16.9213 -39.5463 -6.31499
      vertex -16.8147 -39.6479 -6.31499
    endloop
  endfacet
  facet normal 0 0 -1
    outer loop
      vertex -17.9853 -39.6479 -6.31499
      vertex -16.8147 -39.6479 -6.31499
      vertex -16.7032 -39.744 -6.31499
    endloop
  endfacet
  facet normal 0 0 -1
    outer loop
      vertex -17.2096 -39.2121 -6.31499
      vertex -17.5904 -39.2121 -6.31499
      vertex -17.5056 -39.0917 -6.31499
    endloop
  endfacet
  facet normal 0 0 -1
    outer loop
      vertex -18.0968 -39.744 -6.31499
      vertex -16.7032 -39.744 -6.31499
      vertex -16.5871 -39.8346 -6.31499
    endloop
  endfacet
  facet normal 0 0 -1
    outer loop
      vertex -18.2129 -39.8346 -6.31499
      vertex -16.5871 -39.8346 -6.31499
      vertex -16.4667 -39.9194 -6.31499
    endloop
  endfacet
  facet normal 0 0 -1
    outer loop
      vertex -18.3333 -39.9194 -6.31499
      vertex -16.4667 -39.9194 -6.31499
      vertex -16.3423 -39.9982 -6.31499
    endloop
  endfacet
  facet normal 0 0 -1
    outer loop
      vertex -17.119 -39.3282 -6.31499
      vertex -17.681 -39.3282 -6.31499
      vertex -17.5904 -39.2121 -6.31499
    endloop
  endfacet
  facet normal 0 0 -1
    outer loop
      vertex -18.4577 -39.9982 -6.31499
      vertex -16.3423 -39.9982 -6.31499
      vertex -16.2142 -40.0708 -6.31499
    endloop
  endfacet
  facet normal 0 0 -1
    outer loop
      vertex -17.0229 -39.4397 -6.31499
      vertex -17.7771 -39.4397 -6.31499
      vertex -17.681 -39.3282 -6.31499
    endloop
  endfacet
  facet normal 0 0 -1
    outer loop
      vertex -18.5858 -40.0708 -6.31499
      vertex -16.2142 -40.0708 -6.31499
      vertex -16.0827 -40.137 -6.31499
    endloop
  endfacet
  facet normal 0 0 -1
    outer loop
      vertex -18.7173 -40.137 -6.31499
      vertex -16.0827 -40.137 -6.31499
      vertex -15.948 -40.1966 -6.31499
    endloop
  endfacet
  facet normal 0 0 -1
    outer loop
      vertex -16.9213 -39.5463 -6.31499
      vertex -17.8787 -39.5463 -6.31499
      vertex -17.7771 -39.4397 -6.31499
    endloop
  endfacet
  facet normal 0 0 -1
    outer loop
      vertex -18.8519 -40.1966 -6.31499
      vertex -15.948 -40.1966 -6.31499
      vertex -15.8107 -40.2496 -6.31499
    endloop
  endfacet
  facet normal 0 0 -1
    outer loop
      vertex -16.8147 -39.6479 -6.31499
      vertex -17.9853 -39.6479 -6.31499
      vertex -17.8787 -39.5463 -6.31499
    endloop
  endfacet
  facet normal 0 0 -1
    outer loop
      vertex -18.9893 -40.2496 -6.31499
      vertex -15.8107 -40.2496 -6.31499
      vertex -15.6709 -40.2958 -6.31499
    endloop
  endfacet
  facet normal 0 0 -1
    outer loop
      vertex -16.7032 -39.744 -6.31499
      vertex -18.0968 -39.744 -6.31499
      vertex -17.9853 -39.6479 -6.31499
    endloop
  endfacet
  facet normal 0 0 -1
    outer loop
      vertex -19.1291 -40.2958 -6.31499
      vertex -15.6709 -40.2958 -6.31499
      vertex -15.5289 -40.3351 -6.31499
    endloop
  endfacet
  facet normal 0 0 -1
    outer loop
      vertex -16.5871 -39.8346 -6.31499
      vertex -18.2129 -39.8346 -6.31499
      vertex -18.0968 -39.744 -6.31499
    endloop
  endfacet
  facet normal 0 0 -1
    outer loop
      vertex -19.2711 -40.3351 -6.31499
      vertex -15.5289 -40.3351 -6.31499
      vertex -15.3853 -40.3674 -6.31499
    endloop
  endfacet
  facet normal 0 0 -1
    outer loop
      vertex -16.4667 -39.9194 -6.31499
      vertex -18.3333 -39.9194 -6.31499
      vertex -18.2129 -39.8346 -6.31499
    endloop
  endfacet
  facet normal 0 0 -1
    outer loop
      vertex -19.4147 -40.3674 -6.31499
      vertex -15.3853 -40.3674 -6.31499
      vertex -15.2402 -40.3925 -6.31499
    endloop
  endfacet
  facet normal 0 0 -1
    outer loop
      vertex -16.3423 -39.9982 -6.31499
      vertex -18.4577 -39.9982 -6.31499
      vertex -18.3333 -39.9194 -6.31499
    endloop
  endfacet
  facet normal 0 0 -1
    outer loop
      vertex -19.5598 -40.3925 -6.31499
      vertex -15.2402 -40.3925 -6.31499
      vertex -15.0941 -40.4106 -6.31499
    endloop
  endfacet
  facet normal 0 0 -1
    outer loop
      vertex -16.2142 -40.0708 -6.31499
      vertex -18.5858 -40.0708 -6.31499
      vertex -18.4577 -39.9982 -6.31499
    endloop
  endfacet
  facet normal 0 0 -1
    outer loop
      vertex -16.0827 -40.137 -6.31499
      vertex -18.7173 -40.137 -6.31499
      vertex -18.5858 -40.0708 -6.31499
    endloop
  endfacet
  facet normal 0 0 -1
    outer loop
      vertex -15.948 -40.1966 -6.31499
      vertex -18.8519 -40.1966 -6.31499
      vertex -18.7173 -40.137 -6.31499
    endloop
  endfacet
  facet normal 0 0 -1
    outer loop
      vertex -19.7059 -40.4106 -6.31499
      vertex -15.0941 -40.4106 -6.31499
      vertex -14.9472 -40.4214 -6.31499
    endloop
  endfacet
  facet normal 0 0 -1
    outer loop
      vertex -15.8107 -40.2496 -6.31499
      vertex -18.9893 -40.2496 -6.31499
      vertex -18.8519 -40.1966 -6.31499
    endloop
  endfacet
  facet normal -0 0 -1
    outer loop
      vertex -14.8 -40.425 -6.31499
      vertex -51.705 -43.925 -6.31499
      vertex -14.9472 -40.4214 -6.31499
    endloop
  endfacet
  facet normal 0 0 -1
    outer loop
      vertex -15.6709 -40.2958 -6.31499
      vertex -19.1291 -40.2958 -6.31499
      vertex -18.9893 -40.2496 -6.31499
    endloop
  endfacet
  facet normal 0 0 -1
    outer loop
      vertex -15.5289 -40.3351 -6.31499
      vertex -19.2711 -40.3351 -6.31499
      vertex -19.1291 -40.2958 -6.31499
    endloop
  endfacet
  facet normal 0 0 -1
    outer loop
      vertex -15.3853 -40.3674 -6.31499
      vertex -19.4147 -40.3674 -6.31499
      vertex -19.2711 -40.3351 -6.31499
    endloop
  endfacet
  facet normal 0 0 -1
    outer loop
      vertex -15.2402 -40.3925 -6.31499
      vertex -19.5598 -40.3925 -6.31499
      vertex -19.4147 -40.3674 -6.31499
    endloop
  endfacet
  facet normal 0 0 -1
    outer loop
      vertex -15.0941 -40.4106 -6.31499
      vertex -19.7059 -40.4106 -6.31499
      vertex -19.5598 -40.3925 -6.31499
    endloop
  endfacet
  facet normal 0 0 -1
    outer loop
      vertex -14.9472 -40.4214 -6.31499
      vertex -19.8528 -40.4214 -6.31499
      vertex -19.7059 -40.4106 -6.31499
    endloop
  endfacet
  facet normal -0 0 -1
    outer loop
      vertex -14.9472 -40.4214 -6.31499
      vertex -51.705 -43.925 -6.31499
      vertex -19.8528 -40.4214 -6.31499
    endloop
  endfacet
  facet normal 0 0 -1
    outer loop
      vertex -19.8528 -40.4214 -6.31499
      vertex -51.705 -43.925 -6.31499
      vertex -20 -40.425 -6.31499
    endloop
  endfacet
  facet normal 0 0 -1
    outer loop
      vertex -22.9964 -37.5722 -6.31499
      vertex -24.8 -37.425 -6.31499
      vertex -23 -37.425 -6.31499
    endloop
  endfacet
  facet normal 0 0 -1
    outer loop
      vertex -24.8036 -37.5722 -6.31499
      vertex -22.9964 -37.5722 -6.31499
      vertex -22.9856 -37.7191 -6.31499
    endloop
  endfacet
  facet normal 0 0 -1
    outer loop
      vertex -24.8144 -37.7191 -6.31499
      vertex -22.9856 -37.7191 -6.31499
      vertex -22.9675 -37.8652 -6.31499
    endloop
  endfacet
  facet normal 0 0 -1
    outer loop
      vertex -24.8325 -37.8652 -6.31499
      vertex -22.9675 -37.8652 -6.31499
      vertex -22.9424 -38.0103 -6.31499
    endloop
  endfacet
  facet normal 0 0 -1
    outer loop
      vertex -24.8576 -38.0103 -6.31499
      vertex -22.9424 -38.0103 -6.31499
      vertex -22.9101 -38.1539 -6.31499
    endloop
  endfacet
  facet normal 0 0 -1
    outer loop
      vertex -24.8899 -38.1539 -6.31499
      vertex -22.9101 -38.1539 -6.31499
      vertex -22.8708 -38.2959 -6.31499
    endloop
  endfacet
  facet normal 0 0 -1
    outer loop
      vertex -24.9292 -38.2959 -6.31499
      vertex -22.8708 -38.2959 -6.31499
      vertex -22.8246 -38.4357 -6.31499
    endloop
  endfacet
  facet normal 0 0 -1
    outer loop
      vertex -24.9754 -38.4357 -6.31499
      vertex -22.8246 -38.4357 -6.31499
      vertex -22.7716 -38.573 -6.31499
    endloop
  endfacet
  facet normal 0 0 -1
    outer loop
      vertex -25.0284 -38.573 -6.31499
      vertex -22.7716 -38.573 -6.31499
      vertex -22.712 -38.7077 -6.31499
    endloop
  endfacet
  facet normal 0 0 -1
    outer loop
      vertex -25.088 -38.7077 -6.31499
      vertex -22.712 -38.7077 -6.31499
      vertex -22.6458 -38.8392 -6.31499
    endloop
  endfacet
  facet normal 0 0 -1
    outer loop
      vertex -25.1542 -38.8392 -6.31499
      vertex -22.6458 -38.8392 -6.31499
      vertex -22.5732 -38.9673 -6.31499
    endloop
  endfacet
  facet normal 0 0 -1
    outer loop
      vertex -25.2268 -38.9673 -6.31499
      vertex -22.5732 -38.9673 -6.31499
      vertex -22.4944 -39.0917 -6.31499
    endloop
  endfacet
  facet normal 0 0 -1
    outer loop
      vertex -25.3056 -39.0917 -6.31499
      vertex -22.4944 -39.0917 -6.31499
      vertex -22.4096 -39.2121 -6.31499
    endloop
  endfacet
  facet normal 0 0 -1
    outer loop
      vertex -25.3904 -39.2121 -6.31499
      vertex -22.4096 -39.2121 -6.31499
      vertex -22.319 -39.3282 -6.31499
    endloop
  endfacet
  facet normal 0 0 -1
    outer loop
      vertex -25.481 -39.3282 -6.31499
      vertex -22.319 -39.3282 -6.31499
      vertex -22.2229 -39.4397 -6.31499
    endloop
  endfacet
  facet normal 0 0 -1
    outer loop
      vertex -25.5771 -39.4397 -6.31499
      vertex -22.2229 -39.4397 -6.31499
      vertex -22.1213 -39.5463 -6.31499
    endloop
  endfacet
  facet normal 0 0 -1
    outer loop
      vertex -25.6787 -39.5463 -6.31499
      vertex -22.1213 -39.5463 -6.31499
      vertex -22.0147 -39.6479 -6.31499
    endloop
  endfacet
  facet normal 0 0 -1
    outer loop
      vertex -25.7853 -39.6479 -6.31499
      vertex -22.0147 -39.6479 -6.31499
      vertex -21.9032 -39.744 -6.31499
    endloop
  endfacet
  facet normal 0 0 -1
    outer loop
      vertex -22.9964 -37.5722 -6.31499
      vertex -24.8036 -37.5722 -6.31499
      vertex -24.8 -37.425 -6.31499
    endloop
  endfacet
  facet normal 0 0 -1
    outer loop
      vertex -25.8968 -39.744 -6.31499
      vertex -21.9032 -39.744 -6.31499
      vertex -21.7871 -39.8346 -6.31499
    endloop
  endfacet
  facet normal 0 0 -1
    outer loop
      vertex -22.9856 -37.7191 -6.31499
      vertex -24.8144 -37.7191 -6.31499
      vertex -24.8036 -37.5722 -6.31499
    endloop
  endfacet
  facet normal 0 0 -1
    outer loop
      vertex -26.0129 -39.8346 -6.31499
      vertex -21.7871 -39.8346 -6.31499
      vertex -21.6667 -39.9194 -6.31499
    endloop
  endfacet
  facet normal 0 0 -1
    outer loop
      vertex -22.9675 -37.8652 -6.31499
      vertex -24.8325 -37.8652 -6.31499
      vertex -24.8144 -37.7191 -6.31499
    endloop
  endfacet
  facet normal 0 0 -1
    outer loop
      vertex -22.9424 -38.0103 -6.31499
      vertex -24.8576 -38.0103 -6.31499
      vertex -24.8325 -37.8652 -6.31499
    endloop
  endfacet
  facet normal 0 0 -1
    outer loop
      vertex -26.1333 -39.9194 -6.31499
      vertex -21.6667 -39.9194 -6.31499
      vertex -21.5423 -39.9982 -6.31499
    endloop
  endfacet
  facet normal 0 0 -1
    outer loop
      vertex -22.9101 -38.1539 -6.31499
      vertex -24.8899 -38.1539 -6.31499
      vertex -24.8576 -38.0103 -6.31499
    endloop
  endfacet
  facet normal 0 0 -1
    outer loop
      vertex -26.2577 -39.9982 -6.31499
      vertex -21.5423 -39.9982 -6.31499
      vertex -21.4142 -40.0708 -6.31499
    endloop
  endfacet
  facet normal 0 0 -1
    outer loop
      vertex -22.8708 -38.2959 -6.31499
      vertex -24.9292 -38.2959 -6.31499
      vertex -24.8899 -38.1539 -6.31499
    endloop
  endfacet
  facet normal 0 0 -1
    outer loop
      vertex -22.8246 -38.4357 -6.31499
      vertex -24.9754 -38.4357 -6.31499
      vertex -24.9292 -38.2959 -6.31499
    endloop
  endfacet
  facet normal 0 0 -1
    outer loop
      vertex -26.3858 -40.0708 -6.31499
      vertex -21.4142 -40.0708 -6.31499
      vertex -21.2827 -40.137 -6.31499
    endloop
  endfacet
  facet normal 0 0 -1
    outer loop
      vertex -22.7716 -38.573 -6.31499
      vertex -25.0284 -38.573 -6.31499
      vertex -24.9754 -38.4357 -6.31499
    endloop
  endfacet
  facet normal 0 0 -1
    outer loop
      vertex -26.5173 -40.137 -6.31499
      vertex -21.2827 -40.137 -6.31499
      vertex -21.1481 -40.1966 -6.31499
    endloop
  endfacet
  facet normal 0 0 -1
    outer loop
      vertex -22.712 -38.7077 -6.31499
      vertex -25.088 -38.7077 -6.31499
      vertex -25.0284 -38.573 -6.31499
    endloop
  endfacet
  facet normal 0 0 -1
    outer loop
      vertex -26.652 -40.1966 -6.31499
      vertex -21.1481 -40.1966 -6.31499
      vertex -21.0107 -40.2496 -6.31499
    endloop
  endfacet
  facet normal 0 0 -1
    outer loop
      vertex -22.6458 -38.8392 -6.31499
      vertex -25.1542 -38.8392 -6.31499
      vertex -25.088 -38.7077 -6.31499
    endloop
  endfacet
  facet normal 0 0 -1
    outer loop
      vertex -22.5732 -38.9673 -6.31499
      vertex -25.2268 -38.9673 -6.31499
      vertex -25.1542 -38.8392 -6.31499
    endloop
  endfacet
  facet normal 0 0 -1
    outer loop
      vertex -26.7893 -40.2496 -6.31499
      vertex -21.0107 -40.2496 -6.31499
      vertex -20.8709 -40.2958 -6.31499
    endloop
  endfacet
  facet normal 0 0 -1
    outer loop
      vertex -22.4944 -39.0917 -6.31499
      vertex -25.3056 -39.0917 -6.31499
      vertex -25.2268 -38.9673 -6.31499
    endloop
  endfacet
  facet normal 0 0 -1
    outer loop
      vertex -26.9291 -40.2958 -6.31499
      vertex -20.8709 -40.2958 -6.31499
      vertex -20.7289 -40.3351 -6.31499
    endloop
  endfacet
  facet normal 0 0 -1
    outer loop
      vertex -22.4096 -39.2121 -6.31499
      vertex -25.3904 -39.2121 -6.31499
      vertex -25.3056 -39.0917 -6.31499
    endloop
  endfacet
  facet normal 0 0 -1
    outer loop
      vertex -22.319 -39.3282 -6.31499
      vertex -25.481 -39.3282 -6.31499
      vertex -25.3904 -39.2121 -6.31499
    endloop
  endfacet
  facet normal 0 0 -1
    outer loop
      vertex -27.0711 -40.3351 -6.31499
      vertex -20.7289 -40.3351 -6.31499
      vertex -20.5853 -40.3674 -6.31499
    endloop
  endfacet
  facet normal 0 0 -1
    outer loop
      vertex -22.2229 -39.4397 -6.31499
      vertex -25.5771 -39.4397 -6.31499
      vertex -25.481 -39.3282 -6.31499
    endloop
  endfacet
  facet normal 0 0 -1
    outer loop
      vertex -22.1213 -39.5463 -6.31499
      vertex -25.6787 -39.5463 -6.31499
      vertex -25.5771 -39.4397 -6.31499
    endloop
  endfacet
  facet normal 0 0 -1
    outer loop
      vertex -27.2147 -40.3674 -6.31499
      vertex -20.5853 -40.3674 -6.31499
      vertex -20.4402 -40.3925 -6.31499
    endloop
  endfacet
  facet normal 0 0 -1
    outer loop
      vertex -22.0147 -39.6479 -6.31499
      vertex -25.7853 -39.6479 -6.31499
      vertex -25.6787 -39.5463 -6.31499
    endloop
  endfacet
  facet normal 0 0 -1
    outer loop
      vertex -21.9032 -39.744 -6.31499
      vertex -25.8968 -39.744 -6.31499
      vertex -25.7853 -39.6479 -6.31499
    endloop
  endfacet
  facet normal 0 0 -1
    outer loop
      vertex -27.3598 -40.3925 -6.31499
      vertex -20.4402 -40.3925 -6.31499
      vertex -20.2941 -40.4106 -6.31499
    endloop
  endfacet
  facet normal 0 0 -1
    outer loop
      vertex -21.7871 -39.8346 -6.31499
      vertex -26.0129 -39.8346 -6.31499
      vertex -25.8968 -39.744 -6.31499
    endloop
  endfacet
  facet normal 0 0 -1
    outer loop
      vertex -21.6667 -39.9194 -6.31499
      vertex -26.1333 -39.9194 -6.31499
      vertex -26.0129 -39.8346 -6.31499
    endloop
  endfacet
  facet normal 0 0 -1
    outer loop
      vertex -21.5423 -39.9982 -6.31499
      vertex -26.2577 -39.9982 -6.31499
      vertex -26.1333 -39.9194 -6.31499
    endloop
  endfacet
  facet normal 0 0 -1
    outer loop
      vertex -27.5059 -40.4106 -6.31499
      vertex -20.2941 -40.4106 -6.31499
      vertex -20.1472 -40.4214 -6.31499
    endloop
  endfacet
  facet normal 0 0 -1
    outer loop
      vertex -21.4142 -40.0708 -6.31499
      vertex -26.3858 -40.0708 -6.31499
      vertex -26.2577 -39.9982 -6.31499
    endloop
  endfacet
  facet normal 0 0 -1
    outer loop
      vertex -21.2827 -40.137 -6.31499
      vertex -26.5173 -40.137 -6.31499
      vertex -26.3858 -40.0708 -6.31499
    endloop
  endfacet
  facet normal -0 0 -1
    outer loop
      vertex -20 -40.425 -6.31499
      vertex -51.705 -43.925 -6.31499
      vertex -20.1472 -40.4214 -6.31499
    endloop
  endfacet
  facet normal 0 0 -1
    outer loop
      vertex -21.1481 -40.1966 -6.31499
      vertex -26.652 -40.1966 -6.31499
      vertex -26.5173 -40.137 -6.31499
    endloop
  endfacet
  facet normal 0 0 -1
    outer loop
      vertex -21.0107 -40.2496 -6.31499
      vertex -26.7893 -40.2496 -6.31499
      vertex -26.652 -40.1966 -6.31499
    endloop
  endfacet
  facet normal 0 0 -1
    outer loop
      vertex -20.8709 -40.2958 -6.31499
      vertex -26.9291 -40.2958 -6.31499
      vertex -26.7893 -40.2496 -6.31499
    endloop
  endfacet
  facet normal 0 0 -1
    outer loop
      vertex -20.7289 -40.3351 -6.31499
      vertex -27.0711 -40.3351 -6.31499
      vertex -26.9291 -40.2958 -6.31499
    endloop
  endfacet
  facet normal 0 0 -1
    outer loop
      vertex -20.5853 -40.3674 -6.31499
      vertex -27.2147 -40.3674 -6.31499
      vertex -27.0711 -40.3351 -6.31499
    endloop
  endfacet
  facet normal 0 0 -1
    outer loop
      vertex -20.4402 -40.3925 -6.31499
      vertex -27.3598 -40.3925 -6.31499
      vertex -27.2147 -40.3674 -6.31499
    endloop
  endfacet
  facet normal 0 0 -1
    outer loop
      vertex -20.2941 -40.4106 -6.31499
      vertex -27.5059 -40.4106 -6.31499
      vertex -27.3598 -40.3925 -6.31499
    endloop
  endfacet
  facet normal 0 -0 -1
    outer loop
      vertex -27.6528 -40.4214 -6.31499
      vertex -20.1472 -40.4214 -6.31499
      vertex -51.705 -43.925 -6.31499
    endloop
  endfacet
  facet normal 0 0 -1
    outer loop
      vertex -20.1472 -40.4214 -6.31499
      vertex -27.6528 -40.4214 -6.31499
      vertex -27.5059 -40.4106 -6.31499
    endloop
  endfacet
  facet normal 0 0 -1
    outer loop
      vertex -27.6528 -40.4214 -6.31499
      vertex -51.705 -43.925 -6.31499
      vertex -27.8 -40.425 -6.31499
    endloop
  endfacet
  facet normal 0 0 -1
    outer loop
      vertex -30.3732 -38.9673 -6.31499
      vertex -30.4268 -38.9673 -6.31499
      vertex -30.4 -38.92 -6.31499
    endloop
  endfacet
  facet normal 0 0 -1
    outer loop
      vertex -30.2944 -39.0917 -6.31499
      vertex -30.4268 -38.9673 -6.31499
      vertex -30.3732 -38.9673 -6.31499
    endloop
  endfacet
  facet normal 0 0 -1
    outer loop
      vertex -30.5056 -39.0917 -6.31499
      vertex -30.2944 -39.0917 -6.31499
      vertex -30.2096 -39.2121 -6.31499
    endloop
  endfacet
  facet normal 0 0 -1
    outer loop
      vertex -30.5904 -39.2121 -6.31499
      vertex -30.2096 -39.2121 -6.31499
      vertex -30.119 -39.3282 -6.31499
    endloop
  endfacet
  facet normal 0 0 -1
    outer loop
      vertex -30.2944 -39.0917 -6.31499
      vertex -30.5056 -39.0917 -6.31499
      vertex -30.4268 -38.9673 -6.31499
    endloop
  endfacet
  facet normal 0 0 -1
    outer loop
      vertex -30.681 -39.3282 -6.31499
      vertex -30.119 -39.3282 -6.31499
      vertex -30.0229 -39.4397 -6.31499
    endloop
  endfacet
  facet normal 0 0 -1
    outer loop
      vertex -30.7771 -39.4397 -6.31499
      vertex -30.0229 -39.4397 -6.31499
      vertex -29.9213 -39.5463 -6.31499
    endloop
  endfacet
  facet normal 0 0 -1
    outer loop
      vertex -30.8787 -39.5463 -6.31499
      vertex -29.9213 -39.5463 -6.31499
      vertex -29.8147 -39.6479 -6.31499
    endloop
  endfacet
  facet normal 0 0 -1
    outer loop
      vertex -30.9853 -39.6479 -6.31499
      vertex -29.8147 -39.6479 -6.31499
      vertex -29.7032 -39.744 -6.31499
    endloop
  endfacet
  facet normal 0 0 -1
    outer loop
      vertex -30.2096 -39.2121 -6.31499
      vertex -30.5904 -39.2121 -6.31499
      vertex -30.5056 -39.0917 -6.31499
    endloop
  endfacet
  facet normal 0 0 -1
    outer loop
      vertex -31.0968 -39.744 -6.31499
      vertex -29.7032 -39.744 -6.31499
      vertex -29.5871 -39.8346 -6.31499
    endloop
  endfacet
  facet normal 0 0 -1
    outer loop
      vertex -31.2129 -39.8346 -6.31499
      vertex -29.5871 -39.8346 -6.31499
      vertex -29.4667 -39.9194 -6.31499
    endloop
  endfacet
  facet normal 0 0 -1
    outer loop
      vertex -31.3333 -39.9194 -6.31499
      vertex -29.4667 -39.9194 -6.31499
      vertex -29.3423 -39.9982 -6.31499
    endloop
  endfacet
  facet normal 0 0 -1
    outer loop
      vertex -30.119 -39.3282 -6.31499
      vertex -30.681 -39.3282 -6.31499
      vertex -30.5904 -39.2121 -6.31499
    endloop
  endfacet
  facet normal 0 0 -1
    outer loop
      vertex -31.4577 -39.9982 -6.31499
      vertex -29.3423 -39.9982 -6.31499
      vertex -29.2142 -40.0708 -6.31499
    endloop
  endfacet
  facet normal 0 0 -1
    outer loop
      vertex -30.0229 -39.4397 -6.31499
      vertex -30.7771 -39.4397 -6.31499
      vertex -30.681 -39.3282 -6.31499
    endloop
  endfacet
  facet normal 0 0 -1
    outer loop
      vertex -31.5858 -40.0708 -6.31499
      vertex -29.2142 -40.0708 -6.31499
      vertex -29.0827 -40.137 -6.31499
    endloop
  endfacet
  facet normal 0 0 -1
    outer loop
      vertex -31.7173 -40.137 -6.31499
      vertex -29.0827 -40.137 -6.31499
      vertex -28.9481 -40.1966 -6.31499
    endloop
  endfacet
  facet normal 0 0 -1
    outer loop
      vertex -29.9213 -39.5463 -6.31499
      vertex -30.8787 -39.5463 -6.31499
      vertex -30.7771 -39.4397 -6.31499
    endloop
  endfacet
  facet normal 0 0 -1
    outer loop
      vertex -31.852 -40.1966 -6.31499
      vertex -28.9481 -40.1966 -6.31499
      vertex -28.8107 -40.2496 -6.31499
    endloop
  endfacet
  facet normal 0 0 -1
    outer loop
      vertex -29.8147 -39.6479 -6.31499
      vertex -30.9853 -39.6479 -6.31499
      vertex -30.8787 -39.5463 -6.31499
    endloop
  endfacet
  facet normal 0 0 -1
    outer loop
      vertex -31.9893 -40.2496 -6.31499
      vertex -28.8107 -40.2496 -6.31499
      vertex -28.6709 -40.2958 -6.31499
    endloop
  endfacet
  facet normal 0 0 -1
    outer loop
      vertex -29.7032 -39.744 -6.31499
      vertex -31.0968 -39.744 -6.31499
      vertex -30.9853 -39.6479 -6.31499
    endloop
  endfacet
  facet normal 0 0 -1
    outer loop
      vertex -32.1291 -40.2958 -6.31499
      vertex -28.6709 -40.2958 -6.31499
      vertex -28.5289 -40.3351 -6.31499
    endloop
  endfacet
  facet normal 0 0 -1
    outer loop
      vertex -29.5871 -39.8346 -6.31499
      vertex -31.2129 -39.8346 -6.31499
      vertex -31.0968 -39.744 -6.31499
    endloop
  endfacet
  facet normal 0 0 -1
    outer loop
      vertex -32.2711 -40.3351 -6.31499
      vertex -28.5289 -40.3351 -6.31499
      vertex -28.3853 -40.3674 -6.31499
    endloop
  endfacet
  facet normal 0 0 -1
    outer loop
      vertex -29.4667 -39.9194 -6.31499
      vertex -31.3333 -39.9194 -6.31499
      vertex -31.2129 -39.8346 -6.31499
    endloop
  endfacet
  facet normal 0 0 -1
    outer loop
      vertex -32.4147 -40.3674 -6.31499
      vertex -28.3853 -40.3674 -6.31499
      vertex -28.2402 -40.3925 -6.31499
    endloop
  endfacet
  facet normal 0 0 -1
    outer loop
      vertex -29.3423 -39.9982 -6.31499
      vertex -31.4577 -39.9982 -6.31499
      vertex -31.3333 -39.9194 -6.31499
    endloop
  endfacet
  facet normal 0 0 -1
    outer loop
      vertex -32.5598 -40.3925 -6.31499
      vertex -28.2402 -40.3925 -6.31499
      vertex -28.0941 -40.4106 -6.31499
    endloop
  endfacet
  facet normal 0 0 -1
    outer loop
      vertex -29.2142 -40.0708 -6.31499
      vertex -31.5858 -40.0708 -6.31499
      vertex -31.4577 -39.9982 -6.31499
    endloop
  endfacet
  facet normal 0 0 -1
    outer loop
      vertex -29.0827 -40.137 -6.31499
      vertex -31.7173 -40.137 -6.31499
      vertex -31.5858 -40.0708 -6.31499
    endloop
  endfacet
  facet normal 0 0 -1
    outer loop
      vertex -28.9481 -40.1966 -6.31499
      vertex -31.852 -40.1966 -6.31499
      vertex -31.7173 -40.137 -6.31499
    endloop
  endfacet
  facet normal 0 0 -1
    outer loop
      vertex -32.7059 -40.4106 -6.31499
      vertex -28.0941 -40.4106 -6.31499
      vertex -27.9472 -40.4214 -6.31499
    endloop
  endfacet
  facet normal 0 0 -1
    outer loop
      vertex -28.8107 -40.2496 -6.31499
      vertex -31.9893 -40.2496 -6.31499
      vertex -31.852 -40.1966 -6.31499
    endloop
  endfacet
  facet normal -0 0 -1
    outer loop
      vertex -27.8 -40.425 -6.31499
      vertex -51.705 -43.925 -6.31499
      vertex -27.9472 -40.4214 -6.31499
    endloop
  endfacet
  facet normal 0 0 -1
    outer loop
      vertex -28.6709 -40.2958 -6.31499
      vertex -32.1291 -40.2958 -6.31499
      vertex -31.9893 -40.2496 -6.31499
    endloop
  endfacet
  facet normal 0 0 -1
    outer loop
      vertex -28.5289 -40.3351 -6.31499
      vertex -32.2711 -40.3351 -6.31499
      vertex -32.1291 -40.2958 -6.31499
    endloop
  endfacet
  facet normal 0 0 -1
    outer loop
      vertex -28.3853 -40.3674 -6.31499
      vertex -32.4147 -40.3674 -6.31499
      vertex -32.2711 -40.3351 -6.31499
    endloop
  endfacet
  facet normal 0 0 -1
    outer loop
      vertex -28.2402 -40.3925 -6.31499
      vertex -32.5598 -40.3925 -6.31499
      vertex -32.4147 -40.3674 -6.31499
    endloop
  endfacet
  facet normal 0 -0 -1
    outer loop
      vertex -32.8528 -40.4214 -6.31499
      vertex -27.9472 -40.4214 -6.31499
      vertex -51.705 -43.925 -6.31499
    endloop
  endfacet
  facet normal 0 0 -1
    outer loop
      vertex -28.0941 -40.4106 -6.31499
      vertex -32.7059 -40.4106 -6.31499
      vertex -32.5598 -40.3925 -6.31499
    endloop
  endfacet
  facet normal 0 0 -1
    outer loop
      vertex -27.9472 -40.4214 -6.31499
      vertex -32.8528 -40.4214 -6.31499
      vertex -32.7059 -40.4106 -6.31499
    endloop
  endfacet
  facet normal 0 0 -1
    outer loop
      vertex -32.8528 -40.4214 -6.31499
      vertex -51.705 -43.925 -6.31499
      vertex -33 -40.425 -6.31499
    endloop
  endfacet
  facet normal 0 0 -1
    outer loop
      vertex -35.5732 -38.9673 -6.31499
      vertex -35.6268 -38.9673 -6.31499
      vertex -35.6 -38.92 -6.31499
    endloop
  endfacet
  facet normal 0 0 -1
    outer loop
      vertex -35.4944 -39.0917 -6.31499
      vertex -35.6268 -38.9673 -6.31499
      vertex -35.5732 -38.9673 -6.31499
    endloop
  endfacet
  facet normal 0 0 -1
    outer loop
      vertex -35.7056 -39.0917 -6.31499
      vertex -35.4944 -39.0917 -6.31499
      vertex -35.4096 -39.2121 -6.31499
    endloop
  endfacet
  facet normal 0 0 -1
    outer loop
      vertex -35.7904 -39.2121 -6.31499
      vertex -35.4096 -39.2121 -6.31499
      vertex -35.319 -39.3282 -6.31499
    endloop
  endfacet
  facet normal 0 0 -1
    outer loop
      vertex -35.4944 -39.0917 -6.31499
      vertex -35.7056 -39.0917 -6.31499
      vertex -35.6268 -38.9673 -6.31499
    endloop
  endfacet
  facet normal 0 0 -1
    outer loop
      vertex -35.881 -39.3282 -6.31499
      vertex -35.319 -39.3282 -6.31499
      vertex -35.2229 -39.4397 -6.31499
    endloop
  endfacet
  facet normal 0 0 -1
    outer loop
      vertex -35.9771 -39.4397 -6.31499
      vertex -35.2229 -39.4397 -6.31499
      vertex -35.1213 -39.5463 -6.31499
    endloop
  endfacet
  facet normal 0 0 -1
    outer loop
      vertex -36.0787 -39.5463 -6.31499
      vertex -35.1213 -39.5463 -6.31499
      vertex -35.0147 -39.6479 -6.31499
    endloop
  endfacet
  facet normal 0 0 -1
    outer loop
      vertex -36.1853 -39.6479 -6.31499
      vertex -35.0147 -39.6479 -6.31499
      vertex -34.9032 -39.744 -6.31499
    endloop
  endfacet
  facet normal 0 0 -1
    outer loop
      vertex -35.4096 -39.2121 -6.31499
      vertex -35.7904 -39.2121 -6.31499
      vertex -35.7056 -39.0917 -6.31499
    endloop
  endfacet
  facet normal 0 0 -1
    outer loop
      vertex -36.2968 -39.744 -6.31499
      vertex -34.9032 -39.744 -6.31499
      vertex -34.7871 -39.8346 -6.31499
    endloop
  endfacet
  facet normal 0 0 -1
    outer loop
      vertex -36.4129 -39.8346 -6.31499
      vertex -34.7871 -39.8346 -6.31499
      vertex -34.6667 -39.9194 -6.31499
    endloop
  endfacet
  facet normal 0 0 -1
    outer loop
      vertex -36.5333 -39.9194 -6.31499
      vertex -34.6667 -39.9194 -6.31499
      vertex -34.5423 -39.9982 -6.31499
    endloop
  endfacet
  facet normal 0 0 -1
    outer loop
      vertex -35.319 -39.3282 -6.31499
      vertex -35.881 -39.3282 -6.31499
      vertex -35.7904 -39.2121 -6.31499
    endloop
  endfacet
  facet normal 0 0 -1
    outer loop
      vertex -36.6577 -39.9982 -6.31499
      vertex -34.5423 -39.9982 -6.31499
      vertex -34.4142 -40.0708 -6.31499
    endloop
  endfacet
  facet normal 0 0 -1
    outer loop
      vertex -35.2229 -39.4397 -6.31499
      vertex -35.9771 -39.4397 -6.31499
      vertex -35.881 -39.3282 -6.31499
    endloop
  endfacet
  facet normal 0 0 -1
    outer loop
      vertex -36.7858 -40.0708 -6.31499
      vertex -34.4142 -40.0708 -6.31499
      vertex -34.2827 -40.137 -6.31499
    endloop
  endfacet
  facet normal 0 0 -1
    outer loop
      vertex -36.9173 -40.137 -6.31499
      vertex -34.2827 -40.137 -6.31499
      vertex -34.148 -40.1966 -6.31499
    endloop
  endfacet
  facet normal 0 0 -1
    outer loop
      vertex -35.1213 -39.5463 -6.31499
      vertex -36.0787 -39.5463 -6.31499
      vertex -35.9771 -39.4397 -6.31499
    endloop
  endfacet
  facet normal 0 0 -1
    outer loop
      vertex -37.0519 -40.1966 -6.31499
      vertex -34.148 -40.1966 -6.31499
      vertex -34.0107 -40.2496 -6.31499
    endloop
  endfacet
  facet normal 0 0 -1
    outer loop
      vertex -35.0147 -39.6479 -6.31499
      vertex -36.1853 -39.6479 -6.31499
      vertex -36.0787 -39.5463 -6.31499
    endloop
  endfacet
  facet normal 0 0 -1
    outer loop
      vertex -37.1893 -40.2496 -6.31499
      vertex -34.0107 -40.2496 -6.31499
      vertex -33.8709 -40.2958 -6.31499
    endloop
  endfacet
  facet normal 0 0 -1
    outer loop
      vertex -34.9032 -39.744 -6.31499
      vertex -36.2968 -39.744 -6.31499
      vertex -36.1853 -39.6479 -6.31499
    endloop
  endfacet
  facet normal 0 0 -1
    outer loop
      vertex -37.3291 -40.2958 -6.31499
      vertex -33.8709 -40.2958 -6.31499
      vertex -33.7289 -40.3351 -6.31499
    endloop
  endfacet
  facet normal 0 0 -1
    outer loop
      vertex -34.7871 -39.8346 -6.31499
      vertex -36.4129 -39.8346 -6.31499
      vertex -36.2968 -39.744 -6.31499
    endloop
  endfacet
  facet normal 0 0 -1
    outer loop
      vertex -37.4711 -40.3351 -6.31499
      vertex -33.7289 -40.3351 -6.31499
      vertex -33.5853 -40.3674 -6.31499
    endloop
  endfacet
  facet normal 0 0 -1
    outer loop
      vertex -34.6667 -39.9194 -6.31499
      vertex -36.5333 -39.9194 -6.31499
      vertex -36.4129 -39.8346 -6.31499
    endloop
  endfacet
  facet normal 0 0 -1
    outer loop
      vertex -37.6147 -40.3674 -6.31499
      vertex -33.5853 -40.3674 -6.31499
      vertex -33.4402 -40.3925 -6.31499
    endloop
  endfacet
  facet normal 0 0 -1
    outer loop
      vertex -34.5423 -39.9982 -6.31499
      vertex -36.6577 -39.9982 -6.31499
      vertex -36.5333 -39.9194 -6.31499
    endloop
  endfacet
  facet normal 0 0 -1
    outer loop
      vertex -37.7598 -40.3925 -6.31499
      vertex -33.4402 -40.3925 -6.31499
      vertex -33.2941 -40.4106 -6.31499
    endloop
  endfacet
  facet normal 0 0 -1
    outer loop
      vertex -34.4142 -40.0708 -6.31499
      vertex -36.7858 -40.0708 -6.31499
      vertex -36.6577 -39.9982 -6.31499
    endloop
  endfacet
  facet normal 0 0 -1
    outer loop
      vertex -34.2827 -40.137 -6.31499
      vertex -36.9173 -40.137 -6.31499
      vertex -36.7858 -40.0708 -6.31499
    endloop
  endfacet
  facet normal 0 0 -1
    outer loop
      vertex -34.148 -40.1966 -6.31499
      vertex -37.0519 -40.1966 -6.31499
      vertex -36.9173 -40.137 -6.31499
    endloop
  endfacet
  facet normal 0 0 -1
    outer loop
      vertex -37.9059 -40.4106 -6.31499
      vertex -33.2941 -40.4106 -6.31499
      vertex -33.1472 -40.4214 -6.31499
    endloop
  endfacet
  facet normal 0 0 -1
    outer loop
      vertex -34.0107 -40.2496 -6.31499
      vertex -37.1893 -40.2496 -6.31499
      vertex -37.0519 -40.1966 -6.31499
    endloop
  endfacet
  facet normal 0 0 -1
    outer loop
      vertex -33.8709 -40.2958 -6.31499
      vertex -37.3291 -40.2958 -6.31499
      vertex -37.1893 -40.2496 -6.31499
    endloop
  endfacet
  facet normal -0 0 -1
    outer loop
      vertex -33 -40.425 -6.31499
      vertex -51.705 -43.925 -6.31499
      vertex -33.1472 -40.4214 -6.31499
    endloop
  endfacet
  facet normal 0 0 -1
    outer loop
      vertex -33.7289 -40.3351 -6.31499
      vertex -37.4711 -40.3351 -6.31499
      vertex -37.3291 -40.2958 -6.31499
    endloop
  endfacet
  facet normal 0 0 -1
    outer loop
      vertex -33.5853 -40.3674 -6.31499
      vertex -37.6147 -40.3674 -6.31499
      vertex -37.4711 -40.3351 -6.31499
    endloop
  endfacet
  facet normal 0 -0 -1
    outer loop
      vertex -38.0528 -40.4214 -6.31499
      vertex -33.1472 -40.4214 -6.31499
      vertex -51.705 -43.925 -6.31499
    endloop
  endfacet
  facet normal 0 0 -1
    outer loop
      vertex -33.4402 -40.3925 -6.31499
      vertex -37.7598 -40.3925 -6.31499
      vertex -37.6147 -40.3674 -6.31499
    endloop
  endfacet
  facet normal 0 0 -1
    outer loop
      vertex -33.2941 -40.4106 -6.31499
      vertex -37.9059 -40.4106 -6.31499
      vertex -37.7598 -40.3925 -6.31499
    endloop
  endfacet
  facet normal 0 0 -1
    outer loop
      vertex -33.1472 -40.4214 -6.31499
      vertex -38.0528 -40.4214 -6.31499
      vertex -37.9059 -40.4106 -6.31499
    endloop
  endfacet
  facet normal 0 0 -1
    outer loop
      vertex -38.0528 -40.4214 -6.31499
      vertex -51.705 -43.925 -6.31499
      vertex -38.2 -40.425 -6.31499
    endloop
  endfacet
  facet normal -0 0 -1
    outer loop
      vertex -41.1964 -37.5722 -6.31499
      vertex -51.705 -43.925 -6.31499
      vertex -41.2 -37.425 -6.31499
    endloop
  endfacet
  facet normal -0 0 -1
    outer loop
      vertex -41.1856 -37.7191 -6.31499
      vertex -51.705 -43.925 -6.31499
      vertex -41.1964 -37.5722 -6.31499
    endloop
  endfacet
  facet normal -0 0 -1
    outer loop
      vertex -41.1675 -37.8652 -6.31499
      vertex -51.705 -43.925 -6.31499
      vertex -41.1856 -37.7191 -6.31499
    endloop
  endfacet
  facet normal -0 0 -1
    outer loop
      vertex -41.1424 -38.0103 -6.31499
      vertex -51.705 -43.925 -6.31499
      vertex -41.1675 -37.8652 -6.31499
    endloop
  endfacet
  facet normal -0 0 -1
    outer loop
      vertex -41.1101 -38.1539 -6.31499
      vertex -51.705 -43.925 -6.31499
      vertex -41.1424 -38.0103 -6.31499
    endloop
  endfacet
  facet normal -0 0 -1
    outer loop
      vertex -41.0708 -38.2959 -6.31499
      vertex -51.705 -43.925 -6.31499
      vertex -41.1101 -38.1539 -6.31499
    endloop
  endfacet
  facet normal -0 0 -1
    outer loop
      vertex -41.0246 -38.4357 -6.31499
      vertex -51.705 -43.925 -6.31499
      vertex -41.0708 -38.2959 -6.31499
    endloop
  endfacet
  facet normal -0 0 -1
    outer loop
      vertex -40.9716 -38.573 -6.31499
      vertex -51.705 -43.925 -6.31499
      vertex -41.0246 -38.4357 -6.31499
    endloop
  endfacet
  facet normal -0 0 -1
    outer loop
      vertex -40.912 -38.7077 -6.31499
      vertex -51.705 -43.925 -6.31499
      vertex -40.9716 -38.573 -6.31499
    endloop
  endfacet
  facet normal -0 0 -1
    outer loop
      vertex -40.8458 -38.8392 -6.31499
      vertex -51.705 -43.925 -6.31499
      vertex -40.912 -38.7077 -6.31499
    endloop
  endfacet
  facet normal -0 0 -1
    outer loop
      vertex -40.7732 -38.9673 -6.31499
      vertex -51.705 -43.925 -6.31499
      vertex -40.8458 -38.8392 -6.31499
    endloop
  endfacet
  facet normal -0 0 -1
    outer loop
      vertex -40.6944 -39.0917 -6.31499
      vertex -51.705 -43.925 -6.31499
      vertex -40.7732 -38.9673 -6.31499
    endloop
  endfacet
  facet normal -0 0 -1
    outer loop
      vertex -40.6096 -39.2121 -6.31499
      vertex -51.705 -43.925 -6.31499
      vertex -40.6944 -39.0917 -6.31499
    endloop
  endfacet
  facet normal -0 0 -1
    outer loop
      vertex -40.519 -39.3282 -6.31499
      vertex -51.705 -43.925 -6.31499
      vertex -40.6096 -39.2121 -6.31499
    endloop
  endfacet
  facet normal -0 0 -1
    outer loop
      vertex -40.4229 -39.4397 -6.31499
      vertex -51.705 -43.925 -6.31499
      vertex -40.519 -39.3282 -6.31499
    endloop
  endfacet
  facet normal -0 0 -1
    outer loop
      vertex -40.3213 -39.5463 -6.31499
      vertex -51.705 -43.925 -6.31499
      vertex -40.4229 -39.4397 -6.31499
    endloop
  endfacet
  facet normal -0 0 -1
    outer loop
      vertex -40.2147 -39.6479 -6.31499
      vertex -51.705 -43.925 -6.31499
      vertex -40.3213 -39.5463 -6.31499
    endloop
  endfacet
  facet normal -0 0 -1
    outer loop
      vertex -40.1032 -39.744 -6.31499
      vertex -51.705 -43.925 -6.31499
      vertex -40.2147 -39.6479 -6.31499
    endloop
  endfacet
  facet normal -0 0 -1
    outer loop
      vertex -39.9871 -39.8346 -6.31499
      vertex -51.705 -43.925 -6.31499
      vertex -40.1032 -39.744 -6.31499
    endloop
  endfacet
  facet normal -0 0 -1
    outer loop
      vertex -39.8667 -39.9194 -6.31499
      vertex -51.705 -43.925 -6.31499
      vertex -39.9871 -39.8346 -6.31499
    endloop
  endfacet
  facet normal -0 0 -1
    outer loop
      vertex -39.7423 -39.9982 -6.31499
      vertex -51.705 -43.925 -6.31499
      vertex -39.8667 -39.9194 -6.31499
    endloop
  endfacet
  facet normal -0 0 -1
    outer loop
      vertex -39.6142 -40.0708 -6.31499
      vertex -51.705 -43.925 -6.31499
      vertex -39.7423 -39.9982 -6.31499
    endloop
  endfacet
  facet normal -0 0 -1
    outer loop
      vertex -39.4827 -40.137 -6.31499
      vertex -51.705 -43.925 -6.31499
      vertex -39.6142 -40.0708 -6.31499
    endloop
  endfacet
  facet normal -0 0 -1
    outer loop
      vertex -39.348 -40.1966 -6.31499
      vertex -51.705 -43.925 -6.31499
      vertex -39.4827 -40.137 -6.31499
    endloop
  endfacet
  facet normal -0 0 -1
    outer loop
      vertex -39.2107 -40.2496 -6.31499
      vertex -51.705 -43.925 -6.31499
      vertex -39.348 -40.1966 -6.31499
    endloop
  endfacet
  facet normal -0 0 -1
    outer loop
      vertex -39.0709 -40.2958 -6.31499
      vertex -51.705 -43.925 -6.31499
      vertex -39.2107 -40.2496 -6.31499
    endloop
  endfacet
  facet normal -0 0 -1
    outer loop
      vertex -38.9289 -40.3351 -6.31499
      vertex -51.705 -43.925 -6.31499
      vertex -39.0709 -40.2958 -6.31499
    endloop
  endfacet
  facet normal -0 0 -1
    outer loop
      vertex -38.7853 -40.3674 -6.31499
      vertex -51.705 -43.925 -6.31499
      vertex -38.9289 -40.3351 -6.31499
    endloop
  endfacet
  facet normal -0 0 -1
    outer loop
      vertex -38.6402 -40.3925 -6.31499
      vertex -51.705 -43.925 -6.31499
      vertex -38.7853 -40.3674 -6.31499
    endloop
  endfacet
  facet normal -0 0 -1
    outer loop
      vertex -38.494 -40.4106 -6.31499
      vertex -51.705 -43.925 -6.31499
      vertex -38.6402 -40.3925 -6.31499
    endloop
  endfacet
  facet normal -0 0 -1
    outer loop
      vertex -38.3472 -40.4214 -6.31499
      vertex -51.705 -43.925 -6.31499
      vertex -38.494 -40.4106 -6.31499
    endloop
  endfacet
  facet normal -0 0 -1
    outer loop
      vertex -38.2 -40.425 -6.31499
      vertex -51.705 -43.925 -6.31499
      vertex -38.3472 -40.4214 -6.31499
    endloop
  endfacet
  facet normal 0 0 -1
    outer loop
      vertex 11.5964 -37.2778 -6.31499
      vertex 51.705 -30.75 -6.31499
      vertex 11.6 -37.425 -6.31499
    endloop
  endfacet
  facet normal 0 0 -1
    outer loop
      vertex 11.5856 -37.1309 -6.31499
      vertex 51.705 -30.75 -6.31499
      vertex 11.5964 -37.2778 -6.31499
    endloop
  endfacet
  facet normal 0 0 -1
    outer loop
      vertex 11.5675 -36.9848 -6.31499
      vertex 51.705 -30.75 -6.31499
      vertex 11.5856 -37.1309 -6.31499
    endloop
  endfacet
  facet normal 0 0 -1
    outer loop
      vertex 11.5424 -36.8397 -6.31499
      vertex 51.705 -30.75 -6.31499
      vertex 11.5675 -36.9848 -6.31499
    endloop
  endfacet
  facet normal 0 0 -1
    outer loop
      vertex 11.5101 -36.6961 -6.31499
      vertex 51.705 -30.75 -6.31499
      vertex 11.5424 -36.8397 -6.31499
    endloop
  endfacet
  facet normal 0 0 -1
    outer loop
      vertex 11.4708 -36.5541 -6.31499
      vertex 51.705 -30.75 -6.31499
      vertex 11.5101 -36.6961 -6.31499
    endloop
  endfacet
  facet normal 0 0 -1
    outer loop
      vertex 11.4246 -36.4143 -6.31499
      vertex 51.705 -30.75 -6.31499
      vertex 11.4708 -36.5541 -6.31499
    endloop
  endfacet
  facet normal 0 0 -1
    outer loop
      vertex 11.3716 -36.277 -6.31499
      vertex 51.705 -30.75 -6.31499
      vertex 11.4246 -36.4143 -6.31499
    endloop
  endfacet
  facet normal 0 0 -1
    outer loop
      vertex 11.312 -36.1423 -6.31499
      vertex 51.705 -30.75 -6.31499
      vertex 11.3716 -36.277 -6.31499
    endloop
  endfacet
  facet normal 0 0 -1
    outer loop
      vertex 11.2458 -36.0108 -6.31499
      vertex 51.705 -30.75 -6.31499
      vertex 11.312 -36.1423 -6.31499
    endloop
  endfacet
  facet normal 0 0 -1
    outer loop
      vertex 11.1732 -35.8827 -6.31499
      vertex 51.705 -30.75 -6.31499
      vertex 11.2458 -36.0108 -6.31499
    endloop
  endfacet
  facet normal 0 0 -1
    outer loop
      vertex 11.0944 -35.7583 -6.31499
      vertex 51.705 -30.75 -6.31499
      vertex 11.1732 -35.8827 -6.31499
    endloop
  endfacet
  facet normal 0 0 -1
    outer loop
      vertex 11.0096 -35.6379 -6.31499
      vertex 51.705 -30.75 -6.31499
      vertex 11.0944 -35.7583 -6.31499
    endloop
  endfacet
  facet normal 0 0 -1
    outer loop
      vertex 10.919 -35.5218 -6.31499
      vertex 51.705 -30.75 -6.31499
      vertex 11.0096 -35.6379 -6.31499
    endloop
  endfacet
  facet normal 0 0 -1
    outer loop
      vertex 10.8229 -35.4103 -6.31499
      vertex 51.705 -30.75 -6.31499
      vertex 10.919 -35.5218 -6.31499
    endloop
  endfacet
  facet normal 0 0 -1
    outer loop
      vertex 10.7213 -35.3037 -6.31499
      vertex 51.705 -30.75 -6.31499
      vertex 10.8229 -35.4103 -6.31499
    endloop
  endfacet
  facet normal 0 0 -1
    outer loop
      vertex 10.6147 -35.2021 -6.31499
      vertex 51.705 -30.75 -6.31499
      vertex 10.7213 -35.3037 -6.31499
    endloop
  endfacet
  facet normal 0 0 -1
    outer loop
      vertex 10.5032 -35.106 -6.31499
      vertex 51.705 -30.75 -6.31499
      vertex 10.6147 -35.2021 -6.31499
    endloop
  endfacet
  facet normal 0 0 -1
    outer loop
      vertex 10.3871 -35.0154 -6.31499
      vertex 51.705 -30.75 -6.31499
      vertex 10.5032 -35.106 -6.31499
    endloop
  endfacet
  facet normal 0 0 -1
    outer loop
      vertex 10.2667 -34.9306 -6.31499
      vertex 51.705 -30.75 -6.31499
      vertex 10.3871 -35.0154 -6.31499
    endloop
  endfacet
  facet normal 0 0 -1
    outer loop
      vertex 10.1423 -34.8518 -6.31499
      vertex 51.705 -30.75 -6.31499
      vertex 10.2667 -34.9306 -6.31499
    endloop
  endfacet
  facet normal 0 0 -1
    outer loop
      vertex 10.0142 -34.7792 -6.31499
      vertex 51.705 -30.75 -6.31499
      vertex 10.1423 -34.8518 -6.31499
    endloop
  endfacet
  facet normal 0 0 -1
    outer loop
      vertex 9.88266 -34.713 -6.31499
      vertex 51.705 -30.75 -6.31499
      vertex 10.0142 -34.7792 -6.31499
    endloop
  endfacet
  facet normal 0 0 -1
    outer loop
      vertex 9.74805 -34.6534 -6.31499
      vertex 51.705 -30.75 -6.31499
      vertex 9.88266 -34.713 -6.31499
    endloop
  endfacet
  facet normal 0 0 -1
    outer loop
      vertex 9.61067 -34.6004 -6.31499
      vertex 51.705 -30.75 -6.31499
      vertex 9.74805 -34.6534 -6.31499
    endloop
  endfacet
  facet normal 0 0 -1
    outer loop
      vertex 9.47085 -34.5542 -6.31499
      vertex 51.705 -30.75 -6.31499
      vertex 9.61067 -34.6004 -6.31499
    endloop
  endfacet
  facet normal 0 0 -1
    outer loop
      vertex 9.32894 -34.5149 -6.31499
      vertex 51.705 -30.75 -6.31499
      vertex 9.47085 -34.5542 -6.31499
    endloop
  endfacet
  facet normal 0 0 -1
    outer loop
      vertex 9.18527 -34.4826 -6.31499
      vertex 51.705 -30.75 -6.31499
      vertex 9.32894 -34.5149 -6.31499
    endloop
  endfacet
  facet normal 0 0 -1
    outer loop
      vertex 9.04019 -34.4575 -6.31499
      vertex 51.705 -30.75 -6.31499
      vertex 9.18527 -34.4826 -6.31499
    endloop
  endfacet
  facet normal 0 0 -1
    outer loop
      vertex 8.89405 -34.4394 -6.31499
      vertex 51.705 -30.75 -6.31499
      vertex 9.04019 -34.4575 -6.31499
    endloop
  endfacet
  facet normal 0 0 -1
    outer loop
      vertex 8.7472 -34.4286 -6.31499
      vertex 51.705 -30.75 -6.31499
      vertex 8.89405 -34.4394 -6.31499
    endloop
  endfacet
  facet normal 0 0 -1
    outer loop
      vertex 8.6 -34.425 -6.31499
      vertex 51.705 -30.75 -6.31499
      vertex 8.7472 -34.4286 -6.31499
    endloop
  endfacet
  facet normal 0 0 -1
    outer loop
      vertex 3.4 -34.425 -6.31499
      vertex 8.6 -34.425 -6.31499
      vertex 8.4528 -34.4286 -6.31499
    endloop
  endfacet
  facet normal 0 0 -1
    outer loop
      vertex 3.5472 -34.4286 -6.31499
      vertex 8.4528 -34.4286 -6.31499
      vertex 8.30595 -34.4394 -6.31499
    endloop
  endfacet
  facet normal 0 0 -1
    outer loop
      vertex 5.97319 -35.8827 -6.31499
      vertex 6.02681 -35.8827 -6.31499
      vertex 6 -35.93 -6.31499
    endloop
  endfacet
  facet normal 0 0 -1
    outer loop
      vertex 5.97319 -35.8827 -6.31499
      vertex 6.10559 -35.7583 -6.31499
      vertex 6.02681 -35.8827 -6.31499
    endloop
  endfacet
  facet normal 0 0 -1
    outer loop
      vertex 5.89441 -35.7583 -6.31499
      vertex 6.10559 -35.7583 -6.31499
      vertex 5.97319 -35.8827 -6.31499
    endloop
  endfacet
  facet normal 0 0 -1
    outer loop
      vertex 6.10559 -35.7583 -6.31499
      vertex 5.89441 -35.7583 -6.31499
      vertex 6.19038 -35.6379 -6.31499
    endloop
  endfacet
  facet normal 0 0 -1
    outer loop
      vertex 5.80962 -35.6379 -6.31499
      vertex 6.19038 -35.6379 -6.31499
      vertex 5.89441 -35.7583 -6.31499
    endloop
  endfacet
  facet normal 0 0 -1
    outer loop
      vertex 6.19038 -35.6379 -6.31499
      vertex 5.80962 -35.6379 -6.31499
      vertex 6.28097 -35.5218 -6.31499
    endloop
  endfacet
  facet normal 0 0 -1
    outer loop
      vertex 5.71903 -35.5218 -6.31499
      vertex 6.28097 -35.5218 -6.31499
      vertex 5.80962 -35.6379 -6.31499
    endloop
  endfacet
  facet normal 0 0 -1
    outer loop
      vertex 6.28097 -35.5218 -6.31499
      vertex 5.71903 -35.5218 -6.31499
      vertex 6.37715 -35.4103 -6.31499
    endloop
  endfacet
  facet normal 0 0 -1
    outer loop
      vertex 5.62285 -35.4103 -6.31499
      vertex 6.37715 -35.4103 -6.31499
      vertex 5.71903 -35.5218 -6.31499
    endloop
  endfacet
  facet normal 0 0 -1
    outer loop
      vertex 6.37715 -35.4103 -6.31499
      vertex 5.62285 -35.4103 -6.31499
      vertex 6.47868 -35.3037 -6.31499
    endloop
  endfacet
  facet normal 0 0 -1
    outer loop
      vertex 5.52132 -35.3037 -6.31499
      vertex 6.47868 -35.3037 -6.31499
      vertex 5.62285 -35.4103 -6.31499
    endloop
  endfacet
  facet normal 0 0 -1
    outer loop
      vertex 6.47868 -35.3037 -6.31499
      vertex 5.52132 -35.3037 -6.31499
      vertex 6.58532 -35.2021 -6.31499
    endloop
  endfacet
  facet normal 0 0 -1
    outer loop
      vertex 5.41468 -35.2021 -6.31499
      vertex 6.58532 -35.2021 -6.31499
      vertex 5.52132 -35.3037 -6.31499
    endloop
  endfacet
  facet normal 0 0 -1
    outer loop
      vertex 6.58532 -35.2021 -6.31499
      vertex 5.41468 -35.2021 -6.31499
      vertex 6.69682 -35.106 -6.31499
    endloop
  endfacet
  facet normal 0 0 -1
    outer loop
      vertex 5.30318 -35.106 -6.31499
      vertex 6.69682 -35.106 -6.31499
      vertex 5.41468 -35.2021 -6.31499
    endloop
  endfacet
  facet normal 0 0 -1
    outer loop
      vertex 6.69682 -35.106 -6.31499
      vertex 5.30318 -35.106 -6.31499
      vertex 6.8129 -35.0154 -6.31499
    endloop
  endfacet
  facet normal 0 0 -1
    outer loop
      vertex 5.1871 -35.0154 -6.31499
      vertex 6.8129 -35.0154 -6.31499
      vertex 5.30318 -35.106 -6.31499
    endloop
  endfacet
  facet normal 0 0 -1
    outer loop
      vertex 6.8129 -35.0154 -6.31499
      vertex 5.1871 -35.0154 -6.31499
      vertex 6.93329 -34.9306 -6.31499
    endloop
  endfacet
  facet normal 0 0 -1
    outer loop
      vertex 5.06671 -34.9306 -6.31499
      vertex 6.93329 -34.9306 -6.31499
      vertex 5.1871 -35.0154 -6.31499
    endloop
  endfacet
  facet normal 0 0 -1
    outer loop
      vertex 6.93329 -34.9306 -6.31499
      vertex 5.06671 -34.9306 -6.31499
      vertex 7.05769 -34.8518 -6.31499
    endloop
  endfacet
  facet normal 0 0 -1
    outer loop
      vertex 4.94231 -34.8518 -6.31499
      vertex 7.05769 -34.8518 -6.31499
      vertex 5.06671 -34.9306 -6.31499
    endloop
  endfacet
  facet normal 0 0 -1
    outer loop
      vertex 7.05769 -34.8518 -6.31499
      vertex 4.94231 -34.8518 -6.31499
      vertex 7.18581 -34.7792 -6.31499
    endloop
  endfacet
  facet normal 0 0 -1
    outer loop
      vertex 4.81419 -34.7792 -6.31499
      vertex 7.18581 -34.7792 -6.31499
      vertex 4.94231 -34.8518 -6.31499
    endloop
  endfacet
  facet normal 0 0 -1
    outer loop
      vertex 7.18581 -34.7792 -6.31499
      vertex 4.81419 -34.7792 -6.31499
      vertex 7.31733 -34.713 -6.31499
    endloop
  endfacet
  facet normal 0 0 -1
    outer loop
      vertex 4.68267 -34.713 -6.31499
      vertex 7.31733 -34.713 -6.31499
      vertex 4.81419 -34.7792 -6.31499
    endloop
  endfacet
  facet normal 0 0 -1
    outer loop
      vertex 7.31733 -34.713 -6.31499
      vertex 4.68267 -34.713 -6.31499
      vertex 7.45195 -34.6534 -6.31499
    endloop
  endfacet
  facet normal 0 0 -1
    outer loop
      vertex 4.54805 -34.6534 -6.31499
      vertex 7.45195 -34.6534 -6.31499
      vertex 4.68267 -34.713 -6.31499
    endloop
  endfacet
  facet normal 0 0 -1
    outer loop
      vertex 7.45195 -34.6534 -6.31499
      vertex 4.54805 -34.6534 -6.31499
      vertex 7.58933 -34.6004 -6.31499
    endloop
  endfacet
  facet normal 0 0 -1
    outer loop
      vertex 4.41067 -34.6004 -6.31499
      vertex 7.58933 -34.6004 -6.31499
      vertex 4.54805 -34.6534 -6.31499
    endloop
  endfacet
  facet normal 0 0 -1
    outer loop
      vertex 7.58933 -34.6004 -6.31499
      vertex 4.41067 -34.6004 -6.31499
      vertex 7.72915 -34.5542 -6.31499
    endloop
  endfacet
  facet normal 0 0 -1
    outer loop
      vertex 4.27085 -34.5542 -6.31499
      vertex 7.72915 -34.5542 -6.31499
      vertex 4.41067 -34.6004 -6.31499
    endloop
  endfacet
  facet normal 0 0 -1
    outer loop
      vertex 7.72915 -34.5542 -6.31499
      vertex 4.27085 -34.5542 -6.31499
      vertex 7.87106 -34.5149 -6.31499
    endloop
  endfacet
  facet normal 0 0 -1
    outer loop
      vertex 4.12894 -34.5149 -6.31499
      vertex 7.87106 -34.5149 -6.31499
      vertex 4.27085 -34.5542 -6.31499
    endloop
  endfacet
  facet normal 0 0 -1
    outer loop
      vertex 7.87106 -34.5149 -6.31499
      vertex 4.12894 -34.5149 -6.31499
      vertex 8.01473 -34.4826 -6.31499
    endloop
  endfacet
  facet normal 0 0 -1
    outer loop
      vertex 3.98527 -34.4826 -6.31499
      vertex 8.01473 -34.4826 -6.31499
      vertex 4.12894 -34.5149 -6.31499
    endloop
  endfacet
  facet normal 0 0 -1
    outer loop
      vertex 8.01473 -34.4826 -6.31499
      vertex 3.98527 -34.4826 -6.31499
      vertex 8.15981 -34.4575 -6.31499
    endloop
  endfacet
  facet normal 0 0 -1
    outer loop
      vertex 3.84019 -34.4575 -6.31499
      vertex 8.15981 -34.4575 -6.31499
      vertex 3.98527 -34.4826 -6.31499
    endloop
  endfacet
  facet normal 0 0 -1
    outer loop
      vertex 8.15981 -34.4575 -6.31499
      vertex 3.84019 -34.4575 -6.31499
      vertex 8.30595 -34.4394 -6.31499
    endloop
  endfacet
  facet normal 0 0 -1
    outer loop
      vertex 3.69405 -34.4394 -6.31499
      vertex 8.30595 -34.4394 -6.31499
      vertex 3.84019 -34.4575 -6.31499
    endloop
  endfacet
  facet normal 0 0 -1
    outer loop
      vertex 3.5472 -34.4286 -6.31499
      vertex 8.30595 -34.4394 -6.31499
      vertex 3.69405 -34.4394 -6.31499
    endloop
  endfacet
  facet normal 0 0 -1
    outer loop
      vertex 8.4528 -34.4286 -6.31499
      vertex 3.5472 -34.4286 -6.31499
      vertex 3.4 -34.425 -6.31499
    endloop
  endfacet
  facet normal 0 0 -1
    outer loop
      vertex 8.6 -34.425 -6.31499
      vertex 3.4 -34.425 -6.31499
      vertex 51.705 -30.75 -6.31499
    endloop
  endfacet
  facet normal 0 0 -1
    outer loop
      vertex -1.8 -34.425 -6.31499
      vertex 3.4 -34.425 -6.31499
      vertex 3.2528 -34.4286 -6.31499
    endloop
  endfacet
  facet normal 0 0 -1
    outer loop
      vertex -1.6528 -34.4286 -6.31499
      vertex 3.2528 -34.4286 -6.31499
      vertex 3.10595 -34.4394 -6.31499
    endloop
  endfacet
  facet normal 0 0 -1
    outer loop
      vertex 0.773186 -35.8827 -6.31499
      vertex 0.826815 -35.8827 -6.31499
      vertex 0.800001 -35.93 -6.31499
    endloop
  endfacet
  facet normal 0 0 -1
    outer loop
      vertex 0.773186 -35.8827 -6.31499
      vertex 0.905591 -35.7583 -6.31499
      vertex 0.826815 -35.8827 -6.31499
    endloop
  endfacet
  facet normal 0 0 -1
    outer loop
      vertex 0.69441 -35.7583 -6.31499
      vertex 0.905591 -35.7583 -6.31499
      vertex 0.773186 -35.8827 -6.31499
    endloop
  endfacet
  facet normal 0 0 -1
    outer loop
      vertex 0.905591 -35.7583 -6.31499
      vertex 0.69441 -35.7583 -6.31499
      vertex 0.990378 -35.6379 -6.31499
    endloop
  endfacet
  facet normal 0 0 -1
    outer loop
      vertex 0.609623 -35.6379 -6.31499
      vertex 0.990378 -35.6379 -6.31499
      vertex 0.69441 -35.7583 -6.31499
    endloop
  endfacet
  facet normal 0 0 -1
    outer loop
      vertex 0.990378 -35.6379 -6.31499
      vertex 0.609623 -35.6379 -6.31499
      vertex 1.08097 -35.5218 -6.31499
    endloop
  endfacet
  facet normal 0 0 -1
    outer loop
      vertex 0.519032 -35.5218 -6.31499
      vertex 1.08097 -35.5218 -6.31499
      vertex 0.609623 -35.6379 -6.31499
    endloop
  endfacet
  facet normal 0 0 -1
    outer loop
      vertex 1.08097 -35.5218 -6.31499
      vertex 0.519032 -35.5218 -6.31499
      vertex 1.17715 -35.4103 -6.31499
    endloop
  endfacet
  facet normal 0 0 -1
    outer loop
      vertex 0.422854 -35.4103 -6.31499
      vertex 1.17715 -35.4103 -6.31499
      vertex 0.519032 -35.5218 -6.31499
    endloop
  endfacet
  facet normal 0 0 -1
    outer loop
      vertex 1.17715 -35.4103 -6.31499
      vertex 0.422854 -35.4103 -6.31499
      vertex 1.27868 -35.3037 -6.31499
    endloop
  endfacet
  facet normal 0 0 -1
    outer loop
      vertex 0.321321 -35.3037 -6.31499
      vertex 1.27868 -35.3037 -6.31499
      vertex 0.422854 -35.4103 -6.31499
    endloop
  endfacet
  facet normal 0 0 -1
    outer loop
      vertex 1.27868 -35.3037 -6.31499
      vertex 0.321321 -35.3037 -6.31499
      vertex 1.38532 -35.2021 -6.31499
    endloop
  endfacet
  facet normal 0 0 -1
    outer loop
      vertex 0.214677 -35.2021 -6.31499
      vertex 1.38532 -35.2021 -6.31499
      vertex 0.321321 -35.3037 -6.31499
    endloop
  endfacet
  facet normal 0 0 -1
    outer loop
      vertex 1.38532 -35.2021 -6.31499
      vertex 0.214677 -35.2021 -6.31499
      vertex 1.49682 -35.106 -6.31499
    endloop
  endfacet
  facet normal 0 0 -1
    outer loop
      vertex 0.10318 -35.106 -6.31499
      vertex 1.49682 -35.106 -6.31499
      vertex 0.214677 -35.2021 -6.31499
    endloop
  endfacet
  facet normal 0 0 -1
    outer loop
      vertex 1.49682 -35.106 -6.31499
      vertex 0.10318 -35.106 -6.31499
      vertex 1.6129 -35.0154 -6.31499
    endloop
  endfacet
  facet normal 0 0 -1
    outer loop
      vertex -0.0129019 -35.0154 -6.31499
      vertex 1.6129 -35.0154 -6.31499
      vertex 0.10318 -35.106 -6.31499
    endloop
  endfacet
  facet normal 0 0 -1
    outer loop
      vertex 1.6129 -35.0154 -6.31499
      vertex -0.0129019 -35.0154 -6.31499
      vertex 1.73329 -34.9306 -6.31499
    endloop
  endfacet
  facet normal 0 0 -1
    outer loop
      vertex -0.133289 -34.9306 -6.31499
      vertex 1.73329 -34.9306 -6.31499
      vertex -0.0129019 -35.0154 -6.31499
    endloop
  endfacet
  facet normal 0 0 -1
    outer loop
      vertex 1.73329 -34.9306 -6.31499
      vertex -0.133289 -34.9306 -6.31499
      vertex 1.85769 -34.8518 -6.31499
    endloop
  endfacet
  facet normal 0 0 -1
    outer loop
      vertex -0.257691 -34.8518 -6.31499
      vertex 1.85769 -34.8518 -6.31499
      vertex -0.133289 -34.9306 -6.31499
    endloop
  endfacet
  facet normal 0 0 -1
    outer loop
      vertex 1.85769 -34.8518 -6.31499
      vertex -0.257691 -34.8518 -6.31499
      vertex 1.98581 -34.7792 -6.31499
    endloop
  endfacet
  facet normal 0 0 -1
    outer loop
      vertex -0.38581 -34.7792 -6.31499
      vertex 1.98581 -34.7792 -6.31499
      vertex -0.257691 -34.8518 -6.31499
    endloop
  endfacet
  facet normal 0 0 -1
    outer loop
      vertex 1.98581 -34.7792 -6.31499
      vertex -0.38581 -34.7792 -6.31499
      vertex 2.11733 -34.713 -6.31499
    endloop
  endfacet
  facet normal 0 0 -1
    outer loop
      vertex -0.517335 -34.713 -6.31499
      vertex 2.11733 -34.713 -6.31499
      vertex -0.38581 -34.7792 -6.31499
    endloop
  endfacet
  facet normal 0 0 -1
    outer loop
      vertex 2.11733 -34.713 -6.31499
      vertex -0.517335 -34.713 -6.31499
      vertex 2.25195 -34.6534 -6.31499
    endloop
  endfacet
  facet normal 0 0 -1
    outer loop
      vertex -0.65195 -34.6534 -6.31499
      vertex 2.25195 -34.6534 -6.31499
      vertex -0.517335 -34.713 -6.31499
    endloop
  endfacet
  facet normal 0 0 -1
    outer loop
      vertex 2.25195 -34.6534 -6.31499
      vertex -0.65195 -34.6534 -6.31499
      vertex 2.38933 -34.6004 -6.31499
    endloop
  endfacet
  facet normal 0 0 -1
    outer loop
      vertex -0.78933 -34.6004 -6.31499
      vertex 2.38933 -34.6004 -6.31499
      vertex -0.65195 -34.6534 -6.31499
    endloop
  endfacet
  facet normal 0 0 -1
    outer loop
      vertex 2.38933 -34.6004 -6.31499
      vertex -0.78933 -34.6004 -6.31499
      vertex 2.52915 -34.5542 -6.31499
    endloop
  endfacet
  facet normal 0 0 -1
    outer loop
      vertex -0.929145 -34.5542 -6.31499
      vertex 2.52915 -34.5542 -6.31499
      vertex -0.78933 -34.6004 -6.31499
    endloop
  endfacet
  facet normal 0 0 -1
    outer loop
      vertex 2.52915 -34.5542 -6.31499
      vertex -0.929145 -34.5542 -6.31499
      vertex 2.67106 -34.5149 -6.31499
    endloop
  endfacet
  facet normal 0 0 -1
    outer loop
      vertex -1.07106 -34.5149 -6.31499
      vertex 2.67106 -34.5149 -6.31499
      vertex -0.929145 -34.5542 -6.31499
    endloop
  endfacet
  facet normal 0 0 -1
    outer loop
      vertex 2.67106 -34.5149 -6.31499
      vertex -1.07106 -34.5149 -6.31499
      vertex 2.81473 -34.4826 -6.31499
    endloop
  endfacet
  facet normal 0 0 -1
    outer loop
      vertex -1.21473 -34.4826 -6.31499
      vertex 2.81473 -34.4826 -6.31499
      vertex -1.07106 -34.5149 -6.31499
    endloop
  endfacet
  facet normal 0 0 -1
    outer loop
      vertex 2.81473 -34.4826 -6.31499
      vertex -1.21473 -34.4826 -6.31499
      vertex 2.95981 -34.4575 -6.31499
    endloop
  endfacet
  facet normal 0 0 -1
    outer loop
      vertex -1.35981 -34.4575 -6.31499
      vertex 2.95981 -34.4575 -6.31499
      vertex -1.21473 -34.4826 -6.31499
    endloop
  endfacet
  facet normal 0 0 -1
    outer loop
      vertex 2.95981 -34.4575 -6.31499
      vertex -1.35981 -34.4575 -6.31499
      vertex 3.10595 -34.4394 -6.31499
    endloop
  endfacet
  facet normal 0 0 -1
    outer loop
      vertex -1.50595 -34.4394 -6.31499
      vertex 3.10595 -34.4394 -6.31499
      vertex -1.35981 -34.4575 -6.31499
    endloop
  endfacet
  facet normal 0 0 -1
    outer loop
      vertex -1.6528 -34.4286 -6.31499
      vertex 3.10595 -34.4394 -6.31499
      vertex -1.50595 -34.4394 -6.31499
    endloop
  endfacet
  facet normal 0 0 -1
    outer loop
      vertex 3.2528 -34.4286 -6.31499
      vertex -1.6528 -34.4286 -6.31499
      vertex -1.8 -34.425 -6.31499
    endloop
  endfacet
  facet normal 0 0 -1
    outer loop
      vertex 3.4 -34.425 -6.31499
      vertex -1.8 -34.425 -6.31499
      vertex 51.705 -30.75 -6.31499
    endloop
  endfacet
  facet normal 0 0 -1
    outer loop
      vertex -9.6 -34.425 -6.31499
      vertex -1.8 -34.425 -6.31499
      vertex -1.9472 -34.4286 -6.31499
    endloop
  endfacet
  facet normal 0 0 -1
    outer loop
      vertex -6.6 -37.425 -6.31499
      vertex -4.79639 -37.2778 -6.31499
      vertex -4.8 -37.425 -6.31499
    endloop
  endfacet
  facet normal 0 0 -1
    outer loop
      vertex -6.60361 -37.2778 -6.31499
      vertex -4.79639 -37.2778 -6.31499
      vertex -6.6 -37.425 -6.31499
    endloop
  endfacet
  facet normal 0 0 -1
    outer loop
      vertex -4.79639 -37.2778 -6.31499
      vertex -6.60361 -37.2778 -6.31499
      vertex -4.78555 -37.1309 -6.31499
    endloop
  endfacet
  facet normal 0 0 -1
    outer loop
      vertex -6.61445 -37.1309 -6.31499
      vertex -4.78555 -37.1309 -6.31499
      vertex -6.60361 -37.2778 -6.31499
    endloop
  endfacet
  facet normal 0 0 -1
    outer loop
      vertex -4.78555 -37.1309 -6.31499
      vertex -6.61445 -37.1309 -6.31499
      vertex -4.76753 -36.9848 -6.31499
    endloop
  endfacet
  facet normal 0 0 -1
    outer loop
      vertex -6.63247 -36.9848 -6.31499
      vertex -4.76753 -36.9848 -6.31499
      vertex -6.61445 -37.1309 -6.31499
    endloop
  endfacet
  facet normal 0 0 -1
    outer loop
      vertex -4.76753 -36.9848 -6.31499
      vertex -6.63247 -36.9848 -6.31499
      vertex -4.74235 -36.8397 -6.31499
    endloop
  endfacet
  facet normal 0 0 -1
    outer loop
      vertex -6.65765 -36.8397 -6.31499
      vertex -4.74235 -36.8397 -6.31499
      vertex -6.63247 -36.9848 -6.31499
    endloop
  endfacet
  facet normal 0 0 -1
    outer loop
      vertex -4.74235 -36.8397 -6.31499
      vertex -6.65765 -36.8397 -6.31499
      vertex -4.71009 -36.6961 -6.31499
    endloop
  endfacet
  facet normal 0 0 -1
    outer loop
      vertex -6.68991 -36.6961 -6.31499
      vertex -4.71009 -36.6961 -6.31499
      vertex -6.65765 -36.8397 -6.31499
    endloop
  endfacet
  facet normal 0 0 -1
    outer loop
      vertex -4.71009 -36.6961 -6.31499
      vertex -6.68991 -36.6961 -6.31499
      vertex -4.67082 -36.5541 -6.31499
    endloop
  endfacet
  facet normal 0 0 -1
    outer loop
      vertex -6.72918 -36.5541 -6.31499
      vertex -4.67082 -36.5541 -6.31499
      vertex -6.68991 -36.6961 -6.31499
    endloop
  endfacet
  facet normal 0 0 -1
    outer loop
      vertex -4.67082 -36.5541 -6.31499
      vertex -6.72918 -36.5541 -6.31499
      vertex -4.62463 -36.4143 -6.31499
    endloop
  endfacet
  facet normal 0 0 -1
    outer loop
      vertex -6.77537 -36.4143 -6.31499
      vertex -4.62463 -36.4143 -6.31499
      vertex -6.72918 -36.5541 -6.31499
    endloop
  endfacet
  facet normal 0 0 -1
    outer loop
      vertex -4.62463 -36.4143 -6.31499
      vertex -6.77537 -36.4143 -6.31499
      vertex -4.57164 -36.277 -6.31499
    endloop
  endfacet
  facet normal 0 0 -1
    outer loop
      vertex -6.82836 -36.277 -6.31499
      vertex -4.57164 -36.277 -6.31499
      vertex -6.77537 -36.4143 -6.31499
    endloop
  endfacet
  facet normal 0 0 -1
    outer loop
      vertex -4.57164 -36.277 -6.31499
      vertex -6.82836 -36.277 -6.31499
      vertex -4.51197 -36.1423 -6.31499
    endloop
  endfacet
  facet normal 0 0 -1
    outer loop
      vertex -6.88803 -36.1423 -6.31499
      vertex -4.51197 -36.1423 -6.31499
      vertex -6.82836 -36.277 -6.31499
    endloop
  endfacet
  facet normal 0 0 -1
    outer loop
      vertex -4.51197 -36.1423 -6.31499
      vertex -6.88803 -36.1423 -6.31499
      vertex -4.44576 -36.0108 -6.31499
    endloop
  endfacet
  facet normal 0 0 -1
    outer loop
      vertex -6.95424 -36.0108 -6.31499
      vertex -4.44576 -36.0108 -6.31499
      vertex -6.88803 -36.1423 -6.31499
    endloop
  endfacet
  facet normal 0 0 -1
    outer loop
      vertex -4.44576 -36.0108 -6.31499
      vertex -6.95424 -36.0108 -6.31499
      vertex -4.37319 -35.8827 -6.31499
    endloop
  endfacet
  facet normal 0 0 -1
    outer loop
      vertex -7.02681 -35.8827 -6.31499
      vertex -4.37319 -35.8827 -6.31499
      vertex -6.95424 -36.0108 -6.31499
    endloop
  endfacet
  facet normal 0 0 -1
    outer loop
      vertex -4.37319 -35.8827 -6.31499
      vertex -7.02681 -35.8827 -6.31499
      vertex -4.29441 -35.7583 -6.31499
    endloop
  endfacet
  facet normal 0 0 -1
    outer loop
      vertex -7.10559 -35.7583 -6.31499
      vertex -4.29441 -35.7583 -6.31499
      vertex -7.02681 -35.8827 -6.31499
    endloop
  endfacet
  facet normal 0 0 -1
    outer loop
      vertex -4.29441 -35.7583 -6.31499
      vertex -7.10559 -35.7583 -6.31499
      vertex -4.20962 -35.6379 -6.31499
    endloop
  endfacet
  facet normal 0 0 -1
    outer loop
      vertex -7.19038 -35.6379 -6.31499
      vertex -4.20962 -35.6379 -6.31499
      vertex -7.10559 -35.7583 -6.31499
    endloop
  endfacet
  facet normal 0 0 -1
    outer loop
      vertex -4.20962 -35.6379 -6.31499
      vertex -7.19038 -35.6379 -6.31499
      vertex -4.11903 -35.5218 -6.31499
    endloop
  endfacet
  facet normal 0 0 -1
    outer loop
      vertex -7.28097 -35.5218 -6.31499
      vertex -4.11903 -35.5218 -6.31499
      vertex -7.19038 -35.6379 -6.31499
    endloop
  endfacet
  facet normal 0 0 -1
    outer loop
      vertex -4.11903 -35.5218 -6.31499
      vertex -7.28097 -35.5218 -6.31499
      vertex -4.02285 -35.4103 -6.31499
    endloop
  endfacet
  facet normal 0 0 -1
    outer loop
      vertex -7.37715 -35.4103 -6.31499
      vertex -4.02285 -35.4103 -6.31499
      vertex -7.28097 -35.5218 -6.31499
    endloop
  endfacet
  facet normal 0 0 -1
    outer loop
      vertex -4.02285 -35.4103 -6.31499
      vertex -7.37715 -35.4103 -6.31499
      vertex -3.92132 -35.3037 -6.31499
    endloop
  endfacet
  facet normal 0 0 -1
    outer loop
      vertex -7.47868 -35.3037 -6.31499
      vertex -3.92132 -35.3037 -6.31499
      vertex -7.37715 -35.4103 -6.31499
    endloop
  endfacet
  facet normal 0 0 -1
    outer loop
      vertex -3.92132 -35.3037 -6.31499
      vertex -7.47868 -35.3037 -6.31499
      vertex -3.81468 -35.2021 -6.31499
    endloop
  endfacet
  facet normal 0 0 -1
    outer loop
      vertex -7.58532 -35.2021 -6.31499
      vertex -3.81468 -35.2021 -6.31499
      vertex -7.47868 -35.3037 -6.31499
    endloop
  endfacet
  facet normal 0 0 -1
    outer loop
      vertex -3.81468 -35.2021 -6.31499
      vertex -7.58532 -35.2021 -6.31499
      vertex -3.70318 -35.106 -6.31499
    endloop
  endfacet
  facet normal 0 0 -1
    outer loop
      vertex -7.69682 -35.106 -6.31499
      vertex -3.70318 -35.106 -6.31499
      vertex -7.58532 -35.2021 -6.31499
    endloop
  endfacet
  facet normal 0 0 -1
    outer loop
      vertex -3.70318 -35.106 -6.31499
      vertex -7.69682 -35.106 -6.31499
      vertex -3.5871 -35.0154 -6.31499
    endloop
  endfacet
  facet normal 0 0 -1
    outer loop
      vertex -7.8129 -35.0154 -6.31499
      vertex -3.5871 -35.0154 -6.31499
      vertex -7.69682 -35.106 -6.31499
    endloop
  endfacet
  facet normal 0 0 -1
    outer loop
      vertex -3.5871 -35.0154 -6.31499
      vertex -7.8129 -35.0154 -6.31499
      vertex -3.46671 -34.9306 -6.31499
    endloop
  endfacet
  facet normal 0 0 -1
    outer loop
      vertex -7.93329 -34.9306 -6.31499
      vertex -3.46671 -34.9306 -6.31499
      vertex -7.8129 -35.0154 -6.31499
    endloop
  endfacet
  facet normal 0 0 -1
    outer loop
      vertex -3.46671 -34.9306 -6.31499
      vertex -7.93329 -34.9306 -6.31499
      vertex -3.34231 -34.8518 -6.31499
    endloop
  endfacet
  facet normal 0 0 -1
    outer loop
      vertex -8.05769 -34.8518 -6.31499
      vertex -3.34231 -34.8518 -6.31499
      vertex -7.93329 -34.9306 -6.31499
    endloop
  endfacet
  facet normal 0 0 -1
    outer loop
      vertex -3.34231 -34.8518 -6.31499
      vertex -8.05769 -34.8518 -6.31499
      vertex -3.21419 -34.7792 -6.31499
    endloop
  endfacet
  facet normal 0 0 -1
    outer loop
      vertex -8.18581 -34.7792 -6.31499
      vertex -3.21419 -34.7792 -6.31499
      vertex -8.05769 -34.8518 -6.31499
    endloop
  endfacet
  facet normal 0 0 -1
    outer loop
      vertex -3.21419 -34.7792 -6.31499
      vertex -8.18581 -34.7792 -6.31499
      vertex -3.08266 -34.713 -6.31499
    endloop
  endfacet
  facet normal 0 0 -1
    outer loop
      vertex -8.31734 -34.713 -6.31499
      vertex -3.08266 -34.713 -6.31499
      vertex -8.18581 -34.7792 -6.31499
    endloop
  endfacet
  facet normal 0 0 -1
    outer loop
      vertex -3.08266 -34.713 -6.31499
      vertex -8.31734 -34.713 -6.31499
      vertex -2.94805 -34.6534 -6.31499
    endloop
  endfacet
  facet normal 0 0 -1
    outer loop
      vertex -8.45195 -34.6534 -6.31499
      vertex -2.94805 -34.6534 -6.31499
      vertex -8.31734 -34.713 -6.31499
    endloop
  endfacet
  facet normal 0 0 -1
    outer loop
      vertex -2.94805 -34.6534 -6.31499
      vertex -8.45195 -34.6534 -6.31499
      vertex -2.81067 -34.6004 -6.31499
    endloop
  endfacet
  facet normal 0 0 -1
    outer loop
      vertex -8.58933 -34.6004 -6.31499
      vertex -2.81067 -34.6004 -6.31499
      vertex -8.45195 -34.6534 -6.31499
    endloop
  endfacet
  facet normal 0 0 -1
    outer loop
      vertex -2.81067 -34.6004 -6.31499
      vertex -8.58933 -34.6004 -6.31499
      vertex -2.67085 -34.5542 -6.31499
    endloop
  endfacet
  facet normal 0 0 -1
    outer loop
      vertex -8.72915 -34.5542 -6.31499
      vertex -2.67085 -34.5542 -6.31499
      vertex -8.58933 -34.6004 -6.31499
    endloop
  endfacet
  facet normal 0 0 -1
    outer loop
      vertex -2.67085 -34.5542 -6.31499
      vertex -8.72915 -34.5542 -6.31499
      vertex -2.52894 -34.5149 -6.31499
    endloop
  endfacet
  facet normal 0 0 -1
    outer loop
      vertex -8.87106 -34.5149 -6.31499
      vertex -2.52894 -34.5149 -6.31499
      vertex -8.72915 -34.5542 -6.31499
    endloop
  endfacet
  facet normal 0 0 -1
    outer loop
      vertex -2.52894 -34.5149 -6.31499
      vertex -8.87106 -34.5149 -6.31499
      vertex -2.38527 -34.4826 -6.31499
    endloop
  endfacet
  facet normal 0 0 -1
    outer loop
      vertex -9.01473 -34.4826 -6.31499
      vertex -2.38527 -34.4826 -6.31499
      vertex -8.87106 -34.5149 -6.31499
    endloop
  endfacet
  facet normal 0 0 -1
    outer loop
      vertex -2.38527 -34.4826 -6.31499
      vertex -9.01473 -34.4826 -6.31499
      vertex -2.24019 -34.4575 -6.31499
    endloop
  endfacet
  facet normal 0 0 -1
    outer loop
      vertex -9.15981 -34.4575 -6.31499
      vertex -2.24019 -34.4575 -6.31499
      vertex -9.01473 -34.4826 -6.31499
    endloop
  endfacet
  facet normal 0 0 -1
    outer loop
      vertex -2.24019 -34.4575 -6.31499
      vertex -9.15981 -34.4575 -6.31499
      vertex -2.09405 -34.4394 -6.31499
    endloop
  endfacet
  facet normal 0 0 -1
    outer loop
      vertex -9.30595 -34.4394 -6.31499
      vertex -2.09405 -34.4394 -6.31499
      vertex -9.15981 -34.4575 -6.31499
    endloop
  endfacet
  facet normal 0 0 -1
    outer loop
      vertex -2.09405 -34.4394 -6.31499
      vertex -9.30595 -34.4394 -6.31499
      vertex -1.9472 -34.4286 -6.31499
    endloop
  endfacet
  facet normal 0 0 -1
    outer loop
      vertex -9.4528 -34.4286 -6.31499
      vertex -1.9472 -34.4286 -6.31499
      vertex -9.30595 -34.4394 -6.31499
    endloop
  endfacet
  facet normal 0 0 -1
    outer loop
      vertex -9.6 -34.425 -6.31499
      vertex -1.9472 -34.4286 -6.31499
      vertex -9.4528 -34.4286 -6.31499
    endloop
  endfacet
  facet normal 0 0 -1
    outer loop
      vertex -1.8 -34.425 -6.31499
      vertex -9.6 -34.425 -6.31499
      vertex -51.705 -30.75 -6.31499
    endloop
  endfacet
  facet normal 0 0 -1
    outer loop
      vertex -14.8 -34.425 -6.31499
      vertex -9.6 -34.425 -6.31499
      vertex -9.7472 -34.4286 -6.31499
    endloop
  endfacet
  facet normal 0 0 -1
    outer loop
      vertex -12.2268 -35.8827 -6.31499
      vertex -12.1732 -35.8827 -6.31499
      vertex -12.2 -35.93 -6.31499
    endloop
  endfacet
  facet normal 0 0 -1
    outer loop
      vertex -12.2268 -35.8827 -6.31499
      vertex -12.0944 -35.7583 -6.31499
      vertex -12.1732 -35.8827 -6.31499
    endloop
  endfacet
  facet normal 0 0 -1
    outer loop
      vertex -12.3056 -35.7583 -6.31499
      vertex -12.0944 -35.7583 -6.31499
      vertex -12.2268 -35.8827 -6.31499
    endloop
  endfacet
  facet normal 0 0 -1
    outer loop
      vertex -12.0944 -35.7583 -6.31499
      vertex -12.3056 -35.7583 -6.31499
      vertex -12.0096 -35.6379 -6.31499
    endloop
  endfacet
  facet normal 0 0 -1
    outer loop
      vertex -12.3904 -35.6379 -6.31499
      vertex -12.0096 -35.6379 -6.31499
      vertex -12.3056 -35.7583 -6.31499
    endloop
  endfacet
  facet normal 0 0 -1
    outer loop
      vertex -12.0096 -35.6379 -6.31499
      vertex -12.3904 -35.6379 -6.31499
      vertex -11.919 -35.5218 -6.31499
    endloop
  endfacet
  facet normal 0 0 -1
    outer loop
      vertex -12.481 -35.5218 -6.31499
      vertex -11.919 -35.5218 -6.31499
      vertex -12.3904 -35.6379 -6.31499
    endloop
  endfacet
  facet normal 0 0 -1
    outer loop
      vertex -11.919 -35.5218 -6.31499
      vertex -12.481 -35.5218 -6.31499
      vertex -11.8229 -35.4103 -6.31499
    endloop
  endfacet
  facet normal 0 0 -1
    outer loop
      vertex -12.5771 -35.4103 -6.31499
      vertex -11.8229 -35.4103 -6.31499
      vertex -12.481 -35.5218 -6.31499
    endloop
  endfacet
  facet normal 0 0 -1
    outer loop
      vertex -11.8229 -35.4103 -6.31499
      vertex -12.5771 -35.4103 -6.31499
      vertex -11.7213 -35.3037 -6.31499
    endloop
  endfacet
  facet normal 0 0 -1
    outer loop
      vertex -12.6787 -35.3037 -6.31499
      vertex -11.7213 -35.3037 -6.31499
      vertex -12.5771 -35.4103 -6.31499
    endloop
  endfacet
  facet normal 0 0 -1
    outer loop
      vertex -11.7213 -35.3037 -6.31499
      vertex -12.6787 -35.3037 -6.31499
      vertex -11.6147 -35.2021 -6.31499
    endloop
  endfacet
  facet normal 0 0 -1
    outer loop
      vertex -12.7853 -35.2021 -6.31499
      vertex -11.6147 -35.2021 -6.31499
      vertex -12.6787 -35.3037 -6.31499
    endloop
  endfacet
  facet normal 0 0 -1
    outer loop
      vertex -11.6147 -35.2021 -6.31499
      vertex -12.7853 -35.2021 -6.31499
      vertex -11.5032 -35.106 -6.31499
    endloop
  endfacet
  facet normal 0 0 -1
    outer loop
      vertex -12.8968 -35.106 -6.31499
      vertex -11.5032 -35.106 -6.31499
      vertex -12.7853 -35.2021 -6.31499
    endloop
  endfacet
  facet normal 0 0 -1
    outer loop
      vertex -11.5032 -35.106 -6.31499
      vertex -12.8968 -35.106 -6.31499
      vertex -11.3871 -35.0154 -6.31499
    endloop
  endfacet
  facet normal 0 0 -1
    outer loop
      vertex -13.0129 -35.0154 -6.31499
      vertex -11.3871 -35.0154 -6.31499
      vertex -12.8968 -35.106 -6.31499
    endloop
  endfacet
  facet normal 0 0 -1
    outer loop
      vertex -11.3871 -35.0154 -6.31499
      vertex -13.0129 -35.0154 -6.31499
      vertex -11.2667 -34.9306 -6.31499
    endloop
  endfacet
  facet normal 0 0 -1
    outer loop
      vertex -13.1333 -34.9306 -6.31499
      vertex -11.2667 -34.9306 -6.31499
      vertex -13.0129 -35.0154 -6.31499
    endloop
  endfacet
  facet normal 0 0 -1
    outer loop
      vertex -11.2667 -34.9306 -6.31499
      vertex -13.1333 -34.9306 -6.31499
      vertex -11.1423 -34.8518 -6.31499
    endloop
  endfacet
  facet normal 0 0 -1
    outer loop
      vertex -13.2577 -34.8518 -6.31499
      vertex -11.1423 -34.8518 -6.31499
      vertex -13.1333 -34.9306 -6.31499
    endloop
  endfacet
  facet normal 0 0 -1
    outer loop
      vertex -11.1423 -34.8518 -6.31499
      vertex -13.2577 -34.8518 -6.31499
      vertex -11.0142 -34.7792 -6.31499
    endloop
  endfacet
  facet normal 0 0 -1
    outer loop
      vertex -13.3858 -34.7792 -6.31499
      vertex -11.0142 -34.7792 -6.31499
      vertex -13.2577 -34.8518 -6.31499
    endloop
  endfacet
  facet normal 0 0 -1
    outer loop
      vertex -11.0142 -34.7792 -6.31499
      vertex -13.3858 -34.7792 -6.31499
      vertex -10.8827 -34.713 -6.31499
    endloop
  endfacet
  facet normal 0 0 -1
    outer loop
      vertex -13.5173 -34.713 -6.31499
      vertex -10.8827 -34.713 -6.31499
      vertex -13.3858 -34.7792 -6.31499
    endloop
  endfacet
  facet normal 0 0 -1
    outer loop
      vertex -10.8827 -34.713 -6.31499
      vertex -13.5173 -34.713 -6.31499
      vertex -10.7481 -34.6534 -6.31499
    endloop
  endfacet
  facet normal 0 0 -1
    outer loop
      vertex -13.652 -34.6534 -6.31499
      vertex -10.7481 -34.6534 -6.31499
      vertex -13.5173 -34.713 -6.31499
    endloop
  endfacet
  facet normal 0 0 -1
    outer loop
      vertex -10.7481 -34.6534 -6.31499
      vertex -13.652 -34.6534 -6.31499
      vertex -10.6107 -34.6004 -6.31499
    endloop
  endfacet
  facet normal 0 0 -1
    outer loop
      vertex -13.7893 -34.6004 -6.31499
      vertex -10.6107 -34.6004 -6.31499
      vertex -13.652 -34.6534 -6.31499
    endloop
  endfacet
  facet normal 0 0 -1
    outer loop
      vertex -10.6107 -34.6004 -6.31499
      vertex -13.7893 -34.6004 -6.31499
      vertex -10.4709 -34.5542 -6.31499
    endloop
  endfacet
  facet normal 0 0 -1
    outer loop
      vertex -13.9291 -34.5542 -6.31499
      vertex -10.4709 -34.5542 -6.31499
      vertex -13.7893 -34.6004 -6.31499
    endloop
  endfacet
  facet normal 0 0 -1
    outer loop
      vertex -10.4709 -34.5542 -6.31499
      vertex -13.9291 -34.5542 -6.31499
      vertex -10.3289 -34.5149 -6.31499
    endloop
  endfacet
  facet normal 0 0 -1
    outer loop
      vertex -14.0711 -34.5149 -6.31499
      vertex -10.3289 -34.5149 -6.31499
      vertex -13.9291 -34.5542 -6.31499
    endloop
  endfacet
  facet normal 0 0 -1
    outer loop
      vertex -10.3289 -34.5149 -6.31499
      vertex -14.0711 -34.5149 -6.31499
      vertex -10.1853 -34.4826 -6.31499
    endloop
  endfacet
  facet normal 0 0 -1
    outer loop
      vertex -14.2147 -34.4826 -6.31499
      vertex -10.1853 -34.4826 -6.31499
      vertex -14.0711 -34.5149 -6.31499
    endloop
  endfacet
  facet normal 0 0 -1
    outer loop
      vertex -10.1853 -34.4826 -6.31499
      vertex -14.2147 -34.4826 -6.31499
      vertex -10.0402 -34.4575 -6.31499
    endloop
  endfacet
  facet normal 0 0 -1
    outer loop
      vertex -14.3598 -34.4575 -6.31499
      vertex -10.0402 -34.4575 -6.31499
      vertex -14.2147 -34.4826 -6.31499
    endloop
  endfacet
  facet normal 0 0 -1
    outer loop
      vertex -10.0402 -34.4575 -6.31499
      vertex -14.3598 -34.4575 -6.31499
      vertex -9.89405 -34.4394 -6.31499
    endloop
  endfacet
  facet normal 0 0 -1
    outer loop
      vertex -14.5059 -34.4394 -6.31499
      vertex -9.89405 -34.4394 -6.31499
      vertex -14.3598 -34.4575 -6.31499
    endloop
  endfacet
  facet normal 0 0 -1
    outer loop
      vertex -9.89405 -34.4394 -6.31499
      vertex -14.5059 -34.4394 -6.31499
      vertex -9.7472 -34.4286 -6.31499
    endloop
  endfacet
  facet normal 0 0 -1
    outer loop
      vertex -14.6528 -34.4286 -6.31499
      vertex -9.7472 -34.4286 -6.31499
      vertex -14.5059 -34.4394 -6.31499
    endloop
  endfacet
  facet normal 0 0 -1
    outer loop
      vertex -14.8 -34.425 -6.31499
      vertex -9.7472 -34.4286 -6.31499
      vertex -14.6528 -34.4286 -6.31499
    endloop
  endfacet
  facet normal 0 0 -1
    outer loop
      vertex -9.6 -34.425 -6.31499
      vertex -14.8 -34.425 -6.31499
      vertex -51.705 -30.75 -6.31499
    endloop
  endfacet
  facet normal 0 0 -1
    outer loop
      vertex -51.705 -30.75 -6.31499
      vertex -14.8 -34.425 -6.31499
      vertex -14.9472 -34.4286 -6.31499
    endloop
  endfacet
  facet normal 0 0 -1
    outer loop
      vertex -17.4268 -35.8827 -6.31499
      vertex -17.3732 -35.8827 -6.31499
      vertex -17.4 -35.93 -6.31499
    endloop
  endfacet
  facet normal 0 0 -1
    outer loop
      vertex -17.4268 -35.8827 -6.31499
      vertex -17.2944 -35.7583 -6.31499
      vertex -17.3732 -35.8827 -6.31499
    endloop
  endfacet
  facet normal 0 0 -1
    outer loop
      vertex -17.5056 -35.7583 -6.31499
      vertex -17.2944 -35.7583 -6.31499
      vertex -17.4268 -35.8827 -6.31499
    endloop
  endfacet
  facet normal 0 0 -1
    outer loop
      vertex -17.2944 -35.7583 -6.31499
      vertex -17.5056 -35.7583 -6.31499
      vertex -17.2096 -35.6379 -6.31499
    endloop
  endfacet
  facet normal 0 0 -1
    outer loop
      vertex -17.5904 -35.6379 -6.31499
      vertex -17.2096 -35.6379 -6.31499
      vertex -17.5056 -35.7583 -6.31499
    endloop
  endfacet
  facet normal 0 0 -1
    outer loop
      vertex -17.2096 -35.6379 -6.31499
      vertex -17.5904 -35.6379 -6.31499
      vertex -17.119 -35.5218 -6.31499
    endloop
  endfacet
  facet normal 0 0 -1
    outer loop
      vertex -17.681 -35.5218 -6.31499
      vertex -17.119 -35.5218 -6.31499
      vertex -17.5904 -35.6379 -6.31499
    endloop
  endfacet
  facet normal 0 0 -1
    outer loop
      vertex -17.119 -35.5218 -6.31499
      vertex -17.681 -35.5218 -6.31499
      vertex -17.0229 -35.4103 -6.31499
    endloop
  endfacet
  facet normal 0 0 -1
    outer loop
      vertex -17.7771 -35.4103 -6.31499
      vertex -17.0229 -35.4103 -6.31499
      vertex -17.681 -35.5218 -6.31499
    endloop
  endfacet
  facet normal 0 0 -1
    outer loop
      vertex -17.0229 -35.4103 -6.31499
      vertex -17.7771 -35.4103 -6.31499
      vertex -16.9213 -35.3037 -6.31499
    endloop
  endfacet
  facet normal 0 0 -1
    outer loop
      vertex -17.8787 -35.3037 -6.31499
      vertex -16.9213 -35.3037 -6.31499
      vertex -17.7771 -35.4103 -6.31499
    endloop
  endfacet
  facet normal 0 0 -1
    outer loop
      vertex -16.9213 -35.3037 -6.31499
      vertex -17.8787 -35.3037 -6.31499
      vertex -16.8147 -35.2021 -6.31499
    endloop
  endfacet
  facet normal 0 0 -1
    outer loop
      vertex -17.9853 -35.2021 -6.31499
      vertex -16.8147 -35.2021 -6.31499
      vertex -17.8787 -35.3037 -6.31499
    endloop
  endfacet
  facet normal 0 0 -1
    outer loop
      vertex -16.8147 -35.2021 -6.31499
      vertex -17.9853 -35.2021 -6.31499
      vertex -16.7032 -35.106 -6.31499
    endloop
  endfacet
  facet normal 0 0 -1
    outer loop
      vertex -18.0968 -35.106 -6.31499
      vertex -16.7032 -35.106 -6.31499
      vertex -17.9853 -35.2021 -6.31499
    endloop
  endfacet
  facet normal 0 0 -1
    outer loop
      vertex -16.7032 -35.106 -6.31499
      vertex -18.0968 -35.106 -6.31499
      vertex -16.5871 -35.0154 -6.31499
    endloop
  endfacet
  facet normal 0 0 -1
    outer loop
      vertex -18.2129 -35.0154 -6.31499
      vertex -16.5871 -35.0154 -6.31499
      vertex -18.0968 -35.106 -6.31499
    endloop
  endfacet
  facet normal 0 0 -1
    outer loop
      vertex -16.5871 -35.0154 -6.31499
      vertex -18.2129 -35.0154 -6.31499
      vertex -16.4667 -34.9306 -6.31499
    endloop
  endfacet
  facet normal 0 0 -1
    outer loop
      vertex -18.3333 -34.9306 -6.31499
      vertex -16.4667 -34.9306 -6.31499
      vertex -18.2129 -35.0154 -6.31499
    endloop
  endfacet
  facet normal 0 0 -1
    outer loop
      vertex -16.4667 -34.9306 -6.31499
      vertex -18.3333 -34.9306 -6.31499
      vertex -16.3423 -34.8518 -6.31499
    endloop
  endfacet
  facet normal 0 0 -1
    outer loop
      vertex -18.4577 -34.8518 -6.31499
      vertex -16.3423 -34.8518 -6.31499
      vertex -18.3333 -34.9306 -6.31499
    endloop
  endfacet
  facet normal 0 0 -1
    outer loop
      vertex -16.3423 -34.8518 -6.31499
      vertex -18.4577 -34.8518 -6.31499
      vertex -16.2142 -34.7792 -6.31499
    endloop
  endfacet
  facet normal 0 0 -1
    outer loop
      vertex -18.5858 -34.7792 -6.31499
      vertex -16.2142 -34.7792 -6.31499
      vertex -18.4577 -34.8518 -6.31499
    endloop
  endfacet
  facet normal 0 0 -1
    outer loop
      vertex -16.2142 -34.7792 -6.31499
      vertex -18.5858 -34.7792 -6.31499
      vertex -16.0827 -34.713 -6.31499
    endloop
  endfacet
  facet normal 0 0 -1
    outer loop
      vertex -18.7173 -34.713 -6.31499
      vertex -16.0827 -34.713 -6.31499
      vertex -18.5858 -34.7792 -6.31499
    endloop
  endfacet
  facet normal 0 0 -1
    outer loop
      vertex -16.0827 -34.713 -6.31499
      vertex -18.7173 -34.713 -6.31499
      vertex -15.948 -34.6534 -6.31499
    endloop
  endfacet
  facet normal 0 0 -1
    outer loop
      vertex -18.8519 -34.6534 -6.31499
      vertex -15.948 -34.6534 -6.31499
      vertex -18.7173 -34.713 -6.31499
    endloop
  endfacet
  facet normal 0 0 -1
    outer loop
      vertex -15.948 -34.6534 -6.31499
      vertex -18.8519 -34.6534 -6.31499
      vertex -15.8107 -34.6004 -6.31499
    endloop
  endfacet
  facet normal 0 0 -1
    outer loop
      vertex -18.9893 -34.6004 -6.31499
      vertex -15.8107 -34.6004 -6.31499
      vertex -18.8519 -34.6534 -6.31499
    endloop
  endfacet
  facet normal 0 0 -1
    outer loop
      vertex -15.8107 -34.6004 -6.31499
      vertex -18.9893 -34.6004 -6.31499
      vertex -15.6709 -34.5542 -6.31499
    endloop
  endfacet
  facet normal 0 0 -1
    outer loop
      vertex -19.1291 -34.5542 -6.31499
      vertex -15.6709 -34.5542 -6.31499
      vertex -18.9893 -34.6004 -6.31499
    endloop
  endfacet
  facet normal 0 0 -1
    outer loop
      vertex -15.6709 -34.5542 -6.31499
      vertex -19.1291 -34.5542 -6.31499
      vertex -15.5289 -34.5149 -6.31499
    endloop
  endfacet
  facet normal 0 0 -1
    outer loop
      vertex -19.2711 -34.5149 -6.31499
      vertex -15.5289 -34.5149 -6.31499
      vertex -19.1291 -34.5542 -6.31499
    endloop
  endfacet
  facet normal 0 0 -1
    outer loop
      vertex -15.5289 -34.5149 -6.31499
      vertex -19.2711 -34.5149 -6.31499
      vertex -15.3853 -34.4826 -6.31499
    endloop
  endfacet
  facet normal 0 0 -1
    outer loop
      vertex -19.4147 -34.4826 -6.31499
      vertex -15.3853 -34.4826 -6.31499
      vertex -19.2711 -34.5149 -6.31499
    endloop
  endfacet
  facet normal 0 0 -1
    outer loop
      vertex -15.3853 -34.4826 -6.31499
      vertex -19.4147 -34.4826 -6.31499
      vertex -15.2402 -34.4575 -6.31499
    endloop
  endfacet
  facet normal 0 0 -1
    outer loop
      vertex -19.5598 -34.4575 -6.31499
      vertex -15.2402 -34.4575 -6.31499
      vertex -19.4147 -34.4826 -6.31499
    endloop
  endfacet
  facet normal 0 0 -1
    outer loop
      vertex -15.2402 -34.4575 -6.31499
      vertex -19.5598 -34.4575 -6.31499
      vertex -15.0941 -34.4394 -6.31499
    endloop
  endfacet
  facet normal 0 0 -1
    outer loop
      vertex -19.7059 -34.4394 -6.31499
      vertex -15.0941 -34.4394 -6.31499
      vertex -19.5598 -34.4575 -6.31499
    endloop
  endfacet
  facet normal 0 0 -1
    outer loop
      vertex -15.0941 -34.4394 -6.31499
      vertex -19.7059 -34.4394 -6.31499
      vertex -14.9472 -34.4286 -6.31499
    endloop
  endfacet
  facet normal 0 0 -1
    outer loop
      vertex -19.8528 -34.4286 -6.31499
      vertex -14.9472 -34.4286 -6.31499
      vertex -19.7059 -34.4394 -6.31499
    endloop
  endfacet
  facet normal 0 0 -1
    outer loop
      vertex -51.705 -30.75 -6.31499
      vertex -14.9472 -34.4286 -6.31499
      vertex -19.8528 -34.4286 -6.31499
    endloop
  endfacet
  facet normal 0 0 -1
    outer loop
      vertex -51.705 -30.75 -6.31499
      vertex -19.8528 -34.4286 -6.31499
      vertex -20 -34.425 -6.31499
    endloop
  endfacet
  facet normal 0 0 -1
    outer loop
      vertex -51.705 -30.75 -6.31499
      vertex -20 -34.425 -6.31499
      vertex -20.1472 -34.4286 -6.31499
    endloop
  endfacet
  facet normal 0 0 -1
    outer loop
      vertex -24.8 -37.425 -6.31499
      vertex -22.9964 -37.2778 -6.31499
      vertex -23 -37.425 -6.31499
    endloop
  endfacet
  facet normal 0 0 -1
    outer loop
      vertex -24.8036 -37.2778 -6.31499
      vertex -22.9964 -37.2778 -6.31499
      vertex -24.8 -37.425 -6.31499
    endloop
  endfacet
  facet normal 0 0 -1
    outer loop
      vertex -22.9964 -37.2778 -6.31499
      vertex -24.8036 -37.2778 -6.31499
      vertex -22.9856 -37.1309 -6.31499
    endloop
  endfacet
  facet normal 0 0 -1
    outer loop
      vertex -24.8144 -37.1309 -6.31499
      vertex -22.9856 -37.1309 -6.31499
      vertex -24.8036 -37.2778 -6.31499
    endloop
  endfacet
  facet normal 0 0 -1
    outer loop
      vertex -22.9856 -37.1309 -6.31499
      vertex -24.8144 -37.1309 -6.31499
      vertex -22.9675 -36.9848 -6.31499
    endloop
  endfacet
  facet normal 0 0 -1
    outer loop
      vertex -24.8325 -36.9848 -6.31499
      vertex -22.9675 -36.9848 -6.31499
      vertex -24.8144 -37.1309 -6.31499
    endloop
  endfacet
  facet normal 0 0 -1
    outer loop
      vertex -22.9675 -36.9848 -6.31499
      vertex -24.8325 -36.9848 -6.31499
      vertex -22.9424 -36.8397 -6.31499
    endloop
  endfacet
  facet normal 0 0 -1
    outer loop
      vertex -24.8576 -36.8397 -6.31499
      vertex -22.9424 -36.8397 -6.31499
      vertex -24.8325 -36.9848 -6.31499
    endloop
  endfacet
  facet normal 0 0 -1
    outer loop
      vertex -22.9424 -36.8397 -6.31499
      vertex -24.8576 -36.8397 -6.31499
      vertex -22.9101 -36.6961 -6.31499
    endloop
  endfacet
  facet normal 0 0 -1
    outer loop
      vertex -24.8899 -36.6961 -6.31499
      vertex -22.9101 -36.6961 -6.31499
      vertex -24.8576 -36.8397 -6.31499
    endloop
  endfacet
  facet normal 0 0 -1
    outer loop
      vertex -22.9101 -36.6961 -6.31499
      vertex -24.8899 -36.6961 -6.31499
      vertex -22.8708 -36.5541 -6.31499
    endloop
  endfacet
  facet normal 0 0 -1
    outer loop
      vertex -24.9292 -36.5541 -6.31499
      vertex -22.8708 -36.5541 -6.31499
      vertex -24.8899 -36.6961 -6.31499
    endloop
  endfacet
  facet normal 0 0 -1
    outer loop
      vertex -22.8708 -36.5541 -6.31499
      vertex -24.9292 -36.5541 -6.31499
      vertex -22.8246 -36.4143 -6.31499
    endloop
  endfacet
  facet normal 0 0 -1
    outer loop
      vertex -24.9754 -36.4143 -6.31499
      vertex -22.8246 -36.4143 -6.31499
      vertex -24.9292 -36.5541 -6.31499
    endloop
  endfacet
  facet normal 0 0 -1
    outer loop
      vertex -22.8246 -36.4143 -6.31499
      vertex -24.9754 -36.4143 -6.31499
      vertex -22.7716 -36.277 -6.31499
    endloop
  endfacet
  facet normal 0 0 -1
    outer loop
      vertex -25.0284 -36.277 -6.31499
      vertex -22.7716 -36.277 -6.31499
      vertex -24.9754 -36.4143 -6.31499
    endloop
  endfacet
  facet normal 0 0 -1
    outer loop
      vertex -22.7716 -36.277 -6.31499
      vertex -25.0284 -36.277 -6.31499
      vertex -22.712 -36.1423 -6.31499
    endloop
  endfacet
  facet normal 0 0 -1
    outer loop
      vertex -25.088 -36.1423 -6.31499
      vertex -22.712 -36.1423 -6.31499
      vertex -25.0284 -36.277 -6.31499
    endloop
  endfacet
  facet normal 0 0 -1
    outer loop
      vertex -22.712 -36.1423 -6.31499
      vertex -25.088 -36.1423 -6.31499
      vertex -22.6458 -36.0108 -6.31499
    endloop
  endfacet
  facet normal 0 0 -1
    outer loop
      vertex -25.1542 -36.0108 -6.31499
      vertex -22.6458 -36.0108 -6.31499
      vertex -25.088 -36.1423 -6.31499
    endloop
  endfacet
  facet normal 0 0 -1
    outer loop
      vertex -22.6458 -36.0108 -6.31499
      vertex -25.1542 -36.0108 -6.31499
      vertex -22.5732 -35.8827 -6.31499
    endloop
  endfacet
  facet normal 0 0 -1
    outer loop
      vertex -25.2268 -35.8827 -6.31499
      vertex -22.5732 -35.8827 -6.31499
      vertex -25.1542 -36.0108 -6.31499
    endloop
  endfacet
  facet normal 0 0 -1
    outer loop
      vertex -22.5732 -35.8827 -6.31499
      vertex -25.2268 -35.8827 -6.31499
      vertex -22.4944 -35.7583 -6.31499
    endloop
  endfacet
  facet normal 0 0 -1
    outer loop
      vertex -25.3056 -35.7583 -6.31499
      vertex -22.4944 -35.7583 -6.31499
      vertex -25.2268 -35.8827 -6.31499
    endloop
  endfacet
  facet normal 0 0 -1
    outer loop
      vertex -22.4944 -35.7583 -6.31499
      vertex -25.3056 -35.7583 -6.31499
      vertex -22.4096 -35.6379 -6.31499
    endloop
  endfacet
  facet normal 0 0 -1
    outer loop
      vertex -25.3904 -35.6379 -6.31499
      vertex -22.4096 -35.6379 -6.31499
      vertex -25.3056 -35.7583 -6.31499
    endloop
  endfacet
  facet normal 0 0 -1
    outer loop
      vertex -22.4096 -35.6379 -6.31499
      vertex -25.3904 -35.6379 -6.31499
      vertex -22.319 -35.5218 -6.31499
    endloop
  endfacet
  facet normal 0 0 -1
    outer loop
      vertex -25.481 -35.5218 -6.31499
      vertex -22.319 -35.5218 -6.31499
      vertex -25.3904 -35.6379 -6.31499
    endloop
  endfacet
  facet normal 0 0 -1
    outer loop
      vertex -22.319 -35.5218 -6.31499
      vertex -25.481 -35.5218 -6.31499
      vertex -22.2229 -35.4103 -6.31499
    endloop
  endfacet
  facet normal 0 0 -1
    outer loop
      vertex -25.5771 -35.4103 -6.31499
      vertex -22.2229 -35.4103 -6.31499
      vertex -25.481 -35.5218 -6.31499
    endloop
  endfacet
  facet normal 0 0 -1
    outer loop
      vertex -22.2229 -35.4103 -6.31499
      vertex -25.5771 -35.4103 -6.31499
      vertex -22.1213 -35.3037 -6.31499
    endloop
  endfacet
  facet normal 0 0 -1
    outer loop
      vertex -25.6787 -35.3037 -6.31499
      vertex -22.1213 -35.3037 -6.31499
      vertex -25.5771 -35.4103 -6.31499
    endloop
  endfacet
  facet normal 0 0 -1
    outer loop
      vertex -22.1213 -35.3037 -6.31499
      vertex -25.6787 -35.3037 -6.31499
      vertex -22.0147 -35.2021 -6.31499
    endloop
  endfacet
  facet normal 0 0 -1
    outer loop
      vertex -25.7853 -35.2021 -6.31499
      vertex -22.0147 -35.2021 -6.31499
      vertex -25.6787 -35.3037 -6.31499
    endloop
  endfacet
  facet normal 0 0 -1
    outer loop
      vertex -22.0147 -35.2021 -6.31499
      vertex -25.7853 -35.2021 -6.31499
      vertex -21.9032 -35.106 -6.31499
    endloop
  endfacet
  facet normal 0 0 -1
    outer loop
      vertex -25.8968 -35.106 -6.31499
      vertex -21.9032 -35.106 -6.31499
      vertex -25.7853 -35.2021 -6.31499
    endloop
  endfacet
  facet normal 0 0 -1
    outer loop
      vertex -21.9032 -35.106 -6.31499
      vertex -25.8968 -35.106 -6.31499
      vertex -21.7871 -35.0154 -6.31499
    endloop
  endfacet
  facet normal 0 0 -1
    outer loop
      vertex -26.0129 -35.0154 -6.31499
      vertex -21.7871 -35.0154 -6.31499
      vertex -25.8968 -35.106 -6.31499
    endloop
  endfacet
  facet normal 0 0 -1
    outer loop
      vertex -21.7871 -35.0154 -6.31499
      vertex -26.0129 -35.0154 -6.31499
      vertex -21.6667 -34.9306 -6.31499
    endloop
  endfacet
  facet normal 0 0 -1
    outer loop
      vertex -26.1333 -34.9306 -6.31499
      vertex -21.6667 -34.9306 -6.31499
      vertex -26.0129 -35.0154 -6.31499
    endloop
  endfacet
  facet normal 0 0 -1
    outer loop
      vertex -21.6667 -34.9306 -6.31499
      vertex -26.1333 -34.9306 -6.31499
      vertex -21.5423 -34.8518 -6.31499
    endloop
  endfacet
  facet normal 0 0 -1
    outer loop
      vertex -26.2577 -34.8518 -6.31499
      vertex -21.5423 -34.8518 -6.31499
      vertex -26.1333 -34.9306 -6.31499
    endloop
  endfacet
  facet normal 0 0 -1
    outer loop
      vertex -21.5423 -34.8518 -6.31499
      vertex -26.2577 -34.8518 -6.31499
      vertex -21.4142 -34.7792 -6.31499
    endloop
  endfacet
  facet normal 0 0 -1
    outer loop
      vertex -26.3858 -34.7792 -6.31499
      vertex -21.4142 -34.7792 -6.31499
      vertex -26.2577 -34.8518 -6.31499
    endloop
  endfacet
  facet normal 0 0 -1
    outer loop
      vertex -21.4142 -34.7792 -6.31499
      vertex -26.3858 -34.7792 -6.31499
      vertex -21.2827 -34.713 -6.31499
    endloop
  endfacet
  facet normal 0 0 -1
    outer loop
      vertex -26.5173 -34.713 -6.31499
      vertex -21.2827 -34.713 -6.31499
      vertex -26.3858 -34.7792 -6.31499
    endloop
  endfacet
  facet normal 0 0 -1
    outer loop
      vertex -21.2827 -34.713 -6.31499
      vertex -26.5173 -34.713 -6.31499
      vertex -21.1481 -34.6534 -6.31499
    endloop
  endfacet
  facet normal 0 0 -1
    outer loop
      vertex -26.652 -34.6534 -6.31499
      vertex -21.1481 -34.6534 -6.31499
      vertex -26.5173 -34.713 -6.31499
    endloop
  endfacet
  facet normal 0 0 -1
    outer loop
      vertex -21.1481 -34.6534 -6.31499
      vertex -26.652 -34.6534 -6.31499
      vertex -21.0107 -34.6004 -6.31499
    endloop
  endfacet
  facet normal 0 0 -1
    outer loop
      vertex -26.7893 -34.6004 -6.31499
      vertex -21.0107 -34.6004 -6.31499
      vertex -26.652 -34.6534 -6.31499
    endloop
  endfacet
  facet normal 0 0 -1
    outer loop
      vertex -21.0107 -34.6004 -6.31499
      vertex -26.7893 -34.6004 -6.31499
      vertex -20.8709 -34.5542 -6.31499
    endloop
  endfacet
  facet normal 0 0 -1
    outer loop
      vertex -26.9291 -34.5542 -6.31499
      vertex -20.8709 -34.5542 -6.31499
      vertex -26.7893 -34.6004 -6.31499
    endloop
  endfacet
  facet normal 0 0 -1
    outer loop
      vertex -20.8709 -34.5542 -6.31499
      vertex -26.9291 -34.5542 -6.31499
      vertex -20.7289 -34.5149 -6.31499
    endloop
  endfacet
  facet normal 0 0 -1
    outer loop
      vertex -27.0711 -34.5149 -6.31499
      vertex -20.7289 -34.5149 -6.31499
      vertex -26.9291 -34.5542 -6.31499
    endloop
  endfacet
  facet normal 0 0 -1
    outer loop
      vertex -20.7289 -34.5149 -6.31499
      vertex -27.0711 -34.5149 -6.31499
      vertex -20.5853 -34.4826 -6.31499
    endloop
  endfacet
  facet normal 0 0 -1
    outer loop
      vertex -27.2147 -34.4826 -6.31499
      vertex -20.5853 -34.4826 -6.31499
      vertex -27.0711 -34.5149 -6.31499
    endloop
  endfacet
  facet normal 0 0 -1
    outer loop
      vertex -20.5853 -34.4826 -6.31499
      vertex -27.2147 -34.4826 -6.31499
      vertex -20.4402 -34.4575 -6.31499
    endloop
  endfacet
  facet normal 0 0 -1
    outer loop
      vertex -27.3598 -34.4575 -6.31499
      vertex -20.4402 -34.4575 -6.31499
      vertex -27.2147 -34.4826 -6.31499
    endloop
  endfacet
  facet normal 0 0 -1
    outer loop
      vertex -20.4402 -34.4575 -6.31499
      vertex -27.3598 -34.4575 -6.31499
      vertex -20.2941 -34.4394 -6.31499
    endloop
  endfacet
  facet normal 0 0 -1
    outer loop
      vertex -27.5059 -34.4394 -6.31499
      vertex -20.2941 -34.4394 -6.31499
      vertex -27.3598 -34.4575 -6.31499
    endloop
  endfacet
  facet normal 0 0 -1
    outer loop
      vertex -20.2941 -34.4394 -6.31499
      vertex -27.5059 -34.4394 -6.31499
      vertex -20.1472 -34.4286 -6.31499
    endloop
  endfacet
  facet normal 0 0 -1
    outer loop
      vertex -27.6528 -34.4286 -6.31499
      vertex -20.1472 -34.4286 -6.31499
      vertex -27.5059 -34.4394 -6.31499
    endloop
  endfacet
  facet normal 0 0 -1
    outer loop
      vertex -20.1472 -34.4286 -6.31499
      vertex -27.6528 -34.4286 -6.31499
      vertex -51.705 -30.75 -6.31499
    endloop
  endfacet
  facet normal 0 0 -1
    outer loop
      vertex -51.705 -30.75 -6.31499
      vertex -27.6528 -34.4286 -6.31499
      vertex -27.8 -34.425 -6.31499
    endloop
  endfacet
  facet normal 0 0 -1
    outer loop
      vertex -51.705 -30.75 -6.31499
      vertex -27.8 -34.425 -6.31499
      vertex -27.9472 -34.4286 -6.31499
    endloop
  endfacet
  facet normal 0 0 -1
    outer loop
      vertex -30.4268 -35.8827 -6.31499
      vertex -30.3732 -35.8827 -6.31499
      vertex -30.4 -35.93 -6.31499
    endloop
  endfacet
  facet normal 0 0 -1
    outer loop
      vertex -30.4268 -35.8827 -6.31499
      vertex -30.2944 -35.7583 -6.31499
      vertex -30.3732 -35.8827 -6.31499
    endloop
  endfacet
  facet normal 0 0 -1
    outer loop
      vertex -30.5056 -35.7583 -6.31499
      vertex -30.2944 -35.7583 -6.31499
      vertex -30.4268 -35.8827 -6.31499
    endloop
  endfacet
  facet normal 0 0 -1
    outer loop
      vertex -30.2944 -35.7583 -6.31499
      vertex -30.5056 -35.7583 -6.31499
      vertex -30.2096 -35.6379 -6.31499
    endloop
  endfacet
  facet normal 0 0 -1
    outer loop
      vertex -30.5904 -35.6379 -6.31499
      vertex -30.2096 -35.6379 -6.31499
      vertex -30.5056 -35.7583 -6.31499
    endloop
  endfacet
  facet normal 0 0 -1
    outer loop
      vertex -30.2096 -35.6379 -6.31499
      vertex -30.5904 -35.6379 -6.31499
      vertex -30.119 -35.5218 -6.31499
    endloop
  endfacet
  facet normal 0 0 -1
    outer loop
      vertex -30.681 -35.5218 -6.31499
      vertex -30.119 -35.5218 -6.31499
      vertex -30.5904 -35.6379 -6.31499
    endloop
  endfacet
  facet normal 0 0 -1
    outer loop
      vertex -30.119 -35.5218 -6.31499
      vertex -30.681 -35.5218 -6.31499
      vertex -30.0229 -35.4103 -6.31499
    endloop
  endfacet
  facet normal 0 0 -1
    outer loop
      vertex -30.7771 -35.4103 -6.31499
      vertex -30.0229 -35.4103 -6.31499
      vertex -30.681 -35.5218 -6.31499
    endloop
  endfacet
  facet normal 0 0 -1
    outer loop
      vertex -30.0229 -35.4103 -6.31499
      vertex -30.7771 -35.4103 -6.31499
      vertex -29.9213 -35.3037 -6.31499
    endloop
  endfacet
  facet normal 0 0 -1
    outer loop
      vertex -30.8787 -35.3037 -6.31499
      vertex -29.9213 -35.3037 -6.31499
      vertex -30.7771 -35.4103 -6.31499
    endloop
  endfacet
  facet normal 0 0 -1
    outer loop
      vertex -29.9213 -35.3037 -6.31499
      vertex -30.8787 -35.3037 -6.31499
      vertex -29.8147 -35.2021 -6.31499
    endloop
  endfacet
  facet normal 0 0 -1
    outer loop
      vertex -30.9853 -35.2021 -6.31499
      vertex -29.8147 -35.2021 -6.31499
      vertex -30.8787 -35.3037 -6.31499
    endloop
  endfacet
  facet normal 0 0 -1
    outer loop
      vertex -29.8147 -35.2021 -6.31499
      vertex -30.9853 -35.2021 -6.31499
      vertex -29.7032 -35.106 -6.31499
    endloop
  endfacet
  facet normal 0 0 -1
    outer loop
      vertex -31.0968 -35.106 -6.31499
      vertex -29.7032 -35.106 -6.31499
      vertex -30.9853 -35.2021 -6.31499
    endloop
  endfacet
  facet normal 0 0 -1
    outer loop
      vertex -29.7032 -35.106 -6.31499
      vertex -31.0968 -35.106 -6.31499
      vertex -29.5871 -35.0154 -6.31499
    endloop
  endfacet
  facet normal 0 0 -1
    outer loop
      vertex -31.2129 -35.0154 -6.31499
      vertex -29.5871 -35.0154 -6.31499
      vertex -31.0968 -35.106 -6.31499
    endloop
  endfacet
  facet normal 0 0 -1
    outer loop
      vertex -29.5871 -35.0154 -6.31499
      vertex -31.2129 -35.0154 -6.31499
      vertex -29.4667 -34.9306 -6.31499
    endloop
  endfacet
  facet normal 0 0 -1
    outer loop
      vertex -31.3333 -34.9306 -6.31499
      vertex -29.4667 -34.9306 -6.31499
      vertex -31.2129 -35.0154 -6.31499
    endloop
  endfacet
  facet normal 0 0 -1
    outer loop
      vertex -29.4667 -34.9306 -6.31499
      vertex -31.3333 -34.9306 -6.31499
      vertex -29.3423 -34.8518 -6.31499
    endloop
  endfacet
  facet normal 0 0 -1
    outer loop
      vertex -31.4577 -34.8518 -6.31499
      vertex -29.3423 -34.8518 -6.31499
      vertex -31.3333 -34.9306 -6.31499
    endloop
  endfacet
  facet normal 0 0 -1
    outer loop
      vertex -29.3423 -34.8518 -6.31499
      vertex -31.4577 -34.8518 -6.31499
      vertex -29.2142 -34.7792 -6.31499
    endloop
  endfacet
  facet normal 0 0 -1
    outer loop
      vertex -31.5858 -34.7792 -6.31499
      vertex -29.2142 -34.7792 -6.31499
      vertex -31.4577 -34.8518 -6.31499
    endloop
  endfacet
  facet normal 0 0 -1
    outer loop
      vertex -29.2142 -34.7792 -6.31499
      vertex -31.5858 -34.7792 -6.31499
      vertex -29.0827 -34.713 -6.31499
    endloop
  endfacet
  facet normal 0 0 -1
    outer loop
      vertex -31.7173 -34.713 -6.31499
      vertex -29.0827 -34.713 -6.31499
      vertex -31.5858 -34.7792 -6.31499
    endloop
  endfacet
  facet normal 0 0 -1
    outer loop
      vertex -29.0827 -34.713 -6.31499
      vertex -31.7173 -34.713 -6.31499
      vertex -28.9481 -34.6534 -6.31499
    endloop
  endfacet
  facet normal 0 0 -1
    outer loop
      vertex -31.852 -34.6534 -6.31499
      vertex -28.9481 -34.6534 -6.31499
      vertex -31.7173 -34.713 -6.31499
    endloop
  endfacet
  facet normal 0 0 -1
    outer loop
      vertex -28.9481 -34.6534 -6.31499
      vertex -31.852 -34.6534 -6.31499
      vertex -28.8107 -34.6004 -6.31499
    endloop
  endfacet
  facet normal 0 0 -1
    outer loop
      vertex -31.9893 -34.6004 -6.31499
      vertex -28.8107 -34.6004 -6.31499
      vertex -31.852 -34.6534 -6.31499
    endloop
  endfacet
  facet normal 0 0 -1
    outer loop
      vertex -28.8107 -34.6004 -6.31499
      vertex -31.9893 -34.6004 -6.31499
      vertex -28.6709 -34.5542 -6.31499
    endloop
  endfacet
  facet normal 0 0 -1
    outer loop
      vertex -32.1291 -34.5542 -6.31499
      vertex -28.6709 -34.5542 -6.31499
      vertex -31.9893 -34.6004 -6.31499
    endloop
  endfacet
  facet normal 0 0 -1
    outer loop
      vertex -28.6709 -34.5542 -6.31499
      vertex -32.1291 -34.5542 -6.31499
      vertex -28.5289 -34.5149 -6.31499
    endloop
  endfacet
  facet normal 0 0 -1
    outer loop
      vertex -32.2711 -34.5149 -6.31499
      vertex -28.5289 -34.5149 -6.31499
      vertex -32.1291 -34.5542 -6.31499
    endloop
  endfacet
  facet normal 0 0 -1
    outer loop
      vertex -28.5289 -34.5149 -6.31499
      vertex -32.2711 -34.5149 -6.31499
      vertex -28.3853 -34.4826 -6.31499
    endloop
  endfacet
  facet normal 0 0 -1
    outer loop
      vertex -32.4147 -34.4826 -6.31499
      vertex -28.3853 -34.4826 -6.31499
      vertex -32.2711 -34.5149 -6.31499
    endloop
  endfacet
  facet normal 0 0 -1
    outer loop
      vertex -28.3853 -34.4826 -6.31499
      vertex -32.4147 -34.4826 -6.31499
      vertex -28.2402 -34.4575 -6.31499
    endloop
  endfacet
  facet normal 0 0 -1
    outer loop
      vertex -32.5598 -34.4575 -6.31499
      vertex -28.2402 -34.4575 -6.31499
      vertex -32.4147 -34.4826 -6.31499
    endloop
  endfacet
  facet normal 0 0 -1
    outer loop
      vertex -28.2402 -34.4575 -6.31499
      vertex -32.5598 -34.4575 -6.31499
      vertex -28.0941 -34.4394 -6.31499
    endloop
  endfacet
  facet normal 0 0 -1
    outer loop
      vertex -32.7059 -34.4394 -6.31499
      vertex -28.0941 -34.4394 -6.31499
      vertex -32.5598 -34.4575 -6.31499
    endloop
  endfacet
  facet normal 0 0 -1
    outer loop
      vertex -28.0941 -34.4394 -6.31499
      vertex -32.7059 -34.4394 -6.31499
      vertex -27.9472 -34.4286 -6.31499
    endloop
  endfacet
  facet normal 0 0 -1
    outer loop
      vertex -32.8528 -34.4286 -6.31499
      vertex -27.9472 -34.4286 -6.31499
      vertex -32.7059 -34.4394 -6.31499
    endloop
  endfacet
  facet normal 0 0 -1
    outer loop
      vertex -27.9472 -34.4286 -6.31499
      vertex -32.8528 -34.4286 -6.31499
      vertex -51.705 -30.75 -6.31499
    endloop
  endfacet
  facet normal 0 0 -1
    outer loop
      vertex -51.705 -30.75 -6.31499
      vertex -32.8528 -34.4286 -6.31499
      vertex -33 -34.425 -6.31499
    endloop
  endfacet
  facet normal 0 0 -1
    outer loop
      vertex -51.705 -30.75 -6.31499
      vertex -33 -34.425 -6.31499
      vertex -33.1472 -34.4286 -6.31499
    endloop
  endfacet
  facet normal 0 0 -1
    outer loop
      vertex -35.6268 -35.8827 -6.31499
      vertex -35.5732 -35.8827 -6.31499
      vertex -35.6 -35.93 -6.31499
    endloop
  endfacet
  facet normal 0 0 -1
    outer loop
      vertex -35.6268 -35.8827 -6.31499
      vertex -35.4944 -35.7583 -6.31499
      vertex -35.5732 -35.8827 -6.31499
    endloop
  endfacet
  facet normal 0 0 -1
    outer loop
      vertex -35.7056 -35.7583 -6.31499
      vertex -35.4944 -35.7583 -6.31499
      vertex -35.6268 -35.8827 -6.31499
    endloop
  endfacet
  facet normal 0 0 -1
    outer loop
      vertex -35.4944 -35.7583 -6.31499
      vertex -35.7056 -35.7583 -6.31499
      vertex -35.4096 -35.6379 -6.31499
    endloop
  endfacet
  facet normal 0 0 -1
    outer loop
      vertex -35.7904 -35.6379 -6.31499
      vertex -35.4096 -35.6379 -6.31499
      vertex -35.7056 -35.7583 -6.31499
    endloop
  endfacet
  facet normal 0 0 -1
    outer loop
      vertex -35.4096 -35.6379 -6.31499
      vertex -35.7904 -35.6379 -6.31499
      vertex -35.319 -35.5218 -6.31499
    endloop
  endfacet
  facet normal 0 0 -1
    outer loop
      vertex -35.881 -35.5218 -6.31499
      vertex -35.319 -35.5218 -6.31499
      vertex -35.7904 -35.6379 -6.31499
    endloop
  endfacet
  facet normal 0 0 -1
    outer loop
      vertex -35.319 -35.5218 -6.31499
      vertex -35.881 -35.5218 -6.31499
      vertex -35.2229 -35.4103 -6.31499
    endloop
  endfacet
  facet normal 0 0 -1
    outer loop
      vertex -35.9771 -35.4103 -6.31499
      vertex -35.2229 -35.4103 -6.31499
      vertex -35.881 -35.5218 -6.31499
    endloop
  endfacet
  facet normal 0 0 -1
    outer loop
      vertex -35.2229 -35.4103 -6.31499
      vertex -35.9771 -35.4103 -6.31499
      vertex -35.1213 -35.3037 -6.31499
    endloop
  endfacet
  facet normal 0 0 -1
    outer loop
      vertex -36.0787 -35.3037 -6.31499
      vertex -35.1213 -35.3037 -6.31499
      vertex -35.9771 -35.4103 -6.31499
    endloop
  endfacet
  facet normal 0 0 -1
    outer loop
      vertex -35.1213 -35.3037 -6.31499
      vertex -36.0787 -35.3037 -6.31499
      vertex -35.0147 -35.2021 -6.31499
    endloop
  endfacet
  facet normal 0 0 -1
    outer loop
      vertex -36.1853 -35.2021 -6.31499
      vertex -35.0147 -35.2021 -6.31499
      vertex -36.0787 -35.3037 -6.31499
    endloop
  endfacet
  facet normal 0 0 -1
    outer loop
      vertex -35.0147 -35.2021 -6.31499
      vertex -36.1853 -35.2021 -6.31499
      vertex -34.9032 -35.106 -6.31499
    endloop
  endfacet
  facet normal 0 0 -1
    outer loop
      vertex -36.2968 -35.106 -6.31499
      vertex -34.9032 -35.106 -6.31499
      vertex -36.1853 -35.2021 -6.31499
    endloop
  endfacet
  facet normal 0 0 -1
    outer loop
      vertex -34.9032 -35.106 -6.31499
      vertex -36.2968 -35.106 -6.31499
      vertex -34.7871 -35.0154 -6.31499
    endloop
  endfacet
  facet normal 0 0 -1
    outer loop
      vertex -36.4129 -35.0154 -6.31499
      vertex -34.7871 -35.0154 -6.31499
      vertex -36.2968 -35.106 -6.31499
    endloop
  endfacet
  facet normal 0 0 -1
    outer loop
      vertex -34.7871 -35.0154 -6.31499
      vertex -36.4129 -35.0154 -6.31499
      vertex -34.6667 -34.9306 -6.31499
    endloop
  endfacet
  facet normal 0 0 -1
    outer loop
      vertex -36.5333 -34.9306 -6.31499
      vertex -34.6667 -34.9306 -6.31499
      vertex -36.4129 -35.0154 -6.31499
    endloop
  endfacet
  facet normal 0 0 -1
    outer loop
      vertex -34.6667 -34.9306 -6.31499
      vertex -36.5333 -34.9306 -6.31499
      vertex -34.5423 -34.8518 -6.31499
    endloop
  endfacet
  facet normal 0 0 -1
    outer loop
      vertex -36.6577 -34.8518 -6.31499
      vertex -34.5423 -34.8518 -6.31499
      vertex -36.5333 -34.9306 -6.31499
    endloop
  endfacet
  facet normal 0 0 -1
    outer loop
      vertex -34.5423 -34.8518 -6.31499
      vertex -36.6577 -34.8518 -6.31499
      vertex -34.4142 -34.7792 -6.31499
    endloop
  endfacet
  facet normal 0 0 -1
    outer loop
      vertex -36.7858 -34.7792 -6.31499
      vertex -34.4142 -34.7792 -6.31499
      vertex -36.6577 -34.8518 -6.31499
    endloop
  endfacet
  facet normal 0 0 -1
    outer loop
      vertex -34.4142 -34.7792 -6.31499
      vertex -36.7858 -34.7792 -6.31499
      vertex -34.2827 -34.713 -6.31499
    endloop
  endfacet
  facet normal 0 0 -1
    outer loop
      vertex -36.9173 -34.713 -6.31499
      vertex -34.2827 -34.713 -6.31499
      vertex -36.7858 -34.7792 -6.31499
    endloop
  endfacet
  facet normal 0 0 -1
    outer loop
      vertex -34.2827 -34.713 -6.31499
      vertex -36.9173 -34.713 -6.31499
      vertex -34.148 -34.6534 -6.31499
    endloop
  endfacet
  facet normal 0 0 -1
    outer loop
      vertex -37.0519 -34.6534 -6.31499
      vertex -34.148 -34.6534 -6.31499
      vertex -36.9173 -34.713 -6.31499
    endloop
  endfacet
  facet normal 0 0 -1
    outer loop
      vertex -34.148 -34.6534 -6.31499
      vertex -37.0519 -34.6534 -6.31499
      vertex -34.0107 -34.6004 -6.31499
    endloop
  endfacet
  facet normal 0 0 -1
    outer loop
      vertex -37.1893 -34.6004 -6.31499
      vertex -34.0107 -34.6004 -6.31499
      vertex -37.0519 -34.6534 -6.31499
    endloop
  endfacet
  facet normal 0 0 -1
    outer loop
      vertex -34.0107 -34.6004 -6.31499
      vertex -37.1893 -34.6004 -6.31499
      vertex -33.8709 -34.5542 -6.31499
    endloop
  endfacet
  facet normal 0 0 -1
    outer loop
      vertex -37.3291 -34.5542 -6.31499
      vertex -33.8709 -34.5542 -6.31499
      vertex -37.1893 -34.6004 -6.31499
    endloop
  endfacet
  facet normal 0 0 -1
    outer loop
      vertex -33.8709 -34.5542 -6.31499
      vertex -37.3291 -34.5542 -6.31499
      vertex -33.7289 -34.5149 -6.31499
    endloop
  endfacet
  facet normal 0 0 -1
    outer loop
      vertex -37.4711 -34.5149 -6.31499
      vertex -33.7289 -34.5149 -6.31499
      vertex -37.3291 -34.5542 -6.31499
    endloop
  endfacet
  facet normal 0 0 -1
    outer loop
      vertex -33.7289 -34.5149 -6.31499
      vertex -37.4711 -34.5149 -6.31499
      vertex -33.5853 -34.4826 -6.31499
    endloop
  endfacet
  facet normal 0 0 -1
    outer loop
      vertex -37.6147 -34.4826 -6.31499
      vertex -33.5853 -34.4826 -6.31499
      vertex -37.4711 -34.5149 -6.31499
    endloop
  endfacet
  facet normal 0 0 -1
    outer loop
      vertex -33.5853 -34.4826 -6.31499
      vertex -37.6147 -34.4826 -6.31499
      vertex -33.4402 -34.4575 -6.31499
    endloop
  endfacet
  facet normal 0 0 -1
    outer loop
      vertex -37.7598 -34.4575 -6.31499
      vertex -33.4402 -34.4575 -6.31499
      vertex -37.6147 -34.4826 -6.31499
    endloop
  endfacet
  facet normal 0 0 -1
    outer loop
      vertex -33.4402 -34.4575 -6.31499
      vertex -37.7598 -34.4575 -6.31499
      vertex -33.2941 -34.4394 -6.31499
    endloop
  endfacet
  facet normal 0 0 -1
    outer loop
      vertex -37.9059 -34.4394 -6.31499
      vertex -33.2941 -34.4394 -6.31499
      vertex -37.7598 -34.4575 -6.31499
    endloop
  endfacet
  facet normal 0 0 -1
    outer loop
      vertex -33.2941 -34.4394 -6.31499
      vertex -37.9059 -34.4394 -6.31499
      vertex -33.1472 -34.4286 -6.31499
    endloop
  endfacet
  facet normal -0 0 -1
    outer loop
      vertex -33.1472 -34.4286 -6.31499
      vertex -37.9059 -34.4394 -6.31499
      vertex -51.705 -30.75 -6.31499
    endloop
  endfacet
  facet normal 0 0 -1
    outer loop
      vertex -51.705 -30.75 -6.31499
      vertex -37.9059 -34.4394 -6.31499
      vertex -38.0528 -34.4286 -6.31499
    endloop
  endfacet
  facet normal 0 0 -1
    outer loop
      vertex -51.705 -30.75 -6.31499
      vertex -38.0528 -34.4286 -6.31499
      vertex -38.2 -34.425 -6.31499
    endloop
  endfacet
  facet normal 0 0 -1
    outer loop
      vertex -51.705 -30.75 -6.31499
      vertex -38.2 -34.425 -6.31499
      vertex -38.3472 -34.4286 -6.31499
    endloop
  endfacet
  facet normal 0 0 -1
    outer loop
      vertex -51.705 -30.75 -6.31499
      vertex -41.2 -37.425 -6.31499
      vertex -51.705 -43.925 -6.31499
    endloop
  endfacet
  facet normal 0 0 -1
    outer loop
      vertex -41.2 -37.425 -6.31499
      vertex -51.705 -30.75 -6.31499
      vertex -41.1964 -37.2778 -6.31499
    endloop
  endfacet
  facet normal 0 0 -1
    outer loop
      vertex -41.1964 -37.2778 -6.31499
      vertex -51.705 -30.75 -6.31499
      vertex -41.1856 -37.1309 -6.31499
    endloop
  endfacet
  facet normal 0 0 -1
    outer loop
      vertex -41.1856 -37.1309 -6.31499
      vertex -51.705 -30.75 -6.31499
      vertex -41.1675 -36.9848 -6.31499
    endloop
  endfacet
  facet normal 0 0 -1
    outer loop
      vertex -41.1675 -36.9848 -6.31499
      vertex -51.705 -30.75 -6.31499
      vertex -41.1424 -36.8397 -6.31499
    endloop
  endfacet
  facet normal 0 0 -1
    outer loop
      vertex -41.1424 -36.8397 -6.31499
      vertex -51.705 -30.75 -6.31499
      vertex -41.1101 -36.6961 -6.31499
    endloop
  endfacet
  facet normal 0 0 -1
    outer loop
      vertex -41.1101 -36.6961 -6.31499
      vertex -51.705 -30.75 -6.31499
      vertex -41.0708 -36.5541 -6.31499
    endloop
  endfacet
  facet normal 0 0 -1
    outer loop
      vertex -41.0708 -36.5541 -6.31499
      vertex -51.705 -30.75 -6.31499
      vertex -41.0246 -36.4143 -6.31499
    endloop
  endfacet
  facet normal 0 0 -1
    outer loop
      vertex -41.0246 -36.4143 -6.31499
      vertex -51.705 -30.75 -6.31499
      vertex -40.9716 -36.277 -6.31499
    endloop
  endfacet
  facet normal 0 0 -1
    outer loop
      vertex -40.9716 -36.277 -6.31499
      vertex -51.705 -30.75 -6.31499
      vertex -40.912 -36.1423 -6.31499
    endloop
  endfacet
  facet normal 0 0 -1
    outer loop
      vertex -40.912 -36.1423 -6.31499
      vertex -51.705 -30.75 -6.31499
      vertex -40.8458 -36.0108 -6.31499
    endloop
  endfacet
  facet normal 0 0 -1
    outer loop
      vertex -40.8458 -36.0108 -6.31499
      vertex -51.705 -30.75 -6.31499
      vertex -40.7732 -35.8827 -6.31499
    endloop
  endfacet
  facet normal 0 0 -1
    outer loop
      vertex -40.7732 -35.8827 -6.31499
      vertex -51.705 -30.75 -6.31499
      vertex -40.6944 -35.7583 -6.31499
    endloop
  endfacet
  facet normal 0 0 -1
    outer loop
      vertex -40.6944 -35.7583 -6.31499
      vertex -51.705 -30.75 -6.31499
      vertex -40.6096 -35.6379 -6.31499
    endloop
  endfacet
  facet normal 0 0 -1
    outer loop
      vertex -40.6096 -35.6379 -6.31499
      vertex -51.705 -30.75 -6.31499
      vertex -40.519 -35.5218 -6.31499
    endloop
  endfacet
  facet normal 0 0 -1
    outer loop
      vertex -40.519 -35.5218 -6.31499
      vertex -51.705 -30.75 -6.31499
      vertex -40.4229 -35.4103 -6.31499
    endloop
  endfacet
  facet normal 0 0 -1
    outer loop
      vertex -40.4229 -35.4103 -6.31499
      vertex -51.705 -30.75 -6.31499
      vertex -40.3213 -35.3037 -6.31499
    endloop
  endfacet
  facet normal 0 0 -1
    outer loop
      vertex -40.3213 -35.3037 -6.31499
      vertex -51.705 -30.75 -6.31499
      vertex -40.2147 -35.2021 -6.31499
    endloop
  endfacet
  facet normal 0 0 -1
    outer loop
      vertex -40.2147 -35.2021 -6.31499
      vertex -51.705 -30.75 -6.31499
      vertex -40.1032 -35.106 -6.31499
    endloop
  endfacet
  facet normal 0 0 -1
    outer loop
      vertex -1.8 -34.425 -6.31499
      vertex -51.705 -30.75 -6.31499
      vertex 51.705 -30.75 -6.31499
    endloop
  endfacet
  facet normal 0 0 -1
    outer loop
      vertex -38.494 -34.4394 -6.31499
      vertex -51.705 -30.75 -6.31499
      vertex -38.3472 -34.4286 -6.31499
    endloop
  endfacet
  facet normal 0 0 -1
    outer loop
      vertex -38.6402 -34.4575 -6.31499
      vertex -51.705 -30.75 -6.31499
      vertex -38.494 -34.4394 -6.31499
    endloop
  endfacet
  facet normal 0 0 -1
    outer loop
      vertex -38.7853 -34.4826 -6.31499
      vertex -51.705 -30.75 -6.31499
      vertex -38.6402 -34.4575 -6.31499
    endloop
  endfacet
  facet normal 0 0 -1
    outer loop
      vertex -38.9289 -34.5149 -6.31499
      vertex -51.705 -30.75 -6.31499
      vertex -38.7853 -34.4826 -6.31499
    endloop
  endfacet
  facet normal 0 0 -1
    outer loop
      vertex -39.0709 -34.5542 -6.31499
      vertex -51.705 -30.75 -6.31499
      vertex -38.9289 -34.5149 -6.31499
    endloop
  endfacet
  facet normal 0 0 -1
    outer loop
      vertex -39.2107 -34.6004 -6.31499
      vertex -51.705 -30.75 -6.31499
      vertex -39.0709 -34.5542 -6.31499
    endloop
  endfacet
  facet normal 0 0 -1
    outer loop
      vertex -39.348 -34.6534 -6.31499
      vertex -51.705 -30.75 -6.31499
      vertex -39.2107 -34.6004 -6.31499
    endloop
  endfacet
  facet normal 0 0 -1
    outer loop
      vertex -39.4827 -34.713 -6.31499
      vertex -51.705 -30.75 -6.31499
      vertex -39.348 -34.6534 -6.31499
    endloop
  endfacet
  facet normal 0 0 -1
    outer loop
      vertex -39.6142 -34.7792 -6.31499
      vertex -51.705 -30.75 -6.31499
      vertex -39.4827 -34.713 -6.31499
    endloop
  endfacet
  facet normal 0 0 -1
    outer loop
      vertex -39.7423 -34.8518 -6.31499
      vertex -51.705 -30.75 -6.31499
      vertex -39.6142 -34.7792 -6.31499
    endloop
  endfacet
  facet normal 0 0 -1
    outer loop
      vertex -39.8667 -34.9306 -6.31499
      vertex -51.705 -30.75 -6.31499
      vertex -39.7423 -34.8518 -6.31499
    endloop
  endfacet
  facet normal 0 0 -1
    outer loop
      vertex -39.9871 -35.0154 -6.31499
      vertex -51.705 -30.75 -6.31499
      vertex -39.8667 -34.9306 -6.31499
    endloop
  endfacet
  facet normal 0 0 -1
    outer loop
      vertex -40.1032 -35.106 -6.31499
      vertex -51.705 -30.75 -6.31499
      vertex -39.9871 -35.0154 -6.31499
    endloop
  endfacet
  facet normal 0 1 -0
    outer loop
      vertex -22.6 -43.925 -21.25
      vertex -25.2 -43.925 -13.75
      vertex -22.6 -43.925 -13.75
    endloop
  endfacet
  facet normal 0 1 0
    outer loop
      vertex -25.2 -43.925 -13.75
      vertex -22.6 -43.925 -21.25
      vertex -25.2 -43.925 -21.25
    endloop
  endfacet
  facet normal 0 1 -0
    outer loop
      vertex -4.4 -43.925 -21.25
      vertex -7 -43.925 -13.75
      vertex -4.4 -43.925 -13.75
    endloop
  endfacet
  facet normal 0 1 0
    outer loop
      vertex -7 -43.925 -13.75
      vertex -4.4 -43.925 -21.25
      vertex -7 -43.925 -21.25
    endloop
  endfacet
  facet normal 0 1 0
    outer loop
      vertex -4.4 -43.925 -13.75
      vertex 51.705 -43.925 -6.31499
      vertex 11.2 -43.925 -13.75
    endloop
  endfacet
  facet normal 0 1 -0
    outer loop
      vertex 51.705 -43.925 -25.3
      vertex 11.2 -43.925 -13.75
      vertex 51.705 -43.925 -6.31499
    endloop
  endfacet
  facet normal 0 1 0
    outer loop
      vertex 51.705 -43.925 -25.3
      vertex -4.4 -43.925 -21.25
      vertex 11.2 -43.925 -21.25
    endloop
  endfacet
  facet normal 0 1 0
    outer loop
      vertex -4.4 -43.925 -21.25
      vertex -51.705 -43.925 -25.3
      vertex -7 -43.925 -21.25
    endloop
  endfacet
  facet normal 0 1 0
    outer loop
      vertex -7 -43.925 -21.25
      vertex -51.705 -43.925 -25.3
      vertex -22.6 -43.925 -21.25
    endloop
  endfacet
  facet normal 0 1 0
    outer loop
      vertex -22.6 -43.925 -21.25
      vertex -51.705 -43.925 -25.3
      vertex -25.2 -43.925 -21.25
    endloop
  endfacet
  facet normal 0 1 0
    outer loop
      vertex -4.4 -43.925 -21.25
      vertex 51.705 -43.925 -25.3
      vertex -51.705 -43.925 -25.3
    endloop
  endfacet
  facet normal 0 1 0
    outer loop
      vertex 11.2 -43.925 -13.75
      vertex 51.705 -43.925 -25.3
      vertex 11.2 -43.925 -21.25
    endloop
  endfacet
  facet normal 0 1 0
    outer loop
      vertex 51.705 -43.925 -6.31499
      vertex -4.4 -43.925 -13.75
      vertex -51.705 -43.925 -6.31499
    endloop
  endfacet
  facet normal 0 1 -0
    outer loop
      vertex -7 -43.925 -13.75
      vertex -51.705 -43.925 -6.31499
      vertex -4.4 -43.925 -13.75
    endloop
  endfacet
  facet normal 0 1 -0
    outer loop
      vertex -22.6 -43.925 -13.75
      vertex -51.705 -43.925 -6.31499
      vertex -7 -43.925 -13.75
    endloop
  endfacet
  facet normal 0 1 -0
    outer loop
      vertex -25.2 -43.925 -13.75
      vertex -51.705 -43.925 -6.31499
      vertex -22.6 -43.925 -13.75
    endloop
  endfacet
  facet normal 0 1 -0
    outer loop
      vertex -40.8 -43.925 -13.75
      vertex -51.705 -43.925 -6.31499
      vertex -25.2 -43.925 -13.75
    endloop
  endfacet
  facet normal 0 1 0
    outer loop
      vertex -51.705 -43.925 -25.3
      vertex -40.8 -43.925 -13.75
      vertex -40.8 -43.925 -21.25
    endloop
  endfacet
  facet normal 0 1 0
    outer loop
      vertex -40.8 -43.925 -13.75
      vertex -51.705 -43.925 -25.3
      vertex -51.705 -43.925 -6.31499
    endloop
  endfacet
  facet normal 0 1 0
    outer loop
      vertex -25.2 -43.925 -21.25
      vertex -51.705 -43.925 -25.3
      vertex -40.8 -43.925 -21.25
    endloop
  endfacet
  facet normal 0 -1 0
    outer loop
      vertex 51.705 43.925 -6.31499
      vertex 19.843 43.925 -9.00385
      vertex 20 43.925 -9
    endloop
  endfacet
  facet normal 0 -1 0
    outer loop
      vertex -29.905 43.925 -8.75
      vertex 19.6863 43.925 -9.01541
      vertex 19.843 43.925 -9.00385
    endloop
  endfacet
  facet normal 0 -1 0
    outer loop
      vertex -29.905 43.925 -8.75
      vertex 19.5305 43.925 -9.03463
      vertex 19.6863 43.925 -9.01541
    endloop
  endfacet
  facet normal 0 -1 0
    outer loop
      vertex -29.905 43.925 -8.75
      vertex 19.3757 43.925 -9.06149
      vertex 19.5305 43.925 -9.03463
    endloop
  endfacet
  facet normal 0 -1 0
    outer loop
      vertex -29.905 43.925 -8.75
      vertex 19.2225 43.925 -9.0959
      vertex 19.3757 43.925 -9.06149
    endloop
  endfacet
  facet normal 0 -1 0
    outer loop
      vertex -29.905 43.925 -8.75
      vertex 19.0711 43.925 -9.13779
      vertex 19.2225 43.925 -9.0959
    endloop
  endfacet
  facet normal 0 -1 0
    outer loop
      vertex -29.905 43.925 -8.75
      vertex 18.922 43.925 -9.18706
      vertex 19.0711 43.925 -9.13779
    endloop
  endfacet
  facet normal 0 -1 0
    outer loop
      vertex -29.905 43.925 -8.75
      vertex 18.7754 43.925 -9.24358
      vertex 18.922 43.925 -9.18706
    endloop
  endfacet
  facet normal 0 -1 0
    outer loop
      vertex -29.905 43.925 -8.75
      vertex 18.6318 43.925 -9.30723
      vertex 18.7754 43.925 -9.24358
    endloop
  endfacet
  facet normal 0 -1 0
    outer loop
      vertex -29.905 43.925 -8.75
      vertex 18.4915 43.925 -9.37785
      vertex 18.6318 43.925 -9.30723
    endloop
  endfacet
  facet normal 0 -1 0
    outer loop
      vertex -29.905 43.925 -8.75
      vertex 18.3549 43.925 -9.45527
      vertex 18.4915 43.925 -9.37785
    endloop
  endfacet
  facet normal 0 -1 0
    outer loop
      vertex -29.905 43.925 -8.75
      vertex 18.2222 43.925 -9.5393
      vertex 18.3549 43.925 -9.45527
    endloop
  endfacet
  facet normal 0 -1 0
    outer loop
      vertex -29.905 43.925 -8.75
      vertex 18.0938 43.925 -9.62973
      vertex 18.2222 43.925 -9.5393
    endloop
  endfacet
  facet normal 0 -1 0
    outer loop
      vertex -29.905 43.925 -8.75
      vertex 17.9699 43.925 -9.72637
      vertex 18.0938 43.925 -9.62973
    endloop
  endfacet
  facet normal 0 -1 0
    outer loop
      vertex -29.905 43.925 -8.75
      vertex 17.851 43.925 -9.82896
      vertex 17.9699 43.925 -9.72637
    endloop
  endfacet
  facet normal 0 -1 0
    outer loop
      vertex -29.905 43.925 -8.75
      vertex 17.7373 43.925 -9.93726
      vertex 17.851 43.925 -9.82896
    endloop
  endfacet
  facet normal 0 -1 0
    outer loop
      vertex -29.905 43.925 -8.75
      vertex 17.629 43.925 -10.051
      vertex 17.7373 43.925 -9.93726
    endloop
  endfacet
  facet normal 0 -1 0
    outer loop
      vertex -29.905 43.925 -8.75
      vertex 17.5264 43.925 -10.1699
      vertex 17.629 43.925 -10.051
    endloop
  endfacet
  facet normal 0 -1 0
    outer loop
      vertex -29.905 43.925 -8.75
      vertex 17.4297 43.925 -10.2938
      vertex 17.5264 43.925 -10.1699
    endloop
  endfacet
  facet normal 0 -1 0
    outer loop
      vertex -29.905 43.925 -8.75
      vertex 17.3393 43.925 -10.4222
      vertex 17.4297 43.925 -10.2938
    endloop
  endfacet
  facet normal 0 -1 0
    outer loop
      vertex -29.905 43.925 -8.75
      vertex 17.2553 43.925 -10.5549
      vertex 17.3393 43.925 -10.4222
    endloop
  endfacet
  facet normal 0 -1 0
    outer loop
      vertex -29.905 43.925 -8.75
      vertex 17.1779 43.925 -10.6915
      vertex 17.2553 43.925 -10.5549
    endloop
  endfacet
  facet normal 0 -1 0
    outer loop
      vertex -29.905 43.925 -8.75
      vertex 17.1072 43.925 -10.8318
      vertex 17.1779 43.925 -10.6915
    endloop
  endfacet
  facet normal 0 -1 0
    outer loop
      vertex -29.905 43.925 -8.75
      vertex 17.0436 43.925 -10.9754
      vertex 17.1072 43.925 -10.8318
    endloop
  endfacet
  facet normal 0 -1 0
    outer loop
      vertex -29.905 43.925 -8.75
      vertex 16.9871 43.925 -11.122
      vertex 17.0436 43.925 -10.9754
    endloop
  endfacet
  facet normal 0 -1 0
    outer loop
      vertex -29.905 43.925 -8.75
      vertex 16.9378 43.925 -11.2711
      vertex 16.9871 43.925 -11.122
    endloop
  endfacet
  facet normal 0 -1 0
    outer loop
      vertex -29.905 43.925 -8.75
      vertex 16.8959 43.925 -11.4225
      vertex 16.9378 43.925 -11.2711
    endloop
  endfacet
  facet normal 0 -1 0
    outer loop
      vertex -29.905 43.925 -8.75
      vertex 16.8615 43.925 -11.5757
      vertex 16.8959 43.925 -11.4225
    endloop
  endfacet
  facet normal 0 -1 0
    outer loop
      vertex -29.905 43.925 -8.75
      vertex 16.8346 43.925 -11.7305
      vertex 16.8615 43.925 -11.5757
    endloop
  endfacet
  facet normal 0 -1 0
    outer loop
      vertex -29.905 43.925 -8.75
      vertex 16.8154 43.925 -11.8863
      vertex 16.8346 43.925 -11.7305
    endloop
  endfacet
  facet normal 0 -1 0
    outer loop
      vertex -29.905 43.925 -8.75
      vertex 16.8039 43.925 -12.043
      vertex 16.8154 43.925 -11.8863
    endloop
  endfacet
  facet normal 0 -1 0
    outer loop
      vertex -29.905 43.925 -8.75
      vertex 16.8 43.925 -12.2
      vertex 16.8039 43.925 -12.043
    endloop
  endfacet
  facet normal 0 -1 0
    outer loop
      vertex -29.905 43.925 -16.25
      vertex 16.8 43.925 -12.2
      vertex -29.905 43.925 -8.75
    endloop
  endfacet
  facet normal 0 -1 -0
    outer loop
      vertex 16.8 43.925 -12.2
      vertex -29.905 43.925 -16.25
      vertex 16.8039 43.925 -12.357
    endloop
  endfacet
  facet normal 0 -1 -0
    outer loop
      vertex 16.8039 43.925 -12.357
      vertex -29.905 43.925 -16.25
      vertex 16.8154 43.925 -12.5137
    endloop
  endfacet
  facet normal 0 -1 -0
    outer loop
      vertex 16.8154 43.925 -12.5137
      vertex -29.905 43.925 -16.25
      vertex 16.8346 43.925 -12.6695
    endloop
  endfacet
  facet normal 0 -1 -0
    outer loop
      vertex 16.8346 43.925 -12.6695
      vertex -29.905 43.925 -16.25
      vertex 16.8615 43.925 -12.8243
    endloop
  endfacet
  facet normal 0 -1 -0
    outer loop
      vertex 16.8615 43.925 -12.8243
      vertex -29.905 43.925 -16.25
      vertex 16.8959 43.925 -12.9775
    endloop
  endfacet
  facet normal 0 -1 -0
    outer loop
      vertex 16.8959 43.925 -12.9775
      vertex -29.905 43.925 -16.25
      vertex 16.9378 43.925 -13.1289
    endloop
  endfacet
  facet normal 0 -1 -0
    outer loop
      vertex 16.9378 43.925 -13.1289
      vertex -29.905 43.925 -16.25
      vertex 16.9871 43.925 -13.278
    endloop
  endfacet
  facet normal 0 -1 -0
    outer loop
      vertex 16.9871 43.925 -13.278
      vertex -29.905 43.925 -16.25
      vertex 17.0436 43.925 -13.4246
    endloop
  endfacet
  facet normal 0 -1 -0
    outer loop
      vertex 17.0436 43.925 -13.4246
      vertex -29.905 43.925 -16.25
      vertex 17.1072 43.925 -13.5682
    endloop
  endfacet
  facet normal 0 -1 -0
    outer loop
      vertex 17.1072 43.925 -13.5682
      vertex -29.905 43.925 -16.25
      vertex 17.1779 43.925 -13.7085
    endloop
  endfacet
  facet normal 0 -1 -0
    outer loop
      vertex 17.1779 43.925 -13.7085
      vertex -29.905 43.925 -16.25
      vertex 17.2553 43.925 -13.8451
    endloop
  endfacet
  facet normal 0 -1 -0
    outer loop
      vertex 17.2553 43.925 -13.8451
      vertex -29.905 43.925 -16.25
      vertex 17.3393 43.925 -13.9778
    endloop
  endfacet
  facet normal 0 -1 -0
    outer loop
      vertex 17.3393 43.925 -13.9778
      vertex -29.905 43.925 -16.25
      vertex 17.4297 43.925 -14.1062
    endloop
  endfacet
  facet normal 0 -1 -0
    outer loop
      vertex 17.4297 43.925 -14.1062
      vertex -29.905 43.925 -16.25
      vertex 17.5264 43.925 -14.2301
    endloop
  endfacet
  facet normal 0 -1 -0
    outer loop
      vertex 17.5264 43.925 -14.2301
      vertex -29.905 43.925 -16.25
      vertex 17.629 43.925 -14.349
    endloop
  endfacet
  facet normal 0 -1 -0
    outer loop
      vertex 17.629 43.925 -14.349
      vertex -29.905 43.925 -16.25
      vertex 17.7373 43.925 -14.4627
    endloop
  endfacet
  facet normal 0 -1 -0
    outer loop
      vertex 17.7373 43.925 -14.4627
      vertex -29.905 43.925 -16.25
      vertex 17.851 43.925 -14.571
    endloop
  endfacet
  facet normal 0 -1 -0
    outer loop
      vertex 17.851 43.925 -14.571
      vertex -29.905 43.925 -16.25
      vertex 17.9699 43.925 -14.6736
    endloop
  endfacet
  facet normal 0 -1 -0
    outer loop
      vertex 17.9699 43.925 -14.6736
      vertex -29.905 43.925 -16.25
      vertex 18.0938 43.925 -14.7703
    endloop
  endfacet
  facet normal 0 -1 -0
    outer loop
      vertex 18.0938 43.925 -14.7703
      vertex -29.905 43.925 -16.25
      vertex 18.2222 43.925 -14.8607
    endloop
  endfacet
  facet normal 0 -1 -0
    outer loop
      vertex 18.2222 43.925 -14.8607
      vertex -29.905 43.925 -16.25
      vertex 18.3549 43.925 -14.9447
    endloop
  endfacet
  facet normal 0 -1 -0
    outer loop
      vertex 18.3549 43.925 -14.9447
      vertex -29.905 43.925 -16.25
      vertex 18.4915 43.925 -15.0221
    endloop
  endfacet
  facet normal 0 -1 -0
    outer loop
      vertex 18.4915 43.925 -15.0221
      vertex -29.905 43.925 -16.25
      vertex 18.6318 43.925 -15.0928
    endloop
  endfacet
  facet normal 0 -1 -0
    outer loop
      vertex 18.6318 43.925 -15.0928
      vertex -29.905 43.925 -16.25
      vertex 18.7754 43.925 -15.1564
    endloop
  endfacet
  facet normal 0 -1 -0
    outer loop
      vertex 18.7754 43.925 -15.1564
      vertex -29.905 43.925 -16.25
      vertex 18.922 43.925 -15.2129
    endloop
  endfacet
  facet normal 0 -1 -0
    outer loop
      vertex 18.922 43.925 -15.2129
      vertex -29.905 43.925 -16.25
      vertex 19.0711 43.925 -15.2622
    endloop
  endfacet
  facet normal 0 -1 -0
    outer loop
      vertex 19.0711 43.925 -15.2622
      vertex -29.905 43.925 -16.25
      vertex 19.2225 43.925 -15.3041
    endloop
  endfacet
  facet normal 0 -1 0
    outer loop
      vertex -51.705 43.925 -25.3
      vertex 19.2225 43.925 -15.3041
      vertex -29.905 43.925 -16.25
    endloop
  endfacet
  facet normal 0 -1 0
    outer loop
      vertex 19.5305 43.925 -15.3654
      vertex 51.705 43.925 -25.3
      vertex 19.6863 43.925 -15.3846
    endloop
  endfacet
  facet normal 0 -1 0
    outer loop
      vertex 51.705 43.925 -25.3
      vertex 19.5305 43.925 -15.3654
      vertex -51.705 43.925 -25.3
    endloop
  endfacet
  facet normal 0 -1 -0
    outer loop
      vertex 19.3757 43.925 -15.3385
      vertex -51.705 43.925 -25.3
      vertex 19.5305 43.925 -15.3654
    endloop
  endfacet
  facet normal 0 -1 -0
    outer loop
      vertex 19.2225 43.925 -15.3041
      vertex -51.705 43.925 -25.3
      vertex 19.3757 43.925 -15.3385
    endloop
  endfacet
  facet normal 0 -1 0
    outer loop
      vertex -29.905 43.925 -8.75
      vertex -51.705 43.925 -6.31499
      vertex -40.305 43.925 -8.75
    endloop
  endfacet
  facet normal 0 -1 0
    outer loop
      vertex -51.705 43.925 -6.31499
      vertex -40.305 43.925 -16.25
      vertex -40.305 43.925 -8.75
    endloop
  endfacet
  facet normal 0 -1 -0
    outer loop
      vertex -40.305 43.925 -16.25
      vertex -51.705 43.925 -25.3
      vertex -29.905 43.925 -16.25
    endloop
  endfacet
  facet normal 0 -1 0
    outer loop
      vertex -51.705 43.925 -25.3
      vertex -40.305 43.925 -16.25
      vertex -51.705 43.925 -6.31499
    endloop
  endfacet
  facet normal 0 -1 0
    outer loop
      vertex 19.843 43.925 -9.00385
      vertex -51.705 43.925 -6.31499
      vertex -29.905 43.925 -8.75
    endloop
  endfacet
  facet normal 0 -1 0
    outer loop
      vertex 19.843 43.925 -9.00385
      vertex 51.705 43.925 -6.31499
      vertex -51.705 43.925 -6.31499
    endloop
  endfacet
  facet normal 0 -1 0
    outer loop
      vertex 20.157 43.925 -9.00385
      vertex 51.705 43.925 -6.31499
      vertex 20 43.925 -9
    endloop
  endfacet
  facet normal 0 -1 0
    outer loop
      vertex 20.3137 43.925 -9.01541
      vertex 51.705 43.925 -6.31499
      vertex 20.157 43.925 -9.00385
    endloop
  endfacet
  facet normal 0 -1 0
    outer loop
      vertex 20.4695 43.925 -9.03463
      vertex 51.705 43.925 -6.31499
      vertex 20.3137 43.925 -9.01541
    endloop
  endfacet
  facet normal 0 -1 0
    outer loop
      vertex 20.6243 43.925 -9.06149
      vertex 51.705 43.925 -6.31499
      vertex 20.4695 43.925 -9.03463
    endloop
  endfacet
  facet normal 0 -1 0
    outer loop
      vertex 20.7775 43.925 -9.0959
      vertex 51.705 43.925 -6.31499
      vertex 20.6243 43.925 -9.06149
    endloop
  endfacet
  facet normal 0 -1 0
    outer loop
      vertex 20.9289 43.925 -9.13779
      vertex 51.705 43.925 -6.31499
      vertex 20.7775 43.925 -9.0959
    endloop
  endfacet
  facet normal 0 -1 0
    outer loop
      vertex 21.078 43.925 -9.18706
      vertex 51.705 43.925 -6.31499
      vertex 20.9289 43.925 -9.13779
    endloop
  endfacet
  facet normal 0 -1 0
    outer loop
      vertex 21.2246 43.925 -9.24358
      vertex 51.705 43.925 -6.31499
      vertex 21.078 43.925 -9.18706
    endloop
  endfacet
  facet normal 0 -1 0
    outer loop
      vertex 21.3682 43.925 -9.30723
      vertex 51.705 43.925 -6.31499
      vertex 21.2246 43.925 -9.24358
    endloop
  endfacet
  facet normal 0 -1 0
    outer loop
      vertex 21.5085 43.925 -9.37785
      vertex 51.705 43.925 -6.31499
      vertex 21.3682 43.925 -9.30723
    endloop
  endfacet
  facet normal 0 -1 0
    outer loop
      vertex 21.6451 43.925 -9.45527
      vertex 51.705 43.925 -6.31499
      vertex 21.5085 43.925 -9.37785
    endloop
  endfacet
  facet normal 0 -1 0
    outer loop
      vertex 21.7778 43.925 -9.5393
      vertex 51.705 43.925 -6.31499
      vertex 21.6451 43.925 -9.45527
    endloop
  endfacet
  facet normal 0 -1 0
    outer loop
      vertex 21.9062 43.925 -9.62973
      vertex 51.705 43.925 -6.31499
      vertex 21.7778 43.925 -9.5393
    endloop
  endfacet
  facet normal 0 -1 0
    outer loop
      vertex 22.0301 43.925 -9.72637
      vertex 51.705 43.925 -6.31499
      vertex 21.9062 43.925 -9.62973
    endloop
  endfacet
  facet normal 0 -1 0
    outer loop
      vertex 22.149 43.925 -9.82896
      vertex 51.705 43.925 -6.31499
      vertex 22.0301 43.925 -9.72637
    endloop
  endfacet
  facet normal 0 -1 0
    outer loop
      vertex 22.2627 43.925 -9.93726
      vertex 51.705 43.925 -6.31499
      vertex 22.149 43.925 -9.82896
    endloop
  endfacet
  facet normal 0 -1 0
    outer loop
      vertex 22.371 43.925 -10.051
      vertex 51.705 43.925 -6.31499
      vertex 22.2627 43.925 -9.93726
    endloop
  endfacet
  facet normal 0 -1 0
    outer loop
      vertex 22.4736 43.925 -10.1699
      vertex 51.705 43.925 -6.31499
      vertex 22.371 43.925 -10.051
    endloop
  endfacet
  facet normal 0 -1 0
    outer loop
      vertex 22.5703 43.925 -10.2938
      vertex 51.705 43.925 -6.31499
      vertex 22.4736 43.925 -10.1699
    endloop
  endfacet
  facet normal 0 -1 0
    outer loop
      vertex 22.6607 43.925 -10.4222
      vertex 51.705 43.925 -6.31499
      vertex 22.5703 43.925 -10.2938
    endloop
  endfacet
  facet normal 0 -1 0
    outer loop
      vertex 22.7447 43.925 -10.5549
      vertex 51.705 43.925 -6.31499
      vertex 22.6607 43.925 -10.4222
    endloop
  endfacet
  facet normal 0 -1 0
    outer loop
      vertex 22.8221 43.925 -10.6915
      vertex 51.705 43.925 -6.31499
      vertex 22.7447 43.925 -10.5549
    endloop
  endfacet
  facet normal 0 -1 0
    outer loop
      vertex 22.8928 43.925 -10.8318
      vertex 51.705 43.925 -6.31499
      vertex 22.8221 43.925 -10.6915
    endloop
  endfacet
  facet normal 0 -1 0
    outer loop
      vertex 22.9564 43.925 -10.9754
      vertex 51.705 43.925 -6.31499
      vertex 22.8928 43.925 -10.8318
    endloop
  endfacet
  facet normal 0 -1 0
    outer loop
      vertex 23.0129 43.925 -11.122
      vertex 51.705 43.925 -6.31499
      vertex 22.9564 43.925 -10.9754
    endloop
  endfacet
  facet normal 0 -1 0
    outer loop
      vertex 23.0622 43.925 -11.2711
      vertex 51.705 43.925 -6.31499
      vertex 23.0129 43.925 -11.122
    endloop
  endfacet
  facet normal 0 -1 0
    outer loop
      vertex 23.1041 43.925 -11.4225
      vertex 51.705 43.925 -6.31499
      vertex 23.0622 43.925 -11.2711
    endloop
  endfacet
  facet normal 0 -1 0
    outer loop
      vertex 23.1385 43.925 -11.5757
      vertex 51.705 43.925 -6.31499
      vertex 23.1041 43.925 -11.4225
    endloop
  endfacet
  facet normal 0 -1 0
    outer loop
      vertex 23.1654 43.925 -11.7305
      vertex 51.705 43.925 -6.31499
      vertex 23.1385 43.925 -11.5757
    endloop
  endfacet
  facet normal 0 -1 0
    outer loop
      vertex 23.1846 43.925 -11.8863
      vertex 51.705 43.925 -6.31499
      vertex 23.1654 43.925 -11.7305
    endloop
  endfacet
  facet normal 0 -1 0
    outer loop
      vertex 23.1961 43.925 -12.043
      vertex 51.705 43.925 -6.31499
      vertex 23.1846 43.925 -11.8863
    endloop
  endfacet
  facet normal 0 -1 0
    outer loop
      vertex 23.2 43.925 -12.2
      vertex 51.705 43.925 -6.31499
      vertex 23.1961 43.925 -12.043
    endloop
  endfacet
  facet normal 0 -1 0
    outer loop
      vertex 23.1961 43.925 -12.357
      vertex 51.705 43.925 -6.31499
      vertex 23.2 43.925 -12.2
    endloop
  endfacet
  facet normal 0 -1 0
    outer loop
      vertex 23.1846 43.925 -12.5137
      vertex 51.705 43.925 -6.31499
      vertex 23.1961 43.925 -12.357
    endloop
  endfacet
  facet normal 0 -1 0
    outer loop
      vertex 23.1654 43.925 -12.6695
      vertex 51.705 43.925 -6.31499
      vertex 23.1846 43.925 -12.5137
    endloop
  endfacet
  facet normal 0 -1 0
    outer loop
      vertex 23.1385 43.925 -12.8243
      vertex 51.705 43.925 -6.31499
      vertex 23.1654 43.925 -12.6695
    endloop
  endfacet
  facet normal 0 -1 0
    outer loop
      vertex 51.705 43.925 -25.3
      vertex 23.1385 43.925 -12.8243
      vertex 23.1041 43.925 -12.9775
    endloop
  endfacet
  facet normal 0 -1 0
    outer loop
      vertex 51.705 43.925 -25.3
      vertex 23.1041 43.925 -12.9775
      vertex 23.0622 43.925 -13.1289
    endloop
  endfacet
  facet normal 0 -1 0
    outer loop
      vertex 51.705 43.925 -25.3
      vertex 23.0622 43.925 -13.1289
      vertex 23.0129 43.925 -13.278
    endloop
  endfacet
  facet normal 0 -1 0
    outer loop
      vertex 51.705 43.925 -25.3
      vertex 23.0129 43.925 -13.278
      vertex 22.9564 43.925 -13.4246
    endloop
  endfacet
  facet normal 0 -1 0
    outer loop
      vertex 51.705 43.925 -25.3
      vertex 22.9564 43.925 -13.4246
      vertex 22.8928 43.925 -13.5682
    endloop
  endfacet
  facet normal 0 -1 0
    outer loop
      vertex 51.705 43.925 -25.3
      vertex 22.8928 43.925 -13.5682
      vertex 22.8221 43.925 -13.7085
    endloop
  endfacet
  facet normal 0 -1 0
    outer loop
      vertex 51.705 43.925 -25.3
      vertex 22.8221 43.925 -13.7085
      vertex 22.7447 43.925 -13.8451
    endloop
  endfacet
  facet normal 0 -1 0
    outer loop
      vertex 51.705 43.925 -25.3
      vertex 22.7447 43.925 -13.8451
      vertex 22.6607 43.925 -13.9778
    endloop
  endfacet
  facet normal 0 -1 0
    outer loop
      vertex 51.705 43.925 -25.3
      vertex 22.6607 43.925 -13.9778
      vertex 22.5703 43.925 -14.1062
    endloop
  endfacet
  facet normal 0 -1 0
    outer loop
      vertex 51.705 43.925 -25.3
      vertex 22.5703 43.925 -14.1062
      vertex 22.4736 43.925 -14.2301
    endloop
  endfacet
  facet normal 0 -1 0
    outer loop
      vertex 51.705 43.925 -25.3
      vertex 22.4736 43.925 -14.2301
      vertex 22.371 43.925 -14.349
    endloop
  endfacet
  facet normal 0 -1 0
    outer loop
      vertex 51.705 43.925 -25.3
      vertex 22.371 43.925 -14.349
      vertex 22.2627 43.925 -14.4627
    endloop
  endfacet
  facet normal 0 -1 0
    outer loop
      vertex 51.705 43.925 -25.3
      vertex 22.2627 43.925 -14.4627
      vertex 22.149 43.925 -14.571
    endloop
  endfacet
  facet normal 0 -1 0
    outer loop
      vertex 51.705 43.925 -25.3
      vertex 22.149 43.925 -14.571
      vertex 22.0301 43.925 -14.6736
    endloop
  endfacet
  facet normal 0 -1 0
    outer loop
      vertex 51.705 43.925 -25.3
      vertex 22.0301 43.925 -14.6736
      vertex 21.9062 43.925 -14.7703
    endloop
  endfacet
  facet normal 0 -1 0
    outer loop
      vertex 51.705 43.925 -25.3
      vertex 21.9062 43.925 -14.7703
      vertex 21.7778 43.925 -14.8607
    endloop
  endfacet
  facet normal 0 -1 0
    outer loop
      vertex 51.705 43.925 -25.3
      vertex 21.7778 43.925 -14.8607
      vertex 21.6451 43.925 -14.9447
    endloop
  endfacet
  facet normal 0 -1 0
    outer loop
      vertex 51.705 43.925 -25.3
      vertex 21.6451 43.925 -14.9447
      vertex 21.5085 43.925 -15.0221
    endloop
  endfacet
  facet normal 0 -1 0
    outer loop
      vertex 51.705 43.925 -25.3
      vertex 21.5085 43.925 -15.0221
      vertex 21.3682 43.925 -15.0928
    endloop
  endfacet
  facet normal 0 -1 0
    outer loop
      vertex 51.705 43.925 -25.3
      vertex 21.3682 43.925 -15.0928
      vertex 21.2246 43.925 -15.1564
    endloop
  endfacet
  facet normal 0 -1 0
    outer loop
      vertex 51.705 43.925 -25.3
      vertex 21.2246 43.925 -15.1564
      vertex 21.078 43.925 -15.2129
    endloop
  endfacet
  facet normal 0 -1 0
    outer loop
      vertex 51.705 43.925 -25.3
      vertex 21.078 43.925 -15.2129
      vertex 20.9289 43.925 -15.2622
    endloop
  endfacet
  facet normal 0 -1 0
    outer loop
      vertex 19.6863 43.925 -15.3846
      vertex 51.705 43.925 -25.3
      vertex 19.843 43.925 -15.3961
    endloop
  endfacet
  facet normal 0 -1 0
    outer loop
      vertex 19.843 43.925 -15.3961
      vertex 51.705 43.925 -25.3
      vertex 20 43.925 -15.4
    endloop
  endfacet
  facet normal 0 -1 0
    outer loop
      vertex 20 43.925 -15.4
      vertex 51.705 43.925 -25.3
      vertex 20.157 43.925 -15.3961
    endloop
  endfacet
  facet normal 0 -1 0
    outer loop
      vertex 20.157 43.925 -15.3961
      vertex 51.705 43.925 -25.3
      vertex 20.3137 43.925 -15.3846
    endloop
  endfacet
  facet normal 0 -1 0
    outer loop
      vertex 23.1385 43.925 -12.8243
      vertex 51.705 43.925 -25.3
      vertex 51.705 43.925 -6.31499
    endloop
  endfacet
  facet normal 0 -1 0
    outer loop
      vertex 20.7775 43.925 -15.3041
      vertex 51.705 43.925 -25.3
      vertex 20.9289 43.925 -15.2622
    endloop
  endfacet
  facet normal 0 -1 0
    outer loop
      vertex 20.6243 43.925 -15.3385
      vertex 51.705 43.925 -25.3
      vertex 20.7775 43.925 -15.3041
    endloop
  endfacet
  facet normal 0 -1 0
    outer loop
      vertex 20.4695 43.925 -15.3654
      vertex 51.705 43.925 -25.3
      vertex 20.6243 43.925 -15.3385
    endloop
  endfacet
  facet normal 0 -1 0
    outer loop
      vertex 20.3137 43.925 -15.3846
      vertex 51.705 43.925 -25.3
      vertex 20.4695 43.925 -15.3654
    endloop
  endfacet
  facet normal 0 0 -1
    outer loop
      vertex 51.705 30.75 -6.31499
      vertex -29.505 37.425 -6.31499
      vertex 51.705 43.925 -6.31499
    endloop
  endfacet
  facet normal 0 0 -1
    outer loop
      vertex 51.705 30.75 -6.31499
      vertex -29.5086 37.2778 -6.31499
      vertex -29.505 37.425 -6.31499
    endloop
  endfacet
  facet normal 0 0 -1
    outer loop
      vertex 51.705 30.75 -6.31499
      vertex -29.5194 37.1309 -6.31499
      vertex -29.5086 37.2778 -6.31499
    endloop
  endfacet
  facet normal 0 0 -1
    outer loop
      vertex 51.705 30.75 -6.31499
      vertex -29.5375 36.9848 -6.31499
      vertex -29.5194 37.1309 -6.31499
    endloop
  endfacet
  facet normal 0 0 -1
    outer loop
      vertex 51.705 30.75 -6.31499
      vertex -29.5626 36.8397 -6.31499
      vertex -29.5375 36.9848 -6.31499
    endloop
  endfacet
  facet normal 0 0 -1
    outer loop
      vertex 51.705 30.75 -6.31499
      vertex -29.5949 36.6961 -6.31499
      vertex -29.5626 36.8397 -6.31499
    endloop
  endfacet
  facet normal 0 0 -1
    outer loop
      vertex 51.705 30.75 -6.31499
      vertex -29.6342 36.5541 -6.31499
      vertex -29.5949 36.6961 -6.31499
    endloop
  endfacet
  facet normal 0 0 -1
    outer loop
      vertex 51.705 30.75 -6.31499
      vertex -29.6804 36.4143 -6.31499
      vertex -29.6342 36.5541 -6.31499
    endloop
  endfacet
  facet normal 0 0 -1
    outer loop
      vertex 51.705 30.75 -6.31499
      vertex -29.7334 36.277 -6.31499
      vertex -29.6804 36.4143 -6.31499
    endloop
  endfacet
  facet normal 0 0 -1
    outer loop
      vertex 51.705 30.75 -6.31499
      vertex -29.793 36.1423 -6.31499
      vertex -29.7334 36.277 -6.31499
    endloop
  endfacet
  facet normal 0 0 -1
    outer loop
      vertex 51.705 30.75 -6.31499
      vertex -29.8592 36.0108 -6.31499
      vertex -29.793 36.1423 -6.31499
    endloop
  endfacet
  facet normal 0 0 -1
    outer loop
      vertex 51.705 30.75 -6.31499
      vertex -29.9318 35.8827 -6.31499
      vertex -29.8592 36.0108 -6.31499
    endloop
  endfacet
  facet normal 0 0 -1
    outer loop
      vertex 51.705 30.75 -6.31499
      vertex -30.0106 35.7583 -6.31499
      vertex -29.9318 35.8827 -6.31499
    endloop
  endfacet
  facet normal 0 0 -1
    outer loop
      vertex 51.705 30.75 -6.31499
      vertex -30.0954 35.6379 -6.31499
      vertex -30.0106 35.7583 -6.31499
    endloop
  endfacet
  facet normal 0 0 -1
    outer loop
      vertex 51.705 30.75 -6.31499
      vertex -30.186 35.5218 -6.31499
      vertex -30.0954 35.6379 -6.31499
    endloop
  endfacet
  facet normal 0 0 -1
    outer loop
      vertex 51.705 30.75 -6.31499
      vertex -30.2821 35.4103 -6.31499
      vertex -30.186 35.5218 -6.31499
    endloop
  endfacet
  facet normal 0 0 -1
    outer loop
      vertex 51.705 30.75 -6.31499
      vertex -30.3837 35.3037 -6.31499
      vertex -30.2821 35.4103 -6.31499
    endloop
  endfacet
  facet normal 0 0 -1
    outer loop
      vertex 51.705 30.75 -6.31499
      vertex -30.4903 35.2021 -6.31499
      vertex -30.3837 35.3037 -6.31499
    endloop
  endfacet
  facet normal 0 0 -1
    outer loop
      vertex 51.705 30.75 -6.31499
      vertex -30.6018 35.106 -6.31499
      vertex -30.4903 35.2021 -6.31499
    endloop
  endfacet
  facet normal 0 0 -1
    outer loop
      vertex 51.705 30.75 -6.31499
      vertex -30.7179 35.0154 -6.31499
      vertex -30.6018 35.106 -6.31499
    endloop
  endfacet
  facet normal 0 0 -1
    outer loop
      vertex 51.705 30.75 -6.31499
      vertex -30.8383 34.9306 -6.31499
      vertex -30.7179 35.0154 -6.31499
    endloop
  endfacet
  facet normal 0 0 -1
    outer loop
      vertex 51.705 30.75 -6.31499
      vertex -30.9627 34.8518 -6.31499
      vertex -30.8383 34.9306 -6.31499
    endloop
  endfacet
  facet normal 0 0 -1
    outer loop
      vertex 51.705 30.75 -6.31499
      vertex -31.0908 34.7792 -6.31499
      vertex -30.9627 34.8518 -6.31499
    endloop
  endfacet
  facet normal 0 0 -1
    outer loop
      vertex 51.705 30.75 -6.31499
      vertex -31.2223 34.713 -6.31499
      vertex -31.0908 34.7792 -6.31499
    endloop
  endfacet
  facet normal 0 0 -1
    outer loop
      vertex 51.705 30.75 -6.31499
      vertex -31.357 34.6534 -6.31499
      vertex -31.2223 34.713 -6.31499
    endloop
  endfacet
  facet normal 0 0 -1
    outer loop
      vertex 51.705 30.75 -6.31499
      vertex -31.4943 34.6004 -6.31499
      vertex -31.357 34.6534 -6.31499
    endloop
  endfacet
  facet normal 0 0 -1
    outer loop
      vertex 51.705 30.75 -6.31499
      vertex -31.6341 34.5542 -6.31499
      vertex -31.4943 34.6004 -6.31499
    endloop
  endfacet
  facet normal 0 0 -1
    outer loop
      vertex 51.705 30.75 -6.31499
      vertex -31.7761 34.5149 -6.31499
      vertex -31.6341 34.5542 -6.31499
    endloop
  endfacet
  facet normal 0 0 -1
    outer loop
      vertex 51.705 30.75 -6.31499
      vertex -31.9197 34.4826 -6.31499
      vertex -31.7761 34.5149 -6.31499
    endloop
  endfacet
  facet normal 0 0 -1
    outer loop
      vertex 51.705 30.75 -6.31499
      vertex -32.0648 34.4575 -6.31499
      vertex -31.9197 34.4826 -6.31499
    endloop
  endfacet
  facet normal 0 0 -1
    outer loop
      vertex -51.705 30.75 -6.31499
      vertex -32.0648 34.4575 -6.31499
      vertex 51.705 30.75 -6.31499
    endloop
  endfacet
  facet normal 0 0 -1
    outer loop
      vertex -32.0648 34.4575 -6.31499
      vertex -51.705 30.75 -6.31499
      vertex -32.2109 34.4394 -6.31499
    endloop
  endfacet
  facet normal 0 0 -1
    outer loop
      vertex -32.2109 34.4394 -6.31499
      vertex -51.705 30.75 -6.31499
      vertex -32.3578 34.4286 -6.31499
    endloop
  endfacet
  facet normal 0 0 -1
    outer loop
      vertex -32.3578 34.4286 -6.31499
      vertex -51.705 30.75 -6.31499
      vertex -32.505 34.425 -6.31499
    endloop
  endfacet
  facet normal 0 0 -1
    outer loop
      vertex -35.0782 35.8827 -6.31499
      vertex -35.1318 35.8827 -6.31499
      vertex -35.105 35.93 -6.31499
    endloop
  endfacet
  facet normal 0 0 -1
    outer loop
      vertex -34.9994 35.7583 -6.31499
      vertex -35.1318 35.8827 -6.31499
      vertex -35.0782 35.8827 -6.31499
    endloop
  endfacet
  facet normal 0 0 -1
    outer loop
      vertex -35.2106 35.7583 -6.31499
      vertex -34.9994 35.7583 -6.31499
      vertex -34.9146 35.6379 -6.31499
    endloop
  endfacet
  facet normal 0 0 -1
    outer loop
      vertex -35.2954 35.6379 -6.31499
      vertex -34.9146 35.6379 -6.31499
      vertex -34.824 35.5218 -6.31499
    endloop
  endfacet
  facet normal 0 0 -1
    outer loop
      vertex -34.9994 35.7583 -6.31499
      vertex -35.2106 35.7583 -6.31499
      vertex -35.1318 35.8827 -6.31499
    endloop
  endfacet
  facet normal 0 0 -1
    outer loop
      vertex -35.386 35.5218 -6.31499
      vertex -34.824 35.5218 -6.31499
      vertex -34.7279 35.4103 -6.31499
    endloop
  endfacet
  facet normal 0 0 -1
    outer loop
      vertex -35.4821 35.4103 -6.31499
      vertex -34.7279 35.4103 -6.31499
      vertex -34.6263 35.3037 -6.31499
    endloop
  endfacet
  facet normal 0 0 -1
    outer loop
      vertex -35.5837 35.3037 -6.31499
      vertex -34.6263 35.3037 -6.31499
      vertex -34.5197 35.2021 -6.31499
    endloop
  endfacet
  facet normal 0 0 -1
    outer loop
      vertex -35.6903 35.2021 -6.31499
      vertex -34.5197 35.2021 -6.31499
      vertex -34.4082 35.106 -6.31499
    endloop
  endfacet
  facet normal 0 0 -1
    outer loop
      vertex -34.9146 35.6379 -6.31499
      vertex -35.2954 35.6379 -6.31499
      vertex -35.2106 35.7583 -6.31499
    endloop
  endfacet
  facet normal 0 0 -1
    outer loop
      vertex -35.8018 35.106 -6.31499
      vertex -34.4082 35.106 -6.31499
      vertex -34.2921 35.0154 -6.31499
    endloop
  endfacet
  facet normal 0 0 -1
    outer loop
      vertex -35.9179 35.0154 -6.31499
      vertex -34.2921 35.0154 -6.31499
      vertex -34.1717 34.9306 -6.31499
    endloop
  endfacet
  facet normal 0 0 -1
    outer loop
      vertex -36.0383 34.9306 -6.31499
      vertex -34.1717 34.9306 -6.31499
      vertex -34.0473 34.8518 -6.31499
    endloop
  endfacet
  facet normal 0 0 -1
    outer loop
      vertex -34.824 35.5218 -6.31499
      vertex -35.386 35.5218 -6.31499
      vertex -35.2954 35.6379 -6.31499
    endloop
  endfacet
  facet normal 0 0 -1
    outer loop
      vertex -36.1627 34.8518 -6.31499
      vertex -34.0473 34.8518 -6.31499
      vertex -33.9192 34.7792 -6.31499
    endloop
  endfacet
  facet normal 0 0 -1
    outer loop
      vertex -34.7279 35.4103 -6.31499
      vertex -35.4821 35.4103 -6.31499
      vertex -35.386 35.5218 -6.31499
    endloop
  endfacet
  facet normal 0 0 -1
    outer loop
      vertex -36.2908 34.7792 -6.31499
      vertex -33.9192 34.7792 -6.31499
      vertex -33.7877 34.713 -6.31499
    endloop
  endfacet
  facet normal 0 0 -1
    outer loop
      vertex -36.4223 34.713 -6.31499
      vertex -33.7877 34.713 -6.31499
      vertex -33.653 34.6534 -6.31499
    endloop
  endfacet
  facet normal 0 0 -1
    outer loop
      vertex -34.6263 35.3037 -6.31499
      vertex -35.5837 35.3037 -6.31499
      vertex -35.4821 35.4103 -6.31499
    endloop
  endfacet
  facet normal 0 0 -1
    outer loop
      vertex -36.5569 34.6534 -6.31499
      vertex -33.653 34.6534 -6.31499
      vertex -33.5157 34.6004 -6.31499
    endloop
  endfacet
  facet normal 0 0 -1
    outer loop
      vertex -34.5197 35.2021 -6.31499
      vertex -35.6903 35.2021 -6.31499
      vertex -35.5837 35.3037 -6.31499
    endloop
  endfacet
  facet normal 0 0 -1
    outer loop
      vertex -36.6943 34.6004 -6.31499
      vertex -33.5157 34.6004 -6.31499
      vertex -33.3759 34.5542 -6.31499
    endloop
  endfacet
  facet normal 0 0 -1
    outer loop
      vertex -34.4082 35.106 -6.31499
      vertex -35.8018 35.106 -6.31499
      vertex -35.6903 35.2021 -6.31499
    endloop
  endfacet
  facet normal 0 0 -1
    outer loop
      vertex -36.8341 34.5542 -6.31499
      vertex -33.3759 34.5542 -6.31499
      vertex -33.2339 34.5149 -6.31499
    endloop
  endfacet
  facet normal 0 0 -1
    outer loop
      vertex -34.2921 35.0154 -6.31499
      vertex -35.9179 35.0154 -6.31499
      vertex -35.8018 35.106 -6.31499
    endloop
  endfacet
  facet normal 0 0 -1
    outer loop
      vertex -36.9761 34.5149 -6.31499
      vertex -33.2339 34.5149 -6.31499
      vertex -33.0903 34.4826 -6.31499
    endloop
  endfacet
  facet normal 0 0 -1
    outer loop
      vertex -34.1717 34.9306 -6.31499
      vertex -36.0383 34.9306 -6.31499
      vertex -35.9179 35.0154 -6.31499
    endloop
  endfacet
  facet normal 0 0 -1
    outer loop
      vertex -37.1197 34.4826 -6.31499
      vertex -33.0903 34.4826 -6.31499
      vertex -32.9452 34.4575 -6.31499
    endloop
  endfacet
  facet normal 0 0 -1
    outer loop
      vertex -34.0473 34.8518 -6.31499
      vertex -36.1627 34.8518 -6.31499
      vertex -36.0383 34.9306 -6.31499
    endloop
  endfacet
  facet normal 0 0 -1
    outer loop
      vertex -37.2648 34.4575 -6.31499
      vertex -32.9452 34.4575 -6.31499
      vertex -32.7991 34.4394 -6.31499
    endloop
  endfacet
  facet normal 0 0 -1
    outer loop
      vertex -33.9192 34.7792 -6.31499
      vertex -36.2908 34.7792 -6.31499
      vertex -36.1627 34.8518 -6.31499
    endloop
  endfacet
  facet normal 0 0 -1
    outer loop
      vertex -33.7877 34.713 -6.31499
      vertex -36.4223 34.713 -6.31499
      vertex -36.2908 34.7792 -6.31499
    endloop
  endfacet
  facet normal 0 0 -1
    outer loop
      vertex -33.653 34.6534 -6.31499
      vertex -36.5569 34.6534 -6.31499
      vertex -36.4223 34.713 -6.31499
    endloop
  endfacet
  facet normal 0 0 -1
    outer loop
      vertex -37.4109 34.4394 -6.31499
      vertex -32.7991 34.4394 -6.31499
      vertex -32.6522 34.4286 -6.31499
    endloop
  endfacet
  facet normal 0 0 -1
    outer loop
      vertex -33.5157 34.6004 -6.31499
      vertex -36.6943 34.6004 -6.31499
      vertex -36.5569 34.6534 -6.31499
    endloop
  endfacet
  facet normal -0 0 -1
    outer loop
      vertex -32.505 34.425 -6.31499
      vertex -51.705 30.75 -6.31499
      vertex -32.6522 34.4286 -6.31499
    endloop
  endfacet
  facet normal 0 0 -1
    outer loop
      vertex -33.3759 34.5542 -6.31499
      vertex -36.8341 34.5542 -6.31499
      vertex -36.6943 34.6004 -6.31499
    endloop
  endfacet
  facet normal 0 0 -1
    outer loop
      vertex -33.2339 34.5149 -6.31499
      vertex -36.9761 34.5149 -6.31499
      vertex -36.8341 34.5542 -6.31499
    endloop
  endfacet
  facet normal 0 0 -1
    outer loop
      vertex -33.0903 34.4826 -6.31499
      vertex -37.1197 34.4826 -6.31499
      vertex -36.9761 34.5149 -6.31499
    endloop
  endfacet
  facet normal 0 -0 -1
    outer loop
      vertex -37.5578 34.4286 -6.31499
      vertex -32.6522 34.4286 -6.31499
      vertex -51.705 30.75 -6.31499
    endloop
  endfacet
  facet normal 0 0 -1
    outer loop
      vertex -32.9452 34.4575 -6.31499
      vertex -37.2648 34.4575 -6.31499
      vertex -37.1197 34.4826 -6.31499
    endloop
  endfacet
  facet normal 0 0 -1
    outer loop
      vertex -32.7991 34.4394 -6.31499
      vertex -37.4109 34.4394 -6.31499
      vertex -37.2648 34.4575 -6.31499
    endloop
  endfacet
  facet normal 0 0 -1
    outer loop
      vertex -32.6522 34.4286 -6.31499
      vertex -37.5578 34.4286 -6.31499
      vertex -37.4109 34.4394 -6.31499
    endloop
  endfacet
  facet normal 0 0 -1
    outer loop
      vertex -37.5578 34.4286 -6.31499
      vertex -51.705 30.75 -6.31499
      vertex -37.705 34.425 -6.31499
    endloop
  endfacet
  facet normal -0 0 -1
    outer loop
      vertex -40.7014 37.2778 -6.31499
      vertex -51.705 30.75 -6.31499
      vertex -40.705 37.425 -6.31499
    endloop
  endfacet
  facet normal -0 0 -1
    outer loop
      vertex -40.6906 37.1309 -6.31499
      vertex -51.705 30.75 -6.31499
      vertex -40.7014 37.2778 -6.31499
    endloop
  endfacet
  facet normal -0 0 -1
    outer loop
      vertex -40.6725 36.9848 -6.31499
      vertex -51.705 30.75 -6.31499
      vertex -40.6906 37.1309 -6.31499
    endloop
  endfacet
  facet normal -0 0 -1
    outer loop
      vertex -40.6474 36.8397 -6.31499
      vertex -51.705 30.75 -6.31499
      vertex -40.6725 36.9848 -6.31499
    endloop
  endfacet
  facet normal -0 0 -1
    outer loop
      vertex -40.6151 36.6961 -6.31499
      vertex -51.705 30.75 -6.31499
      vertex -40.6474 36.8397 -6.31499
    endloop
  endfacet
  facet normal -0 0 -1
    outer loop
      vertex -40.5758 36.5541 -6.31499
      vertex -51.705 30.75 -6.31499
      vertex -40.6151 36.6961 -6.31499
    endloop
  endfacet
  facet normal -0 0 -1
    outer loop
      vertex -40.5296 36.4143 -6.31499
      vertex -51.705 30.75 -6.31499
      vertex -40.5758 36.5541 -6.31499
    endloop
  endfacet
  facet normal -0 0 -1
    outer loop
      vertex -40.4766 36.277 -6.31499
      vertex -51.705 30.75 -6.31499
      vertex -40.5296 36.4143 -6.31499
    endloop
  endfacet
  facet normal -0 0 -1
    outer loop
      vertex -40.417 36.1423 -6.31499
      vertex -51.705 30.75 -6.31499
      vertex -40.4766 36.277 -6.31499
    endloop
  endfacet
  facet normal -0 0 -1
    outer loop
      vertex -40.3508 36.0108 -6.31499
      vertex -51.705 30.75 -6.31499
      vertex -40.417 36.1423 -6.31499
    endloop
  endfacet
  facet normal -0 0 -1
    outer loop
      vertex -40.2782 35.8827 -6.31499
      vertex -51.705 30.75 -6.31499
      vertex -40.3508 36.0108 -6.31499
    endloop
  endfacet
  facet normal -0 0 -1
    outer loop
      vertex -40.1994 35.7583 -6.31499
      vertex -51.705 30.75 -6.31499
      vertex -40.2782 35.8827 -6.31499
    endloop
  endfacet
  facet normal -0 0 -1
    outer loop
      vertex -40.1146 35.6379 -6.31499
      vertex -51.705 30.75 -6.31499
      vertex -40.1994 35.7583 -6.31499
    endloop
  endfacet
  facet normal -0 0 -1
    outer loop
      vertex -40.024 35.5218 -6.31499
      vertex -51.705 30.75 -6.31499
      vertex -40.1146 35.6379 -6.31499
    endloop
  endfacet
  facet normal -0 0 -1
    outer loop
      vertex -39.9279 35.4103 -6.31499
      vertex -51.705 30.75 -6.31499
      vertex -40.024 35.5218 -6.31499
    endloop
  endfacet
  facet normal -0 0 -1
    outer loop
      vertex -39.8263 35.3037 -6.31499
      vertex -51.705 30.75 -6.31499
      vertex -39.9279 35.4103 -6.31499
    endloop
  endfacet
  facet normal -0 0 -1
    outer loop
      vertex -39.7197 35.2021 -6.31499
      vertex -51.705 30.75 -6.31499
      vertex -39.8263 35.3037 -6.31499
    endloop
  endfacet
  facet normal -0 0 -1
    outer loop
      vertex -39.6082 35.106 -6.31499
      vertex -51.705 30.75 -6.31499
      vertex -39.7197 35.2021 -6.31499
    endloop
  endfacet
  facet normal -0 0 -1
    outer loop
      vertex -39.4921 35.0154 -6.31499
      vertex -51.705 30.75 -6.31499
      vertex -39.6082 35.106 -6.31499
    endloop
  endfacet
  facet normal -0 0 -1
    outer loop
      vertex -39.3717 34.9306 -6.31499
      vertex -51.705 30.75 -6.31499
      vertex -39.4921 35.0154 -6.31499
    endloop
  endfacet
  facet normal -0 0 -1
    outer loop
      vertex -39.2473 34.8518 -6.31499
      vertex -51.705 30.75 -6.31499
      vertex -39.3717 34.9306 -6.31499
    endloop
  endfacet
  facet normal -0 0 -1
    outer loop
      vertex -39.1192 34.7792 -6.31499
      vertex -51.705 30.75 -6.31499
      vertex -39.2473 34.8518 -6.31499
    endloop
  endfacet
  facet normal -0 0 -1
    outer loop
      vertex -38.9877 34.713 -6.31499
      vertex -51.705 30.75 -6.31499
      vertex -39.1192 34.7792 -6.31499
    endloop
  endfacet
  facet normal -0 0 -1
    outer loop
      vertex -38.8531 34.6534 -6.31499
      vertex -51.705 30.75 -6.31499
      vertex -38.9877 34.713 -6.31499
    endloop
  endfacet
  facet normal -0 0 -1
    outer loop
      vertex -38.7157 34.6004 -6.31499
      vertex -51.705 30.75 -6.31499
      vertex -38.8531 34.6534 -6.31499
    endloop
  endfacet
  facet normal -0 0 -1
    outer loop
      vertex -38.5759 34.5542 -6.31499
      vertex -51.705 30.75 -6.31499
      vertex -38.7157 34.6004 -6.31499
    endloop
  endfacet
  facet normal -0 0 -1
    outer loop
      vertex -38.4339 34.5149 -6.31499
      vertex -51.705 30.75 -6.31499
      vertex -38.5759 34.5542 -6.31499
    endloop
  endfacet
  facet normal -0 0 -1
    outer loop
      vertex -38.2903 34.4826 -6.31499
      vertex -51.705 30.75 -6.31499
      vertex -38.4339 34.5149 -6.31499
    endloop
  endfacet
  facet normal -0 0 -1
    outer loop
      vertex -38.1452 34.4575 -6.31499
      vertex -51.705 30.75 -6.31499
      vertex -38.2903 34.4826 -6.31499
    endloop
  endfacet
  facet normal -0 0 -1
    outer loop
      vertex -37.9991 34.4394 -6.31499
      vertex -51.705 30.75 -6.31499
      vertex -38.1452 34.4575 -6.31499
    endloop
  endfacet
  facet normal -0 0 -1
    outer loop
      vertex -37.8522 34.4286 -6.31499
      vertex -51.705 30.75 -6.31499
      vertex -37.9991 34.4394 -6.31499
    endloop
  endfacet
  facet normal -0 0 -1
    outer loop
      vertex -37.705 34.425 -6.31499
      vertex -51.705 30.75 -6.31499
      vertex -37.8522 34.4286 -6.31499
    endloop
  endfacet
  facet normal 0 0 -1
    outer loop
      vertex -29.5086 37.5722 -6.31499
      vertex 51.705 43.925 -6.31499
      vertex -29.505 37.425 -6.31499
    endloop
  endfacet
  facet normal 0 0 -1
    outer loop
      vertex -29.5194 37.7191 -6.31499
      vertex 51.705 43.925 -6.31499
      vertex -29.5086 37.5722 -6.31499
    endloop
  endfacet
  facet normal 0 0 -1
    outer loop
      vertex -29.5375 37.8652 -6.31499
      vertex 51.705 43.925 -6.31499
      vertex -29.5194 37.7191 -6.31499
    endloop
  endfacet
  facet normal 0 0 -1
    outer loop
      vertex -29.5626 38.0103 -6.31499
      vertex 51.705 43.925 -6.31499
      vertex -29.5375 37.8652 -6.31499
    endloop
  endfacet
  facet normal 0 0 -1
    outer loop
      vertex -29.5949 38.1539 -6.31499
      vertex 51.705 43.925 -6.31499
      vertex -29.5626 38.0103 -6.31499
    endloop
  endfacet
  facet normal 0 0 -1
    outer loop
      vertex -29.6342 38.2959 -6.31499
      vertex 51.705 43.925 -6.31499
      vertex -29.5949 38.1539 -6.31499
    endloop
  endfacet
  facet normal 0 0 -1
    outer loop
      vertex -29.6804 38.4357 -6.31499
      vertex 51.705 43.925 -6.31499
      vertex -29.6342 38.2959 -6.31499
    endloop
  endfacet
  facet normal 0 0 -1
    outer loop
      vertex -29.7334 38.573 -6.31499
      vertex 51.705 43.925 -6.31499
      vertex -29.6804 38.4357 -6.31499
    endloop
  endfacet
  facet normal 0 0 -1
    outer loop
      vertex -29.793 38.7077 -6.31499
      vertex 51.705 43.925 -6.31499
      vertex -29.7334 38.573 -6.31499
    endloop
  endfacet
  facet normal 0 0 -1
    outer loop
      vertex -29.8592 38.8392 -6.31499
      vertex 51.705 43.925 -6.31499
      vertex -29.793 38.7077 -6.31499
    endloop
  endfacet
  facet normal 0 0 -1
    outer loop
      vertex -29.9318 38.9673 -6.31499
      vertex 51.705 43.925 -6.31499
      vertex -29.8592 38.8392 -6.31499
    endloop
  endfacet
  facet normal 0 0 -1
    outer loop
      vertex -30.0106 39.0917 -6.31499
      vertex 51.705 43.925 -6.31499
      vertex -29.9318 38.9673 -6.31499
    endloop
  endfacet
  facet normal 0 0 -1
    outer loop
      vertex -30.0954 39.2121 -6.31499
      vertex 51.705 43.925 -6.31499
      vertex -30.0106 39.0917 -6.31499
    endloop
  endfacet
  facet normal 0 0 -1
    outer loop
      vertex -30.186 39.3282 -6.31499
      vertex 51.705 43.925 -6.31499
      vertex -30.0954 39.2121 -6.31499
    endloop
  endfacet
  facet normal 0 0 -1
    outer loop
      vertex -30.2821 39.4397 -6.31499
      vertex 51.705 43.925 -6.31499
      vertex -30.186 39.3282 -6.31499
    endloop
  endfacet
  facet normal 0 0 -1
    outer loop
      vertex -30.3837 39.5463 -6.31499
      vertex 51.705 43.925 -6.31499
      vertex -30.2821 39.4397 -6.31499
    endloop
  endfacet
  facet normal 0 0 -1
    outer loop
      vertex -30.4903 39.6479 -6.31499
      vertex 51.705 43.925 -6.31499
      vertex -30.3837 39.5463 -6.31499
    endloop
  endfacet
  facet normal 0 0 -1
    outer loop
      vertex -30.6018 39.744 -6.31499
      vertex 51.705 43.925 -6.31499
      vertex -30.4903 39.6479 -6.31499
    endloop
  endfacet
  facet normal 0 0 -1
    outer loop
      vertex -30.7179 39.8346 -6.31499
      vertex 51.705 43.925 -6.31499
      vertex -30.6018 39.744 -6.31499
    endloop
  endfacet
  facet normal 0 0 -1
    outer loop
      vertex -30.8383 39.9194 -6.31499
      vertex 51.705 43.925 -6.31499
      vertex -30.7179 39.8346 -6.31499
    endloop
  endfacet
  facet normal 0 0 -1
    outer loop
      vertex -30.9627 39.9982 -6.31499
      vertex 51.705 43.925 -6.31499
      vertex -30.8383 39.9194 -6.31499
    endloop
  endfacet
  facet normal 0 0 -1
    outer loop
      vertex -31.0908 40.0708 -6.31499
      vertex 51.705 43.925 -6.31499
      vertex -30.9627 39.9982 -6.31499
    endloop
  endfacet
  facet normal 0 0 -1
    outer loop
      vertex -31.2223 40.137 -6.31499
      vertex 51.705 43.925 -6.31499
      vertex -31.0908 40.0708 -6.31499
    endloop
  endfacet
  facet normal 0 0 -1
    outer loop
      vertex -31.357 40.1966 -6.31499
      vertex 51.705 43.925 -6.31499
      vertex -31.2223 40.137 -6.31499
    endloop
  endfacet
  facet normal 0 0 -1
    outer loop
      vertex -31.4943 40.2496 -6.31499
      vertex 51.705 43.925 -6.31499
      vertex -31.357 40.1966 -6.31499
    endloop
  endfacet
  facet normal 0 0 -1
    outer loop
      vertex -31.6341 40.2958 -6.31499
      vertex 51.705 43.925 -6.31499
      vertex -31.4943 40.2496 -6.31499
    endloop
  endfacet
  facet normal 0 0 -1
    outer loop
      vertex -31.7761 40.3351 -6.31499
      vertex 51.705 43.925 -6.31499
      vertex -31.6341 40.2958 -6.31499
    endloop
  endfacet
  facet normal 0 0 -1
    outer loop
      vertex -31.9197 40.3674 -6.31499
      vertex 51.705 43.925 -6.31499
      vertex -31.7761 40.3351 -6.31499
    endloop
  endfacet
  facet normal 0 0 -1
    outer loop
      vertex -32.0648 40.3925 -6.31499
      vertex 51.705 43.925 -6.31499
      vertex -31.9197 40.3674 -6.31499
    endloop
  endfacet
  facet normal 0 0 -1
    outer loop
      vertex -51.705 43.925 -6.31499
      vertex -32.0648 40.3925 -6.31499
      vertex -32.2109 40.4106 -6.31499
    endloop
  endfacet
  facet normal 0 0 -1
    outer loop
      vertex -51.705 43.925 -6.31499
      vertex -32.2109 40.4106 -6.31499
      vertex -32.3578 40.4214 -6.31499
    endloop
  endfacet
  facet normal 0 0 -1
    outer loop
      vertex -51.705 43.925 -6.31499
      vertex -32.3578 40.4214 -6.31499
      vertex -32.505 40.425 -6.31499
    endloop
  endfacet
  facet normal 0 0 -1
    outer loop
      vertex -51.705 43.925 -6.31499
      vertex -32.505 40.425 -6.31499
      vertex -32.6522 40.4214 -6.31499
    endloop
  endfacet
  facet normal 0 0 -1
    outer loop
      vertex -35.1318 38.9673 -6.31499
      vertex -35.0782 38.9673 -6.31499
      vertex -35.105 38.92 -6.31499
    endloop
  endfacet
  facet normal 0 0 -1
    outer loop
      vertex -35.1318 38.9673 -6.31499
      vertex -34.9994 39.0917 -6.31499
      vertex -35.0782 38.9673 -6.31499
    endloop
  endfacet
  facet normal 0 0 -1
    outer loop
      vertex -35.2106 39.0917 -6.31499
      vertex -34.9994 39.0917 -6.31499
      vertex -35.1318 38.9673 -6.31499
    endloop
  endfacet
  facet normal 0 0 -1
    outer loop
      vertex -34.9994 39.0917 -6.31499
      vertex -35.2106 39.0917 -6.31499
      vertex -34.9146 39.2121 -6.31499
    endloop
  endfacet
  facet normal 0 0 -1
    outer loop
      vertex -35.2954 39.2121 -6.31499
      vertex -34.9146 39.2121 -6.31499
      vertex -35.2106 39.0917 -6.31499
    endloop
  endfacet
  facet normal 0 0 -1
    outer loop
      vertex -34.9146 39.2121 -6.31499
      vertex -35.2954 39.2121 -6.31499
      vertex -34.824 39.3282 -6.31499
    endloop
  endfacet
  facet normal 0 0 -1
    outer loop
      vertex -35.386 39.3282 -6.31499
      vertex -34.824 39.3282 -6.31499
      vertex -35.2954 39.2121 -6.31499
    endloop
  endfacet
  facet normal 0 0 -1
    outer loop
      vertex -34.824 39.3282 -6.31499
      vertex -35.386 39.3282 -6.31499
      vertex -34.7279 39.4397 -6.31499
    endloop
  endfacet
  facet normal 0 0 -1
    outer loop
      vertex -35.4821 39.4397 -6.31499
      vertex -34.7279 39.4397 -6.31499
      vertex -35.386 39.3282 -6.31499
    endloop
  endfacet
  facet normal 0 0 -1
    outer loop
      vertex -34.7279 39.4397 -6.31499
      vertex -35.4821 39.4397 -6.31499
      vertex -34.6263 39.5463 -6.31499
    endloop
  endfacet
  facet normal 0 0 -1
    outer loop
      vertex -35.5837 39.5463 -6.31499
      vertex -34.6263 39.5463 -6.31499
      vertex -35.4821 39.4397 -6.31499
    endloop
  endfacet
  facet normal 0 0 -1
    outer loop
      vertex -34.6263 39.5463 -6.31499
      vertex -35.5837 39.5463 -6.31499
      vertex -34.5197 39.6479 -6.31499
    endloop
  endfacet
  facet normal 0 0 -1
    outer loop
      vertex -35.6903 39.6479 -6.31499
      vertex -34.5197 39.6479 -6.31499
      vertex -35.5837 39.5463 -6.31499
    endloop
  endfacet
  facet normal 0 0 -1
    outer loop
      vertex -34.5197 39.6479 -6.31499
      vertex -35.6903 39.6479 -6.31499
      vertex -34.4082 39.744 -6.31499
    endloop
  endfacet
  facet normal 0 0 -1
    outer loop
      vertex -35.8018 39.744 -6.31499
      vertex -34.4082 39.744 -6.31499
      vertex -35.6903 39.6479 -6.31499
    endloop
  endfacet
  facet normal 0 0 -1
    outer loop
      vertex -34.4082 39.744 -6.31499
      vertex -35.8018 39.744 -6.31499
      vertex -34.2921 39.8346 -6.31499
    endloop
  endfacet
  facet normal 0 0 -1
    outer loop
      vertex -35.9179 39.8346 -6.31499
      vertex -34.2921 39.8346 -6.31499
      vertex -35.8018 39.744 -6.31499
    endloop
  endfacet
  facet normal 0 0 -1
    outer loop
      vertex -34.2921 39.8346 -6.31499
      vertex -35.9179 39.8346 -6.31499
      vertex -34.1717 39.9194 -6.31499
    endloop
  endfacet
  facet normal 0 0 -1
    outer loop
      vertex -36.0383 39.9194 -6.31499
      vertex -34.1717 39.9194 -6.31499
      vertex -35.9179 39.8346 -6.31499
    endloop
  endfacet
  facet normal 0 0 -1
    outer loop
      vertex -34.1717 39.9194 -6.31499
      vertex -36.0383 39.9194 -6.31499
      vertex -34.0473 39.9982 -6.31499
    endloop
  endfacet
  facet normal 0 0 -1
    outer loop
      vertex -36.1627 39.9982 -6.31499
      vertex -34.0473 39.9982 -6.31499
      vertex -36.0383 39.9194 -6.31499
    endloop
  endfacet
  facet normal 0 0 -1
    outer loop
      vertex -34.0473 39.9982 -6.31499
      vertex -36.1627 39.9982 -6.31499
      vertex -33.9192 40.0708 -6.31499
    endloop
  endfacet
  facet normal 0 0 -1
    outer loop
      vertex -36.2908 40.0708 -6.31499
      vertex -33.9192 40.0708 -6.31499
      vertex -36.1627 39.9982 -6.31499
    endloop
  endfacet
  facet normal 0 0 -1
    outer loop
      vertex -33.9192 40.0708 -6.31499
      vertex -36.2908 40.0708 -6.31499
      vertex -33.7877 40.137 -6.31499
    endloop
  endfacet
  facet normal 0 0 -1
    outer loop
      vertex -36.4223 40.137 -6.31499
      vertex -33.7877 40.137 -6.31499
      vertex -36.2908 40.0708 -6.31499
    endloop
  endfacet
  facet normal 0 0 -1
    outer loop
      vertex -33.7877 40.137 -6.31499
      vertex -36.4223 40.137 -6.31499
      vertex -33.653 40.1966 -6.31499
    endloop
  endfacet
  facet normal 0 0 -1
    outer loop
      vertex -36.5569 40.1966 -6.31499
      vertex -33.653 40.1966 -6.31499
      vertex -36.4223 40.137 -6.31499
    endloop
  endfacet
  facet normal 0 0 -1
    outer loop
      vertex -33.653 40.1966 -6.31499
      vertex -36.5569 40.1966 -6.31499
      vertex -33.5157 40.2496 -6.31499
    endloop
  endfacet
  facet normal 0 0 -1
    outer loop
      vertex -36.6943 40.2496 -6.31499
      vertex -33.5157 40.2496 -6.31499
      vertex -36.5569 40.1966 -6.31499
    endloop
  endfacet
  facet normal 0 0 -1
    outer loop
      vertex -33.5157 40.2496 -6.31499
      vertex -36.6943 40.2496 -6.31499
      vertex -33.3759 40.2958 -6.31499
    endloop
  endfacet
  facet normal 0 0 -1
    outer loop
      vertex -36.8341 40.2958 -6.31499
      vertex -33.3759 40.2958 -6.31499
      vertex -36.6943 40.2496 -6.31499
    endloop
  endfacet
  facet normal 0 0 -1
    outer loop
      vertex -33.3759 40.2958 -6.31499
      vertex -36.8341 40.2958 -6.31499
      vertex -33.2339 40.3351 -6.31499
    endloop
  endfacet
  facet normal 0 0 -1
    outer loop
      vertex -36.9761 40.3351 -6.31499
      vertex -33.2339 40.3351 -6.31499
      vertex -36.8341 40.2958 -6.31499
    endloop
  endfacet
  facet normal 0 0 -1
    outer loop
      vertex -33.2339 40.3351 -6.31499
      vertex -36.9761 40.3351 -6.31499
      vertex -33.0903 40.3674 -6.31499
    endloop
  endfacet
  facet normal 0 0 -1
    outer loop
      vertex -37.1197 40.3674 -6.31499
      vertex -33.0903 40.3674 -6.31499
      vertex -36.9761 40.3351 -6.31499
    endloop
  endfacet
  facet normal 0 0 -1
    outer loop
      vertex -33.0903 40.3674 -6.31499
      vertex -37.1197 40.3674 -6.31499
      vertex -32.9452 40.3925 -6.31499
    endloop
  endfacet
  facet normal 0 0 -1
    outer loop
      vertex -37.2648 40.3925 -6.31499
      vertex -32.9452 40.3925 -6.31499
      vertex -37.1197 40.3674 -6.31499
    endloop
  endfacet
  facet normal 0 0 -1
    outer loop
      vertex -32.9452 40.3925 -6.31499
      vertex -37.2648 40.3925 -6.31499
      vertex -32.7991 40.4106 -6.31499
    endloop
  endfacet
  facet normal 0 0 -1
    outer loop
      vertex -37.4109 40.4106 -6.31499
      vertex -32.7991 40.4106 -6.31499
      vertex -37.2648 40.3925 -6.31499
    endloop
  endfacet
  facet normal 0 0 -1
    outer loop
      vertex -32.7991 40.4106 -6.31499
      vertex -37.4109 40.4106 -6.31499
      vertex -32.6522 40.4214 -6.31499
    endloop
  endfacet
  facet normal 0 0 -1
    outer loop
      vertex -37.5578 40.4214 -6.31499
      vertex -32.6522 40.4214 -6.31499
      vertex -37.4109 40.4106 -6.31499
    endloop
  endfacet
  facet normal 0 0 -1
    outer loop
      vertex -32.6522 40.4214 -6.31499
      vertex -37.5578 40.4214 -6.31499
      vertex -51.705 43.925 -6.31499
    endloop
  endfacet
  facet normal 0 0 -1
    outer loop
      vertex -51.705 43.925 -6.31499
      vertex -37.5578 40.4214 -6.31499
      vertex -37.705 40.425 -6.31499
    endloop
  endfacet
  facet normal 0 0 -1
    outer loop
      vertex -51.705 43.925 -6.31499
      vertex -37.705 40.425 -6.31499
      vertex -37.8522 40.4214 -6.31499
    endloop
  endfacet
  facet normal 0 0 -1
    outer loop
      vertex -51.705 43.925 -6.31499
      vertex -40.705 37.425 -6.31499
      vertex -51.705 30.75 -6.31499
    endloop
  endfacet
  facet normal 0 0 -1
    outer loop
      vertex -40.705 37.425 -6.31499
      vertex -51.705 43.925 -6.31499
      vertex -40.7014 37.5722 -6.31499
    endloop
  endfacet
  facet normal 0 0 -1
    outer loop
      vertex -40.7014 37.5722 -6.31499
      vertex -51.705 43.925 -6.31499
      vertex -40.6906 37.7191 -6.31499
    endloop
  endfacet
  facet normal 0 0 -1
    outer loop
      vertex -40.6906 37.7191 -6.31499
      vertex -51.705 43.925 -6.31499
      vertex -40.6725 37.8652 -6.31499
    endloop
  endfacet
  facet normal 0 0 -1
    outer loop
      vertex -40.6725 37.8652 -6.31499
      vertex -51.705 43.925 -6.31499
      vertex -40.6474 38.0103 -6.31499
    endloop
  endfacet
  facet normal 0 0 -1
    outer loop
      vertex -40.6474 38.0103 -6.31499
      vertex -51.705 43.925 -6.31499
      vertex -40.6151 38.1539 -6.31499
    endloop
  endfacet
  facet normal 0 0 -1
    outer loop
      vertex -40.6151 38.1539 -6.31499
      vertex -51.705 43.925 -6.31499
      vertex -40.5758 38.2959 -6.31499
    endloop
  endfacet
  facet normal 0 0 -1
    outer loop
      vertex -40.5758 38.2959 -6.31499
      vertex -51.705 43.925 -6.31499
      vertex -40.5296 38.4357 -6.31499
    endloop
  endfacet
  facet normal 0 0 -1
    outer loop
      vertex -40.5296 38.4357 -6.31499
      vertex -51.705 43.925 -6.31499
      vertex -40.4766 38.573 -6.31499
    endloop
  endfacet
  facet normal 0 0 -1
    outer loop
      vertex -40.4766 38.573 -6.31499
      vertex -51.705 43.925 -6.31499
      vertex -40.417 38.7077 -6.31499
    endloop
  endfacet
  facet normal 0 0 -1
    outer loop
      vertex -40.417 38.7077 -6.31499
      vertex -51.705 43.925 -6.31499
      vertex -40.3508 38.8392 -6.31499
    endloop
  endfacet
  facet normal 0 0 -1
    outer loop
      vertex -40.3508 38.8392 -6.31499
      vertex -51.705 43.925 -6.31499
      vertex -40.2782 38.9673 -6.31499
    endloop
  endfacet
  facet normal 0 0 -1
    outer loop
      vertex -40.2782 38.9673 -6.31499
      vertex -51.705 43.925 -6.31499
      vertex -40.1994 39.0917 -6.31499
    endloop
  endfacet
  facet normal 0 0 -1
    outer loop
      vertex -40.1994 39.0917 -6.31499
      vertex -51.705 43.925 -6.31499
      vertex -40.1146 39.2121 -6.31499
    endloop
  endfacet
  facet normal 0 0 -1
    outer loop
      vertex -40.1146 39.2121 -6.31499
      vertex -51.705 43.925 -6.31499
      vertex -40.024 39.3282 -6.31499
    endloop
  endfacet
  facet normal 0 0 -1
    outer loop
      vertex -40.024 39.3282 -6.31499
      vertex -51.705 43.925 -6.31499
      vertex -39.9279 39.4397 -6.31499
    endloop
  endfacet
  facet normal 0 0 -1
    outer loop
      vertex -39.9279 39.4397 -6.31499
      vertex -51.705 43.925 -6.31499
      vertex -39.8263 39.5463 -6.31499
    endloop
  endfacet
  facet normal 0 0 -1
    outer loop
      vertex -39.8263 39.5463 -6.31499
      vertex -51.705 43.925 -6.31499
      vertex -39.7197 39.6479 -6.31499
    endloop
  endfacet
  facet normal 0 0 -1
    outer loop
      vertex -39.7197 39.6479 -6.31499
      vertex -51.705 43.925 -6.31499
      vertex -39.6082 39.744 -6.31499
    endloop
  endfacet
  facet normal 0 0 -1
    outer loop
      vertex -32.0648 40.3925 -6.31499
      vertex -51.705 43.925 -6.31499
      vertex 51.705 43.925 -6.31499
    endloop
  endfacet
  facet normal 0 0 -1
    outer loop
      vertex -37.9991 40.4106 -6.31499
      vertex -51.705 43.925 -6.31499
      vertex -37.8522 40.4214 -6.31499
    endloop
  endfacet
  facet normal 0 0 -1
    outer loop
      vertex -38.1452 40.3925 -6.31499
      vertex -51.705 43.925 -6.31499
      vertex -37.9991 40.4106 -6.31499
    endloop
  endfacet
  facet normal 0 0 -1
    outer loop
      vertex -38.2903 40.3674 -6.31499
      vertex -51.705 43.925 -6.31499
      vertex -38.1452 40.3925 -6.31499
    endloop
  endfacet
  facet normal 0 0 -1
    outer loop
      vertex -38.4339 40.3351 -6.31499
      vertex -51.705 43.925 -6.31499
      vertex -38.2903 40.3674 -6.31499
    endloop
  endfacet
  facet normal 0 0 -1
    outer loop
      vertex -38.5759 40.2958 -6.31499
      vertex -51.705 43.925 -6.31499
      vertex -38.4339 40.3351 -6.31499
    endloop
  endfacet
  facet normal 0 0 -1
    outer loop
      vertex -38.7157 40.2496 -6.31499
      vertex -51.705 43.925 -6.31499
      vertex -38.5759 40.2958 -6.31499
    endloop
  endfacet
  facet normal 0 0 -1
    outer loop
      vertex -38.8531 40.1966 -6.31499
      vertex -51.705 43.925 -6.31499
      vertex -38.7157 40.2496 -6.31499
    endloop
  endfacet
  facet normal 0 0 -1
    outer loop
      vertex -38.9877 40.137 -6.31499
      vertex -51.705 43.925 -6.31499
      vertex -38.8531 40.1966 -6.31499
    endloop
  endfacet
  facet normal 0 0 -1
    outer loop
      vertex -39.1192 40.0708 -6.31499
      vertex -51.705 43.925 -6.31499
      vertex -38.9877 40.137 -6.31499
    endloop
  endfacet
  facet normal 0 0 -1
    outer loop
      vertex -39.2473 39.9982 -6.31499
      vertex -51.705 43.925 -6.31499
      vertex -39.1192 40.0708 -6.31499
    endloop
  endfacet
  facet normal 0 0 -1
    outer loop
      vertex -39.3717 39.9194 -6.31499
      vertex -51.705 43.925 -6.31499
      vertex -39.2473 39.9982 -6.31499
    endloop
  endfacet
  facet normal 0 0 -1
    outer loop
      vertex -39.4921 39.8346 -6.31499
      vertex -51.705 43.925 -6.31499
      vertex -39.3717 39.9194 -6.31499
    endloop
  endfacet
  facet normal 0 0 -1
    outer loop
      vertex -39.6082 39.744 -6.31499
      vertex -51.705 43.925 -6.31499
      vertex -39.4921 39.8346 -6.31499
    endloop
  endfacet
  facet normal 0 -1 0
    outer loop
      vertex -51.705 30.75 -6.31499
      vertex 51.705 30.75 13.685
      vertex -51.705 30.75 13.685
    endloop
  endfacet
  facet normal 0 -1 -0
    outer loop
      vertex 51.705 30.75 13.685
      vertex -51.705 30.75 -6.31499
      vertex 51.705 30.75 -6.31499
    endloop
  endfacet
  facet normal 0 0 -1
    outer loop
      vertex -51.705 21.5 13.685
      vertex 51.705 30.75 13.685
      vertex 51.705 21.5 13.685
    endloop
  endfacet
  facet normal -0 0 -1
    outer loop
      vertex 51.705 30.75 13.685
      vertex -51.705 21.5 13.685
      vertex -51.705 30.75 13.685
    endloop
  endfacet
  facet normal 0 -1 0
    outer loop
      vertex -51.705 21.5 13.685
      vertex 51.705 21.5 24.295
      vertex -51.705 21.5 24.295
    endloop
  endfacet
  facet normal 0 -1 -0
    outer loop
      vertex 51.705 21.5 24.295
      vertex -51.705 21.5 13.685
      vertex 51.705 21.5 13.685
    endloop
  endfacet
  facet normal 0 0 -1
    outer loop
      vertex -51.705 -21.5 24.295
      vertex 51.705 21.5 24.295
      vertex 51.705 -21.5 24.295
    endloop
  endfacet
  facet normal -0 0 -1
    outer loop
      vertex 51.705 21.5 24.295
      vertex -51.705 -21.5 24.295
      vertex -51.705 21.5 24.295
    endloop
  endfacet
  facet normal 0 1 -0
    outer loop
      vertex 51.705 -21.5 13.685
      vertex -51.705 -21.5 24.295
      vertex 51.705 -21.5 24.295
    endloop
  endfacet
  facet normal 0 1 0
    outer loop
      vertex -51.705 -21.5 24.295
      vertex 51.705 -21.5 13.685
      vertex -51.705 -21.5 13.685
    endloop
  endfacet
  facet normal 0.122435 0 -0.992477
    outer loop
      vertex 19.5305 43.925 -9.03463
      vertex 19.6863 44.925 -9.01541
      vertex 19.6863 43.925 -9.01541
    endloop
  endfacet
  facet normal 0.122435 0 -0.992477
    outer loop
      vertex 19.6863 44.925 -9.01541
      vertex 19.5305 43.925 -9.03463
      vertex 19.5305 44.925 -9.03463
    endloop
  endfacet
  facet normal -0.997318 0 -0.0731918
    outer loop
      vertex 23.1961 43.925 -12.043
      vertex 23.1846 44.925 -11.8863
      vertex 23.1961 44.925 -12.043
    endloop
  endfacet
  facet normal -0.997318 -0 -0.0731918
    outer loop
      vertex 23.1846 44.925 -11.8863
      vertex 23.1961 43.925 -12.043
      vertex 23.1846 43.925 -11.8863
    endloop
  endfacet
  facet normal -0.999692 0 -0.0248331
    outer loop
      vertex 23.2 43.925 -12.2
      vertex 23.1961 44.925 -12.043
      vertex 23.2 44.925 -12.2
    endloop
  endfacet
  facet normal -0.999692 -0 -0.0248331
    outer loop
      vertex 23.1961 44.925 -12.043
      vertex 23.2 43.925 -12.2
      vertex 23.1961 43.925 -12.043
    endloop
  endfacet
  facet normal -0.87004 0 0.49298
    outer loop
      vertex 22.7447 43.925 -13.8451
      vertex 22.8221 44.925 -13.7085
      vertex 22.7447 44.925 -13.8451
    endloop
  endfacet
  facet normal -0.87004 0 0.49298
    outer loop
      vertex 22.8221 44.925 -13.7085
      vertex 22.7447 43.925 -13.8451
      vertex 22.8221 43.925 -13.7085
    endloop
  endfacet
  facet normal -0.844944 0 -0.534855
    outer loop
      vertex 22.7447 43.925 -10.5549
      vertex 22.6607 44.925 -10.4222
      vertex 22.7447 44.925 -10.5549
    endloop
  endfacet
  facet normal -0.844944 -0 -0.534855
    outer loop
      vertex 22.6607 44.925 -10.4222
      vertex 22.7447 43.925 -10.5549
      vertex 22.6607 43.925 -10.4222
    endloop
  endfacet
  facet normal -0.0248331 0 0.999692
    outer loop
      vertex 20 44.925 -15.4
      vertex 20.157 43.925 -15.3961
      vertex 20.157 44.925 -15.3961
    endloop
  endfacet
  facet normal -0.0248331 0 0.999692
    outer loop
      vertex 20.157 43.925 -15.3961
      vertex 20 44.925 -15.4
      vertex 20 43.925 -15.4
    endloop
  endfacet
  facet normal -0.405223 0 -0.914218
    outer loop
      vertex 21.2246 43.925 -9.24358
      vertex 21.3682 44.925 -9.30723
      vertex 21.3682 43.925 -9.30723
    endloop
  endfacet
  facet normal -0.405223 0 -0.914218
    outer loop
      vertex 21.3682 44.925 -9.30723
      vertex 21.2246 43.925 -9.24358
      vertex 21.2246 44.925 -9.24358
    endloop
  endfacet
  facet normal 0.975705 0 -0.219088
    outer loop
      vertex 16.8959 43.925 -11.4225
      vertex 16.8615 44.925 -11.5757
      vertex 16.8959 44.925 -11.4225
    endloop
  endfacet
  facet normal 0.975705 0 -0.219088
    outer loop
      vertex 16.8615 44.925 -11.5757
      vertex 16.8959 43.925 -11.4225
      vertex 16.8615 43.925 -11.5757
    endloop
  endfacet
  facet normal -0.985235 0 0.171207
    outer loop
      vertex 23.1385 43.925 -12.8243
      vertex 23.1654 44.925 -12.6695
      vertex 23.1385 44.925 -12.8243
    endloop
  endfacet
  facet normal -0.985235 0 0.171207
    outer loop
      vertex 23.1654 44.925 -12.6695
      vertex 23.1385 43.925 -12.8243
      vertex 23.1654 43.925 -12.6695
    endloop
  endfacet
  facet normal 0.87004 -0 0.49298
    outer loop
      vertex 17.1779 43.925 -13.7085
      vertex 17.2553 44.925 -13.8451
      vertex 17.1779 44.925 -13.7085
    endloop
  endfacet
  facet normal 0.87004 0 0.49298
    outer loop
      vertex 17.2553 44.925 -13.8451
      vertex 17.1779 43.925 -13.7085
      vertex 17.2553 43.925 -13.8451
    endloop
  endfacet
  facet normal -0.219148 0 -0.975692
    outer loop
      vertex 20.6243 43.925 -9.06149
      vertex 20.7775 44.925 -9.0959
      vertex 20.7775 43.925 -9.0959
    endloop
  endfacet
  facet normal -0.219148 0 -0.975692
    outer loop
      vertex 20.7775 44.925 -9.0959
      vertex 20.6243 43.925 -9.06149
      vertex 20.6243 44.925 -9.06149
    endloop
  endfacet
  facet normal 0.57581 0 -0.817583
    outer loop
      vertex 18.0938 43.925 -9.62973
      vertex 18.2222 44.925 -9.5393
      vertex 18.2222 43.925 -9.5393
    endloop
  endfacet
  facet normal 0.57581 0 -0.817583
    outer loop
      vertex 18.2222 44.925 -9.5393
      vertex 18.0938 43.925 -9.62973
      vertex 18.0938 44.925 -9.62973
    endloop
  endfacet
  facet normal -0.949445 0 -0.313934
    outer loop
      vertex 23.0622 43.925 -11.2711
      vertex 23.0129 44.925 -11.122
      vertex 23.0622 44.925 -11.2711
    endloop
  endfacet
  facet normal -0.949445 -0 -0.313934
    outer loop
      vertex 23.0129 44.925 -11.122
      vertex 23.0622 43.925 -11.2711
      vertex 23.0129 43.925 -11.122
    endloop
  endfacet
  facet normal -0.122435 0 -0.992477
    outer loop
      vertex 20.3137 43.925 -9.01541
      vertex 20.4695 44.925 -9.03463
      vertex 20.4695 43.925 -9.03463
    endloop
  endfacet
  facet normal -0.122435 0 -0.992477
    outer loop
      vertex 20.4695 44.925 -9.03463
      vertex 20.3137 43.925 -9.01541
      vertex 20.3137 44.925 -9.01541
    endloop
  endfacet
  facet normal 0.87004 0 -0.49298
    outer loop
      vertex 17.2553 43.925 -10.5549
      vertex 17.1779 44.925 -10.6915
      vertex 17.2553 44.925 -10.5549
    endloop
  endfacet
  facet normal 0.87004 0 -0.49298
    outer loop
      vertex 17.1779 44.925 -10.6915
      vertex 17.2553 43.925 -10.5549
      vertex 17.1779 43.925 -10.6915
    endloop
  endfacet
  facet normal 0.975705 -0 0.219088
    outer loop
      vertex 16.8615 43.925 -12.8243
      vertex 16.8959 44.925 -12.9775
      vertex 16.8615 44.925 -12.8243
    endloop
  endfacet
  facet normal 0.975705 0 0.219088
    outer loop
      vertex 16.8959 44.925 -12.9775
      vertex 16.8615 43.925 -12.8243
      vertex 16.8959 43.925 -12.9775
    endloop
  endfacet
  facet normal -0.893022 0 0.450012
    outer loop
      vertex 22.8221 43.925 -13.7085
      vertex 22.8928 44.925 -13.5682
      vertex 22.8221 44.925 -13.7085
    endloop
  endfacet
  facet normal -0.893022 0 0.450012
    outer loop
      vertex 22.8928 44.925 -13.5682
      vertex 22.8221 43.925 -13.7085
      vertex 22.8928 43.925 -13.5682
    endloop
  endfacet
  facet normal -0.0245149 0 -0.999699
    outer loop
      vertex 20 43.925 -9
      vertex 20.157 44.925 -9.00385
      vertex 20.157 43.925 -9.00385
    endloop
  endfacet
  facet normal -0.0245149 0 -0.999699
    outer loop
      vertex 20.157 44.925 -9.00385
      vertex 20 43.925 -9
      vertex 20 44.925 -9
    endloop
  endfacet
  facet normal 0.266724 0 0.963773
    outer loop
      vertex 19.0711 44.925 -15.2622
      vertex 19.2225 43.925 -15.3041
      vertex 19.2225 44.925 -15.3041
    endloop
  endfacet
  facet normal 0.266724 0 0.963773
    outer loop
      vertex 19.2225 43.925 -15.3041
      vertex 19.0711 44.925 -15.2622
      vertex 19.0711 43.925 -15.2622
    endloop
  endfacet
  facet normal -0.788323 0 0.615261
    outer loop
      vertex 22.4736 43.925 -14.2301
      vertex 22.5703 44.925 -14.1062
      vertex 22.4736 44.925 -14.2301
    endloop
  endfacet
  facet normal -0.788323 0 0.615261
    outer loop
      vertex 22.5703 44.925 -14.1062
      vertex 22.4736 43.925 -14.2301
      vertex 22.5703 43.925 -14.1062
    endloop
  endfacet
  facet normal -0.615261 0 0.788323
    outer loop
      vertex 21.9062 44.925 -14.7703
      vertex 22.0301 43.925 -14.6736
      vertex 22.0301 44.925 -14.6736
    endloop
  endfacet
  facet normal -0.615261 0 0.788323
    outer loop
      vertex 22.0301 43.925 -14.6736
      vertex 21.9062 44.925 -14.7703
      vertex 21.9062 43.925 -14.7703
    endloop
  endfacet
  facet normal -0.87004 0 -0.49298
    outer loop
      vertex 22.8221 43.925 -10.6915
      vertex 22.7447 44.925 -10.5549
      vertex 22.8221 44.925 -10.6915
    endloop
  endfacet
  facet normal -0.87004 -0 -0.49298
    outer loop
      vertex 22.7447 44.925 -10.5549
      vertex 22.8221 43.925 -10.6915
      vertex 22.7447 43.925 -10.5549
    endloop
  endfacet
  facet normal -0.653268 0 -0.757126
    outer loop
      vertex 22.0301 43.925 -9.72637
      vertex 22.149 44.925 -9.82896
      vertex 22.149 43.925 -9.82896
    endloop
  endfacet
  facet normal -0.653268 0 -0.757126
    outer loop
      vertex 22.149 44.925 -9.82896
      vertex 22.0301 43.925 -9.72637
      vertex 22.0301 44.925 -9.72637
    endloop
  endfacet
  facet normal -0.49298 0 0.87004
    outer loop
      vertex 21.5085 44.925 -15.0221
      vertex 21.6451 43.925 -14.9447
      vertex 21.6451 44.925 -14.9447
    endloop
  endfacet
  facet normal -0.49298 0 0.87004
    outer loop
      vertex 21.6451 43.925 -14.9447
      vertex 21.5085 44.925 -15.0221
      vertex 21.5085 43.925 -15.0221
    endloop
  endfacet
  facet normal -0.992492 0 -0.12231
    outer loop
      vertex 23.1846 43.925 -11.8863
      vertex 23.1654 44.925 -11.7305
      vertex 23.1846 44.925 -11.8863
    endloop
  endfacet
  facet normal -0.992492 -0 -0.12231
    outer loop
      vertex 23.1654 44.925 -11.7305
      vertex 23.1846 43.925 -11.8863
      vertex 23.1654 43.925 -11.7305
    endloop
  endfacet
  facet normal -0.997318 0 0.0731918
    outer loop
      vertex 23.1846 43.925 -12.5137
      vertex 23.1961 44.925 -12.357
      vertex 23.1846 44.925 -12.5137
    endloop
  endfacet
  facet normal -0.997318 0 0.0731918
    outer loop
      vertex 23.1961 44.925 -12.357
      vertex 23.1846 43.925 -12.5137
      vertex 23.1961 43.925 -12.357
    endloop
  endfacet
  facet normal 0.997318 -0 0.0731918
    outer loop
      vertex 16.8039 43.925 -12.357
      vertex 16.8154 44.925 -12.5137
      vertex 16.8039 44.925 -12.357
    endloop
  endfacet
  facet normal 0.997318 0 0.0731918
    outer loop
      vertex 16.8154 44.925 -12.5137
      vertex 16.8039 43.925 -12.357
      vertex 16.8154 43.925 -12.5137
    endloop
  endfacet
  facet normal 0.724092 -0 0.689703
    outer loop
      vertex 17.629 43.925 -14.349
      vertex 17.7373 44.925 -14.4627
      vertex 17.629 44.925 -14.349
    endloop
  endfacet
  facet normal 0.724092 0 0.689703
    outer loop
      vertex 17.7373 44.925 -14.4627
      vertex 17.629 43.925 -14.349
      vertex 17.7373 43.925 -14.4627
    endloop
  endfacet
  facet normal 0.219148 0 -0.975692
    outer loop
      vertex 19.2225 43.925 -9.0959
      vertex 19.3757 44.925 -9.06149
      vertex 19.3757 43.925 -9.06149
    endloop
  endfacet
  facet normal 0.219148 0 -0.975692
    outer loop
      vertex 19.3757 44.925 -9.06149
      vertex 19.2225 43.925 -9.0959
      vertex 19.2225 44.925 -9.0959
    endloop
  endfacet
  facet normal 0.914336 0 -0.404957
    outer loop
      vertex 17.1072 43.925 -10.8318
      vertex 17.0436 44.925 -10.9754
      vertex 17.1072 44.925 -10.8318
    endloop
  endfacet
  facet normal 0.914336 0 -0.404957
    outer loop
      vertex 17.0436 44.925 -10.9754
      vertex 17.1072 43.925 -10.8318
      vertex 17.0436 43.925 -10.9754
    endloop
  endfacet
  facet normal -0.788323 0 -0.615261
    outer loop
      vertex 22.5703 43.925 -10.2938
      vertex 22.4736 44.925 -10.1699
      vertex 22.5703 44.925 -10.2938
    endloop
  endfacet
  facet normal -0.788323 -0 -0.615261
    outer loop
      vertex 22.4736 44.925 -10.1699
      vertex 22.5703 43.925 -10.2938
      vertex 22.4736 43.925 -10.1699
    endloop
  endfacet
  facet normal -0.893022 0 -0.450012
    outer loop
      vertex 22.8928 43.925 -10.8318
      vertex 22.8221 44.925 -10.6915
      vertex 22.8928 44.925 -10.8318
    endloop
  endfacet
  facet normal -0.893022 -0 -0.450012
    outer loop
      vertex 22.8221 44.925 -10.6915
      vertex 22.8928 43.925 -10.8318
      vertex 22.8221 43.925 -10.6915
    endloop
  endfacet
  facet normal 0.0248331 0 0.999692
    outer loop
      vertex 19.843 44.925 -15.3961
      vertex 20 43.925 -15.4
      vertex 20 44.925 -15.4
    endloop
  endfacet
  facet normal 0.0248331 0 0.999692
    outer loop
      vertex 20 43.925 -15.4
      vertex 19.843 44.925 -15.3961
      vertex 19.843 43.925 -15.3961
    endloop
  endfacet
  facet normal -0.266665 0 -0.963789
    outer loop
      vertex 20.7775 43.925 -9.0959
      vertex 20.9289 44.925 -9.13779
      vertex 20.9289 43.925 -9.13779
    endloop
  endfacet
  facet normal -0.266665 0 -0.963789
    outer loop
      vertex 20.9289 44.925 -9.13779
      vertex 20.7775 43.925 -9.0959
      vertex 20.7775 44.925 -9.0959
    endloop
  endfacet
  facet normal -0.985235 0 -0.171207
    outer loop
      vertex 23.1654 43.925 -11.7305
      vertex 23.1385 44.925 -11.5757
      vertex 23.1654 44.925 -11.7305
    endloop
  endfacet
  facet normal -0.985235 -0 -0.171207
    outer loop
      vertex 23.1385 44.925 -11.5757
      vertex 23.1654 43.925 -11.7305
      vertex 23.1385 43.925 -11.5757
    endloop
  endfacet
  facet normal 0.999692 0 -0.0248331
    outer loop
      vertex 16.8039 43.925 -12.043
      vertex 16.8 44.925 -12.2
      vertex 16.8039 44.925 -12.043
    endloop
  endfacet
  facet normal 0.999692 0 -0.0248331
    outer loop
      vertex 16.8 44.925 -12.2
      vertex 16.8039 43.925 -12.043
      vertex 16.8 43.925 -12.2
    endloop
  endfacet
  facet normal -0.963773 0 -0.266724
    outer loop
      vertex 23.1041 43.925 -11.4225
      vertex 23.0622 44.925 -11.2711
      vertex 23.1041 44.925 -11.4225
    endloop
  endfacet
  facet normal -0.963773 -0 -0.266724
    outer loop
      vertex 23.0622 44.925 -11.2711
      vertex 23.1041 43.925 -11.4225
      vertex 23.0622 43.925 -11.2711
    endloop
  endfacet
  facet normal 0.893022 0 -0.450012
    outer loop
      vertex 17.1779 43.925 -10.6915
      vertex 17.1072 44.925 -10.8318
      vertex 17.1779 44.925 -10.6915
    endloop
  endfacet
  facet normal 0.893022 0 -0.450012
    outer loop
      vertex 17.1072 44.925 -10.8318
      vertex 17.1779 43.925 -10.6915
      vertex 17.1072 43.925 -10.8318
    endloop
  endfacet
  facet normal 0.493077 0 -0.869986
    outer loop
      vertex 18.3549 43.925 -9.45527
      vertex 18.4915 44.925 -9.37785
      vertex 18.4915 43.925 -9.37785
    endloop
  endfacet
  facet normal 0.493077 0 -0.869986
    outer loop
      vertex 18.4915 44.925 -9.37785
      vertex 18.3549 43.925 -9.45527
      vertex 18.3549 44.925 -9.45527
    endloop
  endfacet
  facet normal 0.844944 -0 0.534855
    outer loop
      vertex 17.2553 43.925 -13.8451
      vertex 17.3393 44.925 -13.9778
      vertex 17.2553 44.925 -13.8451
    endloop
  endfacet
  facet normal 0.844944 0 0.534855
    outer loop
      vertex 17.3393 44.925 -13.9778
      vertex 17.2553 43.925 -13.8451
      vertex 17.3393 43.925 -13.9778
    endloop
  endfacet
  facet normal 0.788323 0 -0.615261
    outer loop
      vertex 17.5264 43.925 -10.1699
      vertex 17.4297 44.925 -10.2938
      vertex 17.5264 44.925 -10.1699
    endloop
  endfacet
  facet normal 0.788323 0 -0.615261
    outer loop
      vertex 17.4297 44.925 -10.2938
      vertex 17.5264 43.925 -10.1699
      vertex 17.4297 43.925 -10.2938
    endloop
  endfacet
  facet normal 0.0731918 0 0.997318
    outer loop
      vertex 19.6863 44.925 -15.3846
      vertex 19.843 43.925 -15.3961
      vertex 19.843 44.925 -15.3961
    endloop
  endfacet
  facet normal 0.0731918 0 0.997318
    outer loop
      vertex 19.843 43.925 -15.3961
      vertex 19.6863 44.925 -15.3846
      vertex 19.6863 43.925 -15.3846
    endloop
  endfacet
  facet normal 0.949445 -0 0.313934
    outer loop
      vertex 16.9378 43.925 -13.1289
      vertex 16.9871 44.925 -13.278
      vertex 16.9378 44.925 -13.1289
    endloop
  endfacet
  facet normal 0.949445 0 0.313934
    outer loop
      vertex 16.9871 44.925 -13.278
      vertex 16.9378 43.925 -13.1289
      vertex 16.9871 43.925 -13.278
    endloop
  endfacet
  facet normal 0.757095 -0 0.653305
    outer loop
      vertex 17.5264 43.925 -14.2301
      vertex 17.629 44.925 -14.349
      vertex 17.5264 44.925 -14.2301
    endloop
  endfacet
  facet normal 0.757095 0 0.653305
    outer loop
      vertex 17.629 44.925 -14.349
      vertex 17.5264 43.925 -14.2301
      vertex 17.629 43.925 -14.349
    endloop
  endfacet
  facet normal 0.985235 0 -0.171207
    outer loop
      vertex 16.8615 43.925 -11.5757
      vertex 16.8346 44.925 -11.7305
      vertex 16.8615 44.925 -11.5757
    endloop
  endfacet
  facet normal 0.985235 0 -0.171207
    outer loop
      vertex 16.8346 44.925 -11.7305
      vertex 16.8615 43.925 -11.5757
      vertex 16.8346 43.925 -11.7305
    endloop
  endfacet
  facet normal 0.724214 0 -0.689576
    outer loop
      vertex 17.7373 43.925 -9.93726
      vertex 17.629 44.925 -10.051
      vertex 17.7373 44.925 -9.93726
    endloop
  endfacet
  facet normal 0.724214 0 -0.689576
    outer loop
      vertex 17.629 44.925 -10.051
      vertex 17.7373 43.925 -9.93726
      vertex 17.629 43.925 -10.051
    endloop
  endfacet
  facet normal 0.313762 0 -0.949502
    outer loop
      vertex 18.922 43.925 -9.18706
      vertex 19.0711 44.925 -9.13779
      vertex 19.0711 43.925 -9.13779
    endloop
  endfacet
  facet normal 0.313762 0 -0.949502
    outer loop
      vertex 19.0711 44.925 -9.13779
      vertex 18.922 43.925 -9.18706
      vertex 18.922 44.925 -9.18706
    endloop
  endfacet
  facet normal -0.171207 0 0.985235
    outer loop
      vertex 20.4695 44.925 -15.3654
      vertex 20.6243 43.925 -15.3385
      vertex 20.6243 44.925 -15.3385
    endloop
  endfacet
  facet normal -0.171207 0 0.985235
    outer loop
      vertex 20.6243 43.925 -15.3385
      vertex 20.4695 44.925 -15.3654
      vertex 20.4695 43.925 -15.3654
    endloop
  endfacet
  facet normal -0.57581 0 -0.817583
    outer loop
      vertex 21.7778 43.925 -9.5393
      vertex 21.9062 44.925 -9.62973
      vertex 21.9062 43.925 -9.62973
    endloop
  endfacet
  facet normal -0.57581 0 -0.817583
    outer loop
      vertex 21.9062 44.925 -9.62973
      vertex 21.7778 43.925 -9.5393
      vertex 21.7778 44.925 -9.5393
    endloop
  endfacet
  facet normal 0.49298 0 0.87004
    outer loop
      vertex 18.3549 44.925 -14.9447
      vertex 18.4915 43.925 -15.0221
      vertex 18.4915 44.925 -15.0221
    endloop
  endfacet
  facet normal 0.49298 0 0.87004
    outer loop
      vertex 18.4915 43.925 -15.0221
      vertex 18.3549 44.925 -14.9447
      vertex 18.3549 43.925 -14.9447
    endloop
  endfacet
  facet normal 0.653268 0 -0.757126
    outer loop
      vertex 17.851 43.925 -9.82896
      vertex 17.9699 44.925 -9.72637
      vertex 17.9699 43.925 -9.72637
    endloop
  endfacet
  facet normal 0.653268 0 -0.757126
    outer loop
      vertex 17.9699 44.925 -9.72637
      vertex 17.851 43.925 -9.82896
      vertex 17.851 44.925 -9.82896
    endloop
  endfacet
  facet normal -0.449606 0 -0.893227
    outer loop
      vertex 21.3682 43.925 -9.30723
      vertex 21.5085 44.925 -9.37785
      vertex 21.5085 43.925 -9.37785
    endloop
  endfacet
  facet normal -0.449606 0 -0.893227
    outer loop
      vertex 21.5085 44.925 -9.37785
      vertex 21.3682 43.925 -9.30723
      vertex 21.3682 44.925 -9.30723
    endloop
  endfacet
  facet normal -0.689703 0 -0.724092
    outer loop
      vertex 22.149 43.925 -9.82896
      vertex 22.2627 44.925 -9.93726
      vertex 22.2627 43.925 -9.93726
    endloop
  endfacet
  facet normal -0.689703 0 -0.724092
    outer loop
      vertex 22.2627 44.925 -9.93726
      vertex 22.149 43.925 -9.82896
      vertex 22.149 44.925 -9.82896
    endloop
  endfacet
  facet normal -0.914336 0 0.404957
    outer loop
      vertex 22.8928 43.925 -13.5682
      vertex 22.9564 44.925 -13.4246
      vertex 22.8928 44.925 -13.5682
    endloop
  endfacet
  facet normal -0.914336 0 0.404957
    outer loop
      vertex 22.9564 44.925 -13.4246
      vertex 22.8928 43.925 -13.5682
      vertex 22.9564 43.925 -13.4246
    endloop
  endfacet
  facet normal -0.963773 0 0.266724
    outer loop
      vertex 23.0622 43.925 -13.1289
      vertex 23.1041 44.925 -12.9775
      vertex 23.0622 44.925 -13.1289
    endloop
  endfacet
  facet normal -0.963773 0 0.266724
    outer loop
      vertex 23.1041 44.925 -12.9775
      vertex 23.0622 43.925 -13.1289
      vertex 23.1041 43.925 -12.9775
    endloop
  endfacet
  facet normal 0.933099 -0 0.359619
    outer loop
      vertex 16.9871 43.925 -13.278
      vertex 17.0436 44.925 -13.4246
      vertex 16.9871 44.925 -13.278
    endloop
  endfacet
  facet normal 0.933099 0 0.359619
    outer loop
      vertex 17.0436 44.925 -13.4246
      vertex 16.9871 43.925 -13.278
      vertex 17.0436 43.925 -13.4246
    endloop
  endfacet
  facet normal -0.404957 0 0.914336
    outer loop
      vertex 21.2246 44.925 -15.1564
      vertex 21.3682 43.925 -15.0928
      vertex 21.3682 44.925 -15.0928
    endloop
  endfacet
  facet normal -0.404957 0 0.914336
    outer loop
      vertex 21.3682 43.925 -15.0928
      vertex 21.2246 44.925 -15.1564
      vertex 21.2246 43.925 -15.1564
    endloop
  endfacet
  facet normal -0.35973 0 -0.933057
    outer loop
      vertex 21.078 43.925 -9.18706
      vertex 21.2246 44.925 -9.24358
      vertex 21.2246 43.925 -9.24358
    endloop
  endfacet
  facet normal -0.35973 0 -0.933057
    outer loop
      vertex 21.2246 44.925 -9.24358
      vertex 21.078 43.925 -9.18706
      vertex 21.078 44.925 -9.18706
    endloop
  endfacet
  facet normal 0.817673 0 -0.575683
    outer loop
      vertex 17.4297 43.925 -10.2938
      vertex 17.3393 44.925 -10.4222
      vertex 17.4297 44.925 -10.2938
    endloop
  endfacet
  facet normal 0.817673 0 -0.575683
    outer loop
      vertex 17.3393 44.925 -10.4222
      vertex 17.4297 43.925 -10.2938
      vertex 17.3393 43.925 -10.4222
    endloop
  endfacet
  facet normal -0.949445 0 0.313934
    outer loop
      vertex 23.0129 43.925 -13.278
      vertex 23.0622 44.925 -13.1289
      vertex 23.0129 44.925 -13.278
    endloop
  endfacet
  facet normal -0.949445 0 0.313934
    outer loop
      vertex 23.0622 44.925 -13.1289
      vertex 23.0129 43.925 -13.278
      vertex 23.0622 43.925 -13.1289
    endloop
  endfacet
  facet normal 0.17096 0 -0.985278
    outer loop
      vertex 19.3757 43.925 -9.06149
      vertex 19.5305 44.925 -9.03463
      vertex 19.5305 43.925 -9.03463
    endloop
  endfacet
  facet normal 0.17096 0 -0.985278
    outer loop
      vertex 19.5305 44.925 -9.03463
      vertex 19.3757 43.925 -9.06149
      vertex 19.3757 44.925 -9.06149
    endloop
  endfacet
  facet normal -0.757095 0 0.653305
    outer loop
      vertex 22.371 43.925 -14.349
      vertex 22.4736 44.925 -14.2301
      vertex 22.371 44.925 -14.349
    endloop
  endfacet
  facet normal -0.757095 0 0.653305
    outer loop
      vertex 22.4736 44.925 -14.2301
      vertex 22.371 43.925 -14.349
      vertex 22.4736 43.925 -14.2301
    endloop
  endfacet
  facet normal -0.817673 0 -0.575683
    outer loop
      vertex 22.6607 43.925 -10.4222
      vertex 22.5703 44.925 -10.2938
      vertex 22.6607 44.925 -10.4222
    endloop
  endfacet
  facet normal -0.817673 -0 -0.575683
    outer loop
      vertex 22.5703 44.925 -10.2938
      vertex 22.6607 43.925 -10.4222
      vertex 22.5703 43.925 -10.2938
    endloop
  endfacet
  facet normal 0.985235 -0 0.171207
    outer loop
      vertex 16.8346 43.925 -12.6695
      vertex 16.8615 44.925 -12.8243
      vertex 16.8346 44.925 -12.6695
    endloop
  endfacet
  facet normal 0.985235 0 0.171207
    outer loop
      vertex 16.8615 44.925 -12.8243
      vertex 16.8346 43.925 -12.6695
      vertex 16.8615 43.925 -12.8243
    endloop
  endfacet
  facet normal -0.0731918 0 0.997318
    outer loop
      vertex 20.157 44.925 -15.3961
      vertex 20.3137 43.925 -15.3846
      vertex 20.3137 44.925 -15.3846
    endloop
  endfacet
  facet normal -0.0731918 0 0.997318
    outer loop
      vertex 20.3137 43.925 -15.3846
      vertex 20.157 44.925 -15.3961
      vertex 20.157 43.925 -15.3961
    endloop
  endfacet
  facet normal 0.0735716 0 -0.99729
    outer loop
      vertex 19.6863 43.925 -9.01541
      vertex 19.843 44.925 -9.00385
      vertex 19.843 43.925 -9.00385
    endloop
  endfacet
  facet normal 0.0735716 0 -0.99729
    outer loop
      vertex 19.843 44.925 -9.00385
      vertex 19.6863 43.925 -9.01541
      vertex 19.6863 44.925 -9.01541
    endloop
  endfacet
  facet normal 0.689703 0 0.724092
    outer loop
      vertex 17.7373 44.925 -14.4627
      vertex 17.851 43.925 -14.571
      vertex 17.851 44.925 -14.571
    endloop
  endfacet
  facet normal 0.689703 0 0.724092
    outer loop
      vertex 17.851 43.925 -14.571
      vertex 17.7373 44.925 -14.4627
      vertex 17.7373 43.925 -14.4627
    endloop
  endfacet
  facet normal -0.992492 0 0.12231
    outer loop
      vertex 23.1654 43.925 -12.6695
      vertex 23.1846 44.925 -12.5137
      vertex 23.1654 44.925 -12.6695
    endloop
  endfacet
  facet normal -0.992492 0 0.12231
    outer loop
      vertex 23.1846 44.925 -12.5137
      vertex 23.1654 43.925 -12.6695
      vertex 23.1846 43.925 -12.5137
    endloop
  endfacet
  facet normal -0.493077 0 -0.869986
    outer loop
      vertex 21.5085 43.925 -9.37785
      vertex 21.6451 44.925 -9.45527
      vertex 21.6451 43.925 -9.45527
    endloop
  endfacet
  facet normal -0.493077 0 -0.869986
    outer loop
      vertex 21.6451 44.925 -9.45527
      vertex 21.5085 43.925 -9.37785
      vertex 21.5085 44.925 -9.37785
    endloop
  endfacet
  facet normal -0.914336 0 -0.404957
    outer loop
      vertex 22.9564 43.925 -10.9754
      vertex 22.8928 44.925 -10.8318
      vertex 22.9564 44.925 -10.9754
    endloop
  endfacet
  facet normal -0.914336 -0 -0.404957
    outer loop
      vertex 22.8928 44.925 -10.8318
      vertex 22.9564 43.925 -10.9754
      vertex 22.8928 43.925 -10.8318
    endloop
  endfacet
  facet normal 0.449606 0 -0.893227
    outer loop
      vertex 18.4915 43.925 -9.37785
      vertex 18.6318 44.925 -9.30723
      vertex 18.6318 43.925 -9.30723
    endloop
  endfacet
  facet normal 0.449606 0 -0.893227
    outer loop
      vertex 18.6318 44.925 -9.30723
      vertex 18.4915 43.925 -9.37785
      vertex 18.4915 44.925 -9.37785
    endloop
  endfacet
  facet normal -0.534855 0 0.844944
    outer loop
      vertex 21.6451 44.925 -14.9447
      vertex 21.7778 43.925 -14.8607
      vertex 21.7778 44.925 -14.8607
    endloop
  endfacet
  facet normal -0.534855 0 0.844944
    outer loop
      vertex 21.7778 43.925 -14.8607
      vertex 21.6451 44.925 -14.9447
      vertex 21.6451 43.925 -14.9447
    endloop
  endfacet
  facet normal 0.35973 0 -0.933057
    outer loop
      vertex 18.7754 43.925 -9.24358
      vertex 18.922 44.925 -9.18706
      vertex 18.922 43.925 -9.18706
    endloop
  endfacet
  facet normal 0.35973 0 -0.933057
    outer loop
      vertex 18.922 44.925 -9.18706
      vertex 18.7754 43.925 -9.24358
      vertex 18.7754 44.925 -9.24358
    endloop
  endfacet
  facet normal -0.724214 0 -0.689576
    outer loop
      vertex 22.371 43.925 -10.051
      vertex 22.2627 44.925 -9.93726
      vertex 22.371 44.925 -10.051
    endloop
  endfacet
  facet normal -0.724214 -0 -0.689576
    outer loop
      vertex 22.2627 44.925 -9.93726
      vertex 22.371 43.925 -10.051
      vertex 22.2627 43.925 -9.93726
    endloop
  endfacet
  facet normal 0.534991 0 -0.844857
    outer loop
      vertex 18.2222 43.925 -9.5393
      vertex 18.3549 44.925 -9.45527
      vertex 18.3549 43.925 -9.45527
    endloop
  endfacet
  facet normal 0.534991 0 -0.844857
    outer loop
      vertex 18.3549 44.925 -9.45527
      vertex 18.2222 43.925 -9.5393
      vertex 18.2222 44.925 -9.5393
    endloop
  endfacet
  facet normal 0.997318 0 -0.0731918
    outer loop
      vertex 16.8154 43.925 -11.8863
      vertex 16.8039 44.925 -12.043
      vertex 16.8154 44.925 -11.8863
    endloop
  endfacet
  facet normal 0.997318 0 -0.0731918
    outer loop
      vertex 16.8039 44.925 -12.043
      vertex 16.8154 43.925 -11.8863
      vertex 16.8039 43.925 -12.043
    endloop
  endfacet
  facet normal 0.450012 0 0.893022
    outer loop
      vertex 18.4915 44.925 -15.0221
      vertex 18.6318 43.925 -15.0928
      vertex 18.6318 44.925 -15.0928
    endloop
  endfacet
  facet normal 0.450012 0 0.893022
    outer loop
      vertex 18.6318 43.925 -15.0928
      vertex 18.4915 44.925 -15.0221
      vertex 18.4915 43.925 -15.0221
    endloop
  endfacet
  facet normal -0.933099 0 -0.359619
    outer loop
      vertex 23.0129 43.925 -11.122
      vertex 22.9564 44.925 -10.9754
      vertex 23.0129 44.925 -11.122
    endloop
  endfacet
  facet normal -0.933099 -0 -0.359619
    outer loop
      vertex 22.9564 44.925 -10.9754
      vertex 23.0129 43.925 -11.122
      vertex 22.9564 43.925 -10.9754
    endloop
  endfacet
  facet normal -0.975705 0 0.219088
    outer loop
      vertex 23.1041 43.925 -12.9775
      vertex 23.1385 44.925 -12.8243
      vertex 23.1041 44.925 -12.9775
    endloop
  endfacet
  facet normal -0.975705 0 0.219088
    outer loop
      vertex 23.1385 44.925 -12.8243
      vertex 23.1041 43.925 -12.9775
      vertex 23.1385 43.925 -12.8243
    endloop
  endfacet
  facet normal -0.975705 0 -0.219088
    outer loop
      vertex 23.1385 43.925 -11.5757
      vertex 23.1041 44.925 -11.4225
      vertex 23.1385 44.925 -11.5757
    endloop
  endfacet
  facet normal -0.975705 -0 -0.219088
    outer loop
      vertex 23.1041 44.925 -11.4225
      vertex 23.1385 43.925 -11.5757
      vertex 23.1041 43.925 -11.4225
    endloop
  endfacet
  facet normal -0.653305 0 0.757095
    outer loop
      vertex 22.0301 44.925 -14.6736
      vertex 22.149 43.925 -14.571
      vertex 22.149 44.925 -14.571
    endloop
  endfacet
  facet normal -0.653305 0 0.757095
    outer loop
      vertex 22.149 43.925 -14.571
      vertex 22.0301 44.925 -14.6736
      vertex 22.0301 43.925 -14.6736
    endloop
  endfacet
  facet normal -0.724092 0 0.689703
    outer loop
      vertex 22.2627 43.925 -14.4627
      vertex 22.371 44.925 -14.349
      vertex 22.2627 44.925 -14.4627
    endloop
  endfacet
  facet normal -0.724092 0 0.689703
    outer loop
      vertex 22.371 44.925 -14.349
      vertex 22.2627 43.925 -14.4627
      vertex 22.371 43.925 -14.349
    endloop
  endfacet
  facet normal 0.404957 0 0.914336
    outer loop
      vertex 18.6318 44.925 -15.0928
      vertex 18.7754 43.925 -15.1564
      vertex 18.7754 44.925 -15.1564
    endloop
  endfacet
  facet normal 0.404957 0 0.914336
    outer loop
      vertex 18.7754 43.925 -15.1564
      vertex 18.6318 44.925 -15.0928
      vertex 18.6318 43.925 -15.0928
    endloop
  endfacet
  facet normal -0.999692 0 0.0248331
    outer loop
      vertex 23.1961 43.925 -12.357
      vertex 23.2 44.925 -12.2
      vertex 23.1961 44.925 -12.357
    endloop
  endfacet
  facet normal -0.999692 0 0.0248331
    outer loop
      vertex 23.2 44.925 -12.2
      vertex 23.1961 43.925 -12.357
      vertex 23.2 43.925 -12.2
    endloop
  endfacet
  facet normal -0.534991 0 -0.844857
    outer loop
      vertex 21.6451 43.925 -9.45527
      vertex 21.7778 44.925 -9.5393
      vertex 21.7778 43.925 -9.5393
    endloop
  endfacet
  facet normal -0.534991 0 -0.844857
    outer loop
      vertex 21.7778 44.925 -9.5393
      vertex 21.6451 43.925 -9.45527
      vertex 21.6451 44.925 -9.45527
    endloop
  endfacet
  facet normal 0.0245149 0 -0.999699
    outer loop
      vertex 19.843 43.925 -9.00385
      vertex 20 44.925 -9
      vertex 20 43.925 -9
    endloop
  endfacet
  facet normal 0.0245149 0 -0.999699
    outer loop
      vertex 20 44.925 -9
      vertex 19.843 43.925 -9.00385
      vertex 19.843 44.925 -9.00385
    endloop
  endfacet
  facet normal 0.653305 0 0.757095
    outer loop
      vertex 17.851 44.925 -14.571
      vertex 17.9699 43.925 -14.6736
      vertex 17.9699 44.925 -14.6736
    endloop
  endfacet
  facet normal 0.653305 0 0.757095
    outer loop
      vertex 17.9699 43.925 -14.6736
      vertex 17.851 44.925 -14.571
      vertex 17.851 43.925 -14.571
    endloop
  endfacet
  facet normal -0.615024 0 -0.788508
    outer loop
      vertex 21.9062 43.925 -9.62973
      vertex 22.0301 44.925 -9.72637
      vertex 22.0301 43.925 -9.72637
    endloop
  endfacet
  facet normal -0.615024 0 -0.788508
    outer loop
      vertex 22.0301 44.925 -9.72637
      vertex 21.9062 43.925 -9.62973
      vertex 21.9062 44.925 -9.62973
    endloop
  endfacet
  facet normal 0.788323 -0 0.615261
    outer loop
      vertex 17.4297 43.925 -14.1062
      vertex 17.5264 44.925 -14.2301
      vertex 17.4297 44.925 -14.1062
    endloop
  endfacet
  facet normal 0.788323 0 0.615261
    outer loop
      vertex 17.5264 44.925 -14.2301
      vertex 17.4297 43.925 -14.1062
      vertex 17.5264 43.925 -14.2301
    endloop
  endfacet
  facet normal 0.757095 0 -0.653305
    outer loop
      vertex 17.629 43.925 -10.051
      vertex 17.5264 44.925 -10.1699
      vertex 17.629 44.925 -10.051
    endloop
  endfacet
  facet normal 0.757095 0 -0.653305
    outer loop
      vertex 17.5264 44.925 -10.1699
      vertex 17.629 43.925 -10.051
      vertex 17.5264 43.925 -10.1699
    endloop
  endfacet
  facet normal 0.689703 0 -0.724092
    outer loop
      vertex 17.7373 43.925 -9.93726
      vertex 17.851 44.925 -9.82896
      vertex 17.851 43.925 -9.82896
    endloop
  endfacet
  facet normal 0.689703 0 -0.724092
    outer loop
      vertex 17.851 44.925 -9.82896
      vertex 17.7373 43.925 -9.93726
      vertex 17.7373 44.925 -9.93726
    endloop
  endfacet
  facet normal 0.963773 0 -0.266724
    outer loop
      vertex 16.9378 43.925 -11.2711
      vertex 16.8959 44.925 -11.4225
      vertex 16.9378 44.925 -11.2711
    endloop
  endfacet
  facet normal 0.963773 0 -0.266724
    outer loop
      vertex 16.8959 44.925 -11.4225
      vertex 16.9378 43.925 -11.2711
      vertex 16.8959 43.925 -11.4225
    endloop
  endfacet
  facet normal 0.999692 -0 0.0248331
    outer loop
      vertex 16.8 43.925 -12.2
      vertex 16.8039 44.925 -12.357
      vertex 16.8 44.925 -12.2
    endloop
  endfacet
  facet normal 0.999692 0 0.0248331
    outer loop
      vertex 16.8039 44.925 -12.357
      vertex 16.8 43.925 -12.2
      vertex 16.8039 43.925 -12.357
    endloop
  endfacet
  facet normal 0.992492 -0 0.12231
    outer loop
      vertex 16.8154 43.925 -12.5137
      vertex 16.8346 44.925 -12.6695
      vertex 16.8154 44.925 -12.5137
    endloop
  endfacet
  facet normal 0.992492 0 0.12231
    outer loop
      vertex 16.8346 44.925 -12.6695
      vertex 16.8154 43.925 -12.5137
      vertex 16.8346 43.925 -12.6695
    endloop
  endfacet
  facet normal 0.844944 0 -0.534855
    outer loop
      vertex 17.3393 43.925 -10.4222
      vertex 17.2553 44.925 -10.5549
      vertex 17.3393 44.925 -10.4222
    endloop
  endfacet
  facet normal 0.844944 0 -0.534855
    outer loop
      vertex 17.2553 44.925 -10.5549
      vertex 17.3393 43.925 -10.4222
      vertex 17.2553 43.925 -10.5549
    endloop
  endfacet
  facet normal -0.844944 0 0.534855
    outer loop
      vertex 22.6607 43.925 -13.9778
      vertex 22.7447 44.925 -13.8451
      vertex 22.6607 44.925 -13.9778
    endloop
  endfacet
  facet normal -0.844944 0 0.534855
    outer loop
      vertex 22.7447 44.925 -13.8451
      vertex 22.6607 43.925 -13.9778
      vertex 22.7447 43.925 -13.8451
    endloop
  endfacet
  facet normal -0.12231 0 0.992492
    outer loop
      vertex 20.3137 44.925 -15.3846
      vertex 20.4695 43.925 -15.3654
      vertex 20.4695 44.925 -15.3654
    endloop
  endfacet
  facet normal -0.12231 0 0.992492
    outer loop
      vertex 20.4695 43.925 -15.3654
      vertex 20.3137 44.925 -15.3846
      vertex 20.3137 43.925 -15.3846
    endloop
  endfacet
  facet normal -0.450012 0 0.893022
    outer loop
      vertex 21.3682 44.925 -15.0928
      vertex 21.5085 43.925 -15.0221
      vertex 21.5085 44.925 -15.0221
    endloop
  endfacet
  facet normal -0.450012 0 0.893022
    outer loop
      vertex 21.5085 43.925 -15.0221
      vertex 21.3682 44.925 -15.0928
      vertex 21.3682 43.925 -15.0928
    endloop
  endfacet
  facet normal 0.992492 0 -0.12231
    outer loop
      vertex 16.8346 43.925 -11.7305
      vertex 16.8154 44.925 -11.8863
      vertex 16.8346 44.925 -11.7305
    endloop
  endfacet
  facet normal 0.992492 0 -0.12231
    outer loop
      vertex 16.8154 44.925 -11.8863
      vertex 16.8346 43.925 -11.7305
      vertex 16.8154 43.925 -11.8863
    endloop
  endfacet
  facet normal -0.0735716 0 -0.99729
    outer loop
      vertex 20.157 43.925 -9.00385
      vertex 20.3137 44.925 -9.01541
      vertex 20.3137 43.925 -9.01541
    endloop
  endfacet
  facet normal -0.0735716 0 -0.99729
    outer loop
      vertex 20.3137 44.925 -9.01541
      vertex 20.157 43.925 -9.00385
      vertex 20.157 44.925 -9.00385
    endloop
  endfacet
  facet normal -0.689703 0 0.724092
    outer loop
      vertex 22.149 44.925 -14.571
      vertex 22.2627 43.925 -14.4627
      vertex 22.2627 44.925 -14.4627
    endloop
  endfacet
  facet normal -0.689703 0 0.724092
    outer loop
      vertex 22.2627 43.925 -14.4627
      vertex 22.149 44.925 -14.571
      vertex 22.149 43.925 -14.571
    endloop
  endfacet
  facet normal -0.266724 0 0.963773
    outer loop
      vertex 20.7775 44.925 -15.3041
      vertex 20.9289 43.925 -15.2622
      vertex 20.9289 44.925 -15.2622
    endloop
  endfacet
  facet normal -0.266724 0 0.963773
    outer loop
      vertex 20.9289 43.925 -15.2622
      vertex 20.7775 44.925 -15.3041
      vertex 20.7775 43.925 -15.3041
    endloop
  endfacet
  facet normal -0.219088 0 0.975705
    outer loop
      vertex 20.6243 44.925 -15.3385
      vertex 20.7775 43.925 -15.3041
      vertex 20.7775 44.925 -15.3041
    endloop
  endfacet
  facet normal -0.219088 0 0.975705
    outer loop
      vertex 20.7775 43.925 -15.3041
      vertex 20.6243 44.925 -15.3385
      vertex 20.6243 43.925 -15.3385
    endloop
  endfacet
  facet normal 0.313934 0 0.949445
    outer loop
      vertex 18.922 44.925 -15.2129
      vertex 19.0711 43.925 -15.2622
      vertex 19.0711 44.925 -15.2622
    endloop
  endfacet
  facet normal 0.313934 0 0.949445
    outer loop
      vertex 19.0711 43.925 -15.2622
      vertex 18.922 44.925 -15.2129
      vertex 18.922 43.925 -15.2129
    endloop
  endfacet
  facet normal 0.615024 0 -0.788508
    outer loop
      vertex 17.9699 43.925 -9.72637
      vertex 18.0938 44.925 -9.62973
      vertex 18.0938 43.925 -9.62973
    endloop
  endfacet
  facet normal 0.615024 0 -0.788508
    outer loop
      vertex 18.0938 44.925 -9.62973
      vertex 17.9699 43.925 -9.72637
      vertex 17.9699 44.925 -9.72637
    endloop
  endfacet
  facet normal -0.817673 0 0.575683
    outer loop
      vertex 22.5703 43.925 -14.1062
      vertex 22.6607 44.925 -13.9778
      vertex 22.5703 44.925 -14.1062
    endloop
  endfacet
  facet normal -0.817673 0 0.575683
    outer loop
      vertex 22.6607 44.925 -13.9778
      vertex 22.5703 43.925 -14.1062
      vertex 22.6607 43.925 -13.9778
    endloop
  endfacet
  facet normal 0.171207 0 0.985235
    outer loop
      vertex 19.3757 44.925 -15.3385
      vertex 19.5305 43.925 -15.3654
      vertex 19.5305 44.925 -15.3654
    endloop
  endfacet
  facet normal 0.171207 0 0.985235
    outer loop
      vertex 19.5305 43.925 -15.3654
      vertex 19.3757 44.925 -15.3385
      vertex 19.3757 43.925 -15.3385
    endloop
  endfacet
  facet normal -0.757095 0 -0.653305
    outer loop
      vertex 22.4736 43.925 -10.1699
      vertex 22.371 44.925 -10.051
      vertex 22.4736 44.925 -10.1699
    endloop
  endfacet
  facet normal -0.757095 -0 -0.653305
    outer loop
      vertex 22.371 44.925 -10.051
      vertex 22.4736 43.925 -10.1699
      vertex 22.371 43.925 -10.051
    endloop
  endfacet
  facet normal -0.575683 0 0.817673
    outer loop
      vertex 21.7778 44.925 -14.8607
      vertex 21.9062 43.925 -14.7703
      vertex 21.9062 44.925 -14.7703
    endloop
  endfacet
  facet normal -0.575683 0 0.817673
    outer loop
      vertex 21.9062 43.925 -14.7703
      vertex 21.7778 44.925 -14.8607
      vertex 21.7778 43.925 -14.8607
    endloop
  endfacet
  facet normal 0.219088 0 0.975705
    outer loop
      vertex 19.2225 44.925 -15.3041
      vertex 19.3757 43.925 -15.3385
      vertex 19.3757 44.925 -15.3385
    endloop
  endfacet
  facet normal 0.219088 0 0.975705
    outer loop
      vertex 19.3757 43.925 -15.3385
      vertex 19.2225 44.925 -15.3041
      vertex 19.2225 43.925 -15.3041
    endloop
  endfacet
  facet normal 0.615261 0 0.788323
    outer loop
      vertex 17.9699 44.925 -14.6736
      vertex 18.0938 43.925 -14.7703
      vertex 18.0938 44.925 -14.7703
    endloop
  endfacet
  facet normal 0.615261 0 0.788323
    outer loop
      vertex 18.0938 43.925 -14.7703
      vertex 17.9699 44.925 -14.6736
      vertex 17.9699 43.925 -14.6736
    endloop
  endfacet
  facet normal 0.933099 0 -0.359619
    outer loop
      vertex 17.0436 43.925 -10.9754
      vertex 16.9871 44.925 -11.122
      vertex 17.0436 44.925 -10.9754
    endloop
  endfacet
  facet normal 0.933099 0 -0.359619
    outer loop
      vertex 16.9871 44.925 -11.122
      vertex 17.0436 43.925 -10.9754
      vertex 16.9871 43.925 -11.122
    endloop
  endfacet
  facet normal 0.949445 0 -0.313934
    outer loop
      vertex 16.9871 43.925 -11.122
      vertex 16.9378 44.925 -11.2711
      vertex 16.9871 44.925 -11.122
    endloop
  endfacet
  facet normal 0.949445 0 -0.313934
    outer loop
      vertex 16.9378 44.925 -11.2711
      vertex 16.9871 43.925 -11.122
      vertex 16.9378 43.925 -11.2711
    endloop
  endfacet
  facet normal 0.359619 0 0.933099
    outer loop
      vertex 18.7754 44.925 -15.1564
      vertex 18.922 43.925 -15.2129
      vertex 18.922 44.925 -15.2129
    endloop
  endfacet
  facet normal 0.359619 0 0.933099
    outer loop
      vertex 18.922 43.925 -15.2129
      vertex 18.7754 44.925 -15.1564
      vertex 18.7754 43.925 -15.1564
    endloop
  endfacet
  facet normal -0.313934 0 0.949445
    outer loop
      vertex 20.9289 44.925 -15.2622
      vertex 21.078 43.925 -15.2129
      vertex 21.078 44.925 -15.2129
    endloop
  endfacet
  facet normal -0.313934 0 0.949445
    outer loop
      vertex 21.078 43.925 -15.2129
      vertex 20.9289 44.925 -15.2622
      vertex 20.9289 43.925 -15.2622
    endloop
  endfacet
  facet normal 0.12231 0 0.992492
    outer loop
      vertex 19.5305 44.925 -15.3654
      vertex 19.6863 43.925 -15.3846
      vertex 19.6863 44.925 -15.3846
    endloop
  endfacet
  facet normal 0.12231 0 0.992492
    outer loop
      vertex 19.6863 43.925 -15.3846
      vertex 19.5305 44.925 -15.3654
      vertex 19.5305 43.925 -15.3654
    endloop
  endfacet
  facet normal -0.17096 0 -0.985278
    outer loop
      vertex 20.4695 43.925 -9.03463
      vertex 20.6243 44.925 -9.06149
      vertex 20.6243 43.925 -9.06149
    endloop
  endfacet
  facet normal -0.17096 0 -0.985278
    outer loop
      vertex 20.6243 44.925 -9.06149
      vertex 20.4695 43.925 -9.03463
      vertex 20.4695 44.925 -9.03463
    endloop
  endfacet
  facet normal -0.359619 0 0.933099
    outer loop
      vertex 21.078 44.925 -15.2129
      vertex 21.2246 43.925 -15.1564
      vertex 21.2246 44.925 -15.1564
    endloop
  endfacet
  facet normal -0.359619 0 0.933099
    outer loop
      vertex 21.2246 43.925 -15.1564
      vertex 21.078 44.925 -15.2129
      vertex 21.078 43.925 -15.2129
    endloop
  endfacet
  facet normal 0.266665 0 -0.963789
    outer loop
      vertex 19.0711 43.925 -9.13779
      vertex 19.2225 44.925 -9.0959
      vertex 19.2225 43.925 -9.0959
    endloop
  endfacet
  facet normal 0.266665 0 -0.963789
    outer loop
      vertex 19.2225 44.925 -9.0959
      vertex 19.0711 43.925 -9.13779
      vertex 19.0711 44.925 -9.13779
    endloop
  endfacet
  facet normal 0.817673 -0 0.575683
    outer loop
      vertex 17.3393 43.925 -13.9778
      vertex 17.4297 44.925 -14.1062
      vertex 17.3393 44.925 -13.9778
    endloop
  endfacet
  facet normal 0.817673 0 0.575683
    outer loop
      vertex 17.4297 44.925 -14.1062
      vertex 17.3393 43.925 -13.9778
      vertex 17.4297 43.925 -14.1062
    endloop
  endfacet
  facet normal -0.313762 0 -0.949502
    outer loop
      vertex 20.9289 43.925 -9.13779
      vertex 21.078 44.925 -9.18706
      vertex 21.078 43.925 -9.18706
    endloop
  endfacet
  facet normal -0.313762 0 -0.949502
    outer loop
      vertex 21.078 44.925 -9.18706
      vertex 20.9289 43.925 -9.13779
      vertex 20.9289 44.925 -9.13779
    endloop
  endfacet
  facet normal 0.963773 -0 0.266724
    outer loop
      vertex 16.8959 43.925 -12.9775
      vertex 16.9378 44.925 -13.1289
      vertex 16.8959 44.925 -12.9775
    endloop
  endfacet
  facet normal 0.963773 0 0.266724
    outer loop
      vertex 16.9378 44.925 -13.1289
      vertex 16.8959 43.925 -12.9775
      vertex 16.9378 43.925 -13.1289
    endloop
  endfacet
  facet normal -0.933099 0 0.359619
    outer loop
      vertex 22.9564 43.925 -13.4246
      vertex 23.0129 44.925 -13.278
      vertex 22.9564 44.925 -13.4246
    endloop
  endfacet
  facet normal -0.933099 0 0.359619
    outer loop
      vertex 23.0129 44.925 -13.278
      vertex 22.9564 43.925 -13.4246
      vertex 23.0129 43.925 -13.278
    endloop
  endfacet
  facet normal 0.405223 0 -0.914218
    outer loop
      vertex 18.6318 43.925 -9.30723
      vertex 18.7754 44.925 -9.24358
      vertex 18.7754 43.925 -9.24358
    endloop
  endfacet
  facet normal 0.405223 0 -0.914218
    outer loop
      vertex 18.7754 44.925 -9.24358
      vertex 18.6318 43.925 -9.30723
      vertex 18.6318 44.925 -9.30723
    endloop
  endfacet
  facet normal 0.575683 0 0.817673
    outer loop
      vertex 18.0938 44.925 -14.7703
      vertex 18.2222 43.925 -14.8607
      vertex 18.2222 44.925 -14.8607
    endloop
  endfacet
  facet normal 0.575683 0 0.817673
    outer loop
      vertex 18.2222 43.925 -14.8607
      vertex 18.0938 44.925 -14.7703
      vertex 18.0938 43.925 -14.7703
    endloop
  endfacet
  facet normal 0.914336 -0 0.404957
    outer loop
      vertex 17.0436 43.925 -13.4246
      vertex 17.1072 44.925 -13.5682
      vertex 17.0436 44.925 -13.4246
    endloop
  endfacet
  facet normal 0.914336 0 0.404957
    outer loop
      vertex 17.1072 44.925 -13.5682
      vertex 17.0436 43.925 -13.4246
      vertex 17.1072 43.925 -13.5682
    endloop
  endfacet
  facet normal 0.893022 -0 0.450012
    outer loop
      vertex 17.1072 43.925 -13.5682
      vertex 17.1779 44.925 -13.7085
      vertex 17.1072 44.925 -13.5682
    endloop
  endfacet
  facet normal 0.893022 0 0.450012
    outer loop
      vertex 17.1779 44.925 -13.7085
      vertex 17.1072 43.925 -13.5682
      vertex 17.1779 43.925 -13.7085
    endloop
  endfacet
  facet normal 0.534855 0 0.844944
    outer loop
      vertex 18.2222 44.925 -14.8607
      vertex 18.3549 43.925 -14.9447
      vertex 18.3549 44.925 -14.9447
    endloop
  endfacet
  facet normal 0.534855 0 0.844944
    outer loop
      vertex 18.3549 43.925 -14.9447
      vertex 18.2222 44.925 -14.8607
      vertex 18.2222 43.925 -14.8607
    endloop
  endfacet
endsolid OpenSCAD_Model
