solid OpenSCAD_Model
  facet normal 0 -1 -0
    outer loop
      vertex -51.705 20.7125 3.9
      vertex -52.705 20.7125 2.9
      vertex -51.705 20.7125 2.9
    endloop
  endfacet
  facet normal 0 0 -1
    outer loop
      vertex -52.705 20.7125 2.9
      vertex -51.705 24.2125 2.9
      vertex -51.705 20.7125 2.9
    endloop
  endfacet
  facet normal -0 0 -1
    outer loop
      vertex -51.705 24.2125 2.9
      vertex -52.705 20.7125 2.9
      vertex -52.705 24.2125 2.9
    endloop
  endfacet
  facet normal -0.707107 0 0.707107
    outer loop
      vertex -52.705 20.7125 2.9
      vertex -51.705 24.2125 3.9
      vertex -52.705 24.2125 2.9
    endloop
  endfacet
  facet normal -0.707107 0 0.707107
    outer loop
      vertex -51.705 24.2125 3.9
      vertex -52.705 20.7125 2.9
      vertex -51.705 20.7125 3.9
    endloop
  endfacet
  facet normal 0 1 -0
    outer loop
      vertex -51.705 24.2125 2.9
      vertex -52.705 24.2125 2.9
      vertex -51.705 24.2125 3.9
    endloop
  endfacet
  facet normal 1 -0 0
    outer loop
      vertex -51.705 20.7125 3.9
      vertex -51.705 24.2125 2.9
      vertex -51.705 24.2125 3.9
    endloop
  endfacet
  facet normal 1 0 0
    outer loop
      vertex -51.705 24.2125 2.9
      vertex -51.705 20.7125 3.9
      vertex -51.705 20.7125 2.9
    endloop
  endfacet
  facet normal 0 -1 0
    outer loop
      vertex 51.705 20.7125 3.9
      vertex 51.705 20.7125 2.9
      vertex 52.705 20.7125 2.9
    endloop
  endfacet
  facet normal 0 0 -1
    outer loop
      vertex 51.705 20.7125 2.9
      vertex 52.705 24.2125 2.9
      vertex 52.705 20.7125 2.9
    endloop
  endfacet
  facet normal -0 0 -1
    outer loop
      vertex 52.705 24.2125 2.9
      vertex 51.705 20.7125 2.9
      vertex 51.705 24.2125 2.9
    endloop
  endfacet
  facet normal -1 0 0
    outer loop
      vertex 51.705 20.7125 2.9
      vertex 51.705 24.2125 3.9
      vertex 51.705 24.2125 2.9
    endloop
  endfacet
  facet normal -1 -0 0
    outer loop
      vertex 51.705 24.2125 3.9
      vertex 51.705 20.7125 2.9
      vertex 51.705 20.7125 3.9
    endloop
  endfacet
  facet normal 0 1 0
    outer loop
      vertex 52.705 24.2125 2.9
      vertex 51.705 24.2125 2.9
      vertex 51.705 24.2125 3.9
    endloop
  endfacet
  facet normal 0.707107 -0 0.707107
    outer loop
      vertex 51.705 20.7125 3.9
      vertex 52.705 24.2125 2.9
      vertex 51.705 24.2125 3.9
    endloop
  endfacet
  facet normal 0.707107 0 0.707107
    outer loop
      vertex 52.705 24.2125 2.9
      vertex 51.705 20.7125 3.9
      vertex 52.705 20.7125 2.9
    endloop
  endfacet
  facet normal 0 1 0
    outer loop
      vertex -51.705 -20.7125 3.9
      vertex -51.705 -20.7125 2.9
      vertex -52.705 -20.7125 2.9
    endloop
  endfacet
  facet normal 0 0 -1
    outer loop
      vertex -52.705 -24.2125 2.9
      vertex -51.705 -20.7125 2.9
      vertex -51.705 -24.2125 2.9
    endloop
  endfacet
  facet normal -0 0 -1
    outer loop
      vertex -51.705 -20.7125 2.9
      vertex -52.705 -24.2125 2.9
      vertex -52.705 -20.7125 2.9
    endloop
  endfacet
  facet normal -0.707107 0 0.707107
    outer loop
      vertex -52.705 -24.2125 2.9
      vertex -51.705 -20.7125 3.9
      vertex -52.705 -20.7125 2.9
    endloop
  endfacet
  facet normal -0.707107 0 0.707107
    outer loop
      vertex -51.705 -20.7125 3.9
      vertex -52.705 -24.2125 2.9
      vertex -51.705 -24.2125 3.9
    endloop
  endfacet
  facet normal 0 -1 0
    outer loop
      vertex -51.705 -24.2125 2.9
      vertex -51.705 -24.2125 3.9
      vertex -52.705 -24.2125 2.9
    endloop
  endfacet
  facet normal 1 -0 0
    outer loop
      vertex -51.705 -24.2125 3.9
      vertex -51.705 -20.7125 2.9
      vertex -51.705 -20.7125 3.9
    endloop
  endfacet
  facet normal 1 0 0
    outer loop
      vertex -51.705 -20.7125 2.9
      vertex -51.705 -24.2125 3.9
      vertex -51.705 -24.2125 2.9
    endloop
  endfacet
  facet normal 0 1 0
    outer loop
      vertex 51.705 -20.7125 3.9
      vertex 52.705 -20.7125 2.9
      vertex 51.705 -20.7125 2.9
    endloop
  endfacet
  facet normal 0 0 -1
    outer loop
      vertex 51.705 -24.2125 2.9
      vertex 52.705 -20.7125 2.9
      vertex 52.705 -24.2125 2.9
    endloop
  endfacet
  facet normal -0 0 -1
    outer loop
      vertex 52.705 -20.7125 2.9
      vertex 51.705 -24.2125 2.9
      vertex 51.705 -20.7125 2.9
    endloop
  endfacet
  facet normal -1 0 0
    outer loop
      vertex 51.705 -24.2125 2.9
      vertex 51.705 -20.7125 3.9
      vertex 51.705 -20.7125 2.9
    endloop
  endfacet
  facet normal -1 -0 0
    outer loop
      vertex 51.705 -20.7125 3.9
      vertex 51.705 -24.2125 2.9
      vertex 51.705 -24.2125 3.9
    endloop
  endfacet
  facet normal 0 -1 0
    outer loop
      vertex 52.705 -24.2125 2.9
      vertex 51.705 -24.2125 3.9
      vertex 51.705 -24.2125 2.9
    endloop
  endfacet
  facet normal 0.707107 -0 0.707107
    outer loop
      vertex 51.705 -24.2125 3.9
      vertex 52.705 -20.7125 2.9
      vertex 51.705 -20.7125 3.9
    endloop
  endfacet
  facet normal 0.707107 0 0.707107
    outer loop
      vertex 52.705 -20.7125 2.9
      vertex 51.705 -24.2125 3.9
      vertex 52.705 -24.2125 2.9
    endloop
  endfacet
  facet normal 1 0 0
    outer loop
      vertex 52.705 44.925 1.4
      vertex 52.705 18 -2.78
      vertex 52.705 44.925 -6.4
    endloop
  endfacet
  facet normal 1 0 0
    outer loop
      vertex 52.705 44.925 1.4
      vertex 52.705 -18 -2.78
      vertex 52.705 18 -2.78
    endloop
  endfacet
  facet normal 1 -0 0
    outer loop
      vertex 52.705 -44.925 1.4
      vertex 52.705 -18 -2.78
      vertex 52.705 44.925 1.4
    endloop
  endfacet
  facet normal 1 0 0
    outer loop
      vertex 52.705 -44.925 -6.4
      vertex 52.705 -18 -2.78
      vertex 52.705 -44.925 1.4
    endloop
  endfacet
  facet normal 1 0 0
    outer loop
      vertex 52.705 -18 -2.78
      vertex 52.705 -44.925 -6.4
      vertex 52.705 -18 -6.4
    endloop
  endfacet
  facet normal 1 0 0
    outer loop
      vertex 52.705 44.925 -6.4
      vertex 52.705 18 -2.78
      vertex 52.705 18 -6.4
    endloop
  endfacet
  facet normal 0 0 1
    outer loop
      vertex 52.705 44.925 1.4
      vertex 51.555 43.775 1.4
      vertex 52.705 -44.925 1.4
    endloop
  endfacet
  facet normal 0 0 1
    outer loop
      vertex 52.705 44.925 1.4
      vertex -51.555 43.775 1.4
      vertex 51.555 43.775 1.4
    endloop
  endfacet
  facet normal 0 0 1
    outer loop
      vertex -51.555 43.775 1.4
      vertex -52.705 44.925 1.4
      vertex -51.555 -43.775 1.4
    endloop
  endfacet
  facet normal -0 0 1
    outer loop
      vertex -52.705 44.925 1.4
      vertex -51.555 43.775 1.4
      vertex 52.705 44.925 1.4
    endloop
  endfacet
  facet normal -0 0 1
    outer loop
      vertex 51.555 -43.775 1.4
      vertex 52.705 -44.925 1.4
      vertex 51.555 43.775 1.4
    endloop
  endfacet
  facet normal -0 0 1
    outer loop
      vertex -51.555 -43.775 1.4
      vertex 52.705 -44.925 1.4
      vertex 51.555 -43.775 1.4
    endloop
  endfacet
  facet normal 0 0 1
    outer loop
      vertex -51.555 -43.775 1.4
      vertex -52.705 -44.925 1.4
      vertex 52.705 -44.925 1.4
    endloop
  endfacet
  facet normal 0 0 1
    outer loop
      vertex -52.705 -44.925 1.4
      vertex -51.555 -43.775 1.4
      vertex -52.705 44.925 1.4
    endloop
  endfacet
  facet normal 0 0 -1
    outer loop
      vertex -48.25 14.955 -6.4
      vertex -51.75 14.955 -6.4
      vertex -48.25 18 -6.4
    endloop
  endfacet
  facet normal 0 0 -1
    outer loop
      vertex -28.25 14.955 -6.4
      vertex -31.75 14.955 -6.4
      vertex -28.25 18 -6.4
    endloop
  endfacet
  facet normal 0 0 -1
    outer loop
      vertex -8.25 14.955 -6.4
      vertex -11.75 14.955 -6.4
      vertex -8.25 18 -6.4
    endloop
  endfacet
  facet normal 0 0 -1
    outer loop
      vertex 11.75 14.955 -6.4
      vertex 8.25 14.955 -6.4
      vertex 11.75 18 -6.4
    endloop
  endfacet
  facet normal 0 0 -1
    outer loop
      vertex 31.75 14.955 -6.4
      vertex 28.25 14.955 -6.4
      vertex 31.75 18 -6.4
    endloop
  endfacet
  facet normal 0 0 -1
    outer loop
      vertex 51.75 14.955 -6.4
      vertex 48.25 14.955 -6.4
      vertex 51.75 18 -6.4
    endloop
  endfacet
  facet normal 0 0 -1
    outer loop
      vertex 51.75 18 -6.4
      vertex 52.705 44.925 -6.4
      vertex 52.705 18 -6.4
    endloop
  endfacet
  facet normal 0 0 -1
    outer loop
      vertex 48.25 18 -6.4
      vertex 51.75 18 -6.4
      vertex 48.25 14.955 -6.4
    endloop
  endfacet
  facet normal 0 0 -1
    outer loop
      vertex 51.75 18 -6.4
      vertex 48.25 18 -6.4
      vertex 52.705 44.925 -6.4
    endloop
  endfacet
  facet normal 0 0 -1
    outer loop
      vertex 31.75 18 -6.4
      vertex 52.705 44.925 -6.4
      vertex 48.25 18 -6.4
    endloop
  endfacet
  facet normal 0 0 -1
    outer loop
      vertex 28.25 18 -6.4
      vertex 31.75 18 -6.4
      vertex 28.25 14.955 -6.4
    endloop
  endfacet
  facet normal 0 0 -1
    outer loop
      vertex 31.75 18 -6.4
      vertex 28.25 18 -6.4
      vertex 52.705 44.925 -6.4
    endloop
  endfacet
  facet normal 0 0 -1
    outer loop
      vertex 11.75 18 -6.4
      vertex 52.705 44.925 -6.4
      vertex 28.25 18 -6.4
    endloop
  endfacet
  facet normal 0 0 -1
    outer loop
      vertex 8.25 18 -6.4
      vertex 11.75 18 -6.4
      vertex 8.25 14.955 -6.4
    endloop
  endfacet
  facet normal 0 0 -1
    outer loop
      vertex 8.25 18 -6.4
      vertex 52.705 44.925 -6.4
      vertex 11.75 18 -6.4
    endloop
  endfacet
  facet normal 0 0 -1
    outer loop
      vertex -8.25 18 -6.4
      vertex 52.705 44.925 -6.4
      vertex 8.25 18 -6.4
    endloop
  endfacet
  facet normal 0 0 -1
    outer loop
      vertex -11.75 18 -6.4
      vertex -8.25 18 -6.4
      vertex -11.75 14.955 -6.4
    endloop
  endfacet
  facet normal 0 0 -1
    outer loop
      vertex -52.705 44.925 -6.4
      vertex -8.25 18 -6.4
      vertex -11.75 18 -6.4
    endloop
  endfacet
  facet normal 0 0 -1
    outer loop
      vertex -52.705 44.925 -6.4
      vertex -11.75 18 -6.4
      vertex -28.25 18 -6.4
    endloop
  endfacet
  facet normal 0 0 -1
    outer loop
      vertex -31.75 18 -6.4
      vertex -28.25 18 -6.4
      vertex -31.75 14.955 -6.4
    endloop
  endfacet
  facet normal 0 0 -1
    outer loop
      vertex -52.705 44.925 -6.4
      vertex -28.25 18 -6.4
      vertex -31.75 18 -6.4
    endloop
  endfacet
  facet normal 0 0 -1
    outer loop
      vertex -52.705 44.925 -6.4
      vertex -31.75 18 -6.4
      vertex -48.25 18 -6.4
    endloop
  endfacet
  facet normal 0 0 -1
    outer loop
      vertex -51.75 18 -6.4
      vertex -48.25 18 -6.4
      vertex -51.75 14.955 -6.4
    endloop
  endfacet
  facet normal 0 0 -1
    outer loop
      vertex -52.705 44.925 -6.4
      vertex -48.25 18 -6.4
      vertex -51.75 18 -6.4
    endloop
  endfacet
  facet normal 0 0 -1
    outer loop
      vertex -52.705 44.925 -6.4
      vertex -51.75 18 -6.4
      vertex -52.705 18 -6.4
    endloop
  endfacet
  facet normal 0 0 -1
    outer loop
      vertex -8.25 18 -6.4
      vertex -52.705 44.925 -6.4
      vertex 52.705 44.925 -6.4
    endloop
  endfacet
  facet normal 0 0 -1
    outer loop
      vertex 52.705 -44.925 -6.4
      vertex 12 -27.8 -6.4
      vertex 52.705 -18 -6.4
    endloop
  endfacet
  facet normal 0 0 -1
    outer loop
      vertex 52.705 -44.925 -6.4
      vertex -12 -27.8 -6.4
      vertex 12 -27.8 -6.4
    endloop
  endfacet
  facet normal 0 0 -1
    outer loop
      vertex -52.705 -44.925 -6.4
      vertex -12 -27.8 -6.4
      vertex 52.705 -44.925 -6.4
    endloop
  endfacet
  facet normal 0 0 -1
    outer loop
      vertex -52.705 -18 -6.4
      vertex -12 -27.8 -6.4
      vertex -52.705 -44.925 -6.4
    endloop
  endfacet
  facet normal 0 0 -1
    outer loop
      vertex -12 -27.8 -6.4
      vertex -52.705 -18 -6.4
      vertex -12 -18 -6.4
    endloop
  endfacet
  facet normal -0 0 -1
    outer loop
      vertex 52.705 -18 -6.4
      vertex 12 -27.8 -6.4
      vertex 12 -18 -6.4
    endloop
  endfacet
  facet normal -1 0 0
    outer loop
      vertex -52.705 -18 -6.4
      vertex -52.705 -44.925 -6.4
      vertex -52.705 -18 -2.78
    endloop
  endfacet
  facet normal -1 0 0
    outer loop
      vertex -52.705 18 -2.78
      vertex -52.705 44.925 -6.4
      vertex -52.705 18 -6.4
    endloop
  endfacet
  facet normal -1 0 0
    outer loop
      vertex -52.705 44.925 -6.4
      vertex -52.705 18 -2.78
      vertex -52.705 44.925 1.4
    endloop
  endfacet
  facet normal -1 0 0
    outer loop
      vertex -52.705 -18 -2.78
      vertex -52.705 44.925 1.4
      vertex -52.705 18 -2.78
    endloop
  endfacet
  facet normal -1 0 0
    outer loop
      vertex -52.705 -18 -2.78
      vertex -52.705 -44.925 1.4
      vertex -52.705 44.925 1.4
    endloop
  endfacet
  facet normal -1 0 0
    outer loop
      vertex -52.705 -44.925 1.4
      vertex -52.705 -18 -2.78
      vertex -52.705 -44.925 -6.4
    endloop
  endfacet
  facet normal 0 1 -0
    outer loop
      vertex 52.705 44.925 -6.4
      vertex -52.705 44.925 1.4
      vertex 52.705 44.925 1.4
    endloop
  endfacet
  facet normal 0 1 0
    outer loop
      vertex -52.705 44.925 1.4
      vertex 52.705 44.925 -6.4
      vertex -52.705 44.925 -6.4
    endloop
  endfacet
  facet normal 0 -1 0
    outer loop
      vertex -52.705 -44.925 1.4
      vertex -11.75 -44.925 0.61
      vertex 52.705 -44.925 1.4
    endloop
  endfacet
  facet normal 0 -1 0
    outer loop
      vertex -52.705 -44.925 1.4
      vertex -11.7623 -44.925 0.609699
      vertex -11.75 -44.925 0.61
    endloop
  endfacet
  facet normal 0 -1 0
    outer loop
      vertex -52.705 -44.925 1.4
      vertex -11.7745 -44.925 0.608796
      vertex -11.7623 -44.925 0.609699
    endloop
  endfacet
  facet normal 0 -1 0
    outer loop
      vertex -52.705 -44.925 1.4
      vertex -11.7867 -44.925 0.607293
      vertex -11.7745 -44.925 0.608796
    endloop
  endfacet
  facet normal 0 -1 0
    outer loop
      vertex -52.705 -44.925 1.4
      vertex -11.7988 -44.925 0.605195
      vertex -11.7867 -44.925 0.607293
    endloop
  endfacet
  facet normal 0 -1 0
    outer loop
      vertex -52.705 -44.925 1.4
      vertex -11.8107 -44.925 0.602507
      vertex -11.7988 -44.925 0.605195
    endloop
  endfacet
  facet normal 0 -1 0
    outer loop
      vertex -52.705 -44.925 1.4
      vertex -11.8226 -44.925 0.599235
      vertex -11.8107 -44.925 0.602507
    endloop
  endfacet
  facet normal 0 -1 0
    outer loop
      vertex -52.705 -44.925 1.4
      vertex -11.8342 -44.925 0.595386
      vertex -11.8226 -44.925 0.599235
    endloop
  endfacet
  facet normal 0 -1 0
    outer loop
      vertex -52.705 -44.925 1.4
      vertex -11.8457 -44.925 0.590969
      vertex -11.8342 -44.925 0.595386
    endloop
  endfacet
  facet normal 0 -1 0
    outer loop
      vertex -52.705 -44.925 1.4
      vertex -11.8569 -44.925 0.585997
      vertex -11.8457 -44.925 0.590969
    endloop
  endfacet
  facet normal 0 -1 0
    outer loop
      vertex -52.705 -44.925 1.4
      vertex -11.8678 -44.925 0.58048
      vertex -11.8569 -44.925 0.585997
    endloop
  endfacet
  facet normal 0 -1 0
    outer loop
      vertex -52.705 -44.925 1.4
      vertex -11.8785 -44.925 0.574432
      vertex -11.8678 -44.925 0.58048
    endloop
  endfacet
  facet normal 0 -1 0
    outer loop
      vertex -52.705 -44.925 1.4
      vertex -11.8889 -44.925 0.567867
      vertex -11.8785 -44.925 0.574432
    endloop
  endfacet
  facet normal 0 -1 0
    outer loop
      vertex -52.705 -44.925 1.4
      vertex -11.8989 -44.925 0.560802
      vertex -11.8889 -44.925 0.567867
    endloop
  endfacet
  facet normal 0 -1 0
    outer loop
      vertex -52.705 -44.925 1.4
      vertex -11.9086 -44.925 0.553253
      vertex -11.8989 -44.925 0.560802
    endloop
  endfacet
  facet normal 0 -1 0
    outer loop
      vertex -52.705 -44.925 1.4
      vertex -13.4086 -44.925 -0.646748
      vertex -11.9086 -44.925 0.553253
    endloop
  endfacet
  facet normal 0 -1 0
    outer loop
      vertex -52.705 -44.925 1.4
      vertex -13.4179 -44.925 -0.654763
      vertex -13.4086 -44.925 -0.646748
    endloop
  endfacet
  facet normal 0 -1 0
    outer loop
      vertex -52.705 -44.925 1.4
      vertex -13.4268 -44.925 -0.663224
      vertex -13.4179 -44.925 -0.654763
    endloop
  endfacet
  facet normal 0 -1 0
    outer loop
      vertex -52.705 -44.925 1.4
      vertex -13.4352 -44.925 -0.672111
      vertex -13.4268 -44.925 -0.663224
    endloop
  endfacet
  facet normal 0 -1 0
    outer loop
      vertex -52.705 -44.925 1.4
      vertex -13.4433 -44.925 -0.681402
      vertex -13.4352 -44.925 -0.672111
    endloop
  endfacet
  facet normal 0 -1 0
    outer loop
      vertex -52.705 -44.925 1.4
      vertex -13.4508 -44.925 -0.691076
      vertex -13.4433 -44.925 -0.681402
    endloop
  endfacet
  facet normal 0 -1 0
    outer loop
      vertex -52.705 -44.925 1.4
      vertex -13.4579 -44.925 -0.701108
      vertex -13.4508 -44.925 -0.691076
    endloop
  endfacet
  facet normal 0 -1 0
    outer loop
      vertex -52.705 -44.925 1.4
      vertex -13.4644 -44.925 -0.711475
      vertex -13.4579 -44.925 -0.701108
    endloop
  endfacet
  facet normal 0 -1 0
    outer loop
      vertex -52.705 -44.925 1.4
      vertex -13.4705 -44.925 -0.722151
      vertex -13.4644 -44.925 -0.711475
    endloop
  endfacet
  facet normal 0 -1 0
    outer loop
      vertex -52.705 -44.925 1.4
      vertex -13.476 -44.925 -0.733112
      vertex -13.4705 -44.925 -0.722151
    endloop
  endfacet
  facet normal 0 -1 0
    outer loop
      vertex -52.705 -44.925 1.4
      vertex -13.481 -44.925 -0.74433
      vertex -13.476 -44.925 -0.733112
    endloop
  endfacet
  facet normal 0 -1 0
    outer loop
      vertex -52.705 -44.925 1.4
      vertex -13.4854 -44.925 -0.755778
      vertex -13.481 -44.925 -0.74433
    endloop
  endfacet
  facet normal 0 -1 0
    outer loop
      vertex -52.705 -44.925 1.4
      vertex -13.4892 -44.925 -0.767429
      vertex -13.4854 -44.925 -0.755778
    endloop
  endfacet
  facet normal 0 -1 0
    outer loop
      vertex -52.705 -44.925 1.4
      vertex -13.4925 -44.925 -0.779256
      vertex -13.4892 -44.925 -0.767429
    endloop
  endfacet
  facet normal 0 -1 0
    outer loop
      vertex -52.705 -44.925 1.4
      vertex -13.4952 -44.925 -0.791228
      vertex -13.4925 -44.925 -0.779256
    endloop
  endfacet
  facet normal 0 -1 0
    outer loop
      vertex -52.705 -44.925 1.4
      vertex -13.4973 -44.925 -0.803318
      vertex -13.4952 -44.925 -0.791228
    endloop
  endfacet
  facet normal 0 -1 0
    outer loop
      vertex -52.705 -44.925 1.4
      vertex -13.4988 -44.925 -0.815496
      vertex -13.4973 -44.925 -0.803318
    endloop
  endfacet
  facet normal 0 -1 0
    outer loop
      vertex -52.705 -44.925 1.4
      vertex -13.4997 -44.925 -0.827734
      vertex -13.4988 -44.925 -0.815496
    endloop
  endfacet
  facet normal 0 -1 0
    outer loop
      vertex -52.705 -44.925 1.4
      vertex -13.5 -44.925 -0.840001
      vertex -13.4997 -44.925 -0.827734
    endloop
  endfacet
  facet normal 0 -1 0
    outer loop
      vertex -52.705 -44.925 1.4
      vertex -13.5 -44.925 -1.44
      vertex -13.5 -44.925 -0.840001
    endloop
  endfacet
  facet normal 0 -1 0
    outer loop
      vertex -52.705 -44.925 1.4
      vertex -13.4997 -44.925 -1.45227
      vertex -13.5 -44.925 -1.44
    endloop
  endfacet
  facet normal 0 -1 0
    outer loop
      vertex -52.705 -44.925 -6.4
      vertex -13.4997 -44.925 -1.45227
      vertex -52.705 -44.925 1.4
    endloop
  endfacet
  facet normal 0 -1 -0
    outer loop
      vertex -13.4997 -44.925 -1.45227
      vertex -52.705 -44.925 -6.4
      vertex -13.4988 -44.925 -1.4645
    endloop
  endfacet
  facet normal 0 -1 -0
    outer loop
      vertex -13.4988 -44.925 -1.4645
      vertex -52.705 -44.925 -6.4
      vertex -13.4973 -44.925 -1.47668
    endloop
  endfacet
  facet normal 0 -1 -0
    outer loop
      vertex -13.4973 -44.925 -1.47668
      vertex -52.705 -44.925 -6.4
      vertex -13.4952 -44.925 -1.48877
    endloop
  endfacet
  facet normal 0 -1 -0
    outer loop
      vertex -13.4952 -44.925 -1.48877
      vertex -52.705 -44.925 -6.4
      vertex -13.4925 -44.925 -1.50074
    endloop
  endfacet
  facet normal 0 -1 -0
    outer loop
      vertex -13.4925 -44.925 -1.50074
      vertex -52.705 -44.925 -6.4
      vertex -13.4892 -44.925 -1.51257
    endloop
  endfacet
  facet normal 0 -1 -0
    outer loop
      vertex -13.4892 -44.925 -1.51257
      vertex -52.705 -44.925 -6.4
      vertex -13.4854 -44.925 -1.52422
    endloop
  endfacet
  facet normal 0 -1 -0
    outer loop
      vertex -13.4854 -44.925 -1.52422
      vertex -52.705 -44.925 -6.4
      vertex -13.481 -44.925 -1.53567
    endloop
  endfacet
  facet normal 0 -1 -0
    outer loop
      vertex -13.481 -44.925 -1.53567
      vertex -52.705 -44.925 -6.4
      vertex -13.476 -44.925 -1.54689
    endloop
  endfacet
  facet normal 0 -1 -0
    outer loop
      vertex -13.476 -44.925 -1.54689
      vertex -52.705 -44.925 -6.4
      vertex -13.4705 -44.925 -1.55785
    endloop
  endfacet
  facet normal 0 -1 -0
    outer loop
      vertex -13.4705 -44.925 -1.55785
      vertex -52.705 -44.925 -6.4
      vertex -13.4644 -44.925 -1.56852
    endloop
  endfacet
  facet normal 0 -1 -0
    outer loop
      vertex -13.4644 -44.925 -1.56852
      vertex -52.705 -44.925 -6.4
      vertex -13.4579 -44.925 -1.57889
    endloop
  endfacet
  facet normal 0 -1 -0
    outer loop
      vertex -13.4579 -44.925 -1.57889
      vertex -52.705 -44.925 -6.4
      vertex -13.4508 -44.925 -1.58892
    endloop
  endfacet
  facet normal 0 -1 -0
    outer loop
      vertex -13.4508 -44.925 -1.58892
      vertex -52.705 -44.925 -6.4
      vertex -13.4433 -44.925 -1.5986
    endloop
  endfacet
  facet normal 0 -1 -0
    outer loop
      vertex -13.4433 -44.925 -1.5986
      vertex -52.705 -44.925 -6.4
      vertex -13.4352 -44.925 -1.60789
    endloop
  endfacet
  facet normal 0 -1 -0
    outer loop
      vertex -13.4352 -44.925 -1.60789
      vertex -52.705 -44.925 -6.4
      vertex -13.4268 -44.925 -1.61678
    endloop
  endfacet
  facet normal 0 -1 -0
    outer loop
      vertex -13.4268 -44.925 -1.61678
      vertex -52.705 -44.925 -6.4
      vertex -13.4179 -44.925 -1.62524
    endloop
  endfacet
  facet normal 0 -1 -0
    outer loop
      vertex -13.4179 -44.925 -1.62524
      vertex -52.705 -44.925 -6.4
      vertex -13.4086 -44.925 -1.63325
    endloop
  endfacet
  facet normal 0 -1 -0
    outer loop
      vertex -13.4086 -44.925 -1.63325
      vertex -52.705 -44.925 -6.4
      vertex -11.9086 -44.925 -2.83325
    endloop
  endfacet
  facet normal 0 -1 -0
    outer loop
      vertex -11.9086 -44.925 -2.83325
      vertex -52.705 -44.925 -6.4
      vertex -11.8989 -44.925 -2.8408
    endloop
  endfacet
  facet normal 0 -1 -0
    outer loop
      vertex -11.8989 -44.925 -2.8408
      vertex -52.705 -44.925 -6.4
      vertex -11.8889 -44.925 -2.84787
    endloop
  endfacet
  facet normal 0 -1 -0
    outer loop
      vertex -11.8889 -44.925 -2.84787
      vertex -52.705 -44.925 -6.4
      vertex -11.8785 -44.925 -2.85443
    endloop
  endfacet
  facet normal 0 -1 -0
    outer loop
      vertex -11.8785 -44.925 -2.85443
      vertex -52.705 -44.925 -6.4
      vertex -11.8678 -44.925 -2.86048
    endloop
  endfacet
  facet normal 0 -1 -0
    outer loop
      vertex -11.8678 -44.925 -2.86048
      vertex -52.705 -44.925 -6.4
      vertex -11.8569 -44.925 -2.866
    endloop
  endfacet
  facet normal 0 -1 -0
    outer loop
      vertex -11.8569 -44.925 -2.866
      vertex -52.705 -44.925 -6.4
      vertex -11.8457 -44.925 -2.87097
    endloop
  endfacet
  facet normal 0 -1 -0
    outer loop
      vertex -11.8457 -44.925 -2.87097
      vertex -52.705 -44.925 -6.4
      vertex -11.8342 -44.925 -2.87539
    endloop
  endfacet
  facet normal 0 -1 -0
    outer loop
      vertex -11.8342 -44.925 -2.87539
      vertex -52.705 -44.925 -6.4
      vertex -11.8226 -44.925 -2.87924
    endloop
  endfacet
  facet normal 0 -1 -0
    outer loop
      vertex -11.8226 -44.925 -2.87924
      vertex -52.705 -44.925 -6.4
      vertex -11.8107 -44.925 -2.88251
    endloop
  endfacet
  facet normal 0 -1 -0
    outer loop
      vertex -11.8107 -44.925 -2.88251
      vertex -52.705 -44.925 -6.4
      vertex -11.7988 -44.925 -2.8852
    endloop
  endfacet
  facet normal 0 -1 -0
    outer loop
      vertex -11.7988 -44.925 -2.8852
      vertex -52.705 -44.925 -6.4
      vertex -11.7867 -44.925 -2.88729
    endloop
  endfacet
  facet normal 0 -1 -0
    outer loop
      vertex -11.75 -44.925 -2.89
      vertex -52.705 -44.925 -6.4
      vertex 11.75 -44.925 -2.89
    endloop
  endfacet
  facet normal 0 -1 -0
    outer loop
      vertex -11.7623 -44.925 -2.8897
      vertex -52.705 -44.925 -6.4
      vertex -11.75 -44.925 -2.89
    endloop
  endfacet
  facet normal 0 -1 -0
    outer loop
      vertex -11.7745 -44.925 -2.8888
      vertex -52.705 -44.925 -6.4
      vertex -11.7623 -44.925 -2.8897
    endloop
  endfacet
  facet normal 0 -1 -0
    outer loop
      vertex -11.7867 -44.925 -2.88729
      vertex -52.705 -44.925 -6.4
      vertex -11.7745 -44.925 -2.8888
    endloop
  endfacet
  facet normal 0 -1 0
    outer loop
      vertex 11.75 -44.925 0.61
      vertex 52.705 -44.925 1.4
      vertex -11.75 -44.925 0.61
    endloop
  endfacet
  facet normal 0 -1 0
    outer loop
      vertex 11.7623 -44.925 0.609699
      vertex 52.705 -44.925 1.4
      vertex 11.75 -44.925 0.61
    endloop
  endfacet
  facet normal 0 -1 0
    outer loop
      vertex 11.7745 -44.925 0.608796
      vertex 52.705 -44.925 1.4
      vertex 11.7623 -44.925 0.609699
    endloop
  endfacet
  facet normal 0 -1 0
    outer loop
      vertex 11.7867 -44.925 0.607293
      vertex 52.705 -44.925 1.4
      vertex 11.7745 -44.925 0.608796
    endloop
  endfacet
  facet normal 0 -1 0
    outer loop
      vertex 11.7988 -44.925 0.605195
      vertex 52.705 -44.925 1.4
      vertex 11.7867 -44.925 0.607293
    endloop
  endfacet
  facet normal 0 -1 0
    outer loop
      vertex 11.8107 -44.925 0.602507
      vertex 52.705 -44.925 1.4
      vertex 11.7988 -44.925 0.605195
    endloop
  endfacet
  facet normal 0 -1 0
    outer loop
      vertex 11.8226 -44.925 0.599235
      vertex 52.705 -44.925 1.4
      vertex 11.8107 -44.925 0.602507
    endloop
  endfacet
  facet normal 0 -1 0
    outer loop
      vertex 11.8342 -44.925 0.595386
      vertex 52.705 -44.925 1.4
      vertex 11.8226 -44.925 0.599235
    endloop
  endfacet
  facet normal 0 -1 0
    outer loop
      vertex 11.8457 -44.925 0.590969
      vertex 52.705 -44.925 1.4
      vertex 11.8342 -44.925 0.595386
    endloop
  endfacet
  facet normal 0 -1 0
    outer loop
      vertex 11.8569 -44.925 0.585997
      vertex 52.705 -44.925 1.4
      vertex 11.8457 -44.925 0.590969
    endloop
  endfacet
  facet normal 0 -1 0
    outer loop
      vertex 11.8678 -44.925 0.58048
      vertex 52.705 -44.925 1.4
      vertex 11.8569 -44.925 0.585997
    endloop
  endfacet
  facet normal 0 -1 0
    outer loop
      vertex 11.8785 -44.925 0.574432
      vertex 52.705 -44.925 1.4
      vertex 11.8678 -44.925 0.58048
    endloop
  endfacet
  facet normal 0 -1 0
    outer loop
      vertex 11.8889 -44.925 0.567867
      vertex 52.705 -44.925 1.4
      vertex 11.8785 -44.925 0.574432
    endloop
  endfacet
  facet normal 0 -1 0
    outer loop
      vertex 11.8989 -44.925 0.560802
      vertex 52.705 -44.925 1.4
      vertex 11.8889 -44.925 0.567867
    endloop
  endfacet
  facet normal 0 -1 0
    outer loop
      vertex 11.9086 -44.925 0.553253
      vertex 52.705 -44.925 1.4
      vertex 11.8989 -44.925 0.560802
    endloop
  endfacet
  facet normal 0 -1 0
    outer loop
      vertex 13.4086 -44.925 -0.646748
      vertex 52.705 -44.925 1.4
      vertex 11.9086 -44.925 0.553253
    endloop
  endfacet
  facet normal 0 -1 0
    outer loop
      vertex 13.4179 -44.925 -0.654763
      vertex 52.705 -44.925 1.4
      vertex 13.4086 -44.925 -0.646748
    endloop
  endfacet
  facet normal 0 -1 0
    outer loop
      vertex 13.4268 -44.925 -0.663224
      vertex 52.705 -44.925 1.4
      vertex 13.4179 -44.925 -0.654763
    endloop
  endfacet
  facet normal 0 -1 0
    outer loop
      vertex 13.4352 -44.925 -0.672111
      vertex 52.705 -44.925 1.4
      vertex 13.4268 -44.925 -0.663224
    endloop
  endfacet
  facet normal 0 -1 0
    outer loop
      vertex 13.4433 -44.925 -0.681402
      vertex 52.705 -44.925 1.4
      vertex 13.4352 -44.925 -0.672111
    endloop
  endfacet
  facet normal 0 -1 0
    outer loop
      vertex 13.4508 -44.925 -0.691076
      vertex 52.705 -44.925 1.4
      vertex 13.4433 -44.925 -0.681402
    endloop
  endfacet
  facet normal 0 -1 0
    outer loop
      vertex 13.4579 -44.925 -0.701108
      vertex 52.705 -44.925 1.4
      vertex 13.4508 -44.925 -0.691076
    endloop
  endfacet
  facet normal 0 -1 0
    outer loop
      vertex 13.4644 -44.925 -0.711475
      vertex 52.705 -44.925 1.4
      vertex 13.4579 -44.925 -0.701108
    endloop
  endfacet
  facet normal 0 -1 0
    outer loop
      vertex 13.4705 -44.925 -0.722151
      vertex 52.705 -44.925 1.4
      vertex 13.4644 -44.925 -0.711475
    endloop
  endfacet
  facet normal 0 -1 0
    outer loop
      vertex 13.476 -44.925 -0.733112
      vertex 52.705 -44.925 1.4
      vertex 13.4705 -44.925 -0.722151
    endloop
  endfacet
  facet normal 0 -1 0
    outer loop
      vertex 13.481 -44.925 -0.74433
      vertex 52.705 -44.925 1.4
      vertex 13.476 -44.925 -0.733112
    endloop
  endfacet
  facet normal 0 -1 0
    outer loop
      vertex 13.4854 -44.925 -0.755778
      vertex 52.705 -44.925 1.4
      vertex 13.481 -44.925 -0.74433
    endloop
  endfacet
  facet normal 0 -1 0
    outer loop
      vertex 13.4892 -44.925 -0.767429
      vertex 52.705 -44.925 1.4
      vertex 13.4854 -44.925 -0.755778
    endloop
  endfacet
  facet normal 0 -1 0
    outer loop
      vertex 13.4925 -44.925 -0.779256
      vertex 52.705 -44.925 1.4
      vertex 13.4892 -44.925 -0.767429
    endloop
  endfacet
  facet normal 0 -1 0
    outer loop
      vertex 13.4952 -44.925 -0.791228
      vertex 52.705 -44.925 1.4
      vertex 13.4925 -44.925 -0.779256
    endloop
  endfacet
  facet normal 0 -1 0
    outer loop
      vertex 13.4973 -44.925 -0.803318
      vertex 52.705 -44.925 1.4
      vertex 13.4952 -44.925 -0.791228
    endloop
  endfacet
  facet normal 0 -1 0
    outer loop
      vertex 13.4988 -44.925 -0.815496
      vertex 52.705 -44.925 1.4
      vertex 13.4973 -44.925 -0.803318
    endloop
  endfacet
  facet normal 0 -1 0
    outer loop
      vertex 13.4997 -44.925 -0.827734
      vertex 52.705 -44.925 1.4
      vertex 13.4988 -44.925 -0.815496
    endloop
  endfacet
  facet normal 0 -1 0
    outer loop
      vertex 13.5 -44.925 -0.840001
      vertex 52.705 -44.925 1.4
      vertex 13.4997 -44.925 -0.827734
    endloop
  endfacet
  facet normal 0 -1 0
    outer loop
      vertex 13.5 -44.925 -1.44
      vertex 52.705 -44.925 1.4
      vertex 13.5 -44.925 -0.840001
    endloop
  endfacet
  facet normal 0 -1 0
    outer loop
      vertex 13.4997 -44.925 -1.45227
      vertex 52.705 -44.925 1.4
      vertex 13.5 -44.925 -1.44
    endloop
  endfacet
  facet normal 0 -1 0
    outer loop
      vertex 52.705 -44.925 -6.4
      vertex 13.4997 -44.925 -1.45227
      vertex 13.4988 -44.925 -1.4645
    endloop
  endfacet
  facet normal 0 -1 0
    outer loop
      vertex 52.705 -44.925 -6.4
      vertex 13.4988 -44.925 -1.4645
      vertex 13.4973 -44.925 -1.47668
    endloop
  endfacet
  facet normal 0 -1 0
    outer loop
      vertex 52.705 -44.925 -6.4
      vertex 13.4973 -44.925 -1.47668
      vertex 13.4952 -44.925 -1.48877
    endloop
  endfacet
  facet normal 0 -1 0
    outer loop
      vertex 52.705 -44.925 -6.4
      vertex 13.4952 -44.925 -1.48877
      vertex 13.4925 -44.925 -1.50074
    endloop
  endfacet
  facet normal 0 -1 0
    outer loop
      vertex 52.705 -44.925 -6.4
      vertex 13.4925 -44.925 -1.50074
      vertex 13.4892 -44.925 -1.51257
    endloop
  endfacet
  facet normal 0 -1 0
    outer loop
      vertex 52.705 -44.925 -6.4
      vertex 13.4892 -44.925 -1.51257
      vertex 13.4854 -44.925 -1.52422
    endloop
  endfacet
  facet normal 0 -1 0
    outer loop
      vertex 52.705 -44.925 -6.4
      vertex 13.4854 -44.925 -1.52422
      vertex 13.481 -44.925 -1.53567
    endloop
  endfacet
  facet normal 0 -1 0
    outer loop
      vertex 52.705 -44.925 -6.4
      vertex 13.481 -44.925 -1.53567
      vertex 13.476 -44.925 -1.54689
    endloop
  endfacet
  facet normal 0 -1 0
    outer loop
      vertex 52.705 -44.925 -6.4
      vertex 13.476 -44.925 -1.54689
      vertex 13.4705 -44.925 -1.55785
    endloop
  endfacet
  facet normal 0 -1 0
    outer loop
      vertex 52.705 -44.925 -6.4
      vertex 13.4705 -44.925 -1.55785
      vertex 13.4644 -44.925 -1.56852
    endloop
  endfacet
  facet normal 0 -1 0
    outer loop
      vertex 52.705 -44.925 -6.4
      vertex 13.4644 -44.925 -1.56852
      vertex 13.4579 -44.925 -1.57889
    endloop
  endfacet
  facet normal 0 -1 0
    outer loop
      vertex 52.705 -44.925 -6.4
      vertex 13.4579 -44.925 -1.57889
      vertex 13.4508 -44.925 -1.58892
    endloop
  endfacet
  facet normal 0 -1 0
    outer loop
      vertex 52.705 -44.925 -6.4
      vertex 13.4508 -44.925 -1.58892
      vertex 13.4433 -44.925 -1.5986
    endloop
  endfacet
  facet normal 0 -1 0
    outer loop
      vertex 52.705 -44.925 -6.4
      vertex 13.4433 -44.925 -1.5986
      vertex 13.4352 -44.925 -1.60789
    endloop
  endfacet
  facet normal 0 -1 0
    outer loop
      vertex 52.705 -44.925 -6.4
      vertex 13.4352 -44.925 -1.60789
      vertex 13.4268 -44.925 -1.61678
    endloop
  endfacet
  facet normal 0 -1 0
    outer loop
      vertex 52.705 -44.925 -6.4
      vertex 13.4268 -44.925 -1.61678
      vertex 13.4179 -44.925 -1.62524
    endloop
  endfacet
  facet normal 0 -1 0
    outer loop
      vertex 52.705 -44.925 -6.4
      vertex 13.4179 -44.925 -1.62524
      vertex 13.4086 -44.925 -1.63325
    endloop
  endfacet
  facet normal 0 -1 0
    outer loop
      vertex 52.705 -44.925 -6.4
      vertex 13.4086 -44.925 -1.63325
      vertex 11.9086 -44.925 -2.83325
    endloop
  endfacet
  facet normal 0 -1 0
    outer loop
      vertex 52.705 -44.925 -6.4
      vertex 11.9086 -44.925 -2.83325
      vertex 11.8989 -44.925 -2.8408
    endloop
  endfacet
  facet normal 0 -1 0
    outer loop
      vertex 52.705 -44.925 -6.4
      vertex 11.8989 -44.925 -2.8408
      vertex 11.8889 -44.925 -2.84787
    endloop
  endfacet
  facet normal 0 -1 0
    outer loop
      vertex 52.705 -44.925 -6.4
      vertex 11.8889 -44.925 -2.84787
      vertex 11.8785 -44.925 -2.85443
    endloop
  endfacet
  facet normal 0 -1 0
    outer loop
      vertex 52.705 -44.925 -6.4
      vertex 11.8785 -44.925 -2.85443
      vertex 11.8678 -44.925 -2.86048
    endloop
  endfacet
  facet normal 0 -1 0
    outer loop
      vertex 52.705 -44.925 -6.4
      vertex 11.8678 -44.925 -2.86048
      vertex 11.8569 -44.925 -2.866
    endloop
  endfacet
  facet normal 0 -1 0
    outer loop
      vertex 52.705 -44.925 -6.4
      vertex 11.8569 -44.925 -2.866
      vertex 11.8457 -44.925 -2.87097
    endloop
  endfacet
  facet normal 0 -1 0
    outer loop
      vertex 52.705 -44.925 -6.4
      vertex 11.8457 -44.925 -2.87097
      vertex 11.8342 -44.925 -2.87539
    endloop
  endfacet
  facet normal 0 -1 0
    outer loop
      vertex 52.705 -44.925 -6.4
      vertex 11.8342 -44.925 -2.87539
      vertex 11.8226 -44.925 -2.87924
    endloop
  endfacet
  facet normal 0 -1 0
    outer loop
      vertex 52.705 -44.925 -6.4
      vertex 11.8226 -44.925 -2.87924
      vertex 11.8107 -44.925 -2.88251
    endloop
  endfacet
  facet normal 0 -1 0
    outer loop
      vertex 52.705 -44.925 -6.4
      vertex 11.8107 -44.925 -2.88251
      vertex 11.7988 -44.925 -2.8852
    endloop
  endfacet
  facet normal 0 -1 0
    outer loop
      vertex 52.705 -44.925 -6.4
      vertex 11.7988 -44.925 -2.8852
      vertex 11.7867 -44.925 -2.88729
    endloop
  endfacet
  facet normal 0 -1 0
    outer loop
      vertex 52.705 -44.925 -6.4
      vertex 11.7867 -44.925 -2.88729
      vertex 11.7745 -44.925 -2.8888
    endloop
  endfacet
  facet normal 0 -1 0
    outer loop
      vertex 52.705 -44.925 -6.4
      vertex 11.75 -44.925 -2.89
      vertex -52.705 -44.925 -6.4
    endloop
  endfacet
  facet normal 0 -1 0
    outer loop
      vertex 13.4997 -44.925 -1.45227
      vertex 52.705 -44.925 -6.4
      vertex 52.705 -44.925 1.4
    endloop
  endfacet
  facet normal 0 -1 0
    outer loop
      vertex 11.7623 -44.925 -2.8897
      vertex 52.705 -44.925 -6.4
      vertex 11.7745 -44.925 -2.8888
    endloop
  endfacet
  facet normal 0 -1 0
    outer loop
      vertex 11.75 -44.925 -2.89
      vertex 52.705 -44.925 -6.4
      vertex 11.7623 -44.925 -2.8897
    endloop
  endfacet
  facet normal 1 -0 0
    outer loop
      vertex 51.555 -43.775 6.4
      vertex 51.555 43.775 1.4
      vertex 51.555 43.775 6.4
    endloop
  endfacet
  facet normal 1 0 0
    outer loop
      vertex 51.555 43.775 1.4
      vertex 51.555 -43.775 6.4
      vertex 51.555 -43.775 1.4
    endloop
  endfacet
  facet normal 0 0 1
    outer loop
      vertex 51.555 43.775 6.4
      vertex 50.5 42.925 6.4
      vertex 51.555 -43.775 6.4
    endloop
  endfacet
  facet normal 0 0 1
    outer loop
      vertex 51.555 43.775 6.4
      vertex -50.5 42.925 6.4
      vertex 50.5 42.925 6.4
    endloop
  endfacet
  facet normal 0 0 1
    outer loop
      vertex -50.5 42.925 6.4
      vertex -51.555 43.775 6.4
      vertex -50.5 -42.925 6.4
    endloop
  endfacet
  facet normal -0 0 1
    outer loop
      vertex -51.555 43.775 6.4
      vertex -50.5 42.925 6.4
      vertex 51.555 43.775 6.4
    endloop
  endfacet
  facet normal -0 0 1
    outer loop
      vertex 50.5 -42.925 6.4
      vertex 51.555 -43.775 6.4
      vertex 50.5 42.925 6.4
    endloop
  endfacet
  facet normal -0 0 1
    outer loop
      vertex -50.5 -42.925 6.4
      vertex 51.555 -43.775 6.4
      vertex 50.5 -42.925 6.4
    endloop
  endfacet
  facet normal 0 0 1
    outer loop
      vertex -50.5 -42.925 6.4
      vertex -51.555 -43.775 6.4
      vertex 51.555 -43.775 6.4
    endloop
  endfacet
  facet normal 0 0 1
    outer loop
      vertex -51.555 -43.775 6.4
      vertex -50.5 -42.925 6.4
      vertex -51.555 43.775 6.4
    endloop
  endfacet
  facet normal -1 0 0
    outer loop
      vertex -51.555 -43.775 1.4
      vertex -51.555 43.775 6.4
      vertex -51.555 43.775 1.4
    endloop
  endfacet
  facet normal -1 -0 0
    outer loop
      vertex -51.555 43.775 6.4
      vertex -51.555 -43.775 1.4
      vertex -51.555 -43.775 6.4
    endloop
  endfacet
  facet normal 0 1 -0
    outer loop
      vertex 51.555 43.775 1.4
      vertex -51.555 43.775 6.4
      vertex 51.555 43.775 6.4
    endloop
  endfacet
  facet normal 0 1 0
    outer loop
      vertex -51.555 43.775 6.4
      vertex 51.555 43.775 1.4
      vertex -51.555 43.775 1.4
    endloop
  endfacet
  facet normal 0 -1 0
    outer loop
      vertex -51.555 -43.775 1.4
      vertex 51.555 -43.775 6.4
      vertex -51.555 -43.775 6.4
    endloop
  endfacet
  facet normal 0 -1 -0
    outer loop
      vertex 51.555 -43.775 6.4
      vertex -51.555 -43.775 1.4
      vertex 51.555 -43.775 1.4
    endloop
  endfacet
  facet normal -1 0 0
    outer loop
      vertex 50.5 32.925 1.35
      vertex 50.5 -32.925 1.35
      vertex 50.5 32.925 4.8
    endloop
  endfacet
  facet normal -1 0 0
    outer loop
      vertex 50.5 32.925 4.8
      vertex 50.5 42.925 6.4
      vertex 50.5 42.925 4.8
    endloop
  endfacet
  facet normal -1 0 0
    outer loop
      vertex 50.5 -32.925 4.8
      vertex 50.5 32.925 4.8
      vertex 50.5 -32.925 1.35
    endloop
  endfacet
  facet normal -1 0 0
    outer loop
      vertex 50.5 32.925 4.8
      vertex 50.5 -32.925 4.8
      vertex 50.5 42.925 6.4
    endloop
  endfacet
  facet normal -1 0 0
    outer loop
      vertex 50.5 -42.925 6.4
      vertex 50.5 -32.925 4.8
      vertex 50.5 -42.925 4.8
    endloop
  endfacet
  facet normal -1 0 0
    outer loop
      vertex 50.5 -32.925 4.8
      vertex 50.5 -42.925 6.4
      vertex 50.5 42.925 6.4
    endloop
  endfacet
  facet normal 0 0 1
    outer loop
      vertex 48.2479 38.8391 4.8
      vertex 50.5 42.925 4.8
      vertex 48.25 38.925 4.8
    endloop
  endfacet
  facet normal 0 0 1
    outer loop
      vertex 50.5 42.925 4.8
      vertex 48.2479 39.0109 4.8
      vertex 48.25 38.925 4.8
    endloop
  endfacet
  facet normal 0 0 1
    outer loop
      vertex 50.5 42.925 4.8
      vertex 48.2416 39.0965 4.8
      vertex 48.2479 39.0109 4.8
    endloop
  endfacet
  facet normal 0 0 1
    outer loop
      vertex 50.5 42.925 4.8
      vertex 48.2311 39.1818 4.8
      vertex 48.2416 39.0965 4.8
    endloop
  endfacet
  facet normal 0 0 1
    outer loop
      vertex 50.5 42.925 4.8
      vertex 48.2164 39.2664 4.8
      vertex 48.2311 39.1818 4.8
    endloop
  endfacet
  facet normal 0 0 1
    outer loop
      vertex 50.5 42.925 4.8
      vertex 48.1976 39.3502 4.8
      vertex 48.2164 39.2664 4.8
    endloop
  endfacet
  facet normal 0 0 1
    outer loop
      vertex 50.5 42.925 4.8
      vertex 48.1746 39.433 4.8
      vertex 48.1976 39.3502 4.8
    endloop
  endfacet
  facet normal 0 0 1
    outer loop
      vertex 50.5 42.925 4.8
      vertex 48.1477 39.5146 4.8
      vertex 48.1746 39.433 4.8
    endloop
  endfacet
  facet normal 0 0 1
    outer loop
      vertex 50.5 42.925 4.8
      vertex 48.1168 39.5947 4.8
      vertex 48.1477 39.5146 4.8
    endloop
  endfacet
  facet normal 0 0 1
    outer loop
      vertex 50.5 42.925 4.8
      vertex 48.082 39.6732 4.8
      vertex 48.1168 39.5947 4.8
    endloop
  endfacet
  facet normal 0 0 1
    outer loop
      vertex 50.5 42.925 4.8
      vertex 48.0434 39.7499 4.8
      vertex 48.082 39.6732 4.8
    endloop
  endfacet
  facet normal 0 0 1
    outer loop
      vertex 50.5 42.925 4.8
      vertex 48.001 39.8247 4.8
      vertex 48.0434 39.7499 4.8
    endloop
  endfacet
  facet normal 0 0 1
    outer loop
      vertex 50.5 42.925 4.8
      vertex 47.9551 39.8972 4.8
      vertex 48.001 39.8247 4.8
    endloop
  endfacet
  facet normal 0 0 1
    outer loop
      vertex 50.5 42.925 4.8
      vertex 47.9056 39.9675 4.8
      vertex 47.9551 39.8972 4.8
    endloop
  endfacet
  facet normal 0 0 1
    outer loop
      vertex 50.5 42.925 4.8
      vertex 47.8528 40.0352 4.8
      vertex 47.9056 39.9675 4.8
    endloop
  endfacet
  facet normal 0 0 1
    outer loop
      vertex 50.5 42.925 4.8
      vertex 47.7967 40.1002 4.8
      vertex 47.8528 40.0352 4.8
    endloop
  endfacet
  facet normal 0 0 1
    outer loop
      vertex 50.5 42.925 4.8
      vertex 47.7374 40.1624 4.8
      vertex 47.7967 40.1002 4.8
    endloop
  endfacet
  facet normal 0 0 1
    outer loop
      vertex 50.5 42.925 4.8
      vertex 47.6752 40.2217 4.8
      vertex 47.7374 40.1624 4.8
    endloop
  endfacet
  facet normal 0 0 1
    outer loop
      vertex 50.5 42.925 4.8
      vertex 47.6102 40.2778 4.8
      vertex 47.6752 40.2217 4.8
    endloop
  endfacet
  facet normal 0 0 1
    outer loop
      vertex 50.5 42.925 4.8
      vertex 47.5425 40.3306 4.8
      vertex 47.6102 40.2778 4.8
    endloop
  endfacet
  facet normal 0 0 1
    outer loop
      vertex 50.5 42.925 4.8
      vertex 47.4722 40.3801 4.8
      vertex 47.5425 40.3306 4.8
    endloop
  endfacet
  facet normal 0 0 1
    outer loop
      vertex 50.5 42.925 4.8
      vertex 47.3997 40.426 4.8
      vertex 47.4722 40.3801 4.8
    endloop
  endfacet
  facet normal 0 0 1
    outer loop
      vertex 50.5 42.925 4.8
      vertex 47.3249 40.4684 4.8
      vertex 47.3997 40.426 4.8
    endloop
  endfacet
  facet normal 0 0 1
    outer loop
      vertex 50.5 42.925 4.8
      vertex 47.2482 40.507 4.8
      vertex 47.3249 40.4684 4.8
    endloop
  endfacet
  facet normal 0 0 1
    outer loop
      vertex 50.5 42.925 4.8
      vertex 47.1697 40.5418 4.8
      vertex 47.2482 40.507 4.8
    endloop
  endfacet
  facet normal 0 0 1
    outer loop
      vertex 50.5 42.925 4.8
      vertex 47.0896 40.5727 4.8
      vertex 47.1697 40.5418 4.8
    endloop
  endfacet
  facet normal 0 0 1
    outer loop
      vertex 50.5 42.925 4.8
      vertex 47.008 40.5996 4.8
      vertex 47.0896 40.5727 4.8
    endloop
  endfacet
  facet normal 0 0 1
    outer loop
      vertex 50.5 42.925 4.8
      vertex 46.9252 40.6226 4.8
      vertex 47.008 40.5996 4.8
    endloop
  endfacet
  facet normal 0 0 1
    outer loop
      vertex 50.5 42.925 4.8
      vertex 46.8414 40.6414 4.8
      vertex 46.9252 40.6226 4.8
    endloop
  endfacet
  facet normal 0 0 1
    outer loop
      vertex 50.5 42.925 4.8
      vertex 46.7568 40.6561 4.8
      vertex 46.8414 40.6414 4.8
    endloop
  endfacet
  facet normal 0 0 1
    outer loop
      vertex 50.5 42.925 4.8
      vertex 46.6715 40.6666 4.8
      vertex 46.7568 40.6561 4.8
    endloop
  endfacet
  facet normal 0 0 1
    outer loop
      vertex 50.5 42.925 4.8
      vertex 46.5859 40.6729 4.8
      vertex 46.6715 40.6666 4.8
    endloop
  endfacet
  facet normal 0 0 1
    outer loop
      vertex 50.5 42.925 4.8
      vertex 46.5 40.675 4.8
      vertex 46.5859 40.6729 4.8
    endloop
  endfacet
  facet normal 0 0 1
    outer loop
      vertex 50.5 42.925 4.8
      vertex 46.4141 40.6729 4.8
      vertex 46.5 40.675 4.8
    endloop
  endfacet
  facet normal 0 0 1
    outer loop
      vertex 50.5 42.925 4.8
      vertex 46.3285 40.6666 4.8
      vertex 46.4141 40.6729 4.8
    endloop
  endfacet
  facet normal 0 0 1
    outer loop
      vertex 50.5 42.925 4.8
      vertex 46.2432 40.6561 4.8
      vertex 46.3285 40.6666 4.8
    endloop
  endfacet
  facet normal -0 0 1
    outer loop
      vertex 40.5 42.925 4.8
      vertex 46.2432 40.6561 4.8
      vertex 50.5 42.925 4.8
    endloop
  endfacet
  facet normal 0 0 1
    outer loop
      vertex 46.2432 40.6561 4.8
      vertex 40.5 42.925 4.8
      vertex 46.1586 40.6414 4.8
    endloop
  endfacet
  facet normal 0 0 1
    outer loop
      vertex 46.1586 40.6414 4.8
      vertex 40.5 42.925 4.8
      vertex 46.0748 40.6226 4.8
    endloop
  endfacet
  facet normal 0 0 1
    outer loop
      vertex 46.0748 40.6226 4.8
      vertex 40.5 42.925 4.8
      vertex 45.992 40.5996 4.8
    endloop
  endfacet
  facet normal 0 0 1
    outer loop
      vertex 45.992 40.5996 4.8
      vertex 40.5 42.925 4.8
      vertex 45.9104 40.5727 4.8
    endloop
  endfacet
  facet normal 0 0 1
    outer loop
      vertex 45.9104 40.5727 4.8
      vertex 40.5 42.925 4.8
      vertex 45.8303 40.5418 4.8
    endloop
  endfacet
  facet normal 0 0 1
    outer loop
      vertex 45.8303 40.5418 4.8
      vertex 40.5 42.925 4.8
      vertex 45.7518 40.507 4.8
    endloop
  endfacet
  facet normal 0 0 1
    outer loop
      vertex 44.7521 39.0109 4.8
      vertex 40.5 42.925 4.8
      vertex 44.75 38.925 4.8
    endloop
  endfacet
  facet normal 0 0 1
    outer loop
      vertex 44.7584 39.0965 4.8
      vertex 40.5 42.925 4.8
      vertex 44.7521 39.0109 4.8
    endloop
  endfacet
  facet normal 0 0 1
    outer loop
      vertex 44.7689 39.1818 4.8
      vertex 40.5 42.925 4.8
      vertex 44.7584 39.0965 4.8
    endloop
  endfacet
  facet normal 0 0 1
    outer loop
      vertex 44.7836 39.2664 4.8
      vertex 40.5 42.925 4.8
      vertex 44.7689 39.1818 4.8
    endloop
  endfacet
  facet normal 0 0 1
    outer loop
      vertex 44.8024 39.3502 4.8
      vertex 40.5 42.925 4.8
      vertex 44.7836 39.2664 4.8
    endloop
  endfacet
  facet normal 0 0 1
    outer loop
      vertex 44.8254 39.433 4.8
      vertex 40.5 42.925 4.8
      vertex 44.8024 39.3502 4.8
    endloop
  endfacet
  facet normal 0 0 1
    outer loop
      vertex 44.8523 39.5146 4.8
      vertex 40.5 42.925 4.8
      vertex 44.8254 39.433 4.8
    endloop
  endfacet
  facet normal 0 0 1
    outer loop
      vertex 44.8832 39.5947 4.8
      vertex 40.5 42.925 4.8
      vertex 44.8523 39.5146 4.8
    endloop
  endfacet
  facet normal 0 0 1
    outer loop
      vertex 44.918 39.6732 4.8
      vertex 40.5 42.925 4.8
      vertex 44.8832 39.5947 4.8
    endloop
  endfacet
  facet normal 0 0 1
    outer loop
      vertex 44.9566 39.7499 4.8
      vertex 40.5 42.925 4.8
      vertex 44.918 39.6732 4.8
    endloop
  endfacet
  facet normal 0 0 1
    outer loop
      vertex 44.999 39.8247 4.8
      vertex 40.5 42.925 4.8
      vertex 44.9566 39.7499 4.8
    endloop
  endfacet
  facet normal 0 0 1
    outer loop
      vertex 45.0449 39.8972 4.8
      vertex 40.5 42.925 4.8
      vertex 44.999 39.8247 4.8
    endloop
  endfacet
  facet normal 0 0 1
    outer loop
      vertex 45.0944 39.9675 4.8
      vertex 40.5 42.925 4.8
      vertex 45.0449 39.8972 4.8
    endloop
  endfacet
  facet normal 0 0 1
    outer loop
      vertex 45.1472 40.0352 4.8
      vertex 40.5 42.925 4.8
      vertex 45.0944 39.9675 4.8
    endloop
  endfacet
  facet normal 0 0 1
    outer loop
      vertex 45.2033 40.1002 4.8
      vertex 40.5 42.925 4.8
      vertex 45.1472 40.0352 4.8
    endloop
  endfacet
  facet normal 0 0 1
    outer loop
      vertex 45.2626 40.1624 4.8
      vertex 40.5 42.925 4.8
      vertex 45.2033 40.1002 4.8
    endloop
  endfacet
  facet normal 0 0 1
    outer loop
      vertex 45.3248 40.2217 4.8
      vertex 40.5 42.925 4.8
      vertex 45.2626 40.1624 4.8
    endloop
  endfacet
  facet normal 0 0 1
    outer loop
      vertex 45.3898 40.2778 4.8
      vertex 40.5 42.925 4.8
      vertex 45.3248 40.2217 4.8
    endloop
  endfacet
  facet normal 0 0 1
    outer loop
      vertex 45.4575 40.3306 4.8
      vertex 40.5 42.925 4.8
      vertex 45.3898 40.2778 4.8
    endloop
  endfacet
  facet normal 0 0 1
    outer loop
      vertex 45.5278 40.3801 4.8
      vertex 40.5 42.925 4.8
      vertex 45.4575 40.3306 4.8
    endloop
  endfacet
  facet normal 0 0 1
    outer loop
      vertex 45.6003 40.426 4.8
      vertex 40.5 42.925 4.8
      vertex 45.5278 40.3801 4.8
    endloop
  endfacet
  facet normal 0 0 1
    outer loop
      vertex 45.6751 40.4684 4.8
      vertex 40.5 42.925 4.8
      vertex 45.6003 40.426 4.8
    endloop
  endfacet
  facet normal 0 0 1
    outer loop
      vertex 45.7518 40.507 4.8
      vertex 40.5 42.925 4.8
      vertex 45.6751 40.4684 4.8
    endloop
  endfacet
  facet normal 0 0 1
    outer loop
      vertex 48.2416 38.7535 4.8
      vertex 50.5 42.925 4.8
      vertex 48.2479 38.8391 4.8
    endloop
  endfacet
  facet normal 0 0 1
    outer loop
      vertex 50.5 42.925 4.8
      vertex 48.2416 38.7535 4.8
      vertex 50.5 32.925 4.8
    endloop
  endfacet
  facet normal -0 0 1
    outer loop
      vertex 48.2311 38.6682 4.8
      vertex 50.5 32.925 4.8
      vertex 48.2416 38.7535 4.8
    endloop
  endfacet
  facet normal -0 0 1
    outer loop
      vertex 48.2164 38.5836 4.8
      vertex 50.5 32.925 4.8
      vertex 48.2311 38.6682 4.8
    endloop
  endfacet
  facet normal -0 0 1
    outer loop
      vertex 48.1976 38.4998 4.8
      vertex 50.5 32.925 4.8
      vertex 48.2164 38.5836 4.8
    endloop
  endfacet
  facet normal -0 0 1
    outer loop
      vertex 48.1746 38.417 4.8
      vertex 50.5 32.925 4.8
      vertex 48.1976 38.4998 4.8
    endloop
  endfacet
  facet normal -0 0 1
    outer loop
      vertex 48.1477 38.3354 4.8
      vertex 50.5 32.925 4.8
      vertex 48.1746 38.417 4.8
    endloop
  endfacet
  facet normal -0 0 1
    outer loop
      vertex 48.1168 38.2553 4.8
      vertex 50.5 32.925 4.8
      vertex 48.1477 38.3354 4.8
    endloop
  endfacet
  facet normal -0 0 1
    outer loop
      vertex 48.082 38.1768 4.8
      vertex 50.5 32.925 4.8
      vertex 48.1168 38.2553 4.8
    endloop
  endfacet
  facet normal -0 0 1
    outer loop
      vertex 48.0434 38.1001 4.8
      vertex 50.5 32.925 4.8
      vertex 48.082 38.1768 4.8
    endloop
  endfacet
  facet normal -0 0 1
    outer loop
      vertex 48.001 38.0253 4.8
      vertex 50.5 32.925 4.8
      vertex 48.0434 38.1001 4.8
    endloop
  endfacet
  facet normal -0 0 1
    outer loop
      vertex 47.9551 37.9528 4.8
      vertex 50.5 32.925 4.8
      vertex 48.001 38.0253 4.8
    endloop
  endfacet
  facet normal -0 0 1
    outer loop
      vertex 47.9056 37.8825 4.8
      vertex 50.5 32.925 4.8
      vertex 47.9551 37.9528 4.8
    endloop
  endfacet
  facet normal -0 0 1
    outer loop
      vertex 47.8528 37.8148 4.8
      vertex 50.5 32.925 4.8
      vertex 47.9056 37.8825 4.8
    endloop
  endfacet
  facet normal -0 0 1
    outer loop
      vertex 47.7967 37.7498 4.8
      vertex 50.5 32.925 4.8
      vertex 47.8528 37.8148 4.8
    endloop
  endfacet
  facet normal -0 0 1
    outer loop
      vertex 47.7374 37.6876 4.8
      vertex 50.5 32.925 4.8
      vertex 47.7967 37.7498 4.8
    endloop
  endfacet
  facet normal -0 0 1
    outer loop
      vertex 47.6752 37.6283 4.8
      vertex 50.5 32.925 4.8
      vertex 47.7374 37.6876 4.8
    endloop
  endfacet
  facet normal -0 0 1
    outer loop
      vertex 47.6102 37.5722 4.8
      vertex 50.5 32.925 4.8
      vertex 47.6752 37.6283 4.8
    endloop
  endfacet
  facet normal -0 0 1
    outer loop
      vertex 47.5425 37.5194 4.8
      vertex 50.5 32.925 4.8
      vertex 47.6102 37.5722 4.8
    endloop
  endfacet
  facet normal -0 0 1
    outer loop
      vertex 47.4722 37.4699 4.8
      vertex 50.5 32.925 4.8
      vertex 47.5425 37.5194 4.8
    endloop
  endfacet
  facet normal -0 0 1
    outer loop
      vertex 47.3997 37.424 4.8
      vertex 50.5 32.925 4.8
      vertex 47.4722 37.4699 4.8
    endloop
  endfacet
  facet normal -0 0 1
    outer loop
      vertex 47.3249 37.3816 4.8
      vertex 50.5 32.925 4.8
      vertex 47.3997 37.424 4.8
    endloop
  endfacet
  facet normal -0 0 1
    outer loop
      vertex 47.2482 37.343 4.8
      vertex 50.5 32.925 4.8
      vertex 47.3249 37.3816 4.8
    endloop
  endfacet
  facet normal -0 0 1
    outer loop
      vertex 47.1697 37.3082 4.8
      vertex 50.5 32.925 4.8
      vertex 47.2482 37.343 4.8
    endloop
  endfacet
  facet normal -0 0 1
    outer loop
      vertex 47.0896 37.2773 4.8
      vertex 50.5 32.925 4.8
      vertex 47.1697 37.3082 4.8
    endloop
  endfacet
  facet normal -0 0 1
    outer loop
      vertex 47.008 37.2504 4.8
      vertex 50.5 32.925 4.8
      vertex 47.0896 37.2773 4.8
    endloop
  endfacet
  facet normal -0 0 1
    outer loop
      vertex 46.9252 37.2274 4.8
      vertex 50.5 32.925 4.8
      vertex 47.008 37.2504 4.8
    endloop
  endfacet
  facet normal -0 0 1
    outer loop
      vertex 46.8414 37.2086 4.8
      vertex 50.5 32.925 4.8
      vertex 46.9252 37.2274 4.8
    endloop
  endfacet
  facet normal -0 0 1
    outer loop
      vertex 46.7568 37.1939 4.8
      vertex 50.5 32.925 4.8
      vertex 46.8414 37.2086 4.8
    endloop
  endfacet
  facet normal -0 0 1
    outer loop
      vertex 46.6715 37.1834 4.8
      vertex 50.5 32.925 4.8
      vertex 46.7568 37.1939 4.8
    endloop
  endfacet
  facet normal -0 0 1
    outer loop
      vertex 46.5859 37.1771 4.8
      vertex 50.5 32.925 4.8
      vertex 46.6715 37.1834 4.8
    endloop
  endfacet
  facet normal -0 0 1
    outer loop
      vertex 46.5 37.175 4.8
      vertex 50.5 32.925 4.8
      vertex 46.5859 37.1771 4.8
    endloop
  endfacet
  facet normal 0 0 1
    outer loop
      vertex 46.4141 37.1771 4.8
      vertex 50.5 32.925 4.8
      vertex 46.5 37.175 4.8
    endloop
  endfacet
  facet normal 0 0 1
    outer loop
      vertex 46.3285 37.1834 4.8
      vertex 50.5 32.925 4.8
      vertex 46.4141 37.1771 4.8
    endloop
  endfacet
  facet normal 0 0 1
    outer loop
      vertex 46.2432 37.1939 4.8
      vertex 50.5 32.925 4.8
      vertex 46.3285 37.1834 4.8
    endloop
  endfacet
  facet normal 0 0 1
    outer loop
      vertex 40.5 32.925 4.8
      vertex 46.2432 37.1939 4.8
      vertex 46.1586 37.2086 4.8
    endloop
  endfacet
  facet normal 0 0 1
    outer loop
      vertex 40.5 32.925 4.8
      vertex 46.1586 37.2086 4.8
      vertex 46.0748 37.2274 4.8
    endloop
  endfacet
  facet normal 0 0 1
    outer loop
      vertex 40.5 32.925 4.8
      vertex 46.0748 37.2274 4.8
      vertex 45.992 37.2504 4.8
    endloop
  endfacet
  facet normal 0 0 1
    outer loop
      vertex 40.5 32.925 4.8
      vertex 45.992 37.2504 4.8
      vertex 45.9104 37.2773 4.8
    endloop
  endfacet
  facet normal 0 0 1
    outer loop
      vertex 40.5 32.925 4.8
      vertex 45.9104 37.2773 4.8
      vertex 45.8303 37.3082 4.8
    endloop
  endfacet
  facet normal 0 0 1
    outer loop
      vertex 40.5 32.925 4.8
      vertex 45.8303 37.3082 4.8
      vertex 45.7518 37.343 4.8
    endloop
  endfacet
  facet normal 0 0 1
    outer loop
      vertex 40.5 32.925 4.8
      vertex 45.7518 37.343 4.8
      vertex 45.6751 37.3816 4.8
    endloop
  endfacet
  facet normal 0 0 1
    outer loop
      vertex 40.5 32.925 4.8
      vertex 45.6751 37.3816 4.8
      vertex 45.6003 37.424 4.8
    endloop
  endfacet
  facet normal 0 0 1
    outer loop
      vertex 40.5 32.925 4.8
      vertex 45.6003 37.424 4.8
      vertex 45.5278 37.4699 4.8
    endloop
  endfacet
  facet normal 0 0 1
    outer loop
      vertex 40.5 32.925 4.8
      vertex 45.5278 37.4699 4.8
      vertex 45.4575 37.5194 4.8
    endloop
  endfacet
  facet normal 0 0 1
    outer loop
      vertex 40.5 32.925 4.8
      vertex 45.4575 37.5194 4.8
      vertex 45.3898 37.5722 4.8
    endloop
  endfacet
  facet normal 0 0 1
    outer loop
      vertex 40.5 32.925 4.8
      vertex 45.3898 37.5722 4.8
      vertex 45.3248 37.6283 4.8
    endloop
  endfacet
  facet normal 0 0 1
    outer loop
      vertex 40.5 42.925 4.8
      vertex 44.7521 38.8391 4.8
      vertex 44.75 38.925 4.8
    endloop
  endfacet
  facet normal 0 0 1
    outer loop
      vertex 40.5 42.925 4.8
      vertex 44.7584 38.7535 4.8
      vertex 44.7521 38.8391 4.8
    endloop
  endfacet
  facet normal 0 0 1
    outer loop
      vertex 40.5 42.925 4.8
      vertex 44.7689 38.6682 4.8
      vertex 44.7584 38.7535 4.8
    endloop
  endfacet
  facet normal 0 0 1
    outer loop
      vertex 40.5 32.925 4.8
      vertex 44.7689 38.6682 4.8
      vertex 40.5 42.925 4.8
    endloop
  endfacet
  facet normal 0 0 1
    outer loop
      vertex 44.7689 38.6682 4.8
      vertex 40.5 32.925 4.8
      vertex 44.7836 38.5836 4.8
    endloop
  endfacet
  facet normal 0 0 1
    outer loop
      vertex 44.7836 38.5836 4.8
      vertex 40.5 32.925 4.8
      vertex 44.8024 38.4998 4.8
    endloop
  endfacet
  facet normal 0 0 1
    outer loop
      vertex 44.8024 38.4998 4.8
      vertex 40.5 32.925 4.8
      vertex 44.8254 38.417 4.8
    endloop
  endfacet
  facet normal 0 0 1
    outer loop
      vertex 44.8254 38.417 4.8
      vertex 40.5 32.925 4.8
      vertex 44.8523 38.3354 4.8
    endloop
  endfacet
  facet normal 0 0 1
    outer loop
      vertex 44.8523 38.3354 4.8
      vertex 40.5 32.925 4.8
      vertex 44.8832 38.2553 4.8
    endloop
  endfacet
  facet normal 0 0 1
    outer loop
      vertex 44.8832 38.2553 4.8
      vertex 40.5 32.925 4.8
      vertex 44.918 38.1768 4.8
    endloop
  endfacet
  facet normal 0 0 1
    outer loop
      vertex 44.918 38.1768 4.8
      vertex 40.5 32.925 4.8
      vertex 44.9566 38.1001 4.8
    endloop
  endfacet
  facet normal 0 0 1
    outer loop
      vertex 44.9566 38.1001 4.8
      vertex 40.5 32.925 4.8
      vertex 44.999 38.0253 4.8
    endloop
  endfacet
  facet normal 0 0 1
    outer loop
      vertex 44.999 38.0253 4.8
      vertex 40.5 32.925 4.8
      vertex 45.0449 37.9528 4.8
    endloop
  endfacet
  facet normal 0 0 1
    outer loop
      vertex 45.0449 37.9528 4.8
      vertex 40.5 32.925 4.8
      vertex 45.0944 37.8825 4.8
    endloop
  endfacet
  facet normal 0 0 1
    outer loop
      vertex 45.0944 37.8825 4.8
      vertex 40.5 32.925 4.8
      vertex 45.1472 37.8148 4.8
    endloop
  endfacet
  facet normal 0 0 1
    outer loop
      vertex 46.2432 37.1939 4.8
      vertex 40.5 32.925 4.8
      vertex 50.5 32.925 4.8
    endloop
  endfacet
  facet normal 0 0 1
    outer loop
      vertex 45.2626 37.6876 4.8
      vertex 40.5 32.925 4.8
      vertex 45.3248 37.6283 4.8
    endloop
  endfacet
  facet normal 0 0 1
    outer loop
      vertex 45.2033 37.7498 4.8
      vertex 40.5 32.925 4.8
      vertex 45.2626 37.6876 4.8
    endloop
  endfacet
  facet normal 0 0 1
    outer loop
      vertex 45.1472 37.8148 4.8
      vertex 40.5 32.925 4.8
      vertex 45.2033 37.7498 4.8
    endloop
  endfacet
  facet normal -1 0 0
    outer loop
      vertex 40.5 32.925 1.35
      vertex 40.5 42.925 4.8
      vertex 40.5 42.925 1.35
    endloop
  endfacet
  facet normal -1 -0 0
    outer loop
      vertex 40.5 42.925 4.8
      vertex 40.5 32.925 1.35
      vertex 40.5 32.925 4.8
    endloop
  endfacet
  facet normal 0 -1 0
    outer loop
      vertex 40.5 32.925 1.35
      vertex 50.5 32.925 4.8
      vertex 40.5 32.925 4.8
    endloop
  endfacet
  facet normal 0 -1 -0
    outer loop
      vertex 50.5 32.925 4.8
      vertex 40.5 32.925 1.35
      vertex 50.5 32.925 1.35
    endloop
  endfacet
  facet normal -0.997303 -0.0733996 -8.54791e-20
    outer loop
      vertex 48.2479 39.0109 1.35
      vertex 48.2416 39.0965 4.8
      vertex 48.2416 39.0965 1.35
    endloop
  endfacet
  facet normal -0.997303 -0.0733996 -8.54791e-20
    outer loop
      vertex 48.2416 39.0965 4.8
      vertex 48.2479 39.0109 1.35
      vertex 48.2479 39.0109 4.8
    endloop
  endfacet
  facet normal -0.999701 -0.0244397 -3.70107e-20
    outer loop
      vertex 48.25 38.925 1.35
      vertex 48.2479 39.0109 4.8
      vertex 48.2479 39.0109 1.35
    endloop
  endfacet
  facet normal -0.999701 -0.0244397 -3.70107e-20
    outer loop
      vertex 48.2479 39.0109 4.8
      vertex 48.25 38.925 1.35
      vertex 48.25 38.925 4.8
    endloop
  endfacet
  facet normal -0.992509 -0.122173 2.47314e-20
    outer loop
      vertex 48.2416 39.0965 1.35
      vertex 48.2311 39.1818 4.8
      vertex 48.2311 39.1818 1.35
    endloop
  endfacet
  facet normal -0.992509 -0.122173 2.47314e-20
    outer loop
      vertex 48.2311 39.1818 4.8
      vertex 48.2416 39.0965 1.35
      vertex 48.2416 39.0965 4.8
    endloop
  endfacet
  facet normal -0.0733996 0.997303 0
    outer loop
      vertex 46.6715 37.1834 1.35
      vertex 46.5859 37.1771 4.8
      vertex 46.6715 37.1834 4.8
    endloop
  endfacet
  facet normal -0.0733996 0.997303 0
    outer loop
      vertex 46.5859 37.1771 4.8
      vertex 46.6715 37.1834 1.35
      vertex 46.5859 37.1771 1.35
    endloop
  endfacet
  facet normal -0.218903 0.975747 0
    outer loop
      vertex 46.9252 37.2274 1.35
      vertex 46.8414 37.2086 4.8
      vertex 46.9252 37.2274 4.8
    endloop
  endfacet
  facet normal -0.218903 0.975747 0
    outer loop
      vertex 46.8414 37.2086 4.8
      vertex 46.9252 37.2274 1.35
      vertex 46.8414 37.2086 1.35
    endloop
  endfacet
  facet normal 0.975747 0.218903 -3.15365e-19
    outer loop
      vertex 44.8024 38.4998 4.8
      vertex 44.7836 38.5836 1.35
      vertex 44.7836 38.5836 4.8
    endloop
  endfacet
  facet normal 0.975747 0.218903 -3.15365e-19
    outer loop
      vertex 44.7836 38.5836 1.35
      vertex 44.8024 38.4998 4.8
      vertex 44.8024 38.4998 1.35
    endloop
  endfacet
  facet normal -0.534913 -0.844907 0
    outer loop
      vertex 47.3997 40.426 1.35
      vertex 47.4722 40.3801 4.8
      vertex 47.3997 40.426 4.8
    endloop
  endfacet
  facet normal -0.534913 -0.844907 -0
    outer loop
      vertex 47.4722 40.3801 4.8
      vertex 47.3997 40.426 1.35
      vertex 47.4722 40.3801 1.35
    endloop
  endfacet
  facet normal -0.359916 -0.932985 0
    outer loop
      vertex 47.0896 40.5727 1.35
      vertex 47.1697 40.5418 4.8
      vertex 47.0896 40.5727 4.8
    endloop
  endfacet
  facet normal -0.359916 -0.932985 -0
    outer loop
      vertex 47.1697 40.5418 4.8
      vertex 47.0896 40.5727 1.35
      vertex 47.1697 40.5418 1.35
    endloop
  endfacet
  facet normal -0.122173 -0.992509 0
    outer loop
      vertex 46.6715 40.6666 1.35
      vertex 46.7568 40.6561 4.8
      vertex 46.6715 40.6666 4.8
    endloop
  endfacet
  facet normal -0.122173 -0.992509 -0
    outer loop
      vertex 46.7568 40.6561 4.8
      vertex 46.6715 40.6666 1.35
      vertex 46.7568 40.6561 1.35
    endloop
  endfacet
  facet normal -0.359916 0.932985 0
    outer loop
      vertex 47.1697 37.3082 1.35
      vertex 47.0896 37.2773 4.8
      vertex 47.1697 37.3082 4.8
    endloop
  endfacet
  facet normal -0.359916 0.932985 0
    outer loop
      vertex 47.0896 37.2773 4.8
      vertex 47.1697 37.3082 1.35
      vertex 47.0896 37.2773 1.35
    endloop
  endfacet
  facet normal 0.985237 -0.171194 -5.4731e-20
    outer loop
      vertex 44.7689 39.1818 4.8
      vertex 44.7836 39.2664 1.35
      vertex 44.7836 39.2664 4.8
    endloop
  endfacet
  facet normal 0.985237 -0.171194 -5.4731e-20
    outer loop
      vertex 44.7836 39.2664 1.35
      vertex 44.7689 39.1818 4.8
      vertex 44.7689 39.1818 1.35
    endloop
  endfacet
  facet normal 0.997303 0.0733996 -8.54791e-20
    outer loop
      vertex 44.7584 38.7535 4.8
      vertex 44.7521 38.8391 1.35
      vertex 44.7521 38.8391 4.8
    endloop
  endfacet
  facet normal 0.997303 0.0733996 -8.54791e-20
    outer loop
      vertex 44.7521 38.8391 1.35
      vertex 44.7584 38.7535 4.8
      vertex 44.7584 38.7535 1.35
    endloop
  endfacet
  facet normal 0.723778 0.690033 6.17186e-20
    outer loop
      vertex 45.2626 37.6876 4.8
      vertex 45.2033 37.7498 1.35
      vertex 45.2033 37.7498 4.8
    endloop
  endfacet
  facet normal 0.723778 0.690033 6.17186e-20
    outer loop
      vertex 45.2033 37.7498 1.35
      vertex 45.2626 37.6876 4.8
      vertex 45.2626 37.6876 1.35
    endloop
  endfacet
  facet normal -0.405274 -0.914195 0
    outer loop
      vertex 47.1697 40.5418 1.35
      vertex 47.2482 40.507 4.8
      vertex 47.1697 40.5418 4.8
    endloop
  endfacet
  facet normal -0.405274 -0.914195 -0
    outer loop
      vertex 47.2482 40.507 4.8
      vertex 47.1697 40.5418 1.35
      vertex 47.2482 40.507 1.35
    endloop
  endfacet
  facet normal 0.757032 0.653377 7.1089e-19
    outer loop
      vertex 45.2033 37.7498 4.8
      vertex 45.1472 37.8148 1.35
      vertex 45.1472 37.8148 4.8
    endloop
  endfacet
  facet normal 0.757032 0.653377 7.1089e-19
    outer loop
      vertex 45.1472 37.8148 1.35
      vertex 45.2033 37.7498 4.8
      vertex 45.2033 37.7498 1.35
    endloop
  endfacet
  facet normal -0.992509 0.122173 -2.47314e-20
    outer loop
      vertex 48.2311 38.6682 1.35
      vertex 48.2416 38.7535 4.8
      vertex 48.2416 38.7535 1.35
    endloop
  endfacet
  facet normal -0.992509 0.122173 -2.47314e-20
    outer loop
      vertex 48.2416 38.7535 4.8
      vertex 48.2311 38.6682 1.35
      vertex 48.2311 38.6682 4.8
    endloop
  endfacet
  facet normal -0.89326 0.449541 5.6543e-19
    outer loop
      vertex 48.0434 38.1001 1.35
      vertex 48.082 38.1768 4.8
      vertex 48.082 38.1768 1.35
    endloop
  endfacet
  facet normal -0.89326 0.449541 5.6543e-19
    outer loop
      vertex 48.082 38.1768 4.8
      vertex 48.0434 38.1001 1.35
      vertex 48.0434 38.1001 4.8
    endloop
  endfacet
  facet normal -0.999701 0.0244397 -8.92584e-21
    outer loop
      vertex 48.2479 38.8391 1.35
      vertex 48.25 38.925 4.8
      vertex 48.25 38.925 1.35
    endloop
  endfacet
  facet normal -0.999701 0.0244397 -8.92584e-21
    outer loop
      vertex 48.25 38.925 4.8
      vertex 48.2479 38.8391 1.35
      vertex 48.2479 38.8391 4.8
    endloop
  endfacet
  facet normal 0.985237 0.171194 2.81934e-19
    outer loop
      vertex 44.7836 38.5836 4.8
      vertex 44.7689 38.6682 1.35
      vertex 44.7689 38.6682 4.8
    endloop
  endfacet
  facet normal 0.985237 0.171194 2.81934e-19
    outer loop
      vertex 44.7689 38.6682 1.35
      vertex 44.7836 38.5836 4.8
      vertex 44.7836 38.5836 1.35
    endloop
  endfacet
  facet normal -0.985237 0.171194 -2.81934e-19
    outer loop
      vertex 48.2164 38.5836 1.35
      vertex 48.2311 38.6682 4.8
      vertex 48.2311 38.6682 1.35
    endloop
  endfacet
  facet normal -0.985237 0.171194 -2.81934e-19
    outer loop
      vertex 48.2311 38.6682 4.8
      vertex 48.2164 38.5836 1.35
      vertex 48.2164 38.5836 4.8
    endloop
  endfacet
  facet normal -0.975747 -0.218903 -3.43467e-19
    outer loop
      vertex 48.2164 39.2664 1.35
      vertex 48.1976 39.3502 4.8
      vertex 48.1976 39.3502 1.35
    endloop
  endfacet
  facet normal -0.975747 -0.218903 -3.43467e-19
    outer loop
      vertex 48.1976 39.3502 4.8
      vertex 48.2164 39.2664 1.35
      vertex 48.2164 39.2664 4.8
    endloop
  endfacet
  facet normal 0.975747 -0.218903 3.43467e-19
    outer loop
      vertex 44.7836 39.2664 4.8
      vertex 44.8024 39.3502 1.35
      vertex 44.8024 39.3502 4.8
    endloop
  endfacet
  facet normal 0.975747 -0.218903 3.43467e-19
    outer loop
      vertex 44.8024 39.3502 1.35
      vertex 44.7836 39.2664 4.8
      vertex 44.7836 39.2664 1.35
    endloop
  endfacet
  facet normal -0.89326 -0.449541 5.29523e-20
    outer loop
      vertex 48.082 39.6732 1.35
      vertex 48.0434 39.7499 4.8
      vertex 48.0434 39.7499 1.35
    endloop
  endfacet
  facet normal -0.89326 -0.449541 5.29523e-20
    outer loop
      vertex 48.0434 39.7499 4.8
      vertex 48.082 39.6732 1.35
      vertex 48.082 39.6732 4.8
    endloop
  endfacet
  facet normal -0.869956 0.49313 1.94962e-19
    outer loop
      vertex 48.001 38.0253 1.35
      vertex 48.0434 38.1001 4.8
      vertex 48.0434 38.1001 1.35
    endloop
  endfacet
  facet normal -0.869956 0.49313 1.94962e-19
    outer loop
      vertex 48.0434 38.1001 4.8
      vertex 48.001 38.0253 1.35
      vertex 48.001 38.0253 4.8
    endloop
  endfacet
  facet normal 0.0244397 -0.999701 0
    outer loop
      vertex 46.4141 40.6729 1.35
      vertex 46.5 40.675 4.8
      vertex 46.4141 40.6729 4.8
    endloop
  endfacet
  facet normal 0.0244397 -0.999701 0
    outer loop
      vertex 46.5 40.675 4.8
      vertex 46.4141 40.6729 1.35
      vertex 46.5 40.675 1.35
    endloop
  endfacet
  facet normal -0.690033 -0.723778 0
    outer loop
      vertex 47.6752 40.2217 1.35
      vertex 47.7374 40.1624 4.8
      vertex 47.6752 40.2217 4.8
    endloop
  endfacet
  facet normal -0.690033 -0.723778 -0
    outer loop
      vertex 47.7374 40.1624 4.8
      vertex 47.6752 40.2217 1.35
      vertex 47.7374 40.1624 1.35
    endloop
  endfacet
  facet normal -0.267644 0.963518 0
    outer loop
      vertex 47.008 37.2504 1.35
      vertex 46.9252 37.2274 4.8
      vertex 47.008 37.2504 4.8
    endloop
  endfacet
  facet normal -0.267644 0.963518 0
    outer loop
      vertex 46.9252 37.2274 4.8
      vertex 47.008 37.2504 1.35
      vertex 46.9252 37.2274 1.35
    endloop
  endfacet
  facet normal -0.985237 -0.171194 5.4731e-20
    outer loop
      vertex 48.2311 39.1818 1.35
      vertex 48.2164 39.2664 4.8
      vertex 48.2164 39.2664 1.35
    endloop
  endfacet
  facet normal -0.985237 -0.171194 5.4731e-20
    outer loop
      vertex 48.2164 39.2664 4.8
      vertex 48.2311 39.1818 1.35
      vertex 48.2311 39.1818 4.8
    endloop
  endfacet
  facet normal -0.723778 0.690033 -6.17186e-20
    outer loop
      vertex 47.7374 37.6876 1.35
      vertex 47.7967 37.7498 4.8
      vertex 47.7967 37.7498 1.35
    endloop
  endfacet
  facet normal -0.723778 0.690033 -6.17186e-20
    outer loop
      vertex 47.7967 37.7498 4.8
      vertex 47.7374 37.6876 1.35
      vertex 47.7374 37.6876 4.8
    endloop
  endfacet
  facet normal -0.313084 -0.949726 0
    outer loop
      vertex 47.008 40.5996 1.35
      vertex 47.0896 40.5727 4.8
      vertex 47.008 40.5996 4.8
    endloop
  endfacet
  facet normal -0.313084 -0.949726 -0
    outer loop
      vertex 47.0896 40.5727 4.8
      vertex 47.008 40.5996 1.35
      vertex 47.0896 40.5727 1.35
    endloop
  endfacet
  facet normal -0.949726 0.313084 4.89832e-19
    outer loop
      vertex 48.1477 38.3354 1.35
      vertex 48.1746 38.417 4.8
      vertex 48.1746 38.417 1.35
    endloop
  endfacet
  facet normal -0.949726 0.313084 4.89832e-19
    outer loop
      vertex 48.1746 38.417 4.8
      vertex 48.1477 38.3354 1.35
      vertex 48.1477 38.3354 4.8
    endloop
  endfacet
  facet normal -0.949726 -0.313084 -4.89832e-19
    outer loop
      vertex 48.1746 39.433 1.35
      vertex 48.1477 39.5146 4.8
      vertex 48.1477 39.5146 1.35
    endloop
  endfacet
  facet normal -0.949726 -0.313084 -4.89832e-19
    outer loop
      vertex 48.1477 39.5146 4.8
      vertex 48.1746 39.433 1.35
      vertex 48.1746 39.433 4.8
    endloop
  endfacet
  facet normal 0.844907 -0.534913 -1.05007e-20
    outer loop
      vertex 44.999 39.8247 4.8
      vertex 45.0449 39.8972 1.35
      vertex 45.0449 39.8972 4.8
    endloop
  endfacet
  facet normal 0.844907 -0.534913 -1.05007e-20
    outer loop
      vertex 45.0449 39.8972 1.35
      vertex 44.999 39.8247 4.8
      vertex 44.999 39.8247 1.35
    endloop
  endfacet
  facet normal -0.757032 0.653377 -7.1089e-19
    outer loop
      vertex 47.7967 37.7498 1.35
      vertex 47.8528 37.8148 4.8
      vertex 47.8528 37.8148 1.35
    endloop
  endfacet
  facet normal -0.757032 0.653377 -7.1089e-19
    outer loop
      vertex 47.8528 37.8148 4.8
      vertex 47.7967 37.7498 1.35
      vertex 47.7967 37.7498 4.8
    endloop
  endfacet
  facet normal -0.218903 -0.975747 0
    outer loop
      vertex 46.8414 40.6414 1.35
      vertex 46.9252 40.6226 4.8
      vertex 46.8414 40.6414 4.8
    endloop
  endfacet
  facet normal -0.218903 -0.975747 -0
    outer loop
      vertex 46.9252 40.6226 4.8
      vertex 46.8414 40.6414 1.35
      vertex 46.9252 40.6226 1.35
    endloop
  endfacet
  facet normal -0.405274 0.914195 0
    outer loop
      vertex 47.2482 37.343 1.35
      vertex 47.1697 37.3082 4.8
      vertex 47.2482 37.343 4.8
    endloop
  endfacet
  facet normal -0.405274 0.914195 0
    outer loop
      vertex 47.1697 37.3082 4.8
      vertex 47.2482 37.343 1.35
      vertex 47.1697 37.3082 1.35
    endloop
  endfacet
  facet normal -0.653377 -0.757032 0
    outer loop
      vertex 47.6102 40.2778 1.35
      vertex 47.6752 40.2217 4.8
      vertex 47.6102 40.2778 4.8
    endloop
  endfacet
  facet normal -0.653377 -0.757032 -0
    outer loop
      vertex 47.6752 40.2217 4.8
      vertex 47.6102 40.2778 1.35
      vertex 47.6752 40.2217 1.35
    endloop
  endfacet
  facet normal -0.723778 -0.690033 6.17186e-20
    outer loop
      vertex 47.7967 40.1002 1.35
      vertex 47.7374 40.1624 4.8
      vertex 47.7374 40.1624 1.35
    endloop
  endfacet
  facet normal -0.723778 -0.690033 6.17186e-20
    outer loop
      vertex 47.7374 40.1624 4.8
      vertex 47.7967 40.1002 1.35
      vertex 47.7967 40.1002 4.8
    endloop
  endfacet
  facet normal 0.534913 0.844907 -0
    outer loop
      vertex 45.6003 37.424 1.35
      vertex 45.5278 37.4699 4.8
      vertex 45.6003 37.424 4.8
    endloop
  endfacet
  facet normal 0.534913 0.844907 0
    outer loop
      vertex 45.5278 37.4699 4.8
      vertex 45.6003 37.424 1.35
      vertex 45.5278 37.4699 1.35
    endloop
  endfacet
  facet normal 0.817644 -0.575724 1.66575e-19
    outer loop
      vertex 45.0449 39.8972 4.8
      vertex 45.0944 39.9675 1.35
      vertex 45.0944 39.9675 4.8
    endloop
  endfacet
  facet normal 0.817644 -0.575724 1.66575e-19
    outer loop
      vertex 45.0944 39.9675 1.35
      vertex 45.0449 39.8972 4.8
      vertex 45.0449 39.8972 1.35
    endloop
  endfacet
  facet normal 0.963518 -0.267644 2.6244e-19
    outer loop
      vertex 44.8024 39.3502 4.8
      vertex 44.8254 39.433 1.35
      vertex 44.8254 39.433 4.8
    endloop
  endfacet
  facet normal 0.963518 -0.267644 2.6244e-19
    outer loop
      vertex 44.8254 39.433 1.35
      vertex 44.8024 39.3502 4.8
      vertex 44.8024 39.3502 1.35
    endloop
  endfacet
  facet normal 0.218903 -0.975747 0
    outer loop
      vertex 46.0748 40.6226 1.35
      vertex 46.1586 40.6414 4.8
      vertex 46.0748 40.6226 4.8
    endloop
  endfacet
  facet normal 0.218903 -0.975747 0
    outer loop
      vertex 46.1586 40.6414 4.8
      vertex 46.0748 40.6226 1.35
      vertex 46.1586 40.6414 1.35
    endloop
  endfacet
  facet normal 0.723778 -0.690033 -6.17186e-20
    outer loop
      vertex 45.2033 40.1002 4.8
      vertex 45.2626 40.1624 1.35
      vertex 45.2626 40.1624 4.8
    endloop
  endfacet
  facet normal 0.723778 -0.690033 -6.17186e-20
    outer loop
      vertex 45.2626 40.1624 1.35
      vertex 45.2033 40.1002 4.8
      vertex 45.2033 40.1002 1.35
    endloop
  endfacet
  facet normal 0.788536 0.614988 -5.31395e-19
    outer loop
      vertex 45.1472 37.8148 4.8
      vertex 45.0944 37.8825 1.35
      vertex 45.0944 37.8825 4.8
    endloop
  endfacet
  facet normal 0.788536 0.614988 -5.31395e-19
    outer loop
      vertex 45.0944 37.8825 1.35
      vertex 45.1472 37.8148 4.8
      vertex 45.1472 37.8148 1.35
    endloop
  endfacet
  facet normal -0.614988 0.788536 0
    outer loop
      vertex 47.6102 37.5722 1.35
      vertex 47.5425 37.5194 4.8
      vertex 47.6102 37.5722 4.8
    endloop
  endfacet
  facet normal -0.614988 0.788536 0
    outer loop
      vertex 47.5425 37.5194 4.8
      vertex 47.6102 37.5722 1.35
      vertex 47.5425 37.5194 1.35
    endloop
  endfacet
  facet normal 0.914195 -0.405274 -3.52037e-19
    outer loop
      vertex 44.8832 39.5947 4.8
      vertex 44.918 39.6732 1.35
      vertex 44.918 39.6732 4.8
    endloop
  endfacet
  facet normal 0.914195 -0.405274 -3.52037e-19
    outer loop
      vertex 44.918 39.6732 1.35
      vertex 44.8832 39.5947 4.8
      vertex 44.8832 39.5947 1.35
    endloop
  endfacet
  facet normal 0.757032 -0.653377 -7.1089e-19
    outer loop
      vertex 45.1472 40.0352 4.8
      vertex 45.2033 40.1002 1.35
      vertex 45.2033 40.1002 4.8
    endloop
  endfacet
  facet normal 0.757032 -0.653377 -7.1089e-19
    outer loop
      vertex 45.2033 40.1002 1.35
      vertex 45.1472 40.0352 4.8
      vertex 45.1472 40.0352 1.35
    endloop
  endfacet
  facet normal 0.949726 -0.313084 4.89832e-19
    outer loop
      vertex 44.8254 39.433 4.8
      vertex 44.8523 39.5146 1.35
      vertex 44.8523 39.5146 4.8
    endloop
  endfacet
  facet normal 0.949726 -0.313084 4.89832e-19
    outer loop
      vertex 44.8523 39.5146 1.35
      vertex 44.8254 39.433 4.8
      vertex 44.8254 39.433 1.35
    endloop
  endfacet
  facet normal 0.575724 0.817644 -0
    outer loop
      vertex 45.5278 37.4699 1.35
      vertex 45.4575 37.5194 4.8
      vertex 45.5278 37.4699 4.8
    endloop
  endfacet
  facet normal 0.575724 0.817644 0
    outer loop
      vertex 45.4575 37.5194 4.8
      vertex 45.5278 37.4699 1.35
      vertex 45.4575 37.5194 1.35
    endloop
  endfacet
  facet normal -0.914195 -0.405274 3.52037e-19
    outer loop
      vertex 48.1168 39.5947 1.35
      vertex 48.082 39.6732 4.8
      vertex 48.082 39.6732 1.35
    endloop
  endfacet
  facet normal -0.914195 -0.405274 3.52037e-19
    outer loop
      vertex 48.082 39.6732 4.8
      vertex 48.1168 39.5947 1.35
      vertex 48.1168 39.5947 4.8
    endloop
  endfacet
  facet normal -0.932985 -0.359916 6.80045e-19
    outer loop
      vertex 48.1477 39.5146 1.35
      vertex 48.1168 39.5947 4.8
      vertex 48.1168 39.5947 1.35
    endloop
  endfacet
  facet normal -0.932985 -0.359916 6.80045e-19
    outer loop
      vertex 48.1168 39.5947 4.8
      vertex 48.1477 39.5146 1.35
      vertex 48.1477 39.5146 4.8
    endloop
  endfacet
  facet normal 0.0733996 -0.997303 0
    outer loop
      vertex 46.3285 40.6666 1.35
      vertex 46.4141 40.6729 4.8
      vertex 46.3285 40.6666 4.8
    endloop
  endfacet
  facet normal 0.0733996 -0.997303 0
    outer loop
      vertex 46.4141 40.6729 4.8
      vertex 46.3285 40.6666 1.35
      vertex 46.4141 40.6729 1.35
    endloop
  endfacet
  facet normal 0.89326 -0.449541 -5.29523e-20
    outer loop
      vertex 44.918 39.6732 4.8
      vertex 44.9566 39.7499 1.35
      vertex 44.9566 39.7499 4.8
    endloop
  endfacet
  facet normal 0.89326 -0.449541 -5.29523e-20
    outer loop
      vertex 44.9566 39.7499 1.35
      vertex 44.918 39.6732 4.8
      vertex 44.918 39.6732 1.35
    endloop
  endfacet
  facet normal 0.405274 -0.914195 0
    outer loop
      vertex 45.7518 40.507 1.35
      vertex 45.8303 40.5418 4.8
      vertex 45.7518 40.507 4.8
    endloop
  endfacet
  facet normal 0.405274 -0.914195 0
    outer loop
      vertex 45.8303 40.5418 4.8
      vertex 45.7518 40.507 1.35
      vertex 45.8303 40.5418 1.35
    endloop
  endfacet
  facet normal -0.575724 0.817644 0
    outer loop
      vertex 47.5425 37.5194 1.35
      vertex 47.4722 37.4699 4.8
      vertex 47.5425 37.5194 4.8
    endloop
  endfacet
  facet normal -0.575724 0.817644 0
    outer loop
      vertex 47.4722 37.4699 4.8
      vertex 47.5425 37.5194 1.35
      vertex 47.4722 37.4699 1.35
    endloop
  endfacet
  facet normal 0.614988 -0.788536 0
    outer loop
      vertex 45.3898 40.2778 1.35
      vertex 45.4575 40.3306 4.8
      vertex 45.3898 40.2778 4.8
    endloop
  endfacet
  facet normal 0.614988 -0.788536 0
    outer loop
      vertex 45.4575 40.3306 4.8
      vertex 45.3898 40.2778 1.35
      vertex 45.4575 40.3306 1.35
    endloop
  endfacet
  facet normal -0.844907 0.534913 -1.05007e-20
    outer loop
      vertex 47.9551 37.9528 1.35
      vertex 48.001 38.0253 4.8
      vertex 48.001 38.0253 1.35
    endloop
  endfacet
  facet normal -0.844907 0.534913 -1.05007e-20
    outer loop
      vertex 48.001 38.0253 4.8
      vertex 47.9551 37.9528 1.35
      vertex 47.9551 37.9528 4.8
    endloop
  endfacet
  facet normal -0.963518 0.267644 2.6244e-19
    outer loop
      vertex 48.1746 38.417 1.35
      vertex 48.1976 38.4998 4.8
      vertex 48.1976 38.4998 1.35
    endloop
  endfacet
  facet normal -0.963518 0.267644 2.6244e-19
    outer loop
      vertex 48.1976 38.4998 4.8
      vertex 48.1746 38.417 1.35
      vertex 48.1746 38.417 4.8
    endloop
  endfacet
  facet normal 0.788536 -0.614988 5.31395e-19
    outer loop
      vertex 45.0944 39.9675 4.8
      vertex 45.1472 40.0352 1.35
      vertex 45.1472 40.0352 4.8
    endloop
  endfacet
  facet normal 0.788536 -0.614988 5.31395e-19
    outer loop
      vertex 45.1472 40.0352 1.35
      vertex 45.0944 39.9675 4.8
      vertex 45.0944 39.9675 1.35
    endloop
  endfacet
  facet normal -0.788536 -0.614988 -5.31395e-19
    outer loop
      vertex 47.9056 39.9675 1.35
      vertex 47.8528 40.0352 4.8
      vertex 47.8528 40.0352 1.35
    endloop
  endfacet
  facet normal -0.788536 -0.614988 -5.31395e-19
    outer loop
      vertex 47.8528 40.0352 4.8
      vertex 47.9056 39.9675 1.35
      vertex 47.9056 39.9675 4.8
    endloop
  endfacet
  facet normal -0.817644 -0.575724 -1.66575e-19
    outer loop
      vertex 47.9551 39.8972 1.35
      vertex 47.9056 39.9675 4.8
      vertex 47.9056 39.9675 1.35
    endloop
  endfacet
  facet normal -0.817644 -0.575724 -1.66575e-19
    outer loop
      vertex 47.9056 39.9675 4.8
      vertex 47.9551 39.8972 1.35
      vertex 47.9551 39.8972 4.8
    endloop
  endfacet
  facet normal 0.997303 -0.0733996 8.54791e-20
    outer loop
      vertex 44.7521 39.0109 4.8
      vertex 44.7584 39.0965 1.35
      vertex 44.7584 39.0965 4.8
    endloop
  endfacet
  facet normal 0.997303 -0.0733996 8.54791e-20
    outer loop
      vertex 44.7584 39.0965 1.35
      vertex 44.7521 39.0109 4.8
      vertex 44.7521 39.0109 1.35
    endloop
  endfacet
  facet normal -0.614988 -0.788536 0
    outer loop
      vertex 47.5425 40.3306 1.35
      vertex 47.6102 40.2778 4.8
      vertex 47.5425 40.3306 4.8
    endloop
  endfacet
  facet normal -0.614988 -0.788536 -0
    outer loop
      vertex 47.6102 40.2778 4.8
      vertex 47.5425 40.3306 1.35
      vertex 47.6102 40.2778 1.35
    endloop
  endfacet
  facet normal -0.449541 -0.89326 0
    outer loop
      vertex 47.2482 40.507 1.35
      vertex 47.3249 40.4684 4.8
      vertex 47.2482 40.507 4.8
    endloop
  endfacet
  facet normal -0.449541 -0.89326 -0
    outer loop
      vertex 47.3249 40.4684 4.8
      vertex 47.2482 40.507 1.35
      vertex 47.3249 40.4684 1.35
    endloop
  endfacet
  facet normal 0.614988 0.788536 -0
    outer loop
      vertex 45.4575 37.5194 1.35
      vertex 45.3898 37.5722 4.8
      vertex 45.4575 37.5194 4.8
    endloop
  endfacet
  facet normal 0.614988 0.788536 0
    outer loop
      vertex 45.3898 37.5722 4.8
      vertex 45.4575 37.5194 1.35
      vertex 45.3898 37.5722 1.35
    endloop
  endfacet
  facet normal 0.653377 -0.757032 0
    outer loop
      vertex 45.3248 40.2217 1.35
      vertex 45.3898 40.2778 4.8
      vertex 45.3248 40.2217 4.8
    endloop
  endfacet
  facet normal 0.653377 -0.757032 0
    outer loop
      vertex 45.3898 40.2778 4.8
      vertex 45.3248 40.2217 1.35
      vertex 45.3898 40.2778 1.35
    endloop
  endfacet
  facet normal -0.844907 -0.534913 1.05007e-20
    outer loop
      vertex 48.001 39.8247 1.35
      vertex 47.9551 39.8972 4.8
      vertex 47.9551 39.8972 1.35
    endloop
  endfacet
  facet normal -0.844907 -0.534913 1.05007e-20
    outer loop
      vertex 47.9551 39.8972 4.8
      vertex 48.001 39.8247 1.35
      vertex 48.001 39.8247 4.8
    endloop
  endfacet
  facet normal -0.997303 0.0733996 8.54791e-20
    outer loop
      vertex 48.2416 38.7535 1.35
      vertex 48.2479 38.8391 4.8
      vertex 48.2479 38.8391 1.35
    endloop
  endfacet
  facet normal -0.997303 0.0733996 8.54791e-20
    outer loop
      vertex 48.2479 38.8391 4.8
      vertex 48.2416 38.7535 1.35
      vertex 48.2416 38.7535 4.8
    endloop
  endfacet
  facet normal -0.171194 -0.985237 0
    outer loop
      vertex 46.7568 40.6561 1.35
      vertex 46.8414 40.6414 4.8
      vertex 46.7568 40.6561 4.8
    endloop
  endfacet
  facet normal -0.171194 -0.985237 -0
    outer loop
      vertex 46.8414 40.6414 4.8
      vertex 46.7568 40.6561 1.35
      vertex 46.8414 40.6414 1.35
    endloop
  endfacet
  facet normal 0.449541 0.89326 -0
    outer loop
      vertex 45.7518 37.343 1.35
      vertex 45.6751 37.3816 4.8
      vertex 45.7518 37.343 4.8
    endloop
  endfacet
  facet normal 0.449541 0.89326 0
    outer loop
      vertex 45.6751 37.3816 4.8
      vertex 45.7518 37.343 1.35
      vertex 45.6751 37.3816 1.35
    endloop
  endfacet
  facet normal -0.869956 -0.49313 2.70538e-19
    outer loop
      vertex 48.0434 39.7499 1.35
      vertex 48.001 39.8247 4.8
      vertex 48.001 39.8247 1.35
    endloop
  endfacet
  facet normal -0.869956 -0.49313 2.70538e-19
    outer loop
      vertex 48.001 39.8247 4.8
      vertex 48.0434 39.7499 1.35
      vertex 48.0434 39.7499 4.8
    endloop
  endfacet
  facet normal -0.122173 0.992509 0
    outer loop
      vertex 46.7568 37.1939 1.35
      vertex 46.6715 37.1834 4.8
      vertex 46.7568 37.1939 4.8
    endloop
  endfacet
  facet normal -0.122173 0.992509 0
    outer loop
      vertex 46.6715 37.1834 4.8
      vertex 46.7568 37.1939 1.35
      vertex 46.6715 37.1834 1.35
    endloop
  endfacet
  facet normal -0.171194 0.985237 0
    outer loop
      vertex 46.8414 37.2086 1.35
      vertex 46.7568 37.1939 4.8
      vertex 46.8414 37.2086 4.8
    endloop
  endfacet
  facet normal -0.171194 0.985237 0
    outer loop
      vertex 46.7568 37.1939 4.8
      vertex 46.8414 37.2086 1.35
      vertex 46.7568 37.1939 1.35
    endloop
  endfacet
  facet normal -0.963518 -0.267644 -2.6244e-19
    outer loop
      vertex 48.1976 39.3502 1.35
      vertex 48.1746 39.433 4.8
      vertex 48.1746 39.433 1.35
    endloop
  endfacet
  facet normal -0.963518 -0.267644 -2.6244e-19
    outer loop
      vertex 48.1746 39.433 4.8
      vertex 48.1976 39.3502 1.35
      vertex 48.1976 39.3502 4.8
    endloop
  endfacet
  facet normal 0.0244397 0.999701 -0
    outer loop
      vertex 46.5 37.175 1.35
      vertex 46.4141 37.1771 4.8
      vertex 46.5 37.175 4.8
    endloop
  endfacet
  facet normal 0.0244397 0.999701 0
    outer loop
      vertex 46.4141 37.1771 4.8
      vertex 46.5 37.175 1.35
      vertex 46.4141 37.1771 1.35
    endloop
  endfacet
  facet normal -0.575724 -0.817644 0
    outer loop
      vertex 47.4722 40.3801 1.35
      vertex 47.5425 40.3306 4.8
      vertex 47.4722 40.3801 4.8
    endloop
  endfacet
  facet normal -0.575724 -0.817644 -0
    outer loop
      vertex 47.5425 40.3306 4.8
      vertex 47.4722 40.3801 1.35
      vertex 47.5425 40.3306 1.35
    endloop
  endfacet
  facet normal -0.0244397 -0.999701 0
    outer loop
      vertex 46.5 40.675 1.35
      vertex 46.5859 40.6729 4.8
      vertex 46.5 40.675 4.8
    endloop
  endfacet
  facet normal -0.0244397 -0.999701 -0
    outer loop
      vertex 46.5859 40.6729 4.8
      vertex 46.5 40.675 1.35
      vertex 46.5859 40.6729 1.35
    endloop
  endfacet
  facet normal 0.359916 -0.932985 0
    outer loop
      vertex 45.8303 40.5418 1.35
      vertex 45.9104 40.5727 4.8
      vertex 45.8303 40.5418 4.8
    endloop
  endfacet
  facet normal 0.359916 -0.932985 0
    outer loop
      vertex 45.9104 40.5727 4.8
      vertex 45.8303 40.5418 1.35
      vertex 45.9104 40.5727 1.35
    endloop
  endfacet
  facet normal 0.313084 0.949726 -0
    outer loop
      vertex 45.992 37.2504 1.35
      vertex 45.9104 37.2773 4.8
      vertex 45.992 37.2504 4.8
    endloop
  endfacet
  facet normal 0.313084 0.949726 0
    outer loop
      vertex 45.9104 37.2773 4.8
      vertex 45.992 37.2504 1.35
      vertex 45.9104 37.2773 1.35
    endloop
  endfacet
  facet normal -0.449541 0.89326 0
    outer loop
      vertex 47.3249 37.3816 1.35
      vertex 47.2482 37.343 4.8
      vertex 47.3249 37.3816 4.8
    endloop
  endfacet
  facet normal -0.449541 0.89326 0
    outer loop
      vertex 47.2482 37.343 4.8
      vertex 47.3249 37.3816 1.35
      vertex 47.2482 37.343 1.35
    endloop
  endfacet
  facet normal -0.49313 -0.869956 0
    outer loop
      vertex 47.3249 40.4684 1.35
      vertex 47.3997 40.426 4.8
      vertex 47.3249 40.4684 4.8
    endloop
  endfacet
  facet normal -0.49313 -0.869956 -0
    outer loop
      vertex 47.3997 40.426 4.8
      vertex 47.3249 40.4684 1.35
      vertex 47.3997 40.426 1.35
    endloop
  endfacet
  facet normal 0.171194 -0.985237 0
    outer loop
      vertex 46.1586 40.6414 1.35
      vertex 46.2432 40.6561 4.8
      vertex 46.1586 40.6414 4.8
    endloop
  endfacet
  facet normal 0.171194 -0.985237 0
    outer loop
      vertex 46.2432 40.6561 4.8
      vertex 46.1586 40.6414 1.35
      vertex 46.2432 40.6561 1.35
    endloop
  endfacet
  facet normal 0.869956 0.49313 -1.94962e-19
    outer loop
      vertex 44.999 38.0253 4.8
      vertex 44.9566 38.1001 1.35
      vertex 44.9566 38.1001 4.8
    endloop
  endfacet
  facet normal 0.869956 0.49313 -1.94962e-19
    outer loop
      vertex 44.9566 38.1001 1.35
      vertex 44.999 38.0253 4.8
      vertex 44.999 38.0253 1.35
    endloop
  endfacet
  facet normal 0.690033 -0.723778 0
    outer loop
      vertex 45.2626 40.1624 1.35
      vertex 45.3248 40.2217 4.8
      vertex 45.2626 40.1624 4.8
    endloop
  endfacet
  facet normal 0.690033 -0.723778 0
    outer loop
      vertex 45.3248 40.2217 4.8
      vertex 45.2626 40.1624 1.35
      vertex 45.3248 40.2217 1.35
    endloop
  endfacet
  facet normal 0.171194 0.985237 -0
    outer loop
      vertex 46.2432 37.1939 1.35
      vertex 46.1586 37.2086 4.8
      vertex 46.2432 37.1939 4.8
    endloop
  endfacet
  facet normal 0.171194 0.985237 0
    outer loop
      vertex 46.1586 37.2086 4.8
      vertex 46.2432 37.1939 1.35
      vertex 46.1586 37.2086 1.35
    endloop
  endfacet
  facet normal -0.534913 0.844907 0
    outer loop
      vertex 47.4722 37.4699 1.35
      vertex 47.3997 37.424 4.8
      vertex 47.4722 37.4699 4.8
    endloop
  endfacet
  facet normal -0.534913 0.844907 0
    outer loop
      vertex 47.3997 37.424 4.8
      vertex 47.4722 37.4699 1.35
      vertex 47.3997 37.424 1.35
    endloop
  endfacet
  facet normal -0.690033 0.723778 0
    outer loop
      vertex 47.7374 37.6876 1.35
      vertex 47.6752 37.6283 4.8
      vertex 47.7374 37.6876 4.8
    endloop
  endfacet
  facet normal -0.690033 0.723778 0
    outer loop
      vertex 47.6752 37.6283 4.8
      vertex 47.7374 37.6876 1.35
      vertex 47.6752 37.6283 1.35
    endloop
  endfacet
  facet normal 0.534913 -0.844907 0
    outer loop
      vertex 45.5278 40.3801 1.35
      vertex 45.6003 40.426 4.8
      vertex 45.5278 40.3801 4.8
    endloop
  endfacet
  facet normal 0.534913 -0.844907 0
    outer loop
      vertex 45.6003 40.426 4.8
      vertex 45.5278 40.3801 1.35
      vertex 45.6003 40.426 1.35
    endloop
  endfacet
  facet normal 0.690033 0.723778 -0
    outer loop
      vertex 45.3248 37.6283 1.35
      vertex 45.2626 37.6876 4.8
      vertex 45.3248 37.6283 4.8
    endloop
  endfacet
  facet normal 0.690033 0.723778 0
    outer loop
      vertex 45.2626 37.6876 4.8
      vertex 45.3248 37.6283 1.35
      vertex 45.2626 37.6876 1.35
    endloop
  endfacet
  facet normal 0.122173 -0.992509 0
    outer loop
      vertex 46.2432 40.6561 1.35
      vertex 46.3285 40.6666 4.8
      vertex 46.2432 40.6561 4.8
    endloop
  endfacet
  facet normal 0.122173 -0.992509 0
    outer loop
      vertex 46.3285 40.6666 4.8
      vertex 46.2432 40.6561 1.35
      vertex 46.3285 40.6666 1.35
    endloop
  endfacet
  facet normal -0.757032 -0.653377 7.1089e-19
    outer loop
      vertex 47.8528 40.0352 1.35
      vertex 47.7967 40.1002 4.8
      vertex 47.7967 40.1002 1.35
    endloop
  endfacet
  facet normal -0.757032 -0.653377 7.1089e-19
    outer loop
      vertex 47.7967 40.1002 4.8
      vertex 47.8528 40.0352 1.35
      vertex 47.8528 40.0352 4.8
    endloop
  endfacet
  facet normal -0.0244397 0.999701 0
    outer loop
      vertex 46.5859 37.1771 1.35
      vertex 46.5 37.175 4.8
      vertex 46.5859 37.1771 4.8
    endloop
  endfacet
  facet normal -0.0244397 0.999701 0
    outer loop
      vertex 46.5 37.175 4.8
      vertex 46.5859 37.1771 1.35
      vertex 46.5 37.175 1.35
    endloop
  endfacet
  facet normal 0.0733996 0.997303 -0
    outer loop
      vertex 46.4141 37.1771 1.35
      vertex 46.3285 37.1834 4.8
      vertex 46.4141 37.1771 4.8
    endloop
  endfacet
  facet normal 0.0733996 0.997303 0
    outer loop
      vertex 46.3285 37.1834 4.8
      vertex 46.4141 37.1771 1.35
      vertex 46.3285 37.1834 1.35
    endloop
  endfacet
  facet normal 0.575724 -0.817644 0
    outer loop
      vertex 45.4575 40.3306 1.35
      vertex 45.5278 40.3801 4.8
      vertex 45.4575 40.3306 4.8
    endloop
  endfacet
  facet normal 0.575724 -0.817644 0
    outer loop
      vertex 45.5278 40.3801 4.8
      vertex 45.4575 40.3306 1.35
      vertex 45.5278 40.3801 1.35
    endloop
  endfacet
  facet normal -0.267644 -0.963518 0
    outer loop
      vertex 46.9252 40.6226 1.35
      vertex 47.008 40.5996 4.8
      vertex 46.9252 40.6226 4.8
    endloop
  endfacet
  facet normal -0.267644 -0.963518 -0
    outer loop
      vertex 47.008 40.5996 4.8
      vertex 46.9252 40.6226 1.35
      vertex 47.008 40.5996 1.35
    endloop
  endfacet
  facet normal 0.932985 0.359916 6.80045e-19
    outer loop
      vertex 44.8832 38.2553 4.8
      vertex 44.8523 38.3354 1.35
      vertex 44.8523 38.3354 4.8
    endloop
  endfacet
  facet normal 0.932985 0.359916 6.80045e-19
    outer loop
      vertex 44.8523 38.3354 1.35
      vertex 44.8832 38.2553 4.8
      vertex 44.8832 38.2553 1.35
    endloop
  endfacet
  facet normal 0.49313 -0.869956 0
    outer loop
      vertex 45.6003 40.426 1.35
      vertex 45.6751 40.4684 4.8
      vertex 45.6003 40.426 4.8
    endloop
  endfacet
  facet normal 0.49313 -0.869956 0
    outer loop
      vertex 45.6751 40.4684 4.8
      vertex 45.6003 40.426 1.35
      vertex 45.6751 40.4684 1.35
    endloop
  endfacet
  facet normal -0.313084 0.949726 0
    outer loop
      vertex 47.0896 37.2773 1.35
      vertex 47.008 37.2504 4.8
      vertex 47.0896 37.2773 4.8
    endloop
  endfacet
  facet normal -0.313084 0.949726 0
    outer loop
      vertex 47.008 37.2504 4.8
      vertex 47.0896 37.2773 1.35
      vertex 47.008 37.2504 1.35
    endloop
  endfacet
  facet normal 0.914195 0.405274 3.52037e-19
    outer loop
      vertex 44.918 38.1768 4.8
      vertex 44.8832 38.2553 1.35
      vertex 44.8832 38.2553 4.8
    endloop
  endfacet
  facet normal 0.914195 0.405274 3.52037e-19
    outer loop
      vertex 44.8832 38.2553 1.35
      vertex 44.918 38.1768 4.8
      vertex 44.918 38.1768 1.35
    endloop
  endfacet
  facet normal -0.0733996 -0.997303 0
    outer loop
      vertex 46.5859 40.6729 1.35
      vertex 46.6715 40.6666 4.8
      vertex 46.5859 40.6729 4.8
    endloop
  endfacet
  facet normal -0.0733996 -0.997303 -0
    outer loop
      vertex 46.6715 40.6666 4.8
      vertex 46.5859 40.6729 1.35
      vertex 46.6715 40.6666 1.35
    endloop
  endfacet
  facet normal 0.844907 0.534913 1.05007e-20
    outer loop
      vertex 45.0449 37.9528 4.8
      vertex 44.999 38.0253 1.35
      vertex 44.999 38.0253 4.8
    endloop
  endfacet
  facet normal 0.844907 0.534913 1.05007e-20
    outer loop
      vertex 44.999 38.0253 1.35
      vertex 45.0449 37.9528 4.8
      vertex 45.0449 37.9528 1.35
    endloop
  endfacet
  facet normal 0.653377 0.757032 -0
    outer loop
      vertex 45.3898 37.5722 1.35
      vertex 45.3248 37.6283 4.8
      vertex 45.3898 37.5722 4.8
    endloop
  endfacet
  facet normal 0.653377 0.757032 0
    outer loop
      vertex 45.3248 37.6283 4.8
      vertex 45.3898 37.5722 1.35
      vertex 45.3248 37.6283 1.35
    endloop
  endfacet
  facet normal -0.49313 0.869956 0
    outer loop
      vertex 47.3997 37.424 1.35
      vertex 47.3249 37.3816 4.8
      vertex 47.3997 37.424 4.8
    endloop
  endfacet
  facet normal -0.49313 0.869956 0
    outer loop
      vertex 47.3249 37.3816 4.8
      vertex 47.3997 37.424 1.35
      vertex 47.3249 37.3816 1.35
    endloop
  endfacet
  facet normal 0.992509 0.122173 2.47314e-20
    outer loop
      vertex 44.7689 38.6682 4.8
      vertex 44.7584 38.7535 1.35
      vertex 44.7584 38.7535 4.8
    endloop
  endfacet
  facet normal 0.992509 0.122173 2.47314e-20
    outer loop
      vertex 44.7584 38.7535 1.35
      vertex 44.7689 38.6682 4.8
      vertex 44.7689 38.6682 1.35
    endloop
  endfacet
  facet normal -0.817644 0.575724 1.66575e-19
    outer loop
      vertex 47.9056 37.8825 1.35
      vertex 47.9551 37.9528 4.8
      vertex 47.9551 37.9528 1.35
    endloop
  endfacet
  facet normal -0.817644 0.575724 1.66575e-19
    outer loop
      vertex 47.9551 37.9528 4.8
      vertex 47.9056 37.8825 1.35
      vertex 47.9056 37.8825 4.8
    endloop
  endfacet
  facet normal -0.932985 0.359916 -6.80045e-19
    outer loop
      vertex 48.1168 38.2553 1.35
      vertex 48.1477 38.3354 4.8
      vertex 48.1477 38.3354 1.35
    endloop
  endfacet
  facet normal -0.932985 0.359916 -6.80045e-19
    outer loop
      vertex 48.1477 38.3354 4.8
      vertex 48.1168 38.2553 1.35
      vertex 48.1168 38.2553 4.8
    endloop
  endfacet
  facet normal -0.653377 0.757032 0
    outer loop
      vertex 47.6752 37.6283 1.35
      vertex 47.6102 37.5722 4.8
      vertex 47.6752 37.6283 4.8
    endloop
  endfacet
  facet normal -0.653377 0.757032 0
    outer loop
      vertex 47.6102 37.5722 4.8
      vertex 47.6752 37.6283 1.35
      vertex 47.6102 37.5722 1.35
    endloop
  endfacet
  facet normal -0.975747 0.218903 3.15365e-19
    outer loop
      vertex 48.1976 38.4998 1.35
      vertex 48.2164 38.5836 4.8
      vertex 48.2164 38.5836 1.35
    endloop
  endfacet
  facet normal -0.975747 0.218903 3.15365e-19
    outer loop
      vertex 48.2164 38.5836 4.8
      vertex 48.1976 38.4998 1.35
      vertex 48.1976 38.4998 4.8
    endloop
  endfacet
  facet normal 0.999701 -0.0244397 3.70107e-20
    outer loop
      vertex 44.75 38.925 4.8
      vertex 44.7521 39.0109 1.35
      vertex 44.7521 39.0109 4.8
    endloop
  endfacet
  facet normal 0.999701 -0.0244397 3.70107e-20
    outer loop
      vertex 44.7521 39.0109 1.35
      vertex 44.75 38.925 4.8
      vertex 44.75 38.925 1.35
    endloop
  endfacet
  facet normal 0.999701 0.0244397 8.92584e-21
    outer loop
      vertex 44.7521 38.8391 4.8
      vertex 44.75 38.925 1.35
      vertex 44.75 38.925 4.8
    endloop
  endfacet
  facet normal 0.999701 0.0244397 8.92584e-21
    outer loop
      vertex 44.75 38.925 1.35
      vertex 44.7521 38.8391 4.8
      vertex 44.7521 38.8391 1.35
    endloop
  endfacet
  facet normal 0.49313 0.869956 -0
    outer loop
      vertex 45.6751 37.3816 1.35
      vertex 45.6003 37.424 4.8
      vertex 45.6751 37.3816 4.8
    endloop
  endfacet
  facet normal 0.49313 0.869956 0
    outer loop
      vertex 45.6003 37.424 4.8
      vertex 45.6751 37.3816 1.35
      vertex 45.6003 37.424 1.35
    endloop
  endfacet
  facet normal 0.267644 0.963518 -0
    outer loop
      vertex 46.0748 37.2274 1.35
      vertex 45.992 37.2504 4.8
      vertex 46.0748 37.2274 4.8
    endloop
  endfacet
  facet normal 0.267644 0.963518 0
    outer loop
      vertex 45.992 37.2504 4.8
      vertex 46.0748 37.2274 1.35
      vertex 45.992 37.2504 1.35
    endloop
  endfacet
  facet normal -0.788536 0.614988 5.31395e-19
    outer loop
      vertex 47.8528 37.8148 1.35
      vertex 47.9056 37.8825 4.8
      vertex 47.9056 37.8825 1.35
    endloop
  endfacet
  facet normal -0.788536 0.614988 5.31395e-19
    outer loop
      vertex 47.9056 37.8825 4.8
      vertex 47.8528 37.8148 1.35
      vertex 47.8528 37.8148 4.8
    endloop
  endfacet
  facet normal 0.267644 -0.963518 0
    outer loop
      vertex 45.992 40.5996 1.35
      vertex 46.0748 40.6226 4.8
      vertex 45.992 40.5996 4.8
    endloop
  endfacet
  facet normal 0.267644 -0.963518 0
    outer loop
      vertex 46.0748 40.6226 4.8
      vertex 45.992 40.5996 1.35
      vertex 46.0748 40.6226 1.35
    endloop
  endfacet
  facet normal 0.218903 0.975747 -0
    outer loop
      vertex 46.1586 37.2086 1.35
      vertex 46.0748 37.2274 4.8
      vertex 46.1586 37.2086 4.8
    endloop
  endfacet
  facet normal 0.218903 0.975747 0
    outer loop
      vertex 46.0748 37.2274 4.8
      vertex 46.1586 37.2086 1.35
      vertex 46.0748 37.2274 1.35
    endloop
  endfacet
  facet normal 0.89326 0.449541 -5.6543e-19
    outer loop
      vertex 44.9566 38.1001 4.8
      vertex 44.918 38.1768 1.35
      vertex 44.918 38.1768 4.8
    endloop
  endfacet
  facet normal 0.89326 0.449541 -5.6543e-19
    outer loop
      vertex 44.918 38.1768 1.35
      vertex 44.9566 38.1001 4.8
      vertex 44.9566 38.1001 1.35
    endloop
  endfacet
  facet normal 0.992509 -0.122173 -2.47314e-20
    outer loop
      vertex 44.7584 39.0965 4.8
      vertex 44.7689 39.1818 1.35
      vertex 44.7689 39.1818 4.8
    endloop
  endfacet
  facet normal 0.992509 -0.122173 -2.47314e-20
    outer loop
      vertex 44.7689 39.1818 1.35
      vertex 44.7584 39.0965 4.8
      vertex 44.7584 39.0965 1.35
    endloop
  endfacet
  facet normal 0.359916 0.932985 -0
    outer loop
      vertex 45.9104 37.2773 1.35
      vertex 45.8303 37.3082 4.8
      vertex 45.9104 37.2773 4.8
    endloop
  endfacet
  facet normal 0.359916 0.932985 0
    outer loop
      vertex 45.8303 37.3082 4.8
      vertex 45.9104 37.2773 1.35
      vertex 45.8303 37.3082 1.35
    endloop
  endfacet
  facet normal 0.122173 0.992509 -0
    outer loop
      vertex 46.3285 37.1834 1.35
      vertex 46.2432 37.1939 4.8
      vertex 46.3285 37.1834 4.8
    endloop
  endfacet
  facet normal 0.122173 0.992509 0
    outer loop
      vertex 46.2432 37.1939 4.8
      vertex 46.3285 37.1834 1.35
      vertex 46.2432 37.1939 1.35
    endloop
  endfacet
  facet normal 0.313084 -0.949726 0
    outer loop
      vertex 45.9104 40.5727 1.35
      vertex 45.992 40.5996 4.8
      vertex 45.9104 40.5727 4.8
    endloop
  endfacet
  facet normal 0.313084 -0.949726 0
    outer loop
      vertex 45.992 40.5996 4.8
      vertex 45.9104 40.5727 1.35
      vertex 45.992 40.5996 1.35
    endloop
  endfacet
  facet normal 0.817644 0.575724 -1.66575e-19
    outer loop
      vertex 45.0944 37.8825 4.8
      vertex 45.0449 37.9528 1.35
      vertex 45.0449 37.9528 4.8
    endloop
  endfacet
  facet normal 0.817644 0.575724 -1.66575e-19
    outer loop
      vertex 45.0449 37.9528 1.35
      vertex 45.0944 37.8825 4.8
      vertex 45.0944 37.8825 1.35
    endloop
  endfacet
  facet normal -0.914195 0.405274 -3.52037e-19
    outer loop
      vertex 48.082 38.1768 1.35
      vertex 48.1168 38.2553 4.8
      vertex 48.1168 38.2553 1.35
    endloop
  endfacet
  facet normal -0.914195 0.405274 -3.52037e-19
    outer loop
      vertex 48.1168 38.2553 4.8
      vertex 48.082 38.1768 1.35
      vertex 48.082 38.1768 4.8
    endloop
  endfacet
  facet normal 0.963518 0.267644 -2.6244e-19
    outer loop
      vertex 44.8254 38.417 4.8
      vertex 44.8024 38.4998 1.35
      vertex 44.8024 38.4998 4.8
    endloop
  endfacet
  facet normal 0.963518 0.267644 -2.6244e-19
    outer loop
      vertex 44.8024 38.4998 1.35
      vertex 44.8254 38.417 4.8
      vertex 44.8254 38.417 1.35
    endloop
  endfacet
  facet normal 0.869956 -0.49313 -2.70538e-19
    outer loop
      vertex 44.9566 39.7499 4.8
      vertex 44.999 39.8247 1.35
      vertex 44.999 39.8247 4.8
    endloop
  endfacet
  facet normal 0.869956 -0.49313 -2.70538e-19
    outer loop
      vertex 44.999 39.8247 1.35
      vertex 44.9566 39.7499 4.8
      vertex 44.9566 39.7499 1.35
    endloop
  endfacet
  facet normal 0.949726 0.313084 -4.89832e-19
    outer loop
      vertex 44.8523 38.3354 4.8
      vertex 44.8254 38.417 1.35
      vertex 44.8254 38.417 4.8
    endloop
  endfacet
  facet normal 0.949726 0.313084 -4.89832e-19
    outer loop
      vertex 44.8254 38.417 1.35
      vertex 44.8523 38.3354 4.8
      vertex 44.8523 38.3354 1.35
    endloop
  endfacet
  facet normal 0.405274 0.914195 -0
    outer loop
      vertex 45.8303 37.3082 1.35
      vertex 45.7518 37.343 4.8
      vertex 45.8303 37.3082 4.8
    endloop
  endfacet
  facet normal 0.405274 0.914195 0
    outer loop
      vertex 45.7518 37.343 4.8
      vertex 45.8303 37.3082 1.35
      vertex 45.7518 37.343 1.35
    endloop
  endfacet
  facet normal 0.932985 -0.359916 -6.80045e-19
    outer loop
      vertex 44.8523 39.5146 4.8
      vertex 44.8832 39.5947 1.35
      vertex 44.8832 39.5947 4.8
    endloop
  endfacet
  facet normal 0.932985 -0.359916 -6.80045e-19
    outer loop
      vertex 44.8832 39.5947 1.35
      vertex 44.8523 39.5146 4.8
      vertex 44.8523 39.5146 1.35
    endloop
  endfacet
  facet normal 0.449541 -0.89326 0
    outer loop
      vertex 45.6751 40.4684 1.35
      vertex 45.7518 40.507 4.8
      vertex 45.6751 40.4684 4.8
    endloop
  endfacet
  facet normal 0.449541 -0.89326 0
    outer loop
      vertex 45.7518 40.507 4.8
      vertex 45.6751 40.4684 1.35
      vertex 45.7518 40.507 1.35
    endloop
  endfacet
  facet normal 1 0 0
    outer loop
      vertex -50.5 42.925 6.4
      vertex -50.5 32.925 4.8
      vertex -50.5 42.925 4.8
    endloop
  endfacet
  facet normal 1 0 0
    outer loop
      vertex -50.5 32.925 4.8
      vertex -50.5 -32.925 4.8
      vertex -50.5 32.925 1.35
    endloop
  endfacet
  facet normal 1 0 0
    outer loop
      vertex -50.5 42.925 6.4
      vertex -50.5 -32.925 4.8
      vertex -50.5 32.925 4.8
    endloop
  endfacet
  facet normal 1 -0 0
    outer loop
      vertex -50.5 -42.925 6.4
      vertex -50.5 -32.925 4.8
      vertex -50.5 42.925 6.4
    endloop
  endfacet
  facet normal 1 0 0
    outer loop
      vertex -50.5 -32.925 4.8
      vertex -50.5 -42.925 6.4
      vertex -50.5 -42.925 4.8
    endloop
  endfacet
  facet normal 1 0 0
    outer loop
      vertex -50.5 32.925 1.35
      vertex -50.5 -32.925 4.8
      vertex -50.5 -32.925 1.35
    endloop
  endfacet
  facet normal 0 0 1
    outer loop
      vertex -44.7521 38.8391 4.8
      vertex -40.5 42.925 4.8
      vertex -44.75 38.925 4.8
    endloop
  endfacet
  facet normal 0 0 1
    outer loop
      vertex -40.5 42.925 4.8
      vertex -44.7521 39.0109 4.8
      vertex -44.75 38.925 4.8
    endloop
  endfacet
  facet normal 0 0 1
    outer loop
      vertex -40.5 42.925 4.8
      vertex -44.7584 39.0965 4.8
      vertex -44.7521 39.0109 4.8
    endloop
  endfacet
  facet normal 0 0 1
    outer loop
      vertex -40.5 42.925 4.8
      vertex -44.7689 39.1818 4.8
      vertex -44.7584 39.0965 4.8
    endloop
  endfacet
  facet normal 0 0 1
    outer loop
      vertex -40.5 42.925 4.8
      vertex -44.7836 39.2664 4.8
      vertex -44.7689 39.1818 4.8
    endloop
  endfacet
  facet normal 0 0 1
    outer loop
      vertex -40.5 42.925 4.8
      vertex -44.8024 39.3502 4.8
      vertex -44.7836 39.2664 4.8
    endloop
  endfacet
  facet normal 0 0 1
    outer loop
      vertex -40.5 42.925 4.8
      vertex -44.8254 39.433 4.8
      vertex -44.8024 39.3502 4.8
    endloop
  endfacet
  facet normal 0 0 1
    outer loop
      vertex -40.5 42.925 4.8
      vertex -44.8523 39.5146 4.8
      vertex -44.8254 39.433 4.8
    endloop
  endfacet
  facet normal 0 0 1
    outer loop
      vertex -40.5 42.925 4.8
      vertex -44.8832 39.5947 4.8
      vertex -44.8523 39.5146 4.8
    endloop
  endfacet
  facet normal 0 0 1
    outer loop
      vertex -40.5 42.925 4.8
      vertex -44.918 39.6732 4.8
      vertex -44.8832 39.5947 4.8
    endloop
  endfacet
  facet normal 0 0 1
    outer loop
      vertex -40.5 42.925 4.8
      vertex -44.9566 39.7499 4.8
      vertex -44.918 39.6732 4.8
    endloop
  endfacet
  facet normal 0 0 1
    outer loop
      vertex -40.5 42.925 4.8
      vertex -44.999 39.8247 4.8
      vertex -44.9566 39.7499 4.8
    endloop
  endfacet
  facet normal 0 0 1
    outer loop
      vertex -40.5 42.925 4.8
      vertex -45.0449 39.8972 4.8
      vertex -44.999 39.8247 4.8
    endloop
  endfacet
  facet normal 0 0 1
    outer loop
      vertex -40.5 42.925 4.8
      vertex -45.0944 39.9675 4.8
      vertex -45.0449 39.8972 4.8
    endloop
  endfacet
  facet normal 0 0 1
    outer loop
      vertex -40.5 42.925 4.8
      vertex -45.1472 40.0352 4.8
      vertex -45.0944 39.9675 4.8
    endloop
  endfacet
  facet normal 0 0 1
    outer loop
      vertex -40.5 42.925 4.8
      vertex -45.2033 40.1002 4.8
      vertex -45.1472 40.0352 4.8
    endloop
  endfacet
  facet normal 0 0 1
    outer loop
      vertex -40.5 42.925 4.8
      vertex -45.2626 40.1624 4.8
      vertex -45.2033 40.1002 4.8
    endloop
  endfacet
  facet normal 0 0 1
    outer loop
      vertex -40.5 42.925 4.8
      vertex -45.3248 40.2217 4.8
      vertex -45.2626 40.1624 4.8
    endloop
  endfacet
  facet normal 0 0 1
    outer loop
      vertex -40.5 42.925 4.8
      vertex -45.3898 40.2778 4.8
      vertex -45.3248 40.2217 4.8
    endloop
  endfacet
  facet normal 0 0 1
    outer loop
      vertex -40.5 42.925 4.8
      vertex -45.4575 40.3306 4.8
      vertex -45.3898 40.2778 4.8
    endloop
  endfacet
  facet normal 0 0 1
    outer loop
      vertex -40.5 42.925 4.8
      vertex -45.5278 40.3801 4.8
      vertex -45.4575 40.3306 4.8
    endloop
  endfacet
  facet normal 0 0 1
    outer loop
      vertex -40.5 42.925 4.8
      vertex -45.6003 40.426 4.8
      vertex -45.5278 40.3801 4.8
    endloop
  endfacet
  facet normal 0 0 1
    outer loop
      vertex -40.5 42.925 4.8
      vertex -45.6751 40.4684 4.8
      vertex -45.6003 40.426 4.8
    endloop
  endfacet
  facet normal 0 0 1
    outer loop
      vertex -40.5 42.925 4.8
      vertex -45.7518 40.507 4.8
      vertex -45.6751 40.4684 4.8
    endloop
  endfacet
  facet normal 0 0 1
    outer loop
      vertex -40.5 42.925 4.8
      vertex -45.8303 40.5418 4.8
      vertex -45.7518 40.507 4.8
    endloop
  endfacet
  facet normal 0 0 1
    outer loop
      vertex -40.5 42.925 4.8
      vertex -45.9104 40.5727 4.8
      vertex -45.8303 40.5418 4.8
    endloop
  endfacet
  facet normal 0 0 1
    outer loop
      vertex -40.5 42.925 4.8
      vertex -45.992 40.5996 4.8
      vertex -45.9104 40.5727 4.8
    endloop
  endfacet
  facet normal 0 0 1
    outer loop
      vertex -40.5 42.925 4.8
      vertex -46.0748 40.6226 4.8
      vertex -45.992 40.5996 4.8
    endloop
  endfacet
  facet normal 0 0 1
    outer loop
      vertex -40.5 42.925 4.8
      vertex -46.1586 40.6414 4.8
      vertex -46.0748 40.6226 4.8
    endloop
  endfacet
  facet normal 0 0 1
    outer loop
      vertex -40.5 42.925 4.8
      vertex -46.2432 40.6561 4.8
      vertex -46.1586 40.6414 4.8
    endloop
  endfacet
  facet normal 0 0 1
    outer loop
      vertex -40.5 42.925 4.8
      vertex -46.3285 40.6666 4.8
      vertex -46.2432 40.6561 4.8
    endloop
  endfacet
  facet normal -0 0 1
    outer loop
      vertex -50.5 42.925 4.8
      vertex -46.3285 40.6666 4.8
      vertex -40.5 42.925 4.8
    endloop
  endfacet
  facet normal 0 0 1
    outer loop
      vertex -46.3285 40.6666 4.8
      vertex -50.5 42.925 4.8
      vertex -46.4141 40.6729 4.8
    endloop
  endfacet
  facet normal 0 0 1
    outer loop
      vertex -46.4141 40.6729 4.8
      vertex -50.5 42.925 4.8
      vertex -46.5 40.675 4.8
    endloop
  endfacet
  facet normal 0 0 1
    outer loop
      vertex -46.5 40.675 4.8
      vertex -50.5 42.925 4.8
      vertex -46.5859 40.6729 4.8
    endloop
  endfacet
  facet normal 0 0 1
    outer loop
      vertex -46.5859 40.6729 4.8
      vertex -50.5 42.925 4.8
      vertex -46.6715 40.6666 4.8
    endloop
  endfacet
  facet normal 0 0 1
    outer loop
      vertex -46.6715 40.6666 4.8
      vertex -50.5 42.925 4.8
      vertex -46.7568 40.6561 4.8
    endloop
  endfacet
  facet normal 0 0 1
    outer loop
      vertex -46.7568 40.6561 4.8
      vertex -50.5 42.925 4.8
      vertex -46.8414 40.6414 4.8
    endloop
  endfacet
  facet normal 0 0 1
    outer loop
      vertex -46.8414 40.6414 4.8
      vertex -50.5 42.925 4.8
      vertex -46.9252 40.6226 4.8
    endloop
  endfacet
  facet normal 0 0 1
    outer loop
      vertex -46.9252 40.6226 4.8
      vertex -50.5 42.925 4.8
      vertex -47.008 40.5996 4.8
    endloop
  endfacet
  facet normal 0 0 1
    outer loop
      vertex -48.2479 39.0109 4.8
      vertex -50.5 42.925 4.8
      vertex -48.25 38.925 4.8
    endloop
  endfacet
  facet normal 0 0 1
    outer loop
      vertex -48.2416 39.0965 4.8
      vertex -50.5 42.925 4.8
      vertex -48.2479 39.0109 4.8
    endloop
  endfacet
  facet normal 0 0 1
    outer loop
      vertex -48.2311 39.1818 4.8
      vertex -50.5 42.925 4.8
      vertex -48.2416 39.0965 4.8
    endloop
  endfacet
  facet normal 0 0 1
    outer loop
      vertex -48.2164 39.2664 4.8
      vertex -50.5 42.925 4.8
      vertex -48.2311 39.1818 4.8
    endloop
  endfacet
  facet normal 0 0 1
    outer loop
      vertex -48.1976 39.3502 4.8
      vertex -50.5 42.925 4.8
      vertex -48.2164 39.2664 4.8
    endloop
  endfacet
  facet normal 0 0 1
    outer loop
      vertex -48.1746 39.433 4.8
      vertex -50.5 42.925 4.8
      vertex -48.1976 39.3502 4.8
    endloop
  endfacet
  facet normal 0 0 1
    outer loop
      vertex -48.1477 39.5146 4.8
      vertex -50.5 42.925 4.8
      vertex -48.1746 39.433 4.8
    endloop
  endfacet
  facet normal 0 0 1
    outer loop
      vertex -48.1168 39.5947 4.8
      vertex -50.5 42.925 4.8
      vertex -48.1477 39.5146 4.8
    endloop
  endfacet
  facet normal 0 0 1
    outer loop
      vertex -48.082 39.6732 4.8
      vertex -50.5 42.925 4.8
      vertex -48.1168 39.5947 4.8
    endloop
  endfacet
  facet normal 0 0 1
    outer loop
      vertex -48.0434 39.7499 4.8
      vertex -50.5 42.925 4.8
      vertex -48.082 39.6732 4.8
    endloop
  endfacet
  facet normal 0 0 1
    outer loop
      vertex -48.001 39.8247 4.8
      vertex -50.5 42.925 4.8
      vertex -48.0434 39.7499 4.8
    endloop
  endfacet
  facet normal 0 0 1
    outer loop
      vertex -47.9551 39.8972 4.8
      vertex -50.5 42.925 4.8
      vertex -48.001 39.8247 4.8
    endloop
  endfacet
  facet normal 0 0 1
    outer loop
      vertex -47.9056 39.9675 4.8
      vertex -50.5 42.925 4.8
      vertex -47.9551 39.8972 4.8
    endloop
  endfacet
  facet normal 0 0 1
    outer loop
      vertex -47.8528 40.0352 4.8
      vertex -50.5 42.925 4.8
      vertex -47.9056 39.9675 4.8
    endloop
  endfacet
  facet normal 0 0 1
    outer loop
      vertex -47.7967 40.1002 4.8
      vertex -50.5 42.925 4.8
      vertex -47.8528 40.0352 4.8
    endloop
  endfacet
  facet normal 0 0 1
    outer loop
      vertex -47.7374 40.1624 4.8
      vertex -50.5 42.925 4.8
      vertex -47.7967 40.1002 4.8
    endloop
  endfacet
  facet normal 0 0 1
    outer loop
      vertex -47.6752 40.2217 4.8
      vertex -50.5 42.925 4.8
      vertex -47.7374 40.1624 4.8
    endloop
  endfacet
  facet normal 0 0 1
    outer loop
      vertex -47.6102 40.2778 4.8
      vertex -50.5 42.925 4.8
      vertex -47.6752 40.2217 4.8
    endloop
  endfacet
  facet normal 0 0 1
    outer loop
      vertex -47.5425 40.3306 4.8
      vertex -50.5 42.925 4.8
      vertex -47.6102 40.2778 4.8
    endloop
  endfacet
  facet normal 0 0 1
    outer loop
      vertex -47.4722 40.3801 4.8
      vertex -50.5 42.925 4.8
      vertex -47.5425 40.3306 4.8
    endloop
  endfacet
  facet normal 0 0 1
    outer loop
      vertex -47.3997 40.426 4.8
      vertex -50.5 42.925 4.8
      vertex -47.4722 40.3801 4.8
    endloop
  endfacet
  facet normal 0 0 1
    outer loop
      vertex -47.3249 40.4684 4.8
      vertex -50.5 42.925 4.8
      vertex -47.3997 40.426 4.8
    endloop
  endfacet
  facet normal 0 0 1
    outer loop
      vertex -47.2482 40.507 4.8
      vertex -50.5 42.925 4.8
      vertex -47.3249 40.4684 4.8
    endloop
  endfacet
  facet normal 0 0 1
    outer loop
      vertex -47.1697 40.5418 4.8
      vertex -50.5 42.925 4.8
      vertex -47.2482 40.507 4.8
    endloop
  endfacet
  facet normal 0 0 1
    outer loop
      vertex -47.0896 40.5727 4.8
      vertex -50.5 42.925 4.8
      vertex -47.1697 40.5418 4.8
    endloop
  endfacet
  facet normal 0 0 1
    outer loop
      vertex -47.008 40.5996 4.8
      vertex -50.5 42.925 4.8
      vertex -47.0896 40.5727 4.8
    endloop
  endfacet
  facet normal 0 0 1
    outer loop
      vertex -44.7584 38.7535 4.8
      vertex -40.5 42.925 4.8
      vertex -44.7521 38.8391 4.8
    endloop
  endfacet
  facet normal 0 0 1
    outer loop
      vertex -44.7689 38.6682 4.8
      vertex -40.5 42.925 4.8
      vertex -44.7584 38.7535 4.8
    endloop
  endfacet
  facet normal 0 0 1
    outer loop
      vertex -40.5 42.925 4.8
      vertex -44.7689 38.6682 4.8
      vertex -40.5 32.925 4.8
    endloop
  endfacet
  facet normal -0 0 1
    outer loop
      vertex -44.7836 38.5836 4.8
      vertex -40.5 32.925 4.8
      vertex -44.7689 38.6682 4.8
    endloop
  endfacet
  facet normal -0 0 1
    outer loop
      vertex -44.8024 38.4998 4.8
      vertex -40.5 32.925 4.8
      vertex -44.7836 38.5836 4.8
    endloop
  endfacet
  facet normal -0 0 1
    outer loop
      vertex -44.8254 38.417 4.8
      vertex -40.5 32.925 4.8
      vertex -44.8024 38.4998 4.8
    endloop
  endfacet
  facet normal -0 0 1
    outer loop
      vertex -44.8523 38.3354 4.8
      vertex -40.5 32.925 4.8
      vertex -44.8254 38.417 4.8
    endloop
  endfacet
  facet normal -0 0 1
    outer loop
      vertex -44.8832 38.2553 4.8
      vertex -40.5 32.925 4.8
      vertex -44.8523 38.3354 4.8
    endloop
  endfacet
  facet normal -0 0 1
    outer loop
      vertex -44.918 38.1768 4.8
      vertex -40.5 32.925 4.8
      vertex -44.8832 38.2553 4.8
    endloop
  endfacet
  facet normal -0 0 1
    outer loop
      vertex -44.9566 38.1001 4.8
      vertex -40.5 32.925 4.8
      vertex -44.918 38.1768 4.8
    endloop
  endfacet
  facet normal -0 0 1
    outer loop
      vertex -44.999 38.0253 4.8
      vertex -40.5 32.925 4.8
      vertex -44.9566 38.1001 4.8
    endloop
  endfacet
  facet normal -0 0 1
    outer loop
      vertex -45.0449 37.9528 4.8
      vertex -40.5 32.925 4.8
      vertex -44.999 38.0253 4.8
    endloop
  endfacet
  facet normal -0 0 1
    outer loop
      vertex -45.0944 37.8825 4.8
      vertex -40.5 32.925 4.8
      vertex -45.0449 37.9528 4.8
    endloop
  endfacet
  facet normal -0 0 1
    outer loop
      vertex -45.1472 37.8148 4.8
      vertex -40.5 32.925 4.8
      vertex -45.0944 37.8825 4.8
    endloop
  endfacet
  facet normal -0 0 1
    outer loop
      vertex -45.2033 37.7498 4.8
      vertex -40.5 32.925 4.8
      vertex -45.1472 37.8148 4.8
    endloop
  endfacet
  facet normal -0 0 1
    outer loop
      vertex -45.2626 37.6876 4.8
      vertex -40.5 32.925 4.8
      vertex -45.2033 37.7498 4.8
    endloop
  endfacet
  facet normal -0 0 1
    outer loop
      vertex -45.3248 37.6283 4.8
      vertex -40.5 32.925 4.8
      vertex -45.2626 37.6876 4.8
    endloop
  endfacet
  facet normal -0 0 1
    outer loop
      vertex -45.3898 37.5722 4.8
      vertex -40.5 32.925 4.8
      vertex -45.3248 37.6283 4.8
    endloop
  endfacet
  facet normal -0 0 1
    outer loop
      vertex -45.4575 37.5194 4.8
      vertex -40.5 32.925 4.8
      vertex -45.3898 37.5722 4.8
    endloop
  endfacet
  facet normal -0 0 1
    outer loop
      vertex -45.5278 37.4699 4.8
      vertex -40.5 32.925 4.8
      vertex -45.4575 37.5194 4.8
    endloop
  endfacet
  facet normal -0 0 1
    outer loop
      vertex -45.6003 37.424 4.8
      vertex -40.5 32.925 4.8
      vertex -45.5278 37.4699 4.8
    endloop
  endfacet
  facet normal -0 0 1
    outer loop
      vertex -45.6751 37.3816 4.8
      vertex -40.5 32.925 4.8
      vertex -45.6003 37.424 4.8
    endloop
  endfacet
  facet normal -0 0 1
    outer loop
      vertex -45.7518 37.343 4.8
      vertex -40.5 32.925 4.8
      vertex -45.6751 37.3816 4.8
    endloop
  endfacet
  facet normal -0 0 1
    outer loop
      vertex -45.8303 37.3082 4.8
      vertex -40.5 32.925 4.8
      vertex -45.7518 37.343 4.8
    endloop
  endfacet
  facet normal -0 0 1
    outer loop
      vertex -45.9104 37.2773 4.8
      vertex -40.5 32.925 4.8
      vertex -45.8303 37.3082 4.8
    endloop
  endfacet
  facet normal -0 0 1
    outer loop
      vertex -45.992 37.2504 4.8
      vertex -40.5 32.925 4.8
      vertex -45.9104 37.2773 4.8
    endloop
  endfacet
  facet normal -0 0 1
    outer loop
      vertex -46.0748 37.2274 4.8
      vertex -40.5 32.925 4.8
      vertex -45.992 37.2504 4.8
    endloop
  endfacet
  facet normal -0 0 1
    outer loop
      vertex -46.1586 37.2086 4.8
      vertex -40.5 32.925 4.8
      vertex -46.0748 37.2274 4.8
    endloop
  endfacet
  facet normal -0 0 1
    outer loop
      vertex -46.2432 37.1939 4.8
      vertex -40.5 32.925 4.8
      vertex -46.1586 37.2086 4.8
    endloop
  endfacet
  facet normal 0 0 1
    outer loop
      vertex -50.5 32.925 4.8
      vertex -46.2432 37.1939 4.8
      vertex -46.3285 37.1834 4.8
    endloop
  endfacet
  facet normal 0 0 1
    outer loop
      vertex -50.5 32.925 4.8
      vertex -46.3285 37.1834 4.8
      vertex -46.4141 37.1771 4.8
    endloop
  endfacet
  facet normal 0 0 1
    outer loop
      vertex -50.5 32.925 4.8
      vertex -46.4141 37.1771 4.8
      vertex -46.5 37.175 4.8
    endloop
  endfacet
  facet normal 0 0 1
    outer loop
      vertex -50.5 32.925 4.8
      vertex -46.5 37.175 4.8
      vertex -46.5859 37.1771 4.8
    endloop
  endfacet
  facet normal 0 0 1
    outer loop
      vertex -50.5 32.925 4.8
      vertex -46.5859 37.1771 4.8
      vertex -46.6715 37.1834 4.8
    endloop
  endfacet
  facet normal 0 0 1
    outer loop
      vertex -50.5 32.925 4.8
      vertex -46.6715 37.1834 4.8
      vertex -46.7568 37.1939 4.8
    endloop
  endfacet
  facet normal 0 0 1
    outer loop
      vertex -50.5 32.925 4.8
      vertex -46.7568 37.1939 4.8
      vertex -46.8414 37.2086 4.8
    endloop
  endfacet
  facet normal 0 0 1
    outer loop
      vertex -50.5 32.925 4.8
      vertex -46.8414 37.2086 4.8
      vertex -46.9252 37.2274 4.8
    endloop
  endfacet
  facet normal 0 0 1
    outer loop
      vertex -50.5 32.925 4.8
      vertex -46.9252 37.2274 4.8
      vertex -47.008 37.2504 4.8
    endloop
  endfacet
  facet normal 0 0 1
    outer loop
      vertex -50.5 32.925 4.8
      vertex -47.008 37.2504 4.8
      vertex -47.0896 37.2773 4.8
    endloop
  endfacet
  facet normal 0 0 1
    outer loop
      vertex -50.5 32.925 4.8
      vertex -47.0896 37.2773 4.8
      vertex -47.1697 37.3082 4.8
    endloop
  endfacet
  facet normal 0 0 1
    outer loop
      vertex -50.5 32.925 4.8
      vertex -47.1697 37.3082 4.8
      vertex -47.2482 37.343 4.8
    endloop
  endfacet
  facet normal 0 0 1
    outer loop
      vertex -50.5 32.925 4.8
      vertex -47.2482 37.343 4.8
      vertex -47.3249 37.3816 4.8
    endloop
  endfacet
  facet normal 0 0 1
    outer loop
      vertex -50.5 32.925 4.8
      vertex -47.3249 37.3816 4.8
      vertex -47.3997 37.424 4.8
    endloop
  endfacet
  facet normal 0 0 1
    outer loop
      vertex -50.5 32.925 4.8
      vertex -47.3997 37.424 4.8
      vertex -47.4722 37.4699 4.8
    endloop
  endfacet
  facet normal 0 0 1
    outer loop
      vertex -50.5 42.925 4.8
      vertex -48.2479 38.8391 4.8
      vertex -48.25 38.925 4.8
    endloop
  endfacet
  facet normal 0 0 1
    outer loop
      vertex -50.5 42.925 4.8
      vertex -48.2416 38.7535 4.8
      vertex -48.2479 38.8391 4.8
    endloop
  endfacet
  facet normal 0 0 1
    outer loop
      vertex -50.5 42.925 4.8
      vertex -48.2311 38.6682 4.8
      vertex -48.2416 38.7535 4.8
    endloop
  endfacet
  facet normal 0 0 1
    outer loop
      vertex -50.5 32.925 4.8
      vertex -48.2311 38.6682 4.8
      vertex -50.5 42.925 4.8
    endloop
  endfacet
  facet normal 0 0 1
    outer loop
      vertex -48.2311 38.6682 4.8
      vertex -50.5 32.925 4.8
      vertex -48.2164 38.5836 4.8
    endloop
  endfacet
  facet normal 0 0 1
    outer loop
      vertex -48.2164 38.5836 4.8
      vertex -50.5 32.925 4.8
      vertex -48.1976 38.4998 4.8
    endloop
  endfacet
  facet normal 0 0 1
    outer loop
      vertex -48.1976 38.4998 4.8
      vertex -50.5 32.925 4.8
      vertex -48.1746 38.417 4.8
    endloop
  endfacet
  facet normal 0 0 1
    outer loop
      vertex -48.1746 38.417 4.8
      vertex -50.5 32.925 4.8
      vertex -48.1477 38.3354 4.8
    endloop
  endfacet
  facet normal 0 0 1
    outer loop
      vertex -48.1477 38.3354 4.8
      vertex -50.5 32.925 4.8
      vertex -48.1168 38.2553 4.8
    endloop
  endfacet
  facet normal 0 0 1
    outer loop
      vertex -48.1168 38.2553 4.8
      vertex -50.5 32.925 4.8
      vertex -48.082 38.1768 4.8
    endloop
  endfacet
  facet normal 0 0 1
    outer loop
      vertex -46.2432 37.1939 4.8
      vertex -50.5 32.925 4.8
      vertex -40.5 32.925 4.8
    endloop
  endfacet
  facet normal 0 0 1
    outer loop
      vertex -47.5425 37.5194 4.8
      vertex -50.5 32.925 4.8
      vertex -47.4722 37.4699 4.8
    endloop
  endfacet
  facet normal 0 0 1
    outer loop
      vertex -47.6102 37.5722 4.8
      vertex -50.5 32.925 4.8
      vertex -47.5425 37.5194 4.8
    endloop
  endfacet
  facet normal 0 0 1
    outer loop
      vertex -47.6752 37.6283 4.8
      vertex -50.5 32.925 4.8
      vertex -47.6102 37.5722 4.8
    endloop
  endfacet
  facet normal 0 0 1
    outer loop
      vertex -47.7374 37.6876 4.8
      vertex -50.5 32.925 4.8
      vertex -47.6752 37.6283 4.8
    endloop
  endfacet
  facet normal 0 0 1
    outer loop
      vertex -47.7967 37.7498 4.8
      vertex -50.5 32.925 4.8
      vertex -47.7374 37.6876 4.8
    endloop
  endfacet
  facet normal 0 0 1
    outer loop
      vertex -47.8528 37.8148 4.8
      vertex -50.5 32.925 4.8
      vertex -47.7967 37.7498 4.8
    endloop
  endfacet
  facet normal 0 0 1
    outer loop
      vertex -47.9056 37.8825 4.8
      vertex -50.5 32.925 4.8
      vertex -47.8528 37.8148 4.8
    endloop
  endfacet
  facet normal 0 0 1
    outer loop
      vertex -47.9551 37.9528 4.8
      vertex -50.5 32.925 4.8
      vertex -47.9056 37.8825 4.8
    endloop
  endfacet
  facet normal 0 0 1
    outer loop
      vertex -48.001 38.0253 4.8
      vertex -50.5 32.925 4.8
      vertex -47.9551 37.9528 4.8
    endloop
  endfacet
  facet normal 0 0 1
    outer loop
      vertex -48.0434 38.1001 4.8
      vertex -50.5 32.925 4.8
      vertex -48.001 38.0253 4.8
    endloop
  endfacet
  facet normal 0 0 1
    outer loop
      vertex -48.082 38.1768 4.8
      vertex -50.5 32.925 4.8
      vertex -48.0434 38.1001 4.8
    endloop
  endfacet
  facet normal 1 -0 0
    outer loop
      vertex -40.5 32.925 4.8
      vertex -40.5 42.925 1.35
      vertex -40.5 42.925 4.8
    endloop
  endfacet
  facet normal 1 0 0
    outer loop
      vertex -40.5 42.925 1.35
      vertex -40.5 32.925 4.8
      vertex -40.5 32.925 1.35
    endloop
  endfacet
  facet normal 0 -1 0
    outer loop
      vertex -50.5 32.925 1.35
      vertex -40.5 32.925 4.8
      vertex -50.5 32.925 4.8
    endloop
  endfacet
  facet normal 0 -1 -0
    outer loop
      vertex -40.5 32.925 4.8
      vertex -50.5 32.925 1.35
      vertex -40.5 32.925 1.35
    endloop
  endfacet
  facet normal 0.997303 -0.0733996 8.54791e-20
    outer loop
      vertex -48.2479 39.0109 4.8
      vertex -48.2416 39.0965 1.35
      vertex -48.2416 39.0965 4.8
    endloop
  endfacet
  facet normal 0.997303 -0.0733996 8.54791e-20
    outer loop
      vertex -48.2416 39.0965 1.35
      vertex -48.2479 39.0109 4.8
      vertex -48.2479 39.0109 1.35
    endloop
  endfacet
  facet normal 0.999701 -0.0244397 3.70107e-20
    outer loop
      vertex -48.25 38.925 4.8
      vertex -48.2479 39.0109 1.35
      vertex -48.2479 39.0109 4.8
    endloop
  endfacet
  facet normal 0.999701 -0.0244397 3.70107e-20
    outer loop
      vertex -48.2479 39.0109 1.35
      vertex -48.25 38.925 4.8
      vertex -48.25 38.925 1.35
    endloop
  endfacet
  facet normal 0.992509 -0.122173 -2.47314e-20
    outer loop
      vertex -48.2416 39.0965 4.8
      vertex -48.2311 39.1818 1.35
      vertex -48.2311 39.1818 4.8
    endloop
  endfacet
  facet normal 0.992509 -0.122173 -2.47314e-20
    outer loop
      vertex -48.2311 39.1818 1.35
      vertex -48.2416 39.0965 4.8
      vertex -48.2416 39.0965 1.35
    endloop
  endfacet
  facet normal 0.0733996 0.997303 -0
    outer loop
      vertex -46.5859 37.1771 1.35
      vertex -46.6715 37.1834 4.8
      vertex -46.5859 37.1771 4.8
    endloop
  endfacet
  facet normal 0.0733996 0.997303 0
    outer loop
      vertex -46.6715 37.1834 4.8
      vertex -46.5859 37.1771 1.35
      vertex -46.6715 37.1834 1.35
    endloop
  endfacet
  facet normal 0.218903 0.975747 -0
    outer loop
      vertex -46.8414 37.2086 1.35
      vertex -46.9252 37.2274 4.8
      vertex -46.8414 37.2086 4.8
    endloop
  endfacet
  facet normal 0.218903 0.975747 0
    outer loop
      vertex -46.9252 37.2274 4.8
      vertex -46.8414 37.2086 1.35
      vertex -46.9252 37.2274 1.35
    endloop
  endfacet
  facet normal -0.975747 0.218903 3.15365e-19
    outer loop
      vertex -44.8024 38.4998 1.35
      vertex -44.7836 38.5836 4.8
      vertex -44.7836 38.5836 1.35
    endloop
  endfacet
  facet normal -0.975747 0.218903 3.15365e-19
    outer loop
      vertex -44.7836 38.5836 4.8
      vertex -44.8024 38.4998 1.35
      vertex -44.8024 38.4998 4.8
    endloop
  endfacet
  facet normal 0.534913 -0.844907 0
    outer loop
      vertex -47.4722 40.3801 1.35
      vertex -47.3997 40.426 4.8
      vertex -47.4722 40.3801 4.8
    endloop
  endfacet
  facet normal 0.534913 -0.844907 0
    outer loop
      vertex -47.3997 40.426 4.8
      vertex -47.4722 40.3801 1.35
      vertex -47.3997 40.426 1.35
    endloop
  endfacet
  facet normal 0.359916 -0.932985 0
    outer loop
      vertex -47.1697 40.5418 1.35
      vertex -47.0896 40.5727 4.8
      vertex -47.1697 40.5418 4.8
    endloop
  endfacet
  facet normal 0.359916 -0.932985 0
    outer loop
      vertex -47.0896 40.5727 4.8
      vertex -47.1697 40.5418 1.35
      vertex -47.0896 40.5727 1.35
    endloop
  endfacet
  facet normal 0.122173 -0.992509 0
    outer loop
      vertex -46.7568 40.6561 1.35
      vertex -46.6715 40.6666 4.8
      vertex -46.7568 40.6561 4.8
    endloop
  endfacet
  facet normal 0.122173 -0.992509 0
    outer loop
      vertex -46.6715 40.6666 4.8
      vertex -46.7568 40.6561 1.35
      vertex -46.6715 40.6666 1.35
    endloop
  endfacet
  facet normal 0.359916 0.932985 -0
    outer loop
      vertex -47.0896 37.2773 1.35
      vertex -47.1697 37.3082 4.8
      vertex -47.0896 37.2773 4.8
    endloop
  endfacet
  facet normal 0.359916 0.932985 0
    outer loop
      vertex -47.1697 37.3082 4.8
      vertex -47.0896 37.2773 1.35
      vertex -47.1697 37.3082 1.35
    endloop
  endfacet
  facet normal -0.985237 -0.171194 5.4731e-20
    outer loop
      vertex -44.7689 39.1818 1.35
      vertex -44.7836 39.2664 4.8
      vertex -44.7836 39.2664 1.35
    endloop
  endfacet
  facet normal -0.985237 -0.171194 5.4731e-20
    outer loop
      vertex -44.7836 39.2664 4.8
      vertex -44.7689 39.1818 1.35
      vertex -44.7689 39.1818 4.8
    endloop
  endfacet
  facet normal -0.997303 0.0733996 8.54791e-20
    outer loop
      vertex -44.7584 38.7535 1.35
      vertex -44.7521 38.8391 4.8
      vertex -44.7521 38.8391 1.35
    endloop
  endfacet
  facet normal -0.997303 0.0733996 8.54791e-20
    outer loop
      vertex -44.7521 38.8391 4.8
      vertex -44.7584 38.7535 1.35
      vertex -44.7584 38.7535 4.8
    endloop
  endfacet
  facet normal -0.723778 0.690033 -6.17186e-20
    outer loop
      vertex -45.2626 37.6876 1.35
      vertex -45.2033 37.7498 4.8
      vertex -45.2033 37.7498 1.35
    endloop
  endfacet
  facet normal -0.723778 0.690033 -6.17186e-20
    outer loop
      vertex -45.2033 37.7498 4.8
      vertex -45.2626 37.6876 1.35
      vertex -45.2626 37.6876 4.8
    endloop
  endfacet
  facet normal 0.405274 -0.914195 0
    outer loop
      vertex -47.2482 40.507 1.35
      vertex -47.1697 40.5418 4.8
      vertex -47.2482 40.507 4.8
    endloop
  endfacet
  facet normal 0.405274 -0.914195 0
    outer loop
      vertex -47.1697 40.5418 4.8
      vertex -47.2482 40.507 1.35
      vertex -47.1697 40.5418 1.35
    endloop
  endfacet
  facet normal -0.757032 0.653377 -7.1089e-19
    outer loop
      vertex -45.2033 37.7498 1.35
      vertex -45.1472 37.8148 4.8
      vertex -45.1472 37.8148 1.35
    endloop
  endfacet
  facet normal -0.757032 0.653377 -7.1089e-19
    outer loop
      vertex -45.1472 37.8148 4.8
      vertex -45.2033 37.7498 1.35
      vertex -45.2033 37.7498 4.8
    endloop
  endfacet
  facet normal 0.992509 0.122173 2.47314e-20
    outer loop
      vertex -48.2311 38.6682 4.8
      vertex -48.2416 38.7535 1.35
      vertex -48.2416 38.7535 4.8
    endloop
  endfacet
  facet normal 0.992509 0.122173 2.47314e-20
    outer loop
      vertex -48.2416 38.7535 1.35
      vertex -48.2311 38.6682 4.8
      vertex -48.2311 38.6682 1.35
    endloop
  endfacet
  facet normal 0.89326 0.449541 -5.6543e-19
    outer loop
      vertex -48.0434 38.1001 4.8
      vertex -48.082 38.1768 1.35
      vertex -48.082 38.1768 4.8
    endloop
  endfacet
  facet normal 0.89326 0.449541 -5.6543e-19
    outer loop
      vertex -48.082 38.1768 1.35
      vertex -48.0434 38.1001 4.8
      vertex -48.0434 38.1001 1.35
    endloop
  endfacet
  facet normal 0.999701 0.0244397 8.92584e-21
    outer loop
      vertex -48.2479 38.8391 4.8
      vertex -48.25 38.925 1.35
      vertex -48.25 38.925 4.8
    endloop
  endfacet
  facet normal 0.999701 0.0244397 8.92584e-21
    outer loop
      vertex -48.25 38.925 1.35
      vertex -48.2479 38.8391 4.8
      vertex -48.2479 38.8391 1.35
    endloop
  endfacet
  facet normal -0.985237 0.171194 -2.81934e-19
    outer loop
      vertex -44.7836 38.5836 1.35
      vertex -44.7689 38.6682 4.8
      vertex -44.7689 38.6682 1.35
    endloop
  endfacet
  facet normal -0.985237 0.171194 -2.81934e-19
    outer loop
      vertex -44.7689 38.6682 4.8
      vertex -44.7836 38.5836 1.35
      vertex -44.7836 38.5836 4.8
    endloop
  endfacet
  facet normal 0.985237 0.171194 2.81934e-19
    outer loop
      vertex -48.2164 38.5836 4.8
      vertex -48.2311 38.6682 1.35
      vertex -48.2311 38.6682 4.8
    endloop
  endfacet
  facet normal 0.985237 0.171194 2.81934e-19
    outer loop
      vertex -48.2311 38.6682 1.35
      vertex -48.2164 38.5836 4.8
      vertex -48.2164 38.5836 1.35
    endloop
  endfacet
  facet normal 0.975747 -0.218903 3.43467e-19
    outer loop
      vertex -48.2164 39.2664 4.8
      vertex -48.1976 39.3502 1.35
      vertex -48.1976 39.3502 4.8
    endloop
  endfacet
  facet normal 0.975747 -0.218903 3.43467e-19
    outer loop
      vertex -48.1976 39.3502 1.35
      vertex -48.2164 39.2664 4.8
      vertex -48.2164 39.2664 1.35
    endloop
  endfacet
  facet normal -0.975747 -0.218903 -3.43467e-19
    outer loop
      vertex -44.7836 39.2664 1.35
      vertex -44.8024 39.3502 4.8
      vertex -44.8024 39.3502 1.35
    endloop
  endfacet
  facet normal -0.975747 -0.218903 -3.43467e-19
    outer loop
      vertex -44.8024 39.3502 4.8
      vertex -44.7836 39.2664 1.35
      vertex -44.7836 39.2664 4.8
    endloop
  endfacet
  facet normal 0.89326 -0.449541 -5.29523e-20
    outer loop
      vertex -48.082 39.6732 4.8
      vertex -48.0434 39.7499 1.35
      vertex -48.0434 39.7499 4.8
    endloop
  endfacet
  facet normal 0.89326 -0.449541 -5.29523e-20
    outer loop
      vertex -48.0434 39.7499 1.35
      vertex -48.082 39.6732 4.8
      vertex -48.082 39.6732 1.35
    endloop
  endfacet
  facet normal 0.869956 0.49313 -1.94962e-19
    outer loop
      vertex -48.001 38.0253 4.8
      vertex -48.0434 38.1001 1.35
      vertex -48.0434 38.1001 4.8
    endloop
  endfacet
  facet normal 0.869956 0.49313 -1.94962e-19
    outer loop
      vertex -48.0434 38.1001 1.35
      vertex -48.001 38.0253 4.8
      vertex -48.001 38.0253 1.35
    endloop
  endfacet
  facet normal -0.0244397 -0.999701 0
    outer loop
      vertex -46.5 40.675 1.35
      vertex -46.4141 40.6729 4.8
      vertex -46.5 40.675 4.8
    endloop
  endfacet
  facet normal -0.0244397 -0.999701 -0
    outer loop
      vertex -46.4141 40.6729 4.8
      vertex -46.5 40.675 1.35
      vertex -46.4141 40.6729 1.35
    endloop
  endfacet
  facet normal 0.690033 -0.723778 0
    outer loop
      vertex -47.7374 40.1624 1.35
      vertex -47.6752 40.2217 4.8
      vertex -47.7374 40.1624 4.8
    endloop
  endfacet
  facet normal 0.690033 -0.723778 0
    outer loop
      vertex -47.6752 40.2217 4.8
      vertex -47.7374 40.1624 1.35
      vertex -47.6752 40.2217 1.35
    endloop
  endfacet
  facet normal 0.267644 0.963518 -0
    outer loop
      vertex -46.9252 37.2274 1.35
      vertex -47.008 37.2504 4.8
      vertex -46.9252 37.2274 4.8
    endloop
  endfacet
  facet normal 0.267644 0.963518 0
    outer loop
      vertex -47.008 37.2504 4.8
      vertex -46.9252 37.2274 1.35
      vertex -47.008 37.2504 1.35
    endloop
  endfacet
  facet normal 0.985237 -0.171194 -5.4731e-20
    outer loop
      vertex -48.2311 39.1818 4.8
      vertex -48.2164 39.2664 1.35
      vertex -48.2164 39.2664 4.8
    endloop
  endfacet
  facet normal 0.985237 -0.171194 -5.4731e-20
    outer loop
      vertex -48.2164 39.2664 1.35
      vertex -48.2311 39.1818 4.8
      vertex -48.2311 39.1818 1.35
    endloop
  endfacet
  facet normal 0.723778 0.690033 6.17186e-20
    outer loop
      vertex -47.7374 37.6876 4.8
      vertex -47.7967 37.7498 1.35
      vertex -47.7967 37.7498 4.8
    endloop
  endfacet
  facet normal 0.723778 0.690033 6.17186e-20
    outer loop
      vertex -47.7967 37.7498 1.35
      vertex -47.7374 37.6876 4.8
      vertex -47.7374 37.6876 1.35
    endloop
  endfacet
  facet normal 0.313084 -0.949726 0
    outer loop
      vertex -47.0896 40.5727 1.35
      vertex -47.008 40.5996 4.8
      vertex -47.0896 40.5727 4.8
    endloop
  endfacet
  facet normal 0.313084 -0.949726 0
    outer loop
      vertex -47.008 40.5996 4.8
      vertex -47.0896 40.5727 1.35
      vertex -47.008 40.5996 1.35
    endloop
  endfacet
  facet normal 0.949726 0.313084 -4.89832e-19
    outer loop
      vertex -48.1477 38.3354 4.8
      vertex -48.1746 38.417 1.35
      vertex -48.1746 38.417 4.8
    endloop
  endfacet
  facet normal 0.949726 0.313084 -4.89832e-19
    outer loop
      vertex -48.1746 38.417 1.35
      vertex -48.1477 38.3354 4.8
      vertex -48.1477 38.3354 1.35
    endloop
  endfacet
  facet normal 0.949726 -0.313084 4.89832e-19
    outer loop
      vertex -48.1746 39.433 4.8
      vertex -48.1477 39.5146 1.35
      vertex -48.1477 39.5146 4.8
    endloop
  endfacet
  facet normal 0.949726 -0.313084 4.89832e-19
    outer loop
      vertex -48.1477 39.5146 1.35
      vertex -48.1746 39.433 4.8
      vertex -48.1746 39.433 1.35
    endloop
  endfacet
  facet normal -0.844907 -0.534913 1.05007e-20
    outer loop
      vertex -44.999 39.8247 1.35
      vertex -45.0449 39.8972 4.8
      vertex -45.0449 39.8972 1.35
    endloop
  endfacet
  facet normal -0.844907 -0.534913 1.05007e-20
    outer loop
      vertex -45.0449 39.8972 4.8
      vertex -44.999 39.8247 1.35
      vertex -44.999 39.8247 4.8
    endloop
  endfacet
  facet normal 0.757032 0.653377 7.1089e-19
    outer loop
      vertex -47.7967 37.7498 4.8
      vertex -47.8528 37.8148 1.35
      vertex -47.8528 37.8148 4.8
    endloop
  endfacet
  facet normal 0.757032 0.653377 7.1089e-19
    outer loop
      vertex -47.8528 37.8148 1.35
      vertex -47.7967 37.7498 4.8
      vertex -47.7967 37.7498 1.35
    endloop
  endfacet
  facet normal 0.218903 -0.975747 0
    outer loop
      vertex -46.9252 40.6226 1.35
      vertex -46.8414 40.6414 4.8
      vertex -46.9252 40.6226 4.8
    endloop
  endfacet
  facet normal 0.218903 -0.975747 0
    outer loop
      vertex -46.8414 40.6414 4.8
      vertex -46.9252 40.6226 1.35
      vertex -46.8414 40.6414 1.35
    endloop
  endfacet
  facet normal 0.405274 0.914195 -0
    outer loop
      vertex -47.1697 37.3082 1.35
      vertex -47.2482 37.343 4.8
      vertex -47.1697 37.3082 4.8
    endloop
  endfacet
  facet normal 0.405274 0.914195 0
    outer loop
      vertex -47.2482 37.343 4.8
      vertex -47.1697 37.3082 1.35
      vertex -47.2482 37.343 1.35
    endloop
  endfacet
  facet normal 0.653377 -0.757032 0
    outer loop
      vertex -47.6752 40.2217 1.35
      vertex -47.6102 40.2778 4.8
      vertex -47.6752 40.2217 4.8
    endloop
  endfacet
  facet normal 0.653377 -0.757032 0
    outer loop
      vertex -47.6102 40.2778 4.8
      vertex -47.6752 40.2217 1.35
      vertex -47.6102 40.2778 1.35
    endloop
  endfacet
  facet normal 0.723778 -0.690033 -6.17186e-20
    outer loop
      vertex -47.7967 40.1002 4.8
      vertex -47.7374 40.1624 1.35
      vertex -47.7374 40.1624 4.8
    endloop
  endfacet
  facet normal 0.723778 -0.690033 -6.17186e-20
    outer loop
      vertex -47.7374 40.1624 1.35
      vertex -47.7967 40.1002 4.8
      vertex -47.7967 40.1002 1.35
    endloop
  endfacet
  facet normal -0.534913 0.844907 0
    outer loop
      vertex -45.5278 37.4699 1.35
      vertex -45.6003 37.424 4.8
      vertex -45.5278 37.4699 4.8
    endloop
  endfacet
  facet normal -0.534913 0.844907 0
    outer loop
      vertex -45.6003 37.424 4.8
      vertex -45.5278 37.4699 1.35
      vertex -45.6003 37.424 1.35
    endloop
  endfacet
  facet normal -0.817644 -0.575724 -1.66575e-19
    outer loop
      vertex -45.0449 39.8972 1.35
      vertex -45.0944 39.9675 4.8
      vertex -45.0944 39.9675 1.35
    endloop
  endfacet
  facet normal -0.817644 -0.575724 -1.66575e-19
    outer loop
      vertex -45.0944 39.9675 4.8
      vertex -45.0449 39.8972 1.35
      vertex -45.0449 39.8972 4.8
    endloop
  endfacet
  facet normal -0.963518 -0.267644 -2.6244e-19
    outer loop
      vertex -44.8024 39.3502 1.35
      vertex -44.8254 39.433 4.8
      vertex -44.8254 39.433 1.35
    endloop
  endfacet
  facet normal -0.963518 -0.267644 -2.6244e-19
    outer loop
      vertex -44.8254 39.433 4.8
      vertex -44.8024 39.3502 1.35
      vertex -44.8024 39.3502 4.8
    endloop
  endfacet
  facet normal -0.218903 -0.975747 0
    outer loop
      vertex -46.1586 40.6414 1.35
      vertex -46.0748 40.6226 4.8
      vertex -46.1586 40.6414 4.8
    endloop
  endfacet
  facet normal -0.218903 -0.975747 -0
    outer loop
      vertex -46.0748 40.6226 4.8
      vertex -46.1586 40.6414 1.35
      vertex -46.0748 40.6226 1.35
    endloop
  endfacet
  facet normal -0.723778 -0.690033 6.17186e-20
    outer loop
      vertex -45.2033 40.1002 1.35
      vertex -45.2626 40.1624 4.8
      vertex -45.2626 40.1624 1.35
    endloop
  endfacet
  facet normal -0.723778 -0.690033 6.17186e-20
    outer loop
      vertex -45.2626 40.1624 4.8
      vertex -45.2033 40.1002 1.35
      vertex -45.2033 40.1002 4.8
    endloop
  endfacet
  facet normal -0.788536 0.614988 5.31395e-19
    outer loop
      vertex -45.1472 37.8148 1.35
      vertex -45.0944 37.8825 4.8
      vertex -45.0944 37.8825 1.35
    endloop
  endfacet
  facet normal -0.788536 0.614988 5.31395e-19
    outer loop
      vertex -45.0944 37.8825 4.8
      vertex -45.1472 37.8148 1.35
      vertex -45.1472 37.8148 4.8
    endloop
  endfacet
  facet normal 0.614988 0.788536 -0
    outer loop
      vertex -47.5425 37.5194 1.35
      vertex -47.6102 37.5722 4.8
      vertex -47.5425 37.5194 4.8
    endloop
  endfacet
  facet normal 0.614988 0.788536 0
    outer loop
      vertex -47.6102 37.5722 4.8
      vertex -47.5425 37.5194 1.35
      vertex -47.6102 37.5722 1.35
    endloop
  endfacet
  facet normal -0.914195 -0.405274 3.52037e-19
    outer loop
      vertex -44.8832 39.5947 1.35
      vertex -44.918 39.6732 4.8
      vertex -44.918 39.6732 1.35
    endloop
  endfacet
  facet normal -0.914195 -0.405274 3.52037e-19
    outer loop
      vertex -44.918 39.6732 4.8
      vertex -44.8832 39.5947 1.35
      vertex -44.8832 39.5947 4.8
    endloop
  endfacet
  facet normal -0.757032 -0.653377 7.1089e-19
    outer loop
      vertex -45.1472 40.0352 1.35
      vertex -45.2033 40.1002 4.8
      vertex -45.2033 40.1002 1.35
    endloop
  endfacet
  facet normal -0.757032 -0.653377 7.1089e-19
    outer loop
      vertex -45.2033 40.1002 4.8
      vertex -45.1472 40.0352 1.35
      vertex -45.1472 40.0352 4.8
    endloop
  endfacet
  facet normal -0.949726 -0.313084 -4.89832e-19
    outer loop
      vertex -44.8254 39.433 1.35
      vertex -44.8523 39.5146 4.8
      vertex -44.8523 39.5146 1.35
    endloop
  endfacet
  facet normal -0.949726 -0.313084 -4.89832e-19
    outer loop
      vertex -44.8523 39.5146 4.8
      vertex -44.8254 39.433 1.35
      vertex -44.8254 39.433 4.8
    endloop
  endfacet
  facet normal -0.575724 0.817644 0
    outer loop
      vertex -45.4575 37.5194 1.35
      vertex -45.5278 37.4699 4.8
      vertex -45.4575 37.5194 4.8
    endloop
  endfacet
  facet normal -0.575724 0.817644 0
    outer loop
      vertex -45.5278 37.4699 4.8
      vertex -45.4575 37.5194 1.35
      vertex -45.5278 37.4699 1.35
    endloop
  endfacet
  facet normal 0.914195 -0.405274 -3.52037e-19
    outer loop
      vertex -48.1168 39.5947 4.8
      vertex -48.082 39.6732 1.35
      vertex -48.082 39.6732 4.8
    endloop
  endfacet
  facet normal 0.914195 -0.405274 -3.52037e-19
    outer loop
      vertex -48.082 39.6732 1.35
      vertex -48.1168 39.5947 4.8
      vertex -48.1168 39.5947 1.35
    endloop
  endfacet
  facet normal 0.932985 -0.359916 -6.80045e-19
    outer loop
      vertex -48.1477 39.5146 4.8
      vertex -48.1168 39.5947 1.35
      vertex -48.1168 39.5947 4.8
    endloop
  endfacet
  facet normal 0.932985 -0.359916 -6.80045e-19
    outer loop
      vertex -48.1168 39.5947 1.35
      vertex -48.1477 39.5146 4.8
      vertex -48.1477 39.5146 1.35
    endloop
  endfacet
  facet normal -0.0733996 -0.997303 0
    outer loop
      vertex -46.4141 40.6729 1.35
      vertex -46.3285 40.6666 4.8
      vertex -46.4141 40.6729 4.8
    endloop
  endfacet
  facet normal -0.0733996 -0.997303 -0
    outer loop
      vertex -46.3285 40.6666 4.8
      vertex -46.4141 40.6729 1.35
      vertex -46.3285 40.6666 1.35
    endloop
  endfacet
  facet normal -0.89326 -0.449541 5.29523e-20
    outer loop
      vertex -44.918 39.6732 1.35
      vertex -44.9566 39.7499 4.8
      vertex -44.9566 39.7499 1.35
    endloop
  endfacet
  facet normal -0.89326 -0.449541 5.29523e-20
    outer loop
      vertex -44.9566 39.7499 4.8
      vertex -44.918 39.6732 1.35
      vertex -44.918 39.6732 4.8
    endloop
  endfacet
  facet normal -0.405274 -0.914195 0
    outer loop
      vertex -45.8303 40.5418 1.35
      vertex -45.7518 40.507 4.8
      vertex -45.8303 40.5418 4.8
    endloop
  endfacet
  facet normal -0.405274 -0.914195 -0
    outer loop
      vertex -45.7518 40.507 4.8
      vertex -45.8303 40.5418 1.35
      vertex -45.7518 40.507 1.35
    endloop
  endfacet
  facet normal 0.575724 0.817644 -0
    outer loop
      vertex -47.4722 37.4699 1.35
      vertex -47.5425 37.5194 4.8
      vertex -47.4722 37.4699 4.8
    endloop
  endfacet
  facet normal 0.575724 0.817644 0
    outer loop
      vertex -47.5425 37.5194 4.8
      vertex -47.4722 37.4699 1.35
      vertex -47.5425 37.5194 1.35
    endloop
  endfacet
  facet normal -0.614988 -0.788536 0
    outer loop
      vertex -45.4575 40.3306 1.35
      vertex -45.3898 40.2778 4.8
      vertex -45.4575 40.3306 4.8
    endloop
  endfacet
  facet normal -0.614988 -0.788536 -0
    outer loop
      vertex -45.3898 40.2778 4.8
      vertex -45.4575 40.3306 1.35
      vertex -45.3898 40.2778 1.35
    endloop
  endfacet
  facet normal 0.844907 0.534913 1.05007e-20
    outer loop
      vertex -47.9551 37.9528 4.8
      vertex -48.001 38.0253 1.35
      vertex -48.001 38.0253 4.8
    endloop
  endfacet
  facet normal 0.844907 0.534913 1.05007e-20
    outer loop
      vertex -48.001 38.0253 1.35
      vertex -47.9551 37.9528 4.8
      vertex -47.9551 37.9528 1.35
    endloop
  endfacet
  facet normal 0.963518 0.267644 -2.6244e-19
    outer loop
      vertex -48.1746 38.417 4.8
      vertex -48.1976 38.4998 1.35
      vertex -48.1976 38.4998 4.8
    endloop
  endfacet
  facet normal 0.963518 0.267644 -2.6244e-19
    outer loop
      vertex -48.1976 38.4998 1.35
      vertex -48.1746 38.417 4.8
      vertex -48.1746 38.417 1.35
    endloop
  endfacet
  facet normal -0.788536 -0.614988 -5.31395e-19
    outer loop
      vertex -45.0944 39.9675 1.35
      vertex -45.1472 40.0352 4.8
      vertex -45.1472 40.0352 1.35
    endloop
  endfacet
  facet normal -0.788536 -0.614988 -5.31395e-19
    outer loop
      vertex -45.1472 40.0352 4.8
      vertex -45.0944 39.9675 1.35
      vertex -45.0944 39.9675 4.8
    endloop
  endfacet
  facet normal 0.788536 -0.614988 5.31395e-19
    outer loop
      vertex -47.9056 39.9675 4.8
      vertex -47.8528 40.0352 1.35
      vertex -47.8528 40.0352 4.8
    endloop
  endfacet
  facet normal 0.788536 -0.614988 5.31395e-19
    outer loop
      vertex -47.8528 40.0352 1.35
      vertex -47.9056 39.9675 4.8
      vertex -47.9056 39.9675 1.35
    endloop
  endfacet
  facet normal 0.817644 -0.575724 1.66575e-19
    outer loop
      vertex -47.9551 39.8972 4.8
      vertex -47.9056 39.9675 1.35
      vertex -47.9056 39.9675 4.8
    endloop
  endfacet
  facet normal 0.817644 -0.575724 1.66575e-19
    outer loop
      vertex -47.9056 39.9675 1.35
      vertex -47.9551 39.8972 4.8
      vertex -47.9551 39.8972 1.35
    endloop
  endfacet
  facet normal -0.997303 -0.0733996 -8.54791e-20
    outer loop
      vertex -44.7521 39.0109 1.35
      vertex -44.7584 39.0965 4.8
      vertex -44.7584 39.0965 1.35
    endloop
  endfacet
  facet normal -0.997303 -0.0733996 -8.54791e-20
    outer loop
      vertex -44.7584 39.0965 4.8
      vertex -44.7521 39.0109 1.35
      vertex -44.7521 39.0109 4.8
    endloop
  endfacet
  facet normal 0.614988 -0.788536 0
    outer loop
      vertex -47.6102 40.2778 1.35
      vertex -47.5425 40.3306 4.8
      vertex -47.6102 40.2778 4.8
    endloop
  endfacet
  facet normal 0.614988 -0.788536 0
    outer loop
      vertex -47.5425 40.3306 4.8
      vertex -47.6102 40.2778 1.35
      vertex -47.5425 40.3306 1.35
    endloop
  endfacet
  facet normal 0.449541 -0.89326 0
    outer loop
      vertex -47.3249 40.4684 1.35
      vertex -47.2482 40.507 4.8
      vertex -47.3249 40.4684 4.8
    endloop
  endfacet
  facet normal 0.449541 -0.89326 0
    outer loop
      vertex -47.2482 40.507 4.8
      vertex -47.3249 40.4684 1.35
      vertex -47.2482 40.507 1.35
    endloop
  endfacet
  facet normal -0.614988 0.788536 0
    outer loop
      vertex -45.3898 37.5722 1.35
      vertex -45.4575 37.5194 4.8
      vertex -45.3898 37.5722 4.8
    endloop
  endfacet
  facet normal -0.614988 0.788536 0
    outer loop
      vertex -45.4575 37.5194 4.8
      vertex -45.3898 37.5722 1.35
      vertex -45.4575 37.5194 1.35
    endloop
  endfacet
  facet normal -0.653377 -0.757032 0
    outer loop
      vertex -45.3898 40.2778 1.35
      vertex -45.3248 40.2217 4.8
      vertex -45.3898 40.2778 4.8
    endloop
  endfacet
  facet normal -0.653377 -0.757032 -0
    outer loop
      vertex -45.3248 40.2217 4.8
      vertex -45.3898 40.2778 1.35
      vertex -45.3248 40.2217 1.35
    endloop
  endfacet
  facet normal 0.844907 -0.534913 -1.05007e-20
    outer loop
      vertex -48.001 39.8247 4.8
      vertex -47.9551 39.8972 1.35
      vertex -47.9551 39.8972 4.8
    endloop
  endfacet
  facet normal 0.844907 -0.534913 -1.05007e-20
    outer loop
      vertex -47.9551 39.8972 1.35
      vertex -48.001 39.8247 4.8
      vertex -48.001 39.8247 1.35
    endloop
  endfacet
  facet normal 0.997303 0.0733996 -8.54791e-20
    outer loop
      vertex -48.2416 38.7535 4.8
      vertex -48.2479 38.8391 1.35
      vertex -48.2479 38.8391 4.8
    endloop
  endfacet
  facet normal 0.997303 0.0733996 -8.54791e-20
    outer loop
      vertex -48.2479 38.8391 1.35
      vertex -48.2416 38.7535 4.8
      vertex -48.2416 38.7535 1.35
    endloop
  endfacet
  facet normal 0.171194 -0.985237 0
    outer loop
      vertex -46.8414 40.6414 1.35
      vertex -46.7568 40.6561 4.8
      vertex -46.8414 40.6414 4.8
    endloop
  endfacet
  facet normal 0.171194 -0.985237 0
    outer loop
      vertex -46.7568 40.6561 4.8
      vertex -46.8414 40.6414 1.35
      vertex -46.7568 40.6561 1.35
    endloop
  endfacet
  facet normal -0.449541 0.89326 0
    outer loop
      vertex -45.6751 37.3816 1.35
      vertex -45.7518 37.343 4.8
      vertex -45.6751 37.3816 4.8
    endloop
  endfacet
  facet normal -0.449541 0.89326 0
    outer loop
      vertex -45.7518 37.343 4.8
      vertex -45.6751 37.3816 1.35
      vertex -45.7518 37.343 1.35
    endloop
  endfacet
  facet normal 0.869956 -0.49313 -2.70538e-19
    outer loop
      vertex -48.0434 39.7499 4.8
      vertex -48.001 39.8247 1.35
      vertex -48.001 39.8247 4.8
    endloop
  endfacet
  facet normal 0.869956 -0.49313 -2.70538e-19
    outer loop
      vertex -48.001 39.8247 1.35
      vertex -48.0434 39.7499 4.8
      vertex -48.0434 39.7499 1.35
    endloop
  endfacet
  facet normal 0.122173 0.992509 -0
    outer loop
      vertex -46.6715 37.1834 1.35
      vertex -46.7568 37.1939 4.8
      vertex -46.6715 37.1834 4.8
    endloop
  endfacet
  facet normal 0.122173 0.992509 0
    outer loop
      vertex -46.7568 37.1939 4.8
      vertex -46.6715 37.1834 1.35
      vertex -46.7568 37.1939 1.35
    endloop
  endfacet
  facet normal 0.171194 0.985237 -0
    outer loop
      vertex -46.7568 37.1939 1.35
      vertex -46.8414 37.2086 4.8
      vertex -46.7568 37.1939 4.8
    endloop
  endfacet
  facet normal 0.171194 0.985237 0
    outer loop
      vertex -46.8414 37.2086 4.8
      vertex -46.7568 37.1939 1.35
      vertex -46.8414 37.2086 1.35
    endloop
  endfacet
  facet normal 0.963518 -0.267644 2.6244e-19
    outer loop
      vertex -48.1976 39.3502 4.8
      vertex -48.1746 39.433 1.35
      vertex -48.1746 39.433 4.8
    endloop
  endfacet
  facet normal 0.963518 -0.267644 2.6244e-19
    outer loop
      vertex -48.1746 39.433 1.35
      vertex -48.1976 39.3502 4.8
      vertex -48.1976 39.3502 1.35
    endloop
  endfacet
  facet normal -0.0244397 0.999701 0
    outer loop
      vertex -46.4141 37.1771 1.35
      vertex -46.5 37.175 4.8
      vertex -46.4141 37.1771 4.8
    endloop
  endfacet
  facet normal -0.0244397 0.999701 0
    outer loop
      vertex -46.5 37.175 4.8
      vertex -46.4141 37.1771 1.35
      vertex -46.5 37.175 1.35
    endloop
  endfacet
  facet normal 0.575724 -0.817644 0
    outer loop
      vertex -47.5425 40.3306 1.35
      vertex -47.4722 40.3801 4.8
      vertex -47.5425 40.3306 4.8
    endloop
  endfacet
  facet normal 0.575724 -0.817644 0
    outer loop
      vertex -47.4722 40.3801 4.8
      vertex -47.5425 40.3306 1.35
      vertex -47.4722 40.3801 1.35
    endloop
  endfacet
  facet normal 0.0244397 -0.999701 0
    outer loop
      vertex -46.5859 40.6729 1.35
      vertex -46.5 40.675 4.8
      vertex -46.5859 40.6729 4.8
    endloop
  endfacet
  facet normal 0.0244397 -0.999701 0
    outer loop
      vertex -46.5 40.675 4.8
      vertex -46.5859 40.6729 1.35
      vertex -46.5 40.675 1.35
    endloop
  endfacet
  facet normal -0.359916 -0.932985 0
    outer loop
      vertex -45.9104 40.5727 1.35
      vertex -45.8303 40.5418 4.8
      vertex -45.9104 40.5727 4.8
    endloop
  endfacet
  facet normal -0.359916 -0.932985 -0
    outer loop
      vertex -45.8303 40.5418 4.8
      vertex -45.9104 40.5727 1.35
      vertex -45.8303 40.5418 1.35
    endloop
  endfacet
  facet normal -0.313084 0.949726 0
    outer loop
      vertex -45.9104 37.2773 1.35
      vertex -45.992 37.2504 4.8
      vertex -45.9104 37.2773 4.8
    endloop
  endfacet
  facet normal -0.313084 0.949726 0
    outer loop
      vertex -45.992 37.2504 4.8
      vertex -45.9104 37.2773 1.35
      vertex -45.992 37.2504 1.35
    endloop
  endfacet
  facet normal 0.449541 0.89326 -0
    outer loop
      vertex -47.2482 37.343 1.35
      vertex -47.3249 37.3816 4.8
      vertex -47.2482 37.343 4.8
    endloop
  endfacet
  facet normal 0.449541 0.89326 0
    outer loop
      vertex -47.3249 37.3816 4.8
      vertex -47.2482 37.343 1.35
      vertex -47.3249 37.3816 1.35
    endloop
  endfacet
  facet normal 0.49313 -0.869956 0
    outer loop
      vertex -47.3997 40.426 1.35
      vertex -47.3249 40.4684 4.8
      vertex -47.3997 40.426 4.8
    endloop
  endfacet
  facet normal 0.49313 -0.869956 0
    outer loop
      vertex -47.3249 40.4684 4.8
      vertex -47.3997 40.426 1.35
      vertex -47.3249 40.4684 1.35
    endloop
  endfacet
  facet normal -0.171194 -0.985237 0
    outer loop
      vertex -46.2432 40.6561 1.35
      vertex -46.1586 40.6414 4.8
      vertex -46.2432 40.6561 4.8
    endloop
  endfacet
  facet normal -0.171194 -0.985237 -0
    outer loop
      vertex -46.1586 40.6414 4.8
      vertex -46.2432 40.6561 1.35
      vertex -46.1586 40.6414 1.35
    endloop
  endfacet
  facet normal -0.869956 0.49313 1.94962e-19
    outer loop
      vertex -44.999 38.0253 1.35
      vertex -44.9566 38.1001 4.8
      vertex -44.9566 38.1001 1.35
    endloop
  endfacet
  facet normal -0.869956 0.49313 1.94962e-19
    outer loop
      vertex -44.9566 38.1001 4.8
      vertex -44.999 38.0253 1.35
      vertex -44.999 38.0253 4.8
    endloop
  endfacet
  facet normal -0.690033 -0.723778 0
    outer loop
      vertex -45.3248 40.2217 1.35
      vertex -45.2626 40.1624 4.8
      vertex -45.3248 40.2217 4.8
    endloop
  endfacet
  facet normal -0.690033 -0.723778 -0
    outer loop
      vertex -45.2626 40.1624 4.8
      vertex -45.3248 40.2217 1.35
      vertex -45.2626 40.1624 1.35
    endloop
  endfacet
  facet normal -0.171194 0.985237 0
    outer loop
      vertex -46.1586 37.2086 1.35
      vertex -46.2432 37.1939 4.8
      vertex -46.1586 37.2086 4.8
    endloop
  endfacet
  facet normal -0.171194 0.985237 0
    outer loop
      vertex -46.2432 37.1939 4.8
      vertex -46.1586 37.2086 1.35
      vertex -46.2432 37.1939 1.35
    endloop
  endfacet
  facet normal 0.534913 0.844907 -0
    outer loop
      vertex -47.3997 37.424 1.35
      vertex -47.4722 37.4699 4.8
      vertex -47.3997 37.424 4.8
    endloop
  endfacet
  facet normal 0.534913 0.844907 0
    outer loop
      vertex -47.4722 37.4699 4.8
      vertex -47.3997 37.424 1.35
      vertex -47.4722 37.4699 1.35
    endloop
  endfacet
  facet normal 0.690033 0.723778 -0
    outer loop
      vertex -47.6752 37.6283 1.35
      vertex -47.7374 37.6876 4.8
      vertex -47.6752 37.6283 4.8
    endloop
  endfacet
  facet normal 0.690033 0.723778 0
    outer loop
      vertex -47.7374 37.6876 4.8
      vertex -47.6752 37.6283 1.35
      vertex -47.7374 37.6876 1.35
    endloop
  endfacet
  facet normal -0.534913 -0.844907 0
    outer loop
      vertex -45.6003 40.426 1.35
      vertex -45.5278 40.3801 4.8
      vertex -45.6003 40.426 4.8
    endloop
  endfacet
  facet normal -0.534913 -0.844907 -0
    outer loop
      vertex -45.5278 40.3801 4.8
      vertex -45.6003 40.426 1.35
      vertex -45.5278 40.3801 1.35
    endloop
  endfacet
  facet normal -0.690033 0.723778 0
    outer loop
      vertex -45.2626 37.6876 1.35
      vertex -45.3248 37.6283 4.8
      vertex -45.2626 37.6876 4.8
    endloop
  endfacet
  facet normal -0.690033 0.723778 0
    outer loop
      vertex -45.3248 37.6283 4.8
      vertex -45.2626 37.6876 1.35
      vertex -45.3248 37.6283 1.35
    endloop
  endfacet
  facet normal -0.122173 -0.992509 0
    outer loop
      vertex -46.3285 40.6666 1.35
      vertex -46.2432 40.6561 4.8
      vertex -46.3285 40.6666 4.8
    endloop
  endfacet
  facet normal -0.122173 -0.992509 -0
    outer loop
      vertex -46.2432 40.6561 4.8
      vertex -46.3285 40.6666 1.35
      vertex -46.2432 40.6561 1.35
    endloop
  endfacet
  facet normal 0.757032 -0.653377 -7.1089e-19
    outer loop
      vertex -47.8528 40.0352 4.8
      vertex -47.7967 40.1002 1.35
      vertex -47.7967 40.1002 4.8
    endloop
  endfacet
  facet normal 0.757032 -0.653377 -7.1089e-19
    outer loop
      vertex -47.7967 40.1002 1.35
      vertex -47.8528 40.0352 4.8
      vertex -47.8528 40.0352 1.35
    endloop
  endfacet
  facet normal 0.0244397 0.999701 -0
    outer loop
      vertex -46.5 37.175 1.35
      vertex -46.5859 37.1771 4.8
      vertex -46.5 37.175 4.8
    endloop
  endfacet
  facet normal 0.0244397 0.999701 0
    outer loop
      vertex -46.5859 37.1771 4.8
      vertex -46.5 37.175 1.35
      vertex -46.5859 37.1771 1.35
    endloop
  endfacet
  facet normal -0.0733996 0.997303 0
    outer loop
      vertex -46.3285 37.1834 1.35
      vertex -46.4141 37.1771 4.8
      vertex -46.3285 37.1834 4.8
    endloop
  endfacet
  facet normal -0.0733996 0.997303 0
    outer loop
      vertex -46.4141 37.1771 4.8
      vertex -46.3285 37.1834 1.35
      vertex -46.4141 37.1771 1.35
    endloop
  endfacet
  facet normal -0.575724 -0.817644 0
    outer loop
      vertex -45.5278 40.3801 1.35
      vertex -45.4575 40.3306 4.8
      vertex -45.5278 40.3801 4.8
    endloop
  endfacet
  facet normal -0.575724 -0.817644 -0
    outer loop
      vertex -45.4575 40.3306 4.8
      vertex -45.5278 40.3801 1.35
      vertex -45.4575 40.3306 1.35
    endloop
  endfacet
  facet normal 0.267644 -0.963518 0
    outer loop
      vertex -47.008 40.5996 1.35
      vertex -46.9252 40.6226 4.8
      vertex -47.008 40.5996 4.8
    endloop
  endfacet
  facet normal 0.267644 -0.963518 0
    outer loop
      vertex -46.9252 40.6226 4.8
      vertex -47.008 40.5996 1.35
      vertex -46.9252 40.6226 1.35
    endloop
  endfacet
  facet normal -0.932985 0.359916 -6.80045e-19
    outer loop
      vertex -44.8832 38.2553 1.35
      vertex -44.8523 38.3354 4.8
      vertex -44.8523 38.3354 1.35
    endloop
  endfacet
  facet normal -0.932985 0.359916 -6.80045e-19
    outer loop
      vertex -44.8523 38.3354 4.8
      vertex -44.8832 38.2553 1.35
      vertex -44.8832 38.2553 4.8
    endloop
  endfacet
  facet normal -0.49313 -0.869956 0
    outer loop
      vertex -45.6751 40.4684 1.35
      vertex -45.6003 40.426 4.8
      vertex -45.6751 40.4684 4.8
    endloop
  endfacet
  facet normal -0.49313 -0.869956 -0
    outer loop
      vertex -45.6003 40.426 4.8
      vertex -45.6751 40.4684 1.35
      vertex -45.6003 40.426 1.35
    endloop
  endfacet
  facet normal 0.313084 0.949726 -0
    outer loop
      vertex -47.008 37.2504 1.35
      vertex -47.0896 37.2773 4.8
      vertex -47.008 37.2504 4.8
    endloop
  endfacet
  facet normal 0.313084 0.949726 0
    outer loop
      vertex -47.0896 37.2773 4.8
      vertex -47.008 37.2504 1.35
      vertex -47.0896 37.2773 1.35
    endloop
  endfacet
  facet normal -0.914195 0.405274 -3.52037e-19
    outer loop
      vertex -44.918 38.1768 1.35
      vertex -44.8832 38.2553 4.8
      vertex -44.8832 38.2553 1.35
    endloop
  endfacet
  facet normal -0.914195 0.405274 -3.52037e-19
    outer loop
      vertex -44.8832 38.2553 4.8
      vertex -44.918 38.1768 1.35
      vertex -44.918 38.1768 4.8
    endloop
  endfacet
  facet normal 0.0733996 -0.997303 0
    outer loop
      vertex -46.6715 40.6666 1.35
      vertex -46.5859 40.6729 4.8
      vertex -46.6715 40.6666 4.8
    endloop
  endfacet
  facet normal 0.0733996 -0.997303 0
    outer loop
      vertex -46.5859 40.6729 4.8
      vertex -46.6715 40.6666 1.35
      vertex -46.5859 40.6729 1.35
    endloop
  endfacet
  facet normal -0.844907 0.534913 -1.05007e-20
    outer loop
      vertex -45.0449 37.9528 1.35
      vertex -44.999 38.0253 4.8
      vertex -44.999 38.0253 1.35
    endloop
  endfacet
  facet normal -0.844907 0.534913 -1.05007e-20
    outer loop
      vertex -44.999 38.0253 4.8
      vertex -45.0449 37.9528 1.35
      vertex -45.0449 37.9528 4.8
    endloop
  endfacet
  facet normal -0.653377 0.757032 0
    outer loop
      vertex -45.3248 37.6283 1.35
      vertex -45.3898 37.5722 4.8
      vertex -45.3248 37.6283 4.8
    endloop
  endfacet
  facet normal -0.653377 0.757032 0
    outer loop
      vertex -45.3898 37.5722 4.8
      vertex -45.3248 37.6283 1.35
      vertex -45.3898 37.5722 1.35
    endloop
  endfacet
  facet normal 0.49313 0.869956 -0
    outer loop
      vertex -47.3249 37.3816 1.35
      vertex -47.3997 37.424 4.8
      vertex -47.3249 37.3816 4.8
    endloop
  endfacet
  facet normal 0.49313 0.869956 0
    outer loop
      vertex -47.3997 37.424 4.8
      vertex -47.3249 37.3816 1.35
      vertex -47.3997 37.424 1.35
    endloop
  endfacet
  facet normal -0.992509 0.122173 -2.47314e-20
    outer loop
      vertex -44.7689 38.6682 1.35
      vertex -44.7584 38.7535 4.8
      vertex -44.7584 38.7535 1.35
    endloop
  endfacet
  facet normal -0.992509 0.122173 -2.47314e-20
    outer loop
      vertex -44.7584 38.7535 4.8
      vertex -44.7689 38.6682 1.35
      vertex -44.7689 38.6682 4.8
    endloop
  endfacet
  facet normal 0.817644 0.575724 -1.66575e-19
    outer loop
      vertex -47.9056 37.8825 4.8
      vertex -47.9551 37.9528 1.35
      vertex -47.9551 37.9528 4.8
    endloop
  endfacet
  facet normal 0.817644 0.575724 -1.66575e-19
    outer loop
      vertex -47.9551 37.9528 1.35
      vertex -47.9056 37.8825 4.8
      vertex -47.9056 37.8825 1.35
    endloop
  endfacet
  facet normal 0.932985 0.359916 6.80045e-19
    outer loop
      vertex -48.1168 38.2553 4.8
      vertex -48.1477 38.3354 1.35
      vertex -48.1477 38.3354 4.8
    endloop
  endfacet
  facet normal 0.932985 0.359916 6.80045e-19
    outer loop
      vertex -48.1477 38.3354 1.35
      vertex -48.1168 38.2553 4.8
      vertex -48.1168 38.2553 1.35
    endloop
  endfacet
  facet normal 0.653377 0.757032 -0
    outer loop
      vertex -47.6102 37.5722 1.35
      vertex -47.6752 37.6283 4.8
      vertex -47.6102 37.5722 4.8
    endloop
  endfacet
  facet normal 0.653377 0.757032 0
    outer loop
      vertex -47.6752 37.6283 4.8
      vertex -47.6102 37.5722 1.35
      vertex -47.6752 37.6283 1.35
    endloop
  endfacet
  facet normal 0.975747 0.218903 -3.15365e-19
    outer loop
      vertex -48.1976 38.4998 4.8
      vertex -48.2164 38.5836 1.35
      vertex -48.2164 38.5836 4.8
    endloop
  endfacet
  facet normal 0.975747 0.218903 -3.15365e-19
    outer loop
      vertex -48.2164 38.5836 1.35
      vertex -48.1976 38.4998 4.8
      vertex -48.1976 38.4998 1.35
    endloop
  endfacet
  facet normal -0.999701 -0.0244397 -3.70107e-20
    outer loop
      vertex -44.75 38.925 1.35
      vertex -44.7521 39.0109 4.8
      vertex -44.7521 39.0109 1.35
    endloop
  endfacet
  facet normal -0.999701 -0.0244397 -3.70107e-20
    outer loop
      vertex -44.7521 39.0109 4.8
      vertex -44.75 38.925 1.35
      vertex -44.75 38.925 4.8
    endloop
  endfacet
  facet normal -0.999701 0.0244397 -8.92584e-21
    outer loop
      vertex -44.7521 38.8391 1.35
      vertex -44.75 38.925 4.8
      vertex -44.75 38.925 1.35
    endloop
  endfacet
  facet normal -0.999701 0.0244397 -8.92584e-21
    outer loop
      vertex -44.75 38.925 4.8
      vertex -44.7521 38.8391 1.35
      vertex -44.7521 38.8391 4.8
    endloop
  endfacet
  facet normal -0.49313 0.869956 0
    outer loop
      vertex -45.6003 37.424 1.35
      vertex -45.6751 37.3816 4.8
      vertex -45.6003 37.424 4.8
    endloop
  endfacet
  facet normal -0.49313 0.869956 0
    outer loop
      vertex -45.6751 37.3816 4.8
      vertex -45.6003 37.424 1.35
      vertex -45.6751 37.3816 1.35
    endloop
  endfacet
  facet normal -0.267644 0.963518 0
    outer loop
      vertex -45.992 37.2504 1.35
      vertex -46.0748 37.2274 4.8
      vertex -45.992 37.2504 4.8
    endloop
  endfacet
  facet normal -0.267644 0.963518 0
    outer loop
      vertex -46.0748 37.2274 4.8
      vertex -45.992 37.2504 1.35
      vertex -46.0748 37.2274 1.35
    endloop
  endfacet
  facet normal 0.788536 0.614988 -5.31395e-19
    outer loop
      vertex -47.8528 37.8148 4.8
      vertex -47.9056 37.8825 1.35
      vertex -47.9056 37.8825 4.8
    endloop
  endfacet
  facet normal 0.788536 0.614988 -5.31395e-19
    outer loop
      vertex -47.9056 37.8825 1.35
      vertex -47.8528 37.8148 4.8
      vertex -47.8528 37.8148 1.35
    endloop
  endfacet
  facet normal -0.267644 -0.963518 0
    outer loop
      vertex -46.0748 40.6226 1.35
      vertex -45.992 40.5996 4.8
      vertex -46.0748 40.6226 4.8
    endloop
  endfacet
  facet normal -0.267644 -0.963518 -0
    outer loop
      vertex -45.992 40.5996 4.8
      vertex -46.0748 40.6226 1.35
      vertex -45.992 40.5996 1.35
    endloop
  endfacet
  facet normal -0.218903 0.975747 0
    outer loop
      vertex -46.0748 37.2274 1.35
      vertex -46.1586 37.2086 4.8
      vertex -46.0748 37.2274 4.8
    endloop
  endfacet
  facet normal -0.218903 0.975747 0
    outer loop
      vertex -46.1586 37.2086 4.8
      vertex -46.0748 37.2274 1.35
      vertex -46.1586 37.2086 1.35
    endloop
  endfacet
  facet normal -0.89326 0.449541 5.6543e-19
    outer loop
      vertex -44.9566 38.1001 1.35
      vertex -44.918 38.1768 4.8
      vertex -44.918 38.1768 1.35
    endloop
  endfacet
  facet normal -0.89326 0.449541 5.6543e-19
    outer loop
      vertex -44.918 38.1768 4.8
      vertex -44.9566 38.1001 1.35
      vertex -44.9566 38.1001 4.8
    endloop
  endfacet
  facet normal -0.992509 -0.122173 2.47314e-20
    outer loop
      vertex -44.7584 39.0965 1.35
      vertex -44.7689 39.1818 4.8
      vertex -44.7689 39.1818 1.35
    endloop
  endfacet
  facet normal -0.992509 -0.122173 2.47314e-20
    outer loop
      vertex -44.7689 39.1818 4.8
      vertex -44.7584 39.0965 1.35
      vertex -44.7584 39.0965 4.8
    endloop
  endfacet
  facet normal -0.359916 0.932985 0
    outer loop
      vertex -45.8303 37.3082 1.35
      vertex -45.9104 37.2773 4.8
      vertex -45.8303 37.3082 4.8
    endloop
  endfacet
  facet normal -0.359916 0.932985 0
    outer loop
      vertex -45.9104 37.2773 4.8
      vertex -45.8303 37.3082 1.35
      vertex -45.9104 37.2773 1.35
    endloop
  endfacet
  facet normal -0.122173 0.992509 0
    outer loop
      vertex -46.2432 37.1939 1.35
      vertex -46.3285 37.1834 4.8
      vertex -46.2432 37.1939 4.8
    endloop
  endfacet
  facet normal -0.122173 0.992509 0
    outer loop
      vertex -46.3285 37.1834 4.8
      vertex -46.2432 37.1939 1.35
      vertex -46.3285 37.1834 1.35
    endloop
  endfacet
  facet normal -0.313084 -0.949726 0
    outer loop
      vertex -45.992 40.5996 1.35
      vertex -45.9104 40.5727 4.8
      vertex -45.992 40.5996 4.8
    endloop
  endfacet
  facet normal -0.313084 -0.949726 -0
    outer loop
      vertex -45.9104 40.5727 4.8
      vertex -45.992 40.5996 1.35
      vertex -45.9104 40.5727 1.35
    endloop
  endfacet
  facet normal -0.817644 0.575724 1.66575e-19
    outer loop
      vertex -45.0944 37.8825 1.35
      vertex -45.0449 37.9528 4.8
      vertex -45.0449 37.9528 1.35
    endloop
  endfacet
  facet normal -0.817644 0.575724 1.66575e-19
    outer loop
      vertex -45.0449 37.9528 4.8
      vertex -45.0944 37.8825 1.35
      vertex -45.0944 37.8825 4.8
    endloop
  endfacet
  facet normal 0.914195 0.405274 3.52037e-19
    outer loop
      vertex -48.082 38.1768 4.8
      vertex -48.1168 38.2553 1.35
      vertex -48.1168 38.2553 4.8
    endloop
  endfacet
  facet normal 0.914195 0.405274 3.52037e-19
    outer loop
      vertex -48.1168 38.2553 1.35
      vertex -48.082 38.1768 4.8
      vertex -48.082 38.1768 1.35
    endloop
  endfacet
  facet normal -0.963518 0.267644 2.6244e-19
    outer loop
      vertex -44.8254 38.417 1.35
      vertex -44.8024 38.4998 4.8
      vertex -44.8024 38.4998 1.35
    endloop
  endfacet
  facet normal -0.963518 0.267644 2.6244e-19
    outer loop
      vertex -44.8024 38.4998 4.8
      vertex -44.8254 38.417 1.35
      vertex -44.8254 38.417 4.8
    endloop
  endfacet
  facet normal -0.869956 -0.49313 2.70538e-19
    outer loop
      vertex -44.9566 39.7499 1.35
      vertex -44.999 39.8247 4.8
      vertex -44.999 39.8247 1.35
    endloop
  endfacet
  facet normal -0.869956 -0.49313 2.70538e-19
    outer loop
      vertex -44.999 39.8247 4.8
      vertex -44.9566 39.7499 1.35
      vertex -44.9566 39.7499 4.8
    endloop
  endfacet
  facet normal -0.949726 0.313084 4.89832e-19
    outer loop
      vertex -44.8523 38.3354 1.35
      vertex -44.8254 38.417 4.8
      vertex -44.8254 38.417 1.35
    endloop
  endfacet
  facet normal -0.949726 0.313084 4.89832e-19
    outer loop
      vertex -44.8254 38.417 4.8
      vertex -44.8523 38.3354 1.35
      vertex -44.8523 38.3354 4.8
    endloop
  endfacet
  facet normal -0.405274 0.914195 0
    outer loop
      vertex -45.7518 37.343 1.35
      vertex -45.8303 37.3082 4.8
      vertex -45.7518 37.343 4.8
    endloop
  endfacet
  facet normal -0.405274 0.914195 0
    outer loop
      vertex -45.8303 37.3082 4.8
      vertex -45.7518 37.343 1.35
      vertex -45.8303 37.3082 1.35
    endloop
  endfacet
  facet normal -0.932985 -0.359916 6.80045e-19
    outer loop
      vertex -44.8523 39.5146 1.35
      vertex -44.8832 39.5947 4.8
      vertex -44.8832 39.5947 1.35
    endloop
  endfacet
  facet normal -0.932985 -0.359916 6.80045e-19
    outer loop
      vertex -44.8832 39.5947 4.8
      vertex -44.8523 39.5146 1.35
      vertex -44.8523 39.5146 4.8
    endloop
  endfacet
  facet normal -0.449541 -0.89326 0
    outer loop
      vertex -45.7518 40.507 1.35
      vertex -45.6751 40.4684 4.8
      vertex -45.7518 40.507 4.8
    endloop
  endfacet
  facet normal -0.449541 -0.89326 -0
    outer loop
      vertex -45.6751 40.4684 4.8
      vertex -45.7518 40.507 1.35
      vertex -45.6751 40.4684 1.35
    endloop
  endfacet
  facet normal -0 0 1
    outer loop
      vertex 48.2416 -38.7535 4.8
      vertex 50.5 -42.925 4.8
      vertex 50.5 -32.925 4.8
    endloop
  endfacet
  facet normal 0 0 1
    outer loop
      vertex 50.5 -42.925 4.8
      vertex 48.2479 -38.8391 4.8
      vertex 48.25 -38.925 4.8
    endloop
  endfacet
  facet normal 0 0 1
    outer loop
      vertex 50.5 -42.925 4.8
      vertex 48.2416 -38.7535 4.8
      vertex 48.2479 -38.8391 4.8
    endloop
  endfacet
  facet normal 0 0 1
    outer loop
      vertex 50.5 -32.925 4.8
      vertex 48.2311 -38.6682 4.8
      vertex 48.2416 -38.7535 4.8
    endloop
  endfacet
  facet normal 0 0 1
    outer loop
      vertex 50.5 -32.925 4.8
      vertex 48.2164 -38.5836 4.8
      vertex 48.2311 -38.6682 4.8
    endloop
  endfacet
  facet normal 0 0 1
    outer loop
      vertex 50.5 -32.925 4.8
      vertex 48.1976 -38.4998 4.8
      vertex 48.2164 -38.5836 4.8
    endloop
  endfacet
  facet normal 0 0 1
    outer loop
      vertex 50.5 -32.925 4.8
      vertex 48.1746 -38.417 4.8
      vertex 48.1976 -38.4998 4.8
    endloop
  endfacet
  facet normal 0 0 1
    outer loop
      vertex 50.5 -32.925 4.8
      vertex 48.1477 -38.3354 4.8
      vertex 48.1746 -38.417 4.8
    endloop
  endfacet
  facet normal 0 0 1
    outer loop
      vertex 50.5 -32.925 4.8
      vertex 48.1168 -38.2553 4.8
      vertex 48.1477 -38.3354 4.8
    endloop
  endfacet
  facet normal 0 0 1
    outer loop
      vertex 50.5 -32.925 4.8
      vertex 48.082 -38.1768 4.8
      vertex 48.1168 -38.2553 4.8
    endloop
  endfacet
  facet normal 0 0 1
    outer loop
      vertex 50.5 -32.925 4.8
      vertex 48.0434 -38.1001 4.8
      vertex 48.082 -38.1768 4.8
    endloop
  endfacet
  facet normal 0 0 1
    outer loop
      vertex 50.5 -32.925 4.8
      vertex 48.001 -38.0253 4.8
      vertex 48.0434 -38.1001 4.8
    endloop
  endfacet
  facet normal 0 0 1
    outer loop
      vertex 50.5 -32.925 4.8
      vertex 47.9551 -37.9528 4.8
      vertex 48.001 -38.0253 4.8
    endloop
  endfacet
  facet normal 0 0 1
    outer loop
      vertex 50.5 -32.925 4.8
      vertex 47.9056 -37.8825 4.8
      vertex 47.9551 -37.9528 4.8
    endloop
  endfacet
  facet normal 0 0 1
    outer loop
      vertex 50.5 -32.925 4.8
      vertex 47.8528 -37.8148 4.8
      vertex 47.9056 -37.8825 4.8
    endloop
  endfacet
  facet normal 0 0 1
    outer loop
      vertex 50.5 -32.925 4.8
      vertex 47.7967 -37.7498 4.8
      vertex 47.8528 -37.8148 4.8
    endloop
  endfacet
  facet normal 0 0 1
    outer loop
      vertex 50.5 -32.925 4.8
      vertex 47.7374 -37.6876 4.8
      vertex 47.7967 -37.7498 4.8
    endloop
  endfacet
  facet normal 0 0 1
    outer loop
      vertex 50.5 -32.925 4.8
      vertex 47.6752 -37.6283 4.8
      vertex 47.7374 -37.6876 4.8
    endloop
  endfacet
  facet normal 0 0 1
    outer loop
      vertex 50.5 -32.925 4.8
      vertex 47.6102 -37.5722 4.8
      vertex 47.6752 -37.6283 4.8
    endloop
  endfacet
  facet normal 0 0 1
    outer loop
      vertex 50.5 -32.925 4.8
      vertex 47.5425 -37.5194 4.8
      vertex 47.6102 -37.5722 4.8
    endloop
  endfacet
  facet normal 0 0 1
    outer loop
      vertex 50.5 -32.925 4.8
      vertex 47.4722 -37.4699 4.8
      vertex 47.5425 -37.5194 4.8
    endloop
  endfacet
  facet normal 0 0 1
    outer loop
      vertex 50.5 -32.925 4.8
      vertex 47.3997 -37.424 4.8
      vertex 47.4722 -37.4699 4.8
    endloop
  endfacet
  facet normal 0 0 1
    outer loop
      vertex 50.5 -32.925 4.8
      vertex 47.3249 -37.3816 4.8
      vertex 47.3997 -37.424 4.8
    endloop
  endfacet
  facet normal 0 0 1
    outer loop
      vertex 50.5 -32.925 4.8
      vertex 47.2482 -37.343 4.8
      vertex 47.3249 -37.3816 4.8
    endloop
  endfacet
  facet normal 0 0 1
    outer loop
      vertex 50.5 -32.925 4.8
      vertex 47.1697 -37.3082 4.8
      vertex 47.2482 -37.343 4.8
    endloop
  endfacet
  facet normal 0 0 1
    outer loop
      vertex 50.5 -32.925 4.8
      vertex 47.0896 -37.2773 4.8
      vertex 47.1697 -37.3082 4.8
    endloop
  endfacet
  facet normal 0 0 1
    outer loop
      vertex 50.5 -32.925 4.8
      vertex 47.008 -37.2504 4.8
      vertex 47.0896 -37.2773 4.8
    endloop
  endfacet
  facet normal 0 0 1
    outer loop
      vertex 50.5 -32.925 4.8
      vertex 46.9252 -37.2274 4.8
      vertex 47.008 -37.2504 4.8
    endloop
  endfacet
  facet normal 0 0 1
    outer loop
      vertex 50.5 -32.925 4.8
      vertex 46.8414 -37.2086 4.8
      vertex 46.9252 -37.2274 4.8
    endloop
  endfacet
  facet normal 0 0 1
    outer loop
      vertex 50.5 -32.925 4.8
      vertex 46.7568 -37.1939 4.8
      vertex 46.8414 -37.2086 4.8
    endloop
  endfacet
  facet normal 0 0 1
    outer loop
      vertex 50.5 -32.925 4.8
      vertex 46.6715 -37.1834 4.8
      vertex 46.7568 -37.1939 4.8
    endloop
  endfacet
  facet normal 0 0 1
    outer loop
      vertex 50.5 -32.925 4.8
      vertex 46.5859 -37.1771 4.8
      vertex 46.6715 -37.1834 4.8
    endloop
  endfacet
  facet normal 0 0 1
    outer loop
      vertex 50.5 -32.925 4.8
      vertex 46.5 -37.175 4.8
      vertex 46.5859 -37.1771 4.8
    endloop
  endfacet
  facet normal 0 0 1
    outer loop
      vertex 50.5 -32.925 4.8
      vertex 46.4141 -37.1771 4.8
      vertex 46.5 -37.175 4.8
    endloop
  endfacet
  facet normal 0 0 1
    outer loop
      vertex 50.5 -32.925 4.8
      vertex 46.3285 -37.1834 4.8
      vertex 46.4141 -37.1771 4.8
    endloop
  endfacet
  facet normal 0 0 1
    outer loop
      vertex 50.5 -32.925 4.8
      vertex 46.2432 -37.1939 4.8
      vertex 46.3285 -37.1834 4.8
    endloop
  endfacet
  facet normal -0 0 1
    outer loop
      vertex 40.5 -32.925 4.8
      vertex 46.2432 -37.1939 4.8
      vertex 50.5 -32.925 4.8
    endloop
  endfacet
  facet normal 0 0 1
    outer loop
      vertex 46.2432 -37.1939 4.8
      vertex 40.5 -32.925 4.8
      vertex 46.1586 -37.2086 4.8
    endloop
  endfacet
  facet normal 0 0 1
    outer loop
      vertex 46.1586 -37.2086 4.8
      vertex 40.5 -32.925 4.8
      vertex 46.0748 -37.2274 4.8
    endloop
  endfacet
  facet normal 0 0 1
    outer loop
      vertex 46.0748 -37.2274 4.8
      vertex 40.5 -32.925 4.8
      vertex 45.992 -37.2504 4.8
    endloop
  endfacet
  facet normal 0 0 1
    outer loop
      vertex 45.992 -37.2504 4.8
      vertex 40.5 -32.925 4.8
      vertex 45.9104 -37.2773 4.8
    endloop
  endfacet
  facet normal 0 0 1
    outer loop
      vertex 45.9104 -37.2773 4.8
      vertex 40.5 -32.925 4.8
      vertex 45.8303 -37.3082 4.8
    endloop
  endfacet
  facet normal 0 0 1
    outer loop
      vertex 45.8303 -37.3082 4.8
      vertex 40.5 -32.925 4.8
      vertex 45.7518 -37.343 4.8
    endloop
  endfacet
  facet normal 0 0 1
    outer loop
      vertex 45.7518 -37.343 4.8
      vertex 40.5 -32.925 4.8
      vertex 45.6751 -37.3816 4.8
    endloop
  endfacet
  facet normal 0 0 1
    outer loop
      vertex 45.6751 -37.3816 4.8
      vertex 40.5 -32.925 4.8
      vertex 45.6003 -37.424 4.8
    endloop
  endfacet
  facet normal 0 0 1
    outer loop
      vertex 45.6003 -37.424 4.8
      vertex 40.5 -32.925 4.8
      vertex 45.5278 -37.4699 4.8
    endloop
  endfacet
  facet normal 0 0 1
    outer loop
      vertex 45.5278 -37.4699 4.8
      vertex 40.5 -32.925 4.8
      vertex 45.4575 -37.5194 4.8
    endloop
  endfacet
  facet normal 0 0 1
    outer loop
      vertex 45.4575 -37.5194 4.8
      vertex 40.5 -32.925 4.8
      vertex 45.3898 -37.5722 4.8
    endloop
  endfacet
  facet normal 0 0 1
    outer loop
      vertex 44.7584 -38.7535 4.8
      vertex 40.5 -42.925 4.8
      vertex 44.7521 -38.8391 4.8
    endloop
  endfacet
  facet normal 0 0 1
    outer loop
      vertex 44.7689 -38.6682 4.8
      vertex 40.5 -42.925 4.8
      vertex 44.7584 -38.7535 4.8
    endloop
  endfacet
  facet normal 0 0 1
    outer loop
      vertex 40.5 -42.925 4.8
      vertex 44.7689 -38.6682 4.8
      vertex 40.5 -32.925 4.8
    endloop
  endfacet
  facet normal 0 0 1
    outer loop
      vertex 44.7836 -38.5836 4.8
      vertex 40.5 -32.925 4.8
      vertex 44.7689 -38.6682 4.8
    endloop
  endfacet
  facet normal 0 0 1
    outer loop
      vertex 44.8024 -38.4998 4.8
      vertex 40.5 -32.925 4.8
      vertex 44.7836 -38.5836 4.8
    endloop
  endfacet
  facet normal 0 0 1
    outer loop
      vertex 44.8254 -38.417 4.8
      vertex 40.5 -32.925 4.8
      vertex 44.8024 -38.4998 4.8
    endloop
  endfacet
  facet normal 0 0 1
    outer loop
      vertex 44.8523 -38.3354 4.8
      vertex 40.5 -32.925 4.8
      vertex 44.8254 -38.417 4.8
    endloop
  endfacet
  facet normal 0 0 1
    outer loop
      vertex 44.8832 -38.2553 4.8
      vertex 40.5 -32.925 4.8
      vertex 44.8523 -38.3354 4.8
    endloop
  endfacet
  facet normal 0 0 1
    outer loop
      vertex 44.918 -38.1768 4.8
      vertex 40.5 -32.925 4.8
      vertex 44.8832 -38.2553 4.8
    endloop
  endfacet
  facet normal 0 0 1
    outer loop
      vertex 44.9566 -38.1001 4.8
      vertex 40.5 -32.925 4.8
      vertex 44.918 -38.1768 4.8
    endloop
  endfacet
  facet normal 0 0 1
    outer loop
      vertex 44.999 -38.0253 4.8
      vertex 40.5 -32.925 4.8
      vertex 44.9566 -38.1001 4.8
    endloop
  endfacet
  facet normal 0 0 1
    outer loop
      vertex 45.0449 -37.9528 4.8
      vertex 40.5 -32.925 4.8
      vertex 44.999 -38.0253 4.8
    endloop
  endfacet
  facet normal 0 0 1
    outer loop
      vertex 45.0944 -37.8825 4.8
      vertex 40.5 -32.925 4.8
      vertex 45.0449 -37.9528 4.8
    endloop
  endfacet
  facet normal 0 0 1
    outer loop
      vertex 45.1472 -37.8148 4.8
      vertex 40.5 -32.925 4.8
      vertex 45.0944 -37.8825 4.8
    endloop
  endfacet
  facet normal 0 0 1
    outer loop
      vertex 45.2033 -37.7498 4.8
      vertex 40.5 -32.925 4.8
      vertex 45.1472 -37.8148 4.8
    endloop
  endfacet
  facet normal 0 0 1
    outer loop
      vertex 45.2626 -37.6876 4.8
      vertex 40.5 -32.925 4.8
      vertex 45.2033 -37.7498 4.8
    endloop
  endfacet
  facet normal 0 0 1
    outer loop
      vertex 45.3248 -37.6283 4.8
      vertex 40.5 -32.925 4.8
      vertex 45.2626 -37.6876 4.8
    endloop
  endfacet
  facet normal 0 0 1
    outer loop
      vertex 45.3898 -37.5722 4.8
      vertex 40.5 -32.925 4.8
      vertex 45.3248 -37.6283 4.8
    endloop
  endfacet
  facet normal -0 0 1
    outer loop
      vertex 48.2479 -39.0109 4.8
      vertex 50.5 -42.925 4.8
      vertex 48.25 -38.925 4.8
    endloop
  endfacet
  facet normal -0 0 1
    outer loop
      vertex 48.2416 -39.0965 4.8
      vertex 50.5 -42.925 4.8
      vertex 48.2479 -39.0109 4.8
    endloop
  endfacet
  facet normal -0 0 1
    outer loop
      vertex 48.2311 -39.1818 4.8
      vertex 50.5 -42.925 4.8
      vertex 48.2416 -39.0965 4.8
    endloop
  endfacet
  facet normal -0 0 1
    outer loop
      vertex 48.2164 -39.2664 4.8
      vertex 50.5 -42.925 4.8
      vertex 48.2311 -39.1818 4.8
    endloop
  endfacet
  facet normal -0 0 1
    outer loop
      vertex 48.1976 -39.3502 4.8
      vertex 50.5 -42.925 4.8
      vertex 48.2164 -39.2664 4.8
    endloop
  endfacet
  facet normal -0 0 1
    outer loop
      vertex 48.1746 -39.433 4.8
      vertex 50.5 -42.925 4.8
      vertex 48.1976 -39.3502 4.8
    endloop
  endfacet
  facet normal -0 0 1
    outer loop
      vertex 48.1477 -39.5146 4.8
      vertex 50.5 -42.925 4.8
      vertex 48.1746 -39.433 4.8
    endloop
  endfacet
  facet normal -0 0 1
    outer loop
      vertex 48.1168 -39.5947 4.8
      vertex 50.5 -42.925 4.8
      vertex 48.1477 -39.5146 4.8
    endloop
  endfacet
  facet normal -0 0 1
    outer loop
      vertex 48.082 -39.6732 4.8
      vertex 50.5 -42.925 4.8
      vertex 48.1168 -39.5947 4.8
    endloop
  endfacet
  facet normal -0 0 1
    outer loop
      vertex 48.0434 -39.7499 4.8
      vertex 50.5 -42.925 4.8
      vertex 48.082 -39.6732 4.8
    endloop
  endfacet
  facet normal -0 0 1
    outer loop
      vertex 48.001 -39.8247 4.8
      vertex 50.5 -42.925 4.8
      vertex 48.0434 -39.7499 4.8
    endloop
  endfacet
  facet normal -0 0 1
    outer loop
      vertex 47.9551 -39.8972 4.8
      vertex 50.5 -42.925 4.8
      vertex 48.001 -39.8247 4.8
    endloop
  endfacet
  facet normal -0 0 1
    outer loop
      vertex 47.9056 -39.9675 4.8
      vertex 50.5 -42.925 4.8
      vertex 47.9551 -39.8972 4.8
    endloop
  endfacet
  facet normal -0 0 1
    outer loop
      vertex 47.8528 -40.0352 4.8
      vertex 50.5 -42.925 4.8
      vertex 47.9056 -39.9675 4.8
    endloop
  endfacet
  facet normal -0 0 1
    outer loop
      vertex 47.7967 -40.1002 4.8
      vertex 50.5 -42.925 4.8
      vertex 47.8528 -40.0352 4.8
    endloop
  endfacet
  facet normal -0 0 1
    outer loop
      vertex 47.7374 -40.1624 4.8
      vertex 50.5 -42.925 4.8
      vertex 47.7967 -40.1002 4.8
    endloop
  endfacet
  facet normal -0 0 1
    outer loop
      vertex 47.6752 -40.2217 4.8
      vertex 50.5 -42.925 4.8
      vertex 47.7374 -40.1624 4.8
    endloop
  endfacet
  facet normal -0 0 1
    outer loop
      vertex 47.6102 -40.2778 4.8
      vertex 50.5 -42.925 4.8
      vertex 47.6752 -40.2217 4.8
    endloop
  endfacet
  facet normal -0 0 1
    outer loop
      vertex 47.5425 -40.3306 4.8
      vertex 50.5 -42.925 4.8
      vertex 47.6102 -40.2778 4.8
    endloop
  endfacet
  facet normal -0 0 1
    outer loop
      vertex 47.4722 -40.3801 4.8
      vertex 50.5 -42.925 4.8
      vertex 47.5425 -40.3306 4.8
    endloop
  endfacet
  facet normal -0 0 1
    outer loop
      vertex 47.3997 -40.426 4.8
      vertex 50.5 -42.925 4.8
      vertex 47.4722 -40.3801 4.8
    endloop
  endfacet
  facet normal -0 0 1
    outer loop
      vertex 47.3249 -40.4684 4.8
      vertex 50.5 -42.925 4.8
      vertex 47.3997 -40.426 4.8
    endloop
  endfacet
  facet normal -0 0 1
    outer loop
      vertex 47.2482 -40.507 4.8
      vertex 50.5 -42.925 4.8
      vertex 47.3249 -40.4684 4.8
    endloop
  endfacet
  facet normal -0 0 1
    outer loop
      vertex 47.1697 -40.5418 4.8
      vertex 50.5 -42.925 4.8
      vertex 47.2482 -40.507 4.8
    endloop
  endfacet
  facet normal -0 0 1
    outer loop
      vertex 47.0896 -40.5727 4.8
      vertex 50.5 -42.925 4.8
      vertex 47.1697 -40.5418 4.8
    endloop
  endfacet
  facet normal -0 0 1
    outer loop
      vertex 47.008 -40.5996 4.8
      vertex 50.5 -42.925 4.8
      vertex 47.0896 -40.5727 4.8
    endloop
  endfacet
  facet normal -0 0 1
    outer loop
      vertex 46.9252 -40.6226 4.8
      vertex 50.5 -42.925 4.8
      vertex 47.008 -40.5996 4.8
    endloop
  endfacet
  facet normal -0 0 1
    outer loop
      vertex 46.8414 -40.6414 4.8
      vertex 50.5 -42.925 4.8
      vertex 46.9252 -40.6226 4.8
    endloop
  endfacet
  facet normal -0 0 1
    outer loop
      vertex 46.7568 -40.6561 4.8
      vertex 50.5 -42.925 4.8
      vertex 46.8414 -40.6414 4.8
    endloop
  endfacet
  facet normal -0 0 1
    outer loop
      vertex 46.6715 -40.6666 4.8
      vertex 50.5 -42.925 4.8
      vertex 46.7568 -40.6561 4.8
    endloop
  endfacet
  facet normal -0 0 1
    outer loop
      vertex 46.5859 -40.6729 4.8
      vertex 50.5 -42.925 4.8
      vertex 46.6715 -40.6666 4.8
    endloop
  endfacet
  facet normal -0 0 1
    outer loop
      vertex 46.5 -40.675 4.8
      vertex 50.5 -42.925 4.8
      vertex 46.5859 -40.6729 4.8
    endloop
  endfacet
  facet normal 0 0 1
    outer loop
      vertex 46.4141 -40.6729 4.8
      vertex 50.5 -42.925 4.8
      vertex 46.5 -40.675 4.8
    endloop
  endfacet
  facet normal 0 0 1
    outer loop
      vertex 46.3285 -40.6666 4.8
      vertex 50.5 -42.925 4.8
      vertex 46.4141 -40.6729 4.8
    endloop
  endfacet
  facet normal 0 0 1
    outer loop
      vertex 46.2432 -40.6561 4.8
      vertex 50.5 -42.925 4.8
      vertex 46.3285 -40.6666 4.8
    endloop
  endfacet
  facet normal 0 0 1
    outer loop
      vertex 40.5 -42.925 4.8
      vertex 46.2432 -40.6561 4.8
      vertex 46.1586 -40.6414 4.8
    endloop
  endfacet
  facet normal 0 0 1
    outer loop
      vertex 40.5 -42.925 4.8
      vertex 46.1586 -40.6414 4.8
      vertex 46.0748 -40.6226 4.8
    endloop
  endfacet
  facet normal 0 0 1
    outer loop
      vertex 40.5 -42.925 4.8
      vertex 46.0748 -40.6226 4.8
      vertex 45.992 -40.5996 4.8
    endloop
  endfacet
  facet normal 0 0 1
    outer loop
      vertex 40.5 -42.925 4.8
      vertex 45.992 -40.5996 4.8
      vertex 45.9104 -40.5727 4.8
    endloop
  endfacet
  facet normal 0 0 1
    outer loop
      vertex 40.5 -42.925 4.8
      vertex 45.9104 -40.5727 4.8
      vertex 45.8303 -40.5418 4.8
    endloop
  endfacet
  facet normal 0 0 1
    outer loop
      vertex 40.5 -42.925 4.8
      vertex 45.8303 -40.5418 4.8
      vertex 45.7518 -40.507 4.8
    endloop
  endfacet
  facet normal 0 0 1
    outer loop
      vertex 40.5 -42.925 4.8
      vertex 45.7518 -40.507 4.8
      vertex 45.6751 -40.4684 4.8
    endloop
  endfacet
  facet normal 0 0 1
    outer loop
      vertex 44.7521 -38.8391 4.8
      vertex 40.5 -42.925 4.8
      vertex 44.75 -38.925 4.8
    endloop
  endfacet
  facet normal 0 0 1
    outer loop
      vertex 44.75 -38.925 4.8
      vertex 40.5 -42.925 4.8
      vertex 44.7521 -39.0109 4.8
    endloop
  endfacet
  facet normal 0 0 1
    outer loop
      vertex 44.7521 -39.0109 4.8
      vertex 40.5 -42.925 4.8
      vertex 44.7584 -39.0965 4.8
    endloop
  endfacet
  facet normal 0 0 1
    outer loop
      vertex 44.7584 -39.0965 4.8
      vertex 40.5 -42.925 4.8
      vertex 44.7689 -39.1818 4.8
    endloop
  endfacet
  facet normal 0 0 1
    outer loop
      vertex 44.7689 -39.1818 4.8
      vertex 40.5 -42.925 4.8
      vertex 44.7836 -39.2664 4.8
    endloop
  endfacet
  facet normal 0 0 1
    outer loop
      vertex 44.7836 -39.2664 4.8
      vertex 40.5 -42.925 4.8
      vertex 44.8024 -39.3502 4.8
    endloop
  endfacet
  facet normal 0 0 1
    outer loop
      vertex 44.8024 -39.3502 4.8
      vertex 40.5 -42.925 4.8
      vertex 44.8254 -39.433 4.8
    endloop
  endfacet
  facet normal 0 0 1
    outer loop
      vertex 44.8254 -39.433 4.8
      vertex 40.5 -42.925 4.8
      vertex 44.8523 -39.5146 4.8
    endloop
  endfacet
  facet normal 0 0 1
    outer loop
      vertex 44.8523 -39.5146 4.8
      vertex 40.5 -42.925 4.8
      vertex 44.8832 -39.5947 4.8
    endloop
  endfacet
  facet normal 0 0 1
    outer loop
      vertex 44.8832 -39.5947 4.8
      vertex 40.5 -42.925 4.8
      vertex 44.918 -39.6732 4.8
    endloop
  endfacet
  facet normal 0 0 1
    outer loop
      vertex 44.918 -39.6732 4.8
      vertex 40.5 -42.925 4.8
      vertex 44.9566 -39.7499 4.8
    endloop
  endfacet
  facet normal 0 0 1
    outer loop
      vertex 44.9566 -39.7499 4.8
      vertex 40.5 -42.925 4.8
      vertex 44.999 -39.8247 4.8
    endloop
  endfacet
  facet normal 0 0 1
    outer loop
      vertex 46.2432 -40.6561 4.8
      vertex 40.5 -42.925 4.8
      vertex 50.5 -42.925 4.8
    endloop
  endfacet
  facet normal 0 0 1
    outer loop
      vertex 45.6003 -40.426 4.8
      vertex 40.5 -42.925 4.8
      vertex 45.6751 -40.4684 4.8
    endloop
  endfacet
  facet normal 0 0 1
    outer loop
      vertex 45.5278 -40.3801 4.8
      vertex 40.5 -42.925 4.8
      vertex 45.6003 -40.426 4.8
    endloop
  endfacet
  facet normal 0 0 1
    outer loop
      vertex 45.4575 -40.3306 4.8
      vertex 40.5 -42.925 4.8
      vertex 45.5278 -40.3801 4.8
    endloop
  endfacet
  facet normal 0 0 1
    outer loop
      vertex 45.3898 -40.2778 4.8
      vertex 40.5 -42.925 4.8
      vertex 45.4575 -40.3306 4.8
    endloop
  endfacet
  facet normal 0 0 1
    outer loop
      vertex 45.3248 -40.2217 4.8
      vertex 40.5 -42.925 4.8
      vertex 45.3898 -40.2778 4.8
    endloop
  endfacet
  facet normal 0 0 1
    outer loop
      vertex 45.2626 -40.1624 4.8
      vertex 40.5 -42.925 4.8
      vertex 45.3248 -40.2217 4.8
    endloop
  endfacet
  facet normal 0 0 1
    outer loop
      vertex 45.2033 -40.1002 4.8
      vertex 40.5 -42.925 4.8
      vertex 45.2626 -40.1624 4.8
    endloop
  endfacet
  facet normal 0 0 1
    outer loop
      vertex 45.1472 -40.0352 4.8
      vertex 40.5 -42.925 4.8
      vertex 45.2033 -40.1002 4.8
    endloop
  endfacet
  facet normal 0 0 1
    outer loop
      vertex 45.0944 -39.9675 4.8
      vertex 40.5 -42.925 4.8
      vertex 45.1472 -40.0352 4.8
    endloop
  endfacet
  facet normal 0 0 1
    outer loop
      vertex 45.0449 -39.8972 4.8
      vertex 40.5 -42.925 4.8
      vertex 45.0944 -39.9675 4.8
    endloop
  endfacet
  facet normal 0 0 1
    outer loop
      vertex 44.999 -39.8247 4.8
      vertex 40.5 -42.925 4.8
      vertex 45.0449 -39.8972 4.8
    endloop
  endfacet
  facet normal -1 0 0
    outer loop
      vertex 40.5 -42.925 1.35
      vertex 40.5 -32.925 4.8
      vertex 40.5 -32.925 1.35
    endloop
  endfacet
  facet normal -1 -0 0
    outer loop
      vertex 40.5 -32.925 4.8
      vertex 40.5 -42.925 1.35
      vertex 40.5 -42.925 4.8
    endloop
  endfacet
  facet normal 0 1 -0
    outer loop
      vertex 50.5 -32.925 1.35
      vertex 40.5 -32.925 4.8
      vertex 50.5 -32.925 4.8
    endloop
  endfacet
  facet normal 0 1 0
    outer loop
      vertex 40.5 -32.925 4.8
      vertex 50.5 -32.925 1.35
      vertex 40.5 -32.925 1.35
    endloop
  endfacet
  facet normal -0.997303 0.0733996 8.54791e-20
    outer loop
      vertex 48.2416 -39.0965 1.35
      vertex 48.2479 -39.0109 4.8
      vertex 48.2479 -39.0109 1.35
    endloop
  endfacet
  facet normal -0.997303 0.0733996 8.54791e-20
    outer loop
      vertex 48.2479 -39.0109 4.8
      vertex 48.2416 -39.0965 1.35
      vertex 48.2416 -39.0965 4.8
    endloop
  endfacet
  facet normal -0.999701 0.0244397 3.70107e-20
    outer loop
      vertex 48.2479 -39.0109 1.35
      vertex 48.25 -38.925 4.8
      vertex 48.25 -38.925 1.35
    endloop
  endfacet
  facet normal -0.999701 0.0244397 3.70107e-20
    outer loop
      vertex 48.25 -38.925 4.8
      vertex 48.2479 -39.0109 1.35
      vertex 48.2479 -39.0109 4.8
    endloop
  endfacet
  facet normal -0.992509 0.122173 -2.47314e-20
    outer loop
      vertex 48.2311 -39.1818 1.35
      vertex 48.2416 -39.0965 4.8
      vertex 48.2416 -39.0965 1.35
    endloop
  endfacet
  facet normal -0.992509 0.122173 -2.47314e-20
    outer loop
      vertex 48.2416 -39.0965 4.8
      vertex 48.2311 -39.1818 1.35
      vertex 48.2311 -39.1818 4.8
    endloop
  endfacet
  facet normal -0.0733996 -0.997303 0
    outer loop
      vertex 46.5859 -37.1771 1.35
      vertex 46.6715 -37.1834 4.8
      vertex 46.5859 -37.1771 4.8
    endloop
  endfacet
  facet normal -0.0733996 -0.997303 -0
    outer loop
      vertex 46.6715 -37.1834 4.8
      vertex 46.5859 -37.1771 1.35
      vertex 46.6715 -37.1834 1.35
    endloop
  endfacet
  facet normal -0.218903 -0.975747 0
    outer loop
      vertex 46.8414 -37.2086 1.35
      vertex 46.9252 -37.2274 4.8
      vertex 46.8414 -37.2086 4.8
    endloop
  endfacet
  facet normal -0.218903 -0.975747 -0
    outer loop
      vertex 46.9252 -37.2274 4.8
      vertex 46.8414 -37.2086 1.35
      vertex 46.9252 -37.2274 1.35
    endloop
  endfacet
  facet normal 0.975747 -0.218903 3.15365e-19
    outer loop
      vertex 44.7836 -38.5836 4.8
      vertex 44.8024 -38.4998 1.35
      vertex 44.8024 -38.4998 4.8
    endloop
  endfacet
  facet normal 0.975747 -0.218903 3.15365e-19
    outer loop
      vertex 44.8024 -38.4998 1.35
      vertex 44.7836 -38.5836 4.8
      vertex 44.7836 -38.5836 1.35
    endloop
  endfacet
  facet normal -0.534913 0.844907 0
    outer loop
      vertex 47.4722 -40.3801 1.35
      vertex 47.3997 -40.426 4.8
      vertex 47.4722 -40.3801 4.8
    endloop
  endfacet
  facet normal -0.534913 0.844907 0
    outer loop
      vertex 47.3997 -40.426 4.8
      vertex 47.4722 -40.3801 1.35
      vertex 47.3997 -40.426 1.35
    endloop
  endfacet
  facet normal -0.359916 0.932985 0
    outer loop
      vertex 47.1697 -40.5418 1.35
      vertex 47.0896 -40.5727 4.8
      vertex 47.1697 -40.5418 4.8
    endloop
  endfacet
  facet normal -0.359916 0.932985 0
    outer loop
      vertex 47.0896 -40.5727 4.8
      vertex 47.1697 -40.5418 1.35
      vertex 47.0896 -40.5727 1.35
    endloop
  endfacet
  facet normal -0.122173 0.992509 0
    outer loop
      vertex 46.7568 -40.6561 1.35
      vertex 46.6715 -40.6666 4.8
      vertex 46.7568 -40.6561 4.8
    endloop
  endfacet
  facet normal -0.122173 0.992509 0
    outer loop
      vertex 46.6715 -40.6666 4.8
      vertex 46.7568 -40.6561 1.35
      vertex 46.6715 -40.6666 1.35
    endloop
  endfacet
  facet normal -0.359916 -0.932985 0
    outer loop
      vertex 47.0896 -37.2773 1.35
      vertex 47.1697 -37.3082 4.8
      vertex 47.0896 -37.2773 4.8
    endloop
  endfacet
  facet normal -0.359916 -0.932985 -0
    outer loop
      vertex 47.1697 -37.3082 4.8
      vertex 47.0896 -37.2773 1.35
      vertex 47.1697 -37.3082 1.35
    endloop
  endfacet
  facet normal 0.985237 0.171194 5.4731e-20
    outer loop
      vertex 44.7836 -39.2664 4.8
      vertex 44.7689 -39.1818 1.35
      vertex 44.7689 -39.1818 4.8
    endloop
  endfacet
  facet normal 0.985237 0.171194 5.4731e-20
    outer loop
      vertex 44.7689 -39.1818 1.35
      vertex 44.7836 -39.2664 4.8
      vertex 44.7836 -39.2664 1.35
    endloop
  endfacet
  facet normal 0.997303 -0.0733996 8.54791e-20
    outer loop
      vertex 44.7521 -38.8391 4.8
      vertex 44.7584 -38.7535 1.35
      vertex 44.7584 -38.7535 4.8
    endloop
  endfacet
  facet normal 0.997303 -0.0733996 8.54791e-20
    outer loop
      vertex 44.7584 -38.7535 1.35
      vertex 44.7521 -38.8391 4.8
      vertex 44.7521 -38.8391 1.35
    endloop
  endfacet
  facet normal 0.723778 -0.690033 -6.17186e-20
    outer loop
      vertex 45.2033 -37.7498 4.8
      vertex 45.2626 -37.6876 1.35
      vertex 45.2626 -37.6876 4.8
    endloop
  endfacet
  facet normal 0.723778 -0.690033 -6.17186e-20
    outer loop
      vertex 45.2626 -37.6876 1.35
      vertex 45.2033 -37.7498 4.8
      vertex 45.2033 -37.7498 1.35
    endloop
  endfacet
  facet normal -0.405274 0.914195 0
    outer loop
      vertex 47.2482 -40.507 1.35
      vertex 47.1697 -40.5418 4.8
      vertex 47.2482 -40.507 4.8
    endloop
  endfacet
  facet normal -0.405274 0.914195 0
    outer loop
      vertex 47.1697 -40.5418 4.8
      vertex 47.2482 -40.507 1.35
      vertex 47.1697 -40.5418 1.35
    endloop
  endfacet
  facet normal 0.757032 -0.653377 -7.1089e-19
    outer loop
      vertex 45.1472 -37.8148 4.8
      vertex 45.2033 -37.7498 1.35
      vertex 45.2033 -37.7498 4.8
    endloop
  endfacet
  facet normal 0.757032 -0.653377 -7.1089e-19
    outer loop
      vertex 45.2033 -37.7498 1.35
      vertex 45.1472 -37.8148 4.8
      vertex 45.1472 -37.8148 1.35
    endloop
  endfacet
  facet normal -0.992509 -0.122173 2.47314e-20
    outer loop
      vertex 48.2416 -38.7535 1.35
      vertex 48.2311 -38.6682 4.8
      vertex 48.2311 -38.6682 1.35
    endloop
  endfacet
  facet normal -0.992509 -0.122173 2.47314e-20
    outer loop
      vertex 48.2311 -38.6682 4.8
      vertex 48.2416 -38.7535 1.35
      vertex 48.2416 -38.7535 4.8
    endloop
  endfacet
  facet normal -0.89326 -0.449541 -5.6543e-19
    outer loop
      vertex 48.082 -38.1768 1.35
      vertex 48.0434 -38.1001 4.8
      vertex 48.0434 -38.1001 1.35
    endloop
  endfacet
  facet normal -0.89326 -0.449541 -5.6543e-19
    outer loop
      vertex 48.0434 -38.1001 4.8
      vertex 48.082 -38.1768 1.35
      vertex 48.082 -38.1768 4.8
    endloop
  endfacet
  facet normal -0.999701 -0.0244397 8.92584e-21
    outer loop
      vertex 48.25 -38.925 1.35
      vertex 48.2479 -38.8391 4.8
      vertex 48.2479 -38.8391 1.35
    endloop
  endfacet
  facet normal -0.999701 -0.0244397 8.92584e-21
    outer loop
      vertex 48.2479 -38.8391 4.8
      vertex 48.25 -38.925 1.35
      vertex 48.25 -38.925 4.8
    endloop
  endfacet
  facet normal 0.985237 -0.171194 -2.81934e-19
    outer loop
      vertex 44.7689 -38.6682 4.8
      vertex 44.7836 -38.5836 1.35
      vertex 44.7836 -38.5836 4.8
    endloop
  endfacet
  facet normal 0.985237 -0.171194 -2.81934e-19
    outer loop
      vertex 44.7836 -38.5836 1.35
      vertex 44.7689 -38.6682 4.8
      vertex 44.7689 -38.6682 1.35
    endloop
  endfacet
  facet normal -0.985237 -0.171194 2.81934e-19
    outer loop
      vertex 48.2311 -38.6682 1.35
      vertex 48.2164 -38.5836 4.8
      vertex 48.2164 -38.5836 1.35
    endloop
  endfacet
  facet normal -0.985237 -0.171194 2.81934e-19
    outer loop
      vertex 48.2164 -38.5836 4.8
      vertex 48.2311 -38.6682 1.35
      vertex 48.2311 -38.6682 4.8
    endloop
  endfacet
  facet normal -0.975747 0.218903 3.43467e-19
    outer loop
      vertex 48.1976 -39.3502 1.35
      vertex 48.2164 -39.2664 4.8
      vertex 48.2164 -39.2664 1.35
    endloop
  endfacet
  facet normal -0.975747 0.218903 3.43467e-19
    outer loop
      vertex 48.2164 -39.2664 4.8
      vertex 48.1976 -39.3502 1.35
      vertex 48.1976 -39.3502 4.8
    endloop
  endfacet
  facet normal 0.975747 0.218903 -3.43467e-19
    outer loop
      vertex 44.8024 -39.3502 4.8
      vertex 44.7836 -39.2664 1.35
      vertex 44.7836 -39.2664 4.8
    endloop
  endfacet
  facet normal 0.975747 0.218903 -3.43467e-19
    outer loop
      vertex 44.7836 -39.2664 1.35
      vertex 44.8024 -39.3502 4.8
      vertex 44.8024 -39.3502 1.35
    endloop
  endfacet
  facet normal -0.89326 0.449541 -5.29523e-20
    outer loop
      vertex 48.0434 -39.7499 1.35
      vertex 48.082 -39.6732 4.8
      vertex 48.082 -39.6732 1.35
    endloop
  endfacet
  facet normal -0.89326 0.449541 -5.29523e-20
    outer loop
      vertex 48.082 -39.6732 4.8
      vertex 48.0434 -39.7499 1.35
      vertex 48.0434 -39.7499 4.8
    endloop
  endfacet
  facet normal -0.869956 -0.49313 -1.94962e-19
    outer loop
      vertex 48.0434 -38.1001 1.35
      vertex 48.001 -38.0253 4.8
      vertex 48.001 -38.0253 1.35
    endloop
  endfacet
  facet normal -0.869956 -0.49313 -1.94962e-19
    outer loop
      vertex 48.001 -38.0253 4.8
      vertex 48.0434 -38.1001 1.35
      vertex 48.0434 -38.1001 4.8
    endloop
  endfacet
  facet normal 0.0244397 0.999701 -0
    outer loop
      vertex 46.5 -40.675 1.35
      vertex 46.4141 -40.6729 4.8
      vertex 46.5 -40.675 4.8
    endloop
  endfacet
  facet normal 0.0244397 0.999701 0
    outer loop
      vertex 46.4141 -40.6729 4.8
      vertex 46.5 -40.675 1.35
      vertex 46.4141 -40.6729 1.35
    endloop
  endfacet
  facet normal -0.690033 0.723778 0
    outer loop
      vertex 47.7374 -40.1624 1.35
      vertex 47.6752 -40.2217 4.8
      vertex 47.7374 -40.1624 4.8
    endloop
  endfacet
  facet normal -0.690033 0.723778 0
    outer loop
      vertex 47.6752 -40.2217 4.8
      vertex 47.7374 -40.1624 1.35
      vertex 47.6752 -40.2217 1.35
    endloop
  endfacet
  facet normal -0.267644 -0.963518 0
    outer loop
      vertex 46.9252 -37.2274 1.35
      vertex 47.008 -37.2504 4.8
      vertex 46.9252 -37.2274 4.8
    endloop
  endfacet
  facet normal -0.267644 -0.963518 -0
    outer loop
      vertex 47.008 -37.2504 4.8
      vertex 46.9252 -37.2274 1.35
      vertex 47.008 -37.2504 1.35
    endloop
  endfacet
  facet normal -0.985237 0.171194 -5.4731e-20
    outer loop
      vertex 48.2164 -39.2664 1.35
      vertex 48.2311 -39.1818 4.8
      vertex 48.2311 -39.1818 1.35
    endloop
  endfacet
  facet normal -0.985237 0.171194 -5.4731e-20
    outer loop
      vertex 48.2311 -39.1818 4.8
      vertex 48.2164 -39.2664 1.35
      vertex 48.2164 -39.2664 4.8
    endloop
  endfacet
  facet normal -0.723778 -0.690033 6.17186e-20
    outer loop
      vertex 47.7967 -37.7498 1.35
      vertex 47.7374 -37.6876 4.8
      vertex 47.7374 -37.6876 1.35
    endloop
  endfacet
  facet normal -0.723778 -0.690033 6.17186e-20
    outer loop
      vertex 47.7374 -37.6876 4.8
      vertex 47.7967 -37.7498 1.35
      vertex 47.7967 -37.7498 4.8
    endloop
  endfacet
  facet normal -0.313084 0.949726 0
    outer loop
      vertex 47.0896 -40.5727 1.35
      vertex 47.008 -40.5996 4.8
      vertex 47.0896 -40.5727 4.8
    endloop
  endfacet
  facet normal -0.313084 0.949726 0
    outer loop
      vertex 47.008 -40.5996 4.8
      vertex 47.0896 -40.5727 1.35
      vertex 47.008 -40.5996 1.35
    endloop
  endfacet
  facet normal -0.949726 -0.313084 -4.89832e-19
    outer loop
      vertex 48.1746 -38.417 1.35
      vertex 48.1477 -38.3354 4.8
      vertex 48.1477 -38.3354 1.35
    endloop
  endfacet
  facet normal -0.949726 -0.313084 -4.89832e-19
    outer loop
      vertex 48.1477 -38.3354 4.8
      vertex 48.1746 -38.417 1.35
      vertex 48.1746 -38.417 4.8
    endloop
  endfacet
  facet normal -0.949726 0.313084 4.89832e-19
    outer loop
      vertex 48.1477 -39.5146 1.35
      vertex 48.1746 -39.433 4.8
      vertex 48.1746 -39.433 1.35
    endloop
  endfacet
  facet normal -0.949726 0.313084 4.89832e-19
    outer loop
      vertex 48.1746 -39.433 4.8
      vertex 48.1477 -39.5146 1.35
      vertex 48.1477 -39.5146 4.8
    endloop
  endfacet
  facet normal 0.844907 0.534913 1.05007e-20
    outer loop
      vertex 45.0449 -39.8972 4.8
      vertex 44.999 -39.8247 1.35
      vertex 44.999 -39.8247 4.8
    endloop
  endfacet
  facet normal 0.844907 0.534913 1.05007e-20
    outer loop
      vertex 44.999 -39.8247 1.35
      vertex 45.0449 -39.8972 4.8
      vertex 45.0449 -39.8972 1.35
    endloop
  endfacet
  facet normal -0.757032 -0.653377 7.1089e-19
    outer loop
      vertex 47.8528 -37.8148 1.35
      vertex 47.7967 -37.7498 4.8
      vertex 47.7967 -37.7498 1.35
    endloop
  endfacet
  facet normal -0.757032 -0.653377 7.1089e-19
    outer loop
      vertex 47.7967 -37.7498 4.8
      vertex 47.8528 -37.8148 1.35
      vertex 47.8528 -37.8148 4.8
    endloop
  endfacet
  facet normal -0.218903 0.975747 0
    outer loop
      vertex 46.9252 -40.6226 1.35
      vertex 46.8414 -40.6414 4.8
      vertex 46.9252 -40.6226 4.8
    endloop
  endfacet
  facet normal -0.218903 0.975747 0
    outer loop
      vertex 46.8414 -40.6414 4.8
      vertex 46.9252 -40.6226 1.35
      vertex 46.8414 -40.6414 1.35
    endloop
  endfacet
  facet normal -0.405274 -0.914195 0
    outer loop
      vertex 47.1697 -37.3082 1.35
      vertex 47.2482 -37.343 4.8
      vertex 47.1697 -37.3082 4.8
    endloop
  endfacet
  facet normal -0.405274 -0.914195 -0
    outer loop
      vertex 47.2482 -37.343 4.8
      vertex 47.1697 -37.3082 1.35
      vertex 47.2482 -37.343 1.35
    endloop
  endfacet
  facet normal -0.653377 0.757032 0
    outer loop
      vertex 47.6752 -40.2217 1.35
      vertex 47.6102 -40.2778 4.8
      vertex 47.6752 -40.2217 4.8
    endloop
  endfacet
  facet normal -0.653377 0.757032 0
    outer loop
      vertex 47.6102 -40.2778 4.8
      vertex 47.6752 -40.2217 1.35
      vertex 47.6102 -40.2778 1.35
    endloop
  endfacet
  facet normal -0.723778 0.690033 -6.17186e-20
    outer loop
      vertex 47.7374 -40.1624 1.35
      vertex 47.7967 -40.1002 4.8
      vertex 47.7967 -40.1002 1.35
    endloop
  endfacet
  facet normal -0.723778 0.690033 -6.17186e-20
    outer loop
      vertex 47.7967 -40.1002 4.8
      vertex 47.7374 -40.1624 1.35
      vertex 47.7374 -40.1624 4.8
    endloop
  endfacet
  facet normal 0.534913 -0.844907 0
    outer loop
      vertex 45.5278 -37.4699 1.35
      vertex 45.6003 -37.424 4.8
      vertex 45.5278 -37.4699 4.8
    endloop
  endfacet
  facet normal 0.534913 -0.844907 0
    outer loop
      vertex 45.6003 -37.424 4.8
      vertex 45.5278 -37.4699 1.35
      vertex 45.6003 -37.424 1.35
    endloop
  endfacet
  facet normal 0.817644 0.575724 -1.66575e-19
    outer loop
      vertex 45.0944 -39.9675 4.8
      vertex 45.0449 -39.8972 1.35
      vertex 45.0449 -39.8972 4.8
    endloop
  endfacet
  facet normal 0.817644 0.575724 -1.66575e-19
    outer loop
      vertex 45.0449 -39.8972 1.35
      vertex 45.0944 -39.9675 4.8
      vertex 45.0944 -39.9675 1.35
    endloop
  endfacet
  facet normal 0.963518 0.267644 -2.6244e-19
    outer loop
      vertex 44.8254 -39.433 4.8
      vertex 44.8024 -39.3502 1.35
      vertex 44.8024 -39.3502 4.8
    endloop
  endfacet
  facet normal 0.963518 0.267644 -2.6244e-19
    outer loop
      vertex 44.8024 -39.3502 1.35
      vertex 44.8254 -39.433 4.8
      vertex 44.8254 -39.433 1.35
    endloop
  endfacet
  facet normal 0.218903 0.975747 -0
    outer loop
      vertex 46.1586 -40.6414 1.35
      vertex 46.0748 -40.6226 4.8
      vertex 46.1586 -40.6414 4.8
    endloop
  endfacet
  facet normal 0.218903 0.975747 0
    outer loop
      vertex 46.0748 -40.6226 4.8
      vertex 46.1586 -40.6414 1.35
      vertex 46.0748 -40.6226 1.35
    endloop
  endfacet
  facet normal 0.723778 0.690033 6.17186e-20
    outer loop
      vertex 45.2626 -40.1624 4.8
      vertex 45.2033 -40.1002 1.35
      vertex 45.2033 -40.1002 4.8
    endloop
  endfacet
  facet normal 0.723778 0.690033 6.17186e-20
    outer loop
      vertex 45.2033 -40.1002 1.35
      vertex 45.2626 -40.1624 4.8
      vertex 45.2626 -40.1624 1.35
    endloop
  endfacet
  facet normal 0.788536 -0.614988 5.31395e-19
    outer loop
      vertex 45.0944 -37.8825 4.8
      vertex 45.1472 -37.8148 1.35
      vertex 45.1472 -37.8148 4.8
    endloop
  endfacet
  facet normal 0.788536 -0.614988 5.31395e-19
    outer loop
      vertex 45.1472 -37.8148 1.35
      vertex 45.0944 -37.8825 4.8
      vertex 45.0944 -37.8825 1.35
    endloop
  endfacet
  facet normal -0.614988 -0.788536 0
    outer loop
      vertex 47.5425 -37.5194 1.35
      vertex 47.6102 -37.5722 4.8
      vertex 47.5425 -37.5194 4.8
    endloop
  endfacet
  facet normal -0.614988 -0.788536 -0
    outer loop
      vertex 47.6102 -37.5722 4.8
      vertex 47.5425 -37.5194 1.35
      vertex 47.6102 -37.5722 1.35
    endloop
  endfacet
  facet normal 0.914195 0.405274 3.52037e-19
    outer loop
      vertex 44.918 -39.6732 4.8
      vertex 44.8832 -39.5947 1.35
      vertex 44.8832 -39.5947 4.8
    endloop
  endfacet
  facet normal 0.914195 0.405274 3.52037e-19
    outer loop
      vertex 44.8832 -39.5947 1.35
      vertex 44.918 -39.6732 4.8
      vertex 44.918 -39.6732 1.35
    endloop
  endfacet
  facet normal 0.757032 0.653377 7.1089e-19
    outer loop
      vertex 45.2033 -40.1002 4.8
      vertex 45.1472 -40.0352 1.35
      vertex 45.1472 -40.0352 4.8
    endloop
  endfacet
  facet normal 0.757032 0.653377 7.1089e-19
    outer loop
      vertex 45.1472 -40.0352 1.35
      vertex 45.2033 -40.1002 4.8
      vertex 45.2033 -40.1002 1.35
    endloop
  endfacet
  facet normal 0.949726 0.313084 -4.89832e-19
    outer loop
      vertex 44.8523 -39.5146 4.8
      vertex 44.8254 -39.433 1.35
      vertex 44.8254 -39.433 4.8
    endloop
  endfacet
  facet normal 0.949726 0.313084 -4.89832e-19
    outer loop
      vertex 44.8254 -39.433 1.35
      vertex 44.8523 -39.5146 4.8
      vertex 44.8523 -39.5146 1.35
    endloop
  endfacet
  facet normal 0.575724 -0.817644 0
    outer loop
      vertex 45.4575 -37.5194 1.35
      vertex 45.5278 -37.4699 4.8
      vertex 45.4575 -37.5194 4.8
    endloop
  endfacet
  facet normal 0.575724 -0.817644 0
    outer loop
      vertex 45.5278 -37.4699 4.8
      vertex 45.4575 -37.5194 1.35
      vertex 45.5278 -37.4699 1.35
    endloop
  endfacet
  facet normal -0.914195 0.405274 -3.52037e-19
    outer loop
      vertex 48.082 -39.6732 1.35
      vertex 48.1168 -39.5947 4.8
      vertex 48.1168 -39.5947 1.35
    endloop
  endfacet
  facet normal -0.914195 0.405274 -3.52037e-19
    outer loop
      vertex 48.1168 -39.5947 4.8
      vertex 48.082 -39.6732 1.35
      vertex 48.082 -39.6732 4.8
    endloop
  endfacet
  facet normal -0.932985 0.359916 -6.80045e-19
    outer loop
      vertex 48.1168 -39.5947 1.35
      vertex 48.1477 -39.5146 4.8
      vertex 48.1477 -39.5146 1.35
    endloop
  endfacet
  facet normal -0.932985 0.359916 -6.80045e-19
    outer loop
      vertex 48.1477 -39.5146 4.8
      vertex 48.1168 -39.5947 1.35
      vertex 48.1168 -39.5947 4.8
    endloop
  endfacet
  facet normal 0.0733996 0.997303 -0
    outer loop
      vertex 46.4141 -40.6729 1.35
      vertex 46.3285 -40.6666 4.8
      vertex 46.4141 -40.6729 4.8
    endloop
  endfacet
  facet normal 0.0733996 0.997303 0
    outer loop
      vertex 46.3285 -40.6666 4.8
      vertex 46.4141 -40.6729 1.35
      vertex 46.3285 -40.6666 1.35
    endloop
  endfacet
  facet normal 0.89326 0.449541 5.29523e-20
    outer loop
      vertex 44.9566 -39.7499 4.8
      vertex 44.918 -39.6732 1.35
      vertex 44.918 -39.6732 4.8
    endloop
  endfacet
  facet normal 0.89326 0.449541 5.29523e-20
    outer loop
      vertex 44.918 -39.6732 1.35
      vertex 44.9566 -39.7499 4.8
      vertex 44.9566 -39.7499 1.35
    endloop
  endfacet
  facet normal 0.405274 0.914195 -0
    outer loop
      vertex 45.8303 -40.5418 1.35
      vertex 45.7518 -40.507 4.8
      vertex 45.8303 -40.5418 4.8
    endloop
  endfacet
  facet normal 0.405274 0.914195 0
    outer loop
      vertex 45.7518 -40.507 4.8
      vertex 45.8303 -40.5418 1.35
      vertex 45.7518 -40.507 1.35
    endloop
  endfacet
  facet normal -0.575724 -0.817644 0
    outer loop
      vertex 47.4722 -37.4699 1.35
      vertex 47.5425 -37.5194 4.8
      vertex 47.4722 -37.4699 4.8
    endloop
  endfacet
  facet normal -0.575724 -0.817644 -0
    outer loop
      vertex 47.5425 -37.5194 4.8
      vertex 47.4722 -37.4699 1.35
      vertex 47.5425 -37.5194 1.35
    endloop
  endfacet
  facet normal 0.614988 0.788536 -0
    outer loop
      vertex 45.4575 -40.3306 1.35
      vertex 45.3898 -40.2778 4.8
      vertex 45.4575 -40.3306 4.8
    endloop
  endfacet
  facet normal 0.614988 0.788536 0
    outer loop
      vertex 45.3898 -40.2778 4.8
      vertex 45.4575 -40.3306 1.35
      vertex 45.3898 -40.2778 1.35
    endloop
  endfacet
  facet normal -0.844907 -0.534913 1.05007e-20
    outer loop
      vertex 48.001 -38.0253 1.35
      vertex 47.9551 -37.9528 4.8
      vertex 47.9551 -37.9528 1.35
    endloop
  endfacet
  facet normal -0.844907 -0.534913 1.05007e-20
    outer loop
      vertex 47.9551 -37.9528 4.8
      vertex 48.001 -38.0253 1.35
      vertex 48.001 -38.0253 4.8
    endloop
  endfacet
  facet normal -0.963518 -0.267644 -2.6244e-19
    outer loop
      vertex 48.1976 -38.4998 1.35
      vertex 48.1746 -38.417 4.8
      vertex 48.1746 -38.417 1.35
    endloop
  endfacet
  facet normal -0.963518 -0.267644 -2.6244e-19
    outer loop
      vertex 48.1746 -38.417 4.8
      vertex 48.1976 -38.4998 1.35
      vertex 48.1976 -38.4998 4.8
    endloop
  endfacet
  facet normal 0.788536 0.614988 -5.31395e-19
    outer loop
      vertex 45.1472 -40.0352 4.8
      vertex 45.0944 -39.9675 1.35
      vertex 45.0944 -39.9675 4.8
    endloop
  endfacet
  facet normal 0.788536 0.614988 -5.31395e-19
    outer loop
      vertex 45.0944 -39.9675 1.35
      vertex 45.1472 -40.0352 4.8
      vertex 45.1472 -40.0352 1.35
    endloop
  endfacet
  facet normal -0.788536 0.614988 5.31395e-19
    outer loop
      vertex 47.8528 -40.0352 1.35
      vertex 47.9056 -39.9675 4.8
      vertex 47.9056 -39.9675 1.35
    endloop
  endfacet
  facet normal -0.788536 0.614988 5.31395e-19
    outer loop
      vertex 47.9056 -39.9675 4.8
      vertex 47.8528 -40.0352 1.35
      vertex 47.8528 -40.0352 4.8
    endloop
  endfacet
  facet normal -0.817644 0.575724 1.66575e-19
    outer loop
      vertex 47.9056 -39.9675 1.35
      vertex 47.9551 -39.8972 4.8
      vertex 47.9551 -39.8972 1.35
    endloop
  endfacet
  facet normal -0.817644 0.575724 1.66575e-19
    outer loop
      vertex 47.9551 -39.8972 4.8
      vertex 47.9056 -39.9675 1.35
      vertex 47.9056 -39.9675 4.8
    endloop
  endfacet
  facet normal 0.997303 0.0733996 -8.54791e-20
    outer loop
      vertex 44.7584 -39.0965 4.8
      vertex 44.7521 -39.0109 1.35
      vertex 44.7521 -39.0109 4.8
    endloop
  endfacet
  facet normal 0.997303 0.0733996 -8.54791e-20
    outer loop
      vertex 44.7521 -39.0109 1.35
      vertex 44.7584 -39.0965 4.8
      vertex 44.7584 -39.0965 1.35
    endloop
  endfacet
  facet normal -0.614988 0.788536 0
    outer loop
      vertex 47.6102 -40.2778 1.35
      vertex 47.5425 -40.3306 4.8
      vertex 47.6102 -40.2778 4.8
    endloop
  endfacet
  facet normal -0.614988 0.788536 0
    outer loop
      vertex 47.5425 -40.3306 4.8
      vertex 47.6102 -40.2778 1.35
      vertex 47.5425 -40.3306 1.35
    endloop
  endfacet
  facet normal -0.449541 0.89326 0
    outer loop
      vertex 47.3249 -40.4684 1.35
      vertex 47.2482 -40.507 4.8
      vertex 47.3249 -40.4684 4.8
    endloop
  endfacet
  facet normal -0.449541 0.89326 0
    outer loop
      vertex 47.2482 -40.507 4.8
      vertex 47.3249 -40.4684 1.35
      vertex 47.2482 -40.507 1.35
    endloop
  endfacet
  facet normal 0.614988 -0.788536 0
    outer loop
      vertex 45.3898 -37.5722 1.35
      vertex 45.4575 -37.5194 4.8
      vertex 45.3898 -37.5722 4.8
    endloop
  endfacet
  facet normal 0.614988 -0.788536 0
    outer loop
      vertex 45.4575 -37.5194 4.8
      vertex 45.3898 -37.5722 1.35
      vertex 45.4575 -37.5194 1.35
    endloop
  endfacet
  facet normal 0.653377 0.757032 -0
    outer loop
      vertex 45.3898 -40.2778 1.35
      vertex 45.3248 -40.2217 4.8
      vertex 45.3898 -40.2778 4.8
    endloop
  endfacet
  facet normal 0.653377 0.757032 0
    outer loop
      vertex 45.3248 -40.2217 4.8
      vertex 45.3898 -40.2778 1.35
      vertex 45.3248 -40.2217 1.35
    endloop
  endfacet
  facet normal -0.844907 0.534913 -1.05007e-20
    outer loop
      vertex 47.9551 -39.8972 1.35
      vertex 48.001 -39.8247 4.8
      vertex 48.001 -39.8247 1.35
    endloop
  endfacet
  facet normal -0.844907 0.534913 -1.05007e-20
    outer loop
      vertex 48.001 -39.8247 4.8
      vertex 47.9551 -39.8972 1.35
      vertex 47.9551 -39.8972 4.8
    endloop
  endfacet
  facet normal -0.997303 -0.0733996 -8.54791e-20
    outer loop
      vertex 48.2479 -38.8391 1.35
      vertex 48.2416 -38.7535 4.8
      vertex 48.2416 -38.7535 1.35
    endloop
  endfacet
  facet normal -0.997303 -0.0733996 -8.54791e-20
    outer loop
      vertex 48.2416 -38.7535 4.8
      vertex 48.2479 -38.8391 1.35
      vertex 48.2479 -38.8391 4.8
    endloop
  endfacet
  facet normal -0.171194 0.985237 0
    outer loop
      vertex 46.8414 -40.6414 1.35
      vertex 46.7568 -40.6561 4.8
      vertex 46.8414 -40.6414 4.8
    endloop
  endfacet
  facet normal -0.171194 0.985237 0
    outer loop
      vertex 46.7568 -40.6561 4.8
      vertex 46.8414 -40.6414 1.35
      vertex 46.7568 -40.6561 1.35
    endloop
  endfacet
  facet normal 0.449541 -0.89326 0
    outer loop
      vertex 45.6751 -37.3816 1.35
      vertex 45.7518 -37.343 4.8
      vertex 45.6751 -37.3816 4.8
    endloop
  endfacet
  facet normal 0.449541 -0.89326 0
    outer loop
      vertex 45.7518 -37.343 4.8
      vertex 45.6751 -37.3816 1.35
      vertex 45.7518 -37.343 1.35
    endloop
  endfacet
  facet normal -0.869956 0.49313 -2.70538e-19
    outer loop
      vertex 48.001 -39.8247 1.35
      vertex 48.0434 -39.7499 4.8
      vertex 48.0434 -39.7499 1.35
    endloop
  endfacet
  facet normal -0.869956 0.49313 -2.70538e-19
    outer loop
      vertex 48.0434 -39.7499 4.8
      vertex 48.001 -39.8247 1.35
      vertex 48.001 -39.8247 4.8
    endloop
  endfacet
  facet normal -0.122173 -0.992509 0
    outer loop
      vertex 46.6715 -37.1834 1.35
      vertex 46.7568 -37.1939 4.8
      vertex 46.6715 -37.1834 4.8
    endloop
  endfacet
  facet normal -0.122173 -0.992509 -0
    outer loop
      vertex 46.7568 -37.1939 4.8
      vertex 46.6715 -37.1834 1.35
      vertex 46.7568 -37.1939 1.35
    endloop
  endfacet
  facet normal -0.171194 -0.985237 0
    outer loop
      vertex 46.7568 -37.1939 1.35
      vertex 46.8414 -37.2086 4.8
      vertex 46.7568 -37.1939 4.8
    endloop
  endfacet
  facet normal -0.171194 -0.985237 -0
    outer loop
      vertex 46.8414 -37.2086 4.8
      vertex 46.7568 -37.1939 1.35
      vertex 46.8414 -37.2086 1.35
    endloop
  endfacet
  facet normal -0.963518 0.267644 2.6244e-19
    outer loop
      vertex 48.1746 -39.433 1.35
      vertex 48.1976 -39.3502 4.8
      vertex 48.1976 -39.3502 1.35
    endloop
  endfacet
  facet normal -0.963518 0.267644 2.6244e-19
    outer loop
      vertex 48.1976 -39.3502 4.8
      vertex 48.1746 -39.433 1.35
      vertex 48.1746 -39.433 4.8
    endloop
  endfacet
  facet normal 0.0244397 -0.999701 0
    outer loop
      vertex 46.4141 -37.1771 1.35
      vertex 46.5 -37.175 4.8
      vertex 46.4141 -37.1771 4.8
    endloop
  endfacet
  facet normal 0.0244397 -0.999701 0
    outer loop
      vertex 46.5 -37.175 4.8
      vertex 46.4141 -37.1771 1.35
      vertex 46.5 -37.175 1.35
    endloop
  endfacet
  facet normal -0.575724 0.817644 0
    outer loop
      vertex 47.5425 -40.3306 1.35
      vertex 47.4722 -40.3801 4.8
      vertex 47.5425 -40.3306 4.8
    endloop
  endfacet
  facet normal -0.575724 0.817644 0
    outer loop
      vertex 47.4722 -40.3801 4.8
      vertex 47.5425 -40.3306 1.35
      vertex 47.4722 -40.3801 1.35
    endloop
  endfacet
  facet normal -0.0244397 0.999701 0
    outer loop
      vertex 46.5859 -40.6729 1.35
      vertex 46.5 -40.675 4.8
      vertex 46.5859 -40.6729 4.8
    endloop
  endfacet
  facet normal -0.0244397 0.999701 0
    outer loop
      vertex 46.5 -40.675 4.8
      vertex 46.5859 -40.6729 1.35
      vertex 46.5 -40.675 1.35
    endloop
  endfacet
  facet normal 0.359916 0.932985 -0
    outer loop
      vertex 45.9104 -40.5727 1.35
      vertex 45.8303 -40.5418 4.8
      vertex 45.9104 -40.5727 4.8
    endloop
  endfacet
  facet normal 0.359916 0.932985 0
    outer loop
      vertex 45.8303 -40.5418 4.8
      vertex 45.9104 -40.5727 1.35
      vertex 45.8303 -40.5418 1.35
    endloop
  endfacet
  facet normal 0.313084 -0.949726 0
    outer loop
      vertex 45.9104 -37.2773 1.35
      vertex 45.992 -37.2504 4.8
      vertex 45.9104 -37.2773 4.8
    endloop
  endfacet
  facet normal 0.313084 -0.949726 0
    outer loop
      vertex 45.992 -37.2504 4.8
      vertex 45.9104 -37.2773 1.35
      vertex 45.992 -37.2504 1.35
    endloop
  endfacet
  facet normal -0.449541 -0.89326 0
    outer loop
      vertex 47.2482 -37.343 1.35
      vertex 47.3249 -37.3816 4.8
      vertex 47.2482 -37.343 4.8
    endloop
  endfacet
  facet normal -0.449541 -0.89326 -0
    outer loop
      vertex 47.3249 -37.3816 4.8
      vertex 47.2482 -37.343 1.35
      vertex 47.3249 -37.3816 1.35
    endloop
  endfacet
  facet normal -0.49313 0.869956 0
    outer loop
      vertex 47.3997 -40.426 1.35
      vertex 47.3249 -40.4684 4.8
      vertex 47.3997 -40.426 4.8
    endloop
  endfacet
  facet normal -0.49313 0.869956 0
    outer loop
      vertex 47.3249 -40.4684 4.8
      vertex 47.3997 -40.426 1.35
      vertex 47.3249 -40.4684 1.35
    endloop
  endfacet
  facet normal 0.171194 0.985237 -0
    outer loop
      vertex 46.2432 -40.6561 1.35
      vertex 46.1586 -40.6414 4.8
      vertex 46.2432 -40.6561 4.8
    endloop
  endfacet
  facet normal 0.171194 0.985237 0
    outer loop
      vertex 46.1586 -40.6414 4.8
      vertex 46.2432 -40.6561 1.35
      vertex 46.1586 -40.6414 1.35
    endloop
  endfacet
  facet normal 0.869956 -0.49313 1.94962e-19
    outer loop
      vertex 44.9566 -38.1001 4.8
      vertex 44.999 -38.0253 1.35
      vertex 44.999 -38.0253 4.8
    endloop
  endfacet
  facet normal 0.869956 -0.49313 1.94962e-19
    outer loop
      vertex 44.999 -38.0253 1.35
      vertex 44.9566 -38.1001 4.8
      vertex 44.9566 -38.1001 1.35
    endloop
  endfacet
  facet normal 0.690033 0.723778 -0
    outer loop
      vertex 45.3248 -40.2217 1.35
      vertex 45.2626 -40.1624 4.8
      vertex 45.3248 -40.2217 4.8
    endloop
  endfacet
  facet normal 0.690033 0.723778 0
    outer loop
      vertex 45.2626 -40.1624 4.8
      vertex 45.3248 -40.2217 1.35
      vertex 45.2626 -40.1624 1.35
    endloop
  endfacet
  facet normal 0.171194 -0.985237 0
    outer loop
      vertex 46.1586 -37.2086 1.35
      vertex 46.2432 -37.1939 4.8
      vertex 46.1586 -37.2086 4.8
    endloop
  endfacet
  facet normal 0.171194 -0.985237 0
    outer loop
      vertex 46.2432 -37.1939 4.8
      vertex 46.1586 -37.2086 1.35
      vertex 46.2432 -37.1939 1.35
    endloop
  endfacet
  facet normal -0.534913 -0.844907 0
    outer loop
      vertex 47.3997 -37.424 1.35
      vertex 47.4722 -37.4699 4.8
      vertex 47.3997 -37.424 4.8
    endloop
  endfacet
  facet normal -0.534913 -0.844907 -0
    outer loop
      vertex 47.4722 -37.4699 4.8
      vertex 47.3997 -37.424 1.35
      vertex 47.4722 -37.4699 1.35
    endloop
  endfacet
  facet normal -0.690033 -0.723778 0
    outer loop
      vertex 47.6752 -37.6283 1.35
      vertex 47.7374 -37.6876 4.8
      vertex 47.6752 -37.6283 4.8
    endloop
  endfacet
  facet normal -0.690033 -0.723778 -0
    outer loop
      vertex 47.7374 -37.6876 4.8
      vertex 47.6752 -37.6283 1.35
      vertex 47.7374 -37.6876 1.35
    endloop
  endfacet
  facet normal 0.534913 0.844907 -0
    outer loop
      vertex 45.6003 -40.426 1.35
      vertex 45.5278 -40.3801 4.8
      vertex 45.6003 -40.426 4.8
    endloop
  endfacet
  facet normal 0.534913 0.844907 0
    outer loop
      vertex 45.5278 -40.3801 4.8
      vertex 45.6003 -40.426 1.35
      vertex 45.5278 -40.3801 1.35
    endloop
  endfacet
  facet normal 0.690033 -0.723778 0
    outer loop
      vertex 45.2626 -37.6876 1.35
      vertex 45.3248 -37.6283 4.8
      vertex 45.2626 -37.6876 4.8
    endloop
  endfacet
  facet normal 0.690033 -0.723778 0
    outer loop
      vertex 45.3248 -37.6283 4.8
      vertex 45.2626 -37.6876 1.35
      vertex 45.3248 -37.6283 1.35
    endloop
  endfacet
  facet normal 0.122173 0.992509 -0
    outer loop
      vertex 46.3285 -40.6666 1.35
      vertex 46.2432 -40.6561 4.8
      vertex 46.3285 -40.6666 4.8
    endloop
  endfacet
  facet normal 0.122173 0.992509 0
    outer loop
      vertex 46.2432 -40.6561 4.8
      vertex 46.3285 -40.6666 1.35
      vertex 46.2432 -40.6561 1.35
    endloop
  endfacet
  facet normal -0.757032 0.653377 -7.1089e-19
    outer loop
      vertex 47.7967 -40.1002 1.35
      vertex 47.8528 -40.0352 4.8
      vertex 47.8528 -40.0352 1.35
    endloop
  endfacet
  facet normal -0.757032 0.653377 -7.1089e-19
    outer loop
      vertex 47.8528 -40.0352 4.8
      vertex 47.7967 -40.1002 1.35
      vertex 47.7967 -40.1002 4.8
    endloop
  endfacet
  facet normal -0.0244397 -0.999701 0
    outer loop
      vertex 46.5 -37.175 1.35
      vertex 46.5859 -37.1771 4.8
      vertex 46.5 -37.175 4.8
    endloop
  endfacet
  facet normal -0.0244397 -0.999701 -0
    outer loop
      vertex 46.5859 -37.1771 4.8
      vertex 46.5 -37.175 1.35
      vertex 46.5859 -37.1771 1.35
    endloop
  endfacet
  facet normal 0.0733996 -0.997303 0
    outer loop
      vertex 46.3285 -37.1834 1.35
      vertex 46.4141 -37.1771 4.8
      vertex 46.3285 -37.1834 4.8
    endloop
  endfacet
  facet normal 0.0733996 -0.997303 0
    outer loop
      vertex 46.4141 -37.1771 4.8
      vertex 46.3285 -37.1834 1.35
      vertex 46.4141 -37.1771 1.35
    endloop
  endfacet
  facet normal 0.575724 0.817644 -0
    outer loop
      vertex 45.5278 -40.3801 1.35
      vertex 45.4575 -40.3306 4.8
      vertex 45.5278 -40.3801 4.8
    endloop
  endfacet
  facet normal 0.575724 0.817644 0
    outer loop
      vertex 45.4575 -40.3306 4.8
      vertex 45.5278 -40.3801 1.35
      vertex 45.4575 -40.3306 1.35
    endloop
  endfacet
  facet normal -0.267644 0.963518 0
    outer loop
      vertex 47.008 -40.5996 1.35
      vertex 46.9252 -40.6226 4.8
      vertex 47.008 -40.5996 4.8
    endloop
  endfacet
  facet normal -0.267644 0.963518 0
    outer loop
      vertex 46.9252 -40.6226 4.8
      vertex 47.008 -40.5996 1.35
      vertex 46.9252 -40.6226 1.35
    endloop
  endfacet
  facet normal 0.932985 -0.359916 -6.80045e-19
    outer loop
      vertex 44.8523 -38.3354 4.8
      vertex 44.8832 -38.2553 1.35
      vertex 44.8832 -38.2553 4.8
    endloop
  endfacet
  facet normal 0.932985 -0.359916 -6.80045e-19
    outer loop
      vertex 44.8832 -38.2553 1.35
      vertex 44.8523 -38.3354 4.8
      vertex 44.8523 -38.3354 1.35
    endloop
  endfacet
  facet normal 0.49313 0.869956 -0
    outer loop
      vertex 45.6751 -40.4684 1.35
      vertex 45.6003 -40.426 4.8
      vertex 45.6751 -40.4684 4.8
    endloop
  endfacet
  facet normal 0.49313 0.869956 0
    outer loop
      vertex 45.6003 -40.426 4.8
      vertex 45.6751 -40.4684 1.35
      vertex 45.6003 -40.426 1.35
    endloop
  endfacet
  facet normal -0.313084 -0.949726 0
    outer loop
      vertex 47.008 -37.2504 1.35
      vertex 47.0896 -37.2773 4.8
      vertex 47.008 -37.2504 4.8
    endloop
  endfacet
  facet normal -0.313084 -0.949726 -0
    outer loop
      vertex 47.0896 -37.2773 4.8
      vertex 47.008 -37.2504 1.35
      vertex 47.0896 -37.2773 1.35
    endloop
  endfacet
  facet normal 0.914195 -0.405274 -3.52037e-19
    outer loop
      vertex 44.8832 -38.2553 4.8
      vertex 44.918 -38.1768 1.35
      vertex 44.918 -38.1768 4.8
    endloop
  endfacet
  facet normal 0.914195 -0.405274 -3.52037e-19
    outer loop
      vertex 44.918 -38.1768 1.35
      vertex 44.8832 -38.2553 4.8
      vertex 44.8832 -38.2553 1.35
    endloop
  endfacet
  facet normal -0.0733996 0.997303 0
    outer loop
      vertex 46.6715 -40.6666 1.35
      vertex 46.5859 -40.6729 4.8
      vertex 46.6715 -40.6666 4.8
    endloop
  endfacet
  facet normal -0.0733996 0.997303 0
    outer loop
      vertex 46.5859 -40.6729 4.8
      vertex 46.6715 -40.6666 1.35
      vertex 46.5859 -40.6729 1.35
    endloop
  endfacet
  facet normal 0.844907 -0.534913 -1.05007e-20
    outer loop
      vertex 44.999 -38.0253 4.8
      vertex 45.0449 -37.9528 1.35
      vertex 45.0449 -37.9528 4.8
    endloop
  endfacet
  facet normal 0.844907 -0.534913 -1.05007e-20
    outer loop
      vertex 45.0449 -37.9528 1.35
      vertex 44.999 -38.0253 4.8
      vertex 44.999 -38.0253 1.35
    endloop
  endfacet
  facet normal 0.653377 -0.757032 0
    outer loop
      vertex 45.3248 -37.6283 1.35
      vertex 45.3898 -37.5722 4.8
      vertex 45.3248 -37.6283 4.8
    endloop
  endfacet
  facet normal 0.653377 -0.757032 0
    outer loop
      vertex 45.3898 -37.5722 4.8
      vertex 45.3248 -37.6283 1.35
      vertex 45.3898 -37.5722 1.35
    endloop
  endfacet
  facet normal -0.49313 -0.869956 0
    outer loop
      vertex 47.3249 -37.3816 1.35
      vertex 47.3997 -37.424 4.8
      vertex 47.3249 -37.3816 4.8
    endloop
  endfacet
  facet normal -0.49313 -0.869956 -0
    outer loop
      vertex 47.3997 -37.424 4.8
      vertex 47.3249 -37.3816 1.35
      vertex 47.3997 -37.424 1.35
    endloop
  endfacet
  facet normal 0.992509 -0.122173 -2.47314e-20
    outer loop
      vertex 44.7584 -38.7535 4.8
      vertex 44.7689 -38.6682 1.35
      vertex 44.7689 -38.6682 4.8
    endloop
  endfacet
  facet normal 0.992509 -0.122173 -2.47314e-20
    outer loop
      vertex 44.7689 -38.6682 1.35
      vertex 44.7584 -38.7535 4.8
      vertex 44.7584 -38.7535 1.35
    endloop
  endfacet
  facet normal -0.817644 -0.575724 -1.66575e-19
    outer loop
      vertex 47.9551 -37.9528 1.35
      vertex 47.9056 -37.8825 4.8
      vertex 47.9056 -37.8825 1.35
    endloop
  endfacet
  facet normal -0.817644 -0.575724 -1.66575e-19
    outer loop
      vertex 47.9056 -37.8825 4.8
      vertex 47.9551 -37.9528 1.35
      vertex 47.9551 -37.9528 4.8
    endloop
  endfacet
  facet normal -0.932985 -0.359916 6.80045e-19
    outer loop
      vertex 48.1477 -38.3354 1.35
      vertex 48.1168 -38.2553 4.8
      vertex 48.1168 -38.2553 1.35
    endloop
  endfacet
  facet normal -0.932985 -0.359916 6.80045e-19
    outer loop
      vertex 48.1168 -38.2553 4.8
      vertex 48.1477 -38.3354 1.35
      vertex 48.1477 -38.3354 4.8
    endloop
  endfacet
  facet normal -0.653377 -0.757032 0
    outer loop
      vertex 47.6102 -37.5722 1.35
      vertex 47.6752 -37.6283 4.8
      vertex 47.6102 -37.5722 4.8
    endloop
  endfacet
  facet normal -0.653377 -0.757032 -0
    outer loop
      vertex 47.6752 -37.6283 4.8
      vertex 47.6102 -37.5722 1.35
      vertex 47.6752 -37.6283 1.35
    endloop
  endfacet
  facet normal -0.975747 -0.218903 -3.15365e-19
    outer loop
      vertex 48.2164 -38.5836 1.35
      vertex 48.1976 -38.4998 4.8
      vertex 48.1976 -38.4998 1.35
    endloop
  endfacet
  facet normal -0.975747 -0.218903 -3.15365e-19
    outer loop
      vertex 48.1976 -38.4998 4.8
      vertex 48.2164 -38.5836 1.35
      vertex 48.2164 -38.5836 4.8
    endloop
  endfacet
  facet normal 0.999701 0.0244397 -3.70107e-20
    outer loop
      vertex 44.7521 -39.0109 4.8
      vertex 44.75 -38.925 1.35
      vertex 44.75 -38.925 4.8
    endloop
  endfacet
  facet normal 0.999701 0.0244397 -3.70107e-20
    outer loop
      vertex 44.75 -38.925 1.35
      vertex 44.7521 -39.0109 4.8
      vertex 44.7521 -39.0109 1.35
    endloop
  endfacet
  facet normal 0.999701 -0.0244397 -8.92584e-21
    outer loop
      vertex 44.75 -38.925 4.8
      vertex 44.7521 -38.8391 1.35
      vertex 44.7521 -38.8391 4.8
    endloop
  endfacet
  facet normal 0.999701 -0.0244397 -8.92584e-21
    outer loop
      vertex 44.7521 -38.8391 1.35
      vertex 44.75 -38.925 4.8
      vertex 44.75 -38.925 1.35
    endloop
  endfacet
  facet normal 0.49313 -0.869956 0
    outer loop
      vertex 45.6003 -37.424 1.35
      vertex 45.6751 -37.3816 4.8
      vertex 45.6003 -37.424 4.8
    endloop
  endfacet
  facet normal 0.49313 -0.869956 0
    outer loop
      vertex 45.6751 -37.3816 4.8
      vertex 45.6003 -37.424 1.35
      vertex 45.6751 -37.3816 1.35
    endloop
  endfacet
  facet normal 0.267644 -0.963518 0
    outer loop
      vertex 45.992 -37.2504 1.35
      vertex 46.0748 -37.2274 4.8
      vertex 45.992 -37.2504 4.8
    endloop
  endfacet
  facet normal 0.267644 -0.963518 0
    outer loop
      vertex 46.0748 -37.2274 4.8
      vertex 45.992 -37.2504 1.35
      vertex 46.0748 -37.2274 1.35
    endloop
  endfacet
  facet normal -0.788536 -0.614988 -5.31395e-19
    outer loop
      vertex 47.9056 -37.8825 1.35
      vertex 47.8528 -37.8148 4.8
      vertex 47.8528 -37.8148 1.35
    endloop
  endfacet
  facet normal -0.788536 -0.614988 -5.31395e-19
    outer loop
      vertex 47.8528 -37.8148 4.8
      vertex 47.9056 -37.8825 1.35
      vertex 47.9056 -37.8825 4.8
    endloop
  endfacet
  facet normal 0.267644 0.963518 -0
    outer loop
      vertex 46.0748 -40.6226 1.35
      vertex 45.992 -40.5996 4.8
      vertex 46.0748 -40.6226 4.8
    endloop
  endfacet
  facet normal 0.267644 0.963518 0
    outer loop
      vertex 45.992 -40.5996 4.8
      vertex 46.0748 -40.6226 1.35
      vertex 45.992 -40.5996 1.35
    endloop
  endfacet
  facet normal 0.218903 -0.975747 0
    outer loop
      vertex 46.0748 -37.2274 1.35
      vertex 46.1586 -37.2086 4.8
      vertex 46.0748 -37.2274 4.8
    endloop
  endfacet
  facet normal 0.218903 -0.975747 0
    outer loop
      vertex 46.1586 -37.2086 4.8
      vertex 46.0748 -37.2274 1.35
      vertex 46.1586 -37.2086 1.35
    endloop
  endfacet
  facet normal 0.89326 -0.449541 5.6543e-19
    outer loop
      vertex 44.918 -38.1768 4.8
      vertex 44.9566 -38.1001 1.35
      vertex 44.9566 -38.1001 4.8
    endloop
  endfacet
  facet normal 0.89326 -0.449541 5.6543e-19
    outer loop
      vertex 44.9566 -38.1001 1.35
      vertex 44.918 -38.1768 4.8
      vertex 44.918 -38.1768 1.35
    endloop
  endfacet
  facet normal 0.992509 0.122173 2.47314e-20
    outer loop
      vertex 44.7689 -39.1818 4.8
      vertex 44.7584 -39.0965 1.35
      vertex 44.7584 -39.0965 4.8
    endloop
  endfacet
  facet normal 0.992509 0.122173 2.47314e-20
    outer loop
      vertex 44.7584 -39.0965 1.35
      vertex 44.7689 -39.1818 4.8
      vertex 44.7689 -39.1818 1.35
    endloop
  endfacet
  facet normal 0.359916 -0.932985 0
    outer loop
      vertex 45.8303 -37.3082 1.35
      vertex 45.9104 -37.2773 4.8
      vertex 45.8303 -37.3082 4.8
    endloop
  endfacet
  facet normal 0.359916 -0.932985 0
    outer loop
      vertex 45.9104 -37.2773 4.8
      vertex 45.8303 -37.3082 1.35
      vertex 45.9104 -37.2773 1.35
    endloop
  endfacet
  facet normal 0.122173 -0.992509 0
    outer loop
      vertex 46.2432 -37.1939 1.35
      vertex 46.3285 -37.1834 4.8
      vertex 46.2432 -37.1939 4.8
    endloop
  endfacet
  facet normal 0.122173 -0.992509 0
    outer loop
      vertex 46.3285 -37.1834 4.8
      vertex 46.2432 -37.1939 1.35
      vertex 46.3285 -37.1834 1.35
    endloop
  endfacet
  facet normal 0.313084 0.949726 -0
    outer loop
      vertex 45.992 -40.5996 1.35
      vertex 45.9104 -40.5727 4.8
      vertex 45.992 -40.5996 4.8
    endloop
  endfacet
  facet normal 0.313084 0.949726 0
    outer loop
      vertex 45.9104 -40.5727 4.8
      vertex 45.992 -40.5996 1.35
      vertex 45.9104 -40.5727 1.35
    endloop
  endfacet
  facet normal 0.817644 -0.575724 1.66575e-19
    outer loop
      vertex 45.0449 -37.9528 4.8
      vertex 45.0944 -37.8825 1.35
      vertex 45.0944 -37.8825 4.8
    endloop
  endfacet
  facet normal 0.817644 -0.575724 1.66575e-19
    outer loop
      vertex 45.0944 -37.8825 1.35
      vertex 45.0449 -37.9528 4.8
      vertex 45.0449 -37.9528 1.35
    endloop
  endfacet
  facet normal -0.914195 -0.405274 3.52037e-19
    outer loop
      vertex 48.1168 -38.2553 1.35
      vertex 48.082 -38.1768 4.8
      vertex 48.082 -38.1768 1.35
    endloop
  endfacet
  facet normal -0.914195 -0.405274 3.52037e-19
    outer loop
      vertex 48.082 -38.1768 4.8
      vertex 48.1168 -38.2553 1.35
      vertex 48.1168 -38.2553 4.8
    endloop
  endfacet
  facet normal 0.963518 -0.267644 2.6244e-19
    outer loop
      vertex 44.8024 -38.4998 4.8
      vertex 44.8254 -38.417 1.35
      vertex 44.8254 -38.417 4.8
    endloop
  endfacet
  facet normal 0.963518 -0.267644 2.6244e-19
    outer loop
      vertex 44.8254 -38.417 1.35
      vertex 44.8024 -38.4998 4.8
      vertex 44.8024 -38.4998 1.35
    endloop
  endfacet
  facet normal 0.869956 0.49313 2.70538e-19
    outer loop
      vertex 44.999 -39.8247 4.8
      vertex 44.9566 -39.7499 1.35
      vertex 44.9566 -39.7499 4.8
    endloop
  endfacet
  facet normal 0.869956 0.49313 2.70538e-19
    outer loop
      vertex 44.9566 -39.7499 1.35
      vertex 44.999 -39.8247 4.8
      vertex 44.999 -39.8247 1.35
    endloop
  endfacet
  facet normal 0.949726 -0.313084 4.89832e-19
    outer loop
      vertex 44.8254 -38.417 4.8
      vertex 44.8523 -38.3354 1.35
      vertex 44.8523 -38.3354 4.8
    endloop
  endfacet
  facet normal 0.949726 -0.313084 4.89832e-19
    outer loop
      vertex 44.8523 -38.3354 1.35
      vertex 44.8254 -38.417 4.8
      vertex 44.8254 -38.417 1.35
    endloop
  endfacet
  facet normal 0.405274 -0.914195 0
    outer loop
      vertex 45.7518 -37.343 1.35
      vertex 45.8303 -37.3082 4.8
      vertex 45.7518 -37.343 4.8
    endloop
  endfacet
  facet normal 0.405274 -0.914195 0
    outer loop
      vertex 45.8303 -37.3082 4.8
      vertex 45.7518 -37.343 1.35
      vertex 45.8303 -37.3082 1.35
    endloop
  endfacet
  facet normal 0.932985 0.359916 6.80045e-19
    outer loop
      vertex 44.8832 -39.5947 4.8
      vertex 44.8523 -39.5146 1.35
      vertex 44.8523 -39.5146 4.8
    endloop
  endfacet
  facet normal 0.932985 0.359916 6.80045e-19
    outer loop
      vertex 44.8523 -39.5146 1.35
      vertex 44.8832 -39.5947 4.8
      vertex 44.8832 -39.5947 1.35
    endloop
  endfacet
  facet normal 0.449541 0.89326 -0
    outer loop
      vertex 45.7518 -40.507 1.35
      vertex 45.6751 -40.4684 4.8
      vertex 45.7518 -40.507 4.8
    endloop
  endfacet
  facet normal 0.449541 0.89326 0
    outer loop
      vertex 45.6751 -40.4684 4.8
      vertex 45.7518 -40.507 1.35
      vertex 45.6751 -40.4684 1.35
    endloop
  endfacet
  facet normal -0 0 1
    outer loop
      vertex -44.7689 -38.6682 4.8
      vertex -40.5 -42.925 4.8
      vertex -40.5 -32.925 4.8
    endloop
  endfacet
  facet normal 0 0 1
    outer loop
      vertex -40.5 -42.925 4.8
      vertex -44.7521 -38.8391 4.8
      vertex -44.75 -38.925 4.8
    endloop
  endfacet
  facet normal 0 0 1
    outer loop
      vertex -40.5 -42.925 4.8
      vertex -44.7584 -38.7535 4.8
      vertex -44.7521 -38.8391 4.8
    endloop
  endfacet
  facet normal 0 0 1
    outer loop
      vertex -40.5 -42.925 4.8
      vertex -44.7689 -38.6682 4.8
      vertex -44.7584 -38.7535 4.8
    endloop
  endfacet
  facet normal 0 0 1
    outer loop
      vertex -40.5 -32.925 4.8
      vertex -44.7836 -38.5836 4.8
      vertex -44.7689 -38.6682 4.8
    endloop
  endfacet
  facet normal 0 0 1
    outer loop
      vertex -40.5 -32.925 4.8
      vertex -44.8024 -38.4998 4.8
      vertex -44.7836 -38.5836 4.8
    endloop
  endfacet
  facet normal 0 0 1
    outer loop
      vertex -40.5 -32.925 4.8
      vertex -44.8254 -38.417 4.8
      vertex -44.8024 -38.4998 4.8
    endloop
  endfacet
  facet normal 0 0 1
    outer loop
      vertex -40.5 -32.925 4.8
      vertex -44.8523 -38.3354 4.8
      vertex -44.8254 -38.417 4.8
    endloop
  endfacet
  facet normal 0 0 1
    outer loop
      vertex -40.5 -32.925 4.8
      vertex -44.8832 -38.2553 4.8
      vertex -44.8523 -38.3354 4.8
    endloop
  endfacet
  facet normal 0 0 1
    outer loop
      vertex -40.5 -32.925 4.8
      vertex -44.918 -38.1768 4.8
      vertex -44.8832 -38.2553 4.8
    endloop
  endfacet
  facet normal 0 0 1
    outer loop
      vertex -40.5 -32.925 4.8
      vertex -44.9566 -38.1001 4.8
      vertex -44.918 -38.1768 4.8
    endloop
  endfacet
  facet normal 0 0 1
    outer loop
      vertex -40.5 -32.925 4.8
      vertex -44.999 -38.0253 4.8
      vertex -44.9566 -38.1001 4.8
    endloop
  endfacet
  facet normal 0 0 1
    outer loop
      vertex -40.5 -32.925 4.8
      vertex -45.0449 -37.9528 4.8
      vertex -44.999 -38.0253 4.8
    endloop
  endfacet
  facet normal 0 0 1
    outer loop
      vertex -40.5 -32.925 4.8
      vertex -45.0944 -37.8825 4.8
      vertex -45.0449 -37.9528 4.8
    endloop
  endfacet
  facet normal 0 0 1
    outer loop
      vertex -40.5 -32.925 4.8
      vertex -45.1472 -37.8148 4.8
      vertex -45.0944 -37.8825 4.8
    endloop
  endfacet
  facet normal 0 0 1
    outer loop
      vertex -40.5 -32.925 4.8
      vertex -45.2033 -37.7498 4.8
      vertex -45.1472 -37.8148 4.8
    endloop
  endfacet
  facet normal 0 0 1
    outer loop
      vertex -40.5 -32.925 4.8
      vertex -45.2626 -37.6876 4.8
      vertex -45.2033 -37.7498 4.8
    endloop
  endfacet
  facet normal 0 0 1
    outer loop
      vertex -40.5 -32.925 4.8
      vertex -45.3248 -37.6283 4.8
      vertex -45.2626 -37.6876 4.8
    endloop
  endfacet
  facet normal 0 0 1
    outer loop
      vertex -40.5 -32.925 4.8
      vertex -45.3898 -37.5722 4.8
      vertex -45.3248 -37.6283 4.8
    endloop
  endfacet
  facet normal 0 0 1
    outer loop
      vertex -40.5 -32.925 4.8
      vertex -45.4575 -37.5194 4.8
      vertex -45.3898 -37.5722 4.8
    endloop
  endfacet
  facet normal 0 0 1
    outer loop
      vertex -40.5 -32.925 4.8
      vertex -45.5278 -37.4699 4.8
      vertex -45.4575 -37.5194 4.8
    endloop
  endfacet
  facet normal 0 0 1
    outer loop
      vertex -40.5 -32.925 4.8
      vertex -45.6003 -37.424 4.8
      vertex -45.5278 -37.4699 4.8
    endloop
  endfacet
  facet normal 0 0 1
    outer loop
      vertex -40.5 -32.925 4.8
      vertex -45.6751 -37.3816 4.8
      vertex -45.6003 -37.424 4.8
    endloop
  endfacet
  facet normal 0 0 1
    outer loop
      vertex -40.5 -32.925 4.8
      vertex -45.7518 -37.343 4.8
      vertex -45.6751 -37.3816 4.8
    endloop
  endfacet
  facet normal 0 0 1
    outer loop
      vertex -40.5 -32.925 4.8
      vertex -45.8303 -37.3082 4.8
      vertex -45.7518 -37.343 4.8
    endloop
  endfacet
  facet normal 0 0 1
    outer loop
      vertex -40.5 -32.925 4.8
      vertex -45.9104 -37.2773 4.8
      vertex -45.8303 -37.3082 4.8
    endloop
  endfacet
  facet normal 0 0 1
    outer loop
      vertex -40.5 -32.925 4.8
      vertex -45.992 -37.2504 4.8
      vertex -45.9104 -37.2773 4.8
    endloop
  endfacet
  facet normal 0 0 1
    outer loop
      vertex -40.5 -32.925 4.8
      vertex -46.0748 -37.2274 4.8
      vertex -45.992 -37.2504 4.8
    endloop
  endfacet
  facet normal 0 0 1
    outer loop
      vertex -40.5 -32.925 4.8
      vertex -46.1586 -37.2086 4.8
      vertex -46.0748 -37.2274 4.8
    endloop
  endfacet
  facet normal 0 0 1
    outer loop
      vertex -40.5 -32.925 4.8
      vertex -46.2432 -37.1939 4.8
      vertex -46.1586 -37.2086 4.8
    endloop
  endfacet
  facet normal -0 0 1
    outer loop
      vertex -50.5 -32.925 4.8
      vertex -46.2432 -37.1939 4.8
      vertex -40.5 -32.925 4.8
    endloop
  endfacet
  facet normal 0 0 1
    outer loop
      vertex -46.2432 -37.1939 4.8
      vertex -50.5 -32.925 4.8
      vertex -46.3285 -37.1834 4.8
    endloop
  endfacet
  facet normal 0 0 1
    outer loop
      vertex -46.3285 -37.1834 4.8
      vertex -50.5 -32.925 4.8
      vertex -46.4141 -37.1771 4.8
    endloop
  endfacet
  facet normal 0 0 1
    outer loop
      vertex -46.4141 -37.1771 4.8
      vertex -50.5 -32.925 4.8
      vertex -46.5 -37.175 4.8
    endloop
  endfacet
  facet normal 0 0 1
    outer loop
      vertex -46.5 -37.175 4.8
      vertex -50.5 -32.925 4.8
      vertex -46.5859 -37.1771 4.8
    endloop
  endfacet
  facet normal 0 0 1
    outer loop
      vertex -46.5859 -37.1771 4.8
      vertex -50.5 -32.925 4.8
      vertex -46.6715 -37.1834 4.8
    endloop
  endfacet
  facet normal 0 0 1
    outer loop
      vertex -46.6715 -37.1834 4.8
      vertex -50.5 -32.925 4.8
      vertex -46.7568 -37.1939 4.8
    endloop
  endfacet
  facet normal 0 0 1
    outer loop
      vertex -46.7568 -37.1939 4.8
      vertex -50.5 -32.925 4.8
      vertex -46.8414 -37.2086 4.8
    endloop
  endfacet
  facet normal 0 0 1
    outer loop
      vertex -46.8414 -37.2086 4.8
      vertex -50.5 -32.925 4.8
      vertex -46.9252 -37.2274 4.8
    endloop
  endfacet
  facet normal 0 0 1
    outer loop
      vertex -46.9252 -37.2274 4.8
      vertex -50.5 -32.925 4.8
      vertex -47.008 -37.2504 4.8
    endloop
  endfacet
  facet normal 0 0 1
    outer loop
      vertex -47.008 -37.2504 4.8
      vertex -50.5 -32.925 4.8
      vertex -47.0896 -37.2773 4.8
    endloop
  endfacet
  facet normal 0 0 1
    outer loop
      vertex -47.0896 -37.2773 4.8
      vertex -50.5 -32.925 4.8
      vertex -47.1697 -37.3082 4.8
    endloop
  endfacet
  facet normal 0 0 1
    outer loop
      vertex -47.1697 -37.3082 4.8
      vertex -50.5 -32.925 4.8
      vertex -47.2482 -37.343 4.8
    endloop
  endfacet
  facet normal 0 0 1
    outer loop
      vertex -47.2482 -37.343 4.8
      vertex -50.5 -32.925 4.8
      vertex -47.3249 -37.3816 4.8
    endloop
  endfacet
  facet normal 0 0 1
    outer loop
      vertex -47.3249 -37.3816 4.8
      vertex -50.5 -32.925 4.8
      vertex -47.3997 -37.424 4.8
    endloop
  endfacet
  facet normal 0 0 1
    outer loop
      vertex -48.2416 -38.7535 4.8
      vertex -50.5 -42.925 4.8
      vertex -48.2479 -38.8391 4.8
    endloop
  endfacet
  facet normal 0 0 1
    outer loop
      vertex -50.5 -42.925 4.8
      vertex -48.2416 -38.7535 4.8
      vertex -50.5 -32.925 4.8
    endloop
  endfacet
  facet normal 0 0 1
    outer loop
      vertex -48.2311 -38.6682 4.8
      vertex -50.5 -32.925 4.8
      vertex -48.2416 -38.7535 4.8
    endloop
  endfacet
  facet normal 0 0 1
    outer loop
      vertex -48.2164 -38.5836 4.8
      vertex -50.5 -32.925 4.8
      vertex -48.2311 -38.6682 4.8
    endloop
  endfacet
  facet normal 0 0 1
    outer loop
      vertex -48.1976 -38.4998 4.8
      vertex -50.5 -32.925 4.8
      vertex -48.2164 -38.5836 4.8
    endloop
  endfacet
  facet normal 0 0 1
    outer loop
      vertex -48.1746 -38.417 4.8
      vertex -50.5 -32.925 4.8
      vertex -48.1976 -38.4998 4.8
    endloop
  endfacet
  facet normal 0 0 1
    outer loop
      vertex -48.1477 -38.3354 4.8
      vertex -50.5 -32.925 4.8
      vertex -48.1746 -38.417 4.8
    endloop
  endfacet
  facet normal 0 0 1
    outer loop
      vertex -48.1168 -38.2553 4.8
      vertex -50.5 -32.925 4.8
      vertex -48.1477 -38.3354 4.8
    endloop
  endfacet
  facet normal 0 0 1
    outer loop
      vertex -48.082 -38.1768 4.8
      vertex -50.5 -32.925 4.8
      vertex -48.1168 -38.2553 4.8
    endloop
  endfacet
  facet normal 0 0 1
    outer loop
      vertex -48.0434 -38.1001 4.8
      vertex -50.5 -32.925 4.8
      vertex -48.082 -38.1768 4.8
    endloop
  endfacet
  facet normal 0 0 1
    outer loop
      vertex -48.001 -38.0253 4.8
      vertex -50.5 -32.925 4.8
      vertex -48.0434 -38.1001 4.8
    endloop
  endfacet
  facet normal 0 0 1
    outer loop
      vertex -47.9551 -37.9528 4.8
      vertex -50.5 -32.925 4.8
      vertex -48.001 -38.0253 4.8
    endloop
  endfacet
  facet normal 0 0 1
    outer loop
      vertex -47.9056 -37.8825 4.8
      vertex -50.5 -32.925 4.8
      vertex -47.9551 -37.9528 4.8
    endloop
  endfacet
  facet normal 0 0 1
    outer loop
      vertex -47.8528 -37.8148 4.8
      vertex -50.5 -32.925 4.8
      vertex -47.9056 -37.8825 4.8
    endloop
  endfacet
  facet normal 0 0 1
    outer loop
      vertex -47.7967 -37.7498 4.8
      vertex -50.5 -32.925 4.8
      vertex -47.8528 -37.8148 4.8
    endloop
  endfacet
  facet normal 0 0 1
    outer loop
      vertex -47.7374 -37.6876 4.8
      vertex -50.5 -32.925 4.8
      vertex -47.7967 -37.7498 4.8
    endloop
  endfacet
  facet normal 0 0 1
    outer loop
      vertex -47.6752 -37.6283 4.8
      vertex -50.5 -32.925 4.8
      vertex -47.7374 -37.6876 4.8
    endloop
  endfacet
  facet normal 0 0 1
    outer loop
      vertex -47.6102 -37.5722 4.8
      vertex -50.5 -32.925 4.8
      vertex -47.6752 -37.6283 4.8
    endloop
  endfacet
  facet normal 0 0 1
    outer loop
      vertex -47.5425 -37.5194 4.8
      vertex -50.5 -32.925 4.8
      vertex -47.6102 -37.5722 4.8
    endloop
  endfacet
  facet normal 0 0 1
    outer loop
      vertex -47.4722 -37.4699 4.8
      vertex -50.5 -32.925 4.8
      vertex -47.5425 -37.5194 4.8
    endloop
  endfacet
  facet normal 0 0 1
    outer loop
      vertex -47.3997 -37.424 4.8
      vertex -50.5 -32.925 4.8
      vertex -47.4722 -37.4699 4.8
    endloop
  endfacet
  facet normal -0 0 1
    outer loop
      vertex -44.7521 -39.0109 4.8
      vertex -40.5 -42.925 4.8
      vertex -44.75 -38.925 4.8
    endloop
  endfacet
  facet normal -0 0 1
    outer loop
      vertex -44.7584 -39.0965 4.8
      vertex -40.5 -42.925 4.8
      vertex -44.7521 -39.0109 4.8
    endloop
  endfacet
  facet normal -0 0 1
    outer loop
      vertex -44.7689 -39.1818 4.8
      vertex -40.5 -42.925 4.8
      vertex -44.7584 -39.0965 4.8
    endloop
  endfacet
  facet normal -0 0 1
    outer loop
      vertex -44.7836 -39.2664 4.8
      vertex -40.5 -42.925 4.8
      vertex -44.7689 -39.1818 4.8
    endloop
  endfacet
  facet normal -0 0 1
    outer loop
      vertex -44.8024 -39.3502 4.8
      vertex -40.5 -42.925 4.8
      vertex -44.7836 -39.2664 4.8
    endloop
  endfacet
  facet normal -0 0 1
    outer loop
      vertex -44.8254 -39.433 4.8
      vertex -40.5 -42.925 4.8
      vertex -44.8024 -39.3502 4.8
    endloop
  endfacet
  facet normal -0 0 1
    outer loop
      vertex -44.8523 -39.5146 4.8
      vertex -40.5 -42.925 4.8
      vertex -44.8254 -39.433 4.8
    endloop
  endfacet
  facet normal -0 0 1
    outer loop
      vertex -44.8832 -39.5947 4.8
      vertex -40.5 -42.925 4.8
      vertex -44.8523 -39.5146 4.8
    endloop
  endfacet
  facet normal -0 0 1
    outer loop
      vertex -44.918 -39.6732 4.8
      vertex -40.5 -42.925 4.8
      vertex -44.8832 -39.5947 4.8
    endloop
  endfacet
  facet normal -0 0 1
    outer loop
      vertex -44.9566 -39.7499 4.8
      vertex -40.5 -42.925 4.8
      vertex -44.918 -39.6732 4.8
    endloop
  endfacet
  facet normal -0 0 1
    outer loop
      vertex -44.999 -39.8247 4.8
      vertex -40.5 -42.925 4.8
      vertex -44.9566 -39.7499 4.8
    endloop
  endfacet
  facet normal -0 0 1
    outer loop
      vertex -45.0449 -39.8972 4.8
      vertex -40.5 -42.925 4.8
      vertex -44.999 -39.8247 4.8
    endloop
  endfacet
  facet normal -0 0 1
    outer loop
      vertex -45.0944 -39.9675 4.8
      vertex -40.5 -42.925 4.8
      vertex -45.0449 -39.8972 4.8
    endloop
  endfacet
  facet normal -0 0 1
    outer loop
      vertex -45.1472 -40.0352 4.8
      vertex -40.5 -42.925 4.8
      vertex -45.0944 -39.9675 4.8
    endloop
  endfacet
  facet normal -0 0 1
    outer loop
      vertex -45.2033 -40.1002 4.8
      vertex -40.5 -42.925 4.8
      vertex -45.1472 -40.0352 4.8
    endloop
  endfacet
  facet normal -0 0 1
    outer loop
      vertex -45.2626 -40.1624 4.8
      vertex -40.5 -42.925 4.8
      vertex -45.2033 -40.1002 4.8
    endloop
  endfacet
  facet normal -0 0 1
    outer loop
      vertex -45.3248 -40.2217 4.8
      vertex -40.5 -42.925 4.8
      vertex -45.2626 -40.1624 4.8
    endloop
  endfacet
  facet normal -0 0 1
    outer loop
      vertex -45.3898 -40.2778 4.8
      vertex -40.5 -42.925 4.8
      vertex -45.3248 -40.2217 4.8
    endloop
  endfacet
  facet normal -0 0 1
    outer loop
      vertex -45.4575 -40.3306 4.8
      vertex -40.5 -42.925 4.8
      vertex -45.3898 -40.2778 4.8
    endloop
  endfacet
  facet normal -0 0 1
    outer loop
      vertex -45.5278 -40.3801 4.8
      vertex -40.5 -42.925 4.8
      vertex -45.4575 -40.3306 4.8
    endloop
  endfacet
  facet normal -0 0 1
    outer loop
      vertex -45.6003 -40.426 4.8
      vertex -40.5 -42.925 4.8
      vertex -45.5278 -40.3801 4.8
    endloop
  endfacet
  facet normal -0 0 1
    outer loop
      vertex -45.6751 -40.4684 4.8
      vertex -40.5 -42.925 4.8
      vertex -45.6003 -40.426 4.8
    endloop
  endfacet
  facet normal -0 0 1
    outer loop
      vertex -45.7518 -40.507 4.8
      vertex -40.5 -42.925 4.8
      vertex -45.6751 -40.4684 4.8
    endloop
  endfacet
  facet normal -0 0 1
    outer loop
      vertex -45.8303 -40.5418 4.8
      vertex -40.5 -42.925 4.8
      vertex -45.7518 -40.507 4.8
    endloop
  endfacet
  facet normal -0 0 1
    outer loop
      vertex -45.9104 -40.5727 4.8
      vertex -40.5 -42.925 4.8
      vertex -45.8303 -40.5418 4.8
    endloop
  endfacet
  facet normal -0 0 1
    outer loop
      vertex -45.992 -40.5996 4.8
      vertex -40.5 -42.925 4.8
      vertex -45.9104 -40.5727 4.8
    endloop
  endfacet
  facet normal -0 0 1
    outer loop
      vertex -46.0748 -40.6226 4.8
      vertex -40.5 -42.925 4.8
      vertex -45.992 -40.5996 4.8
    endloop
  endfacet
  facet normal -0 0 1
    outer loop
      vertex -46.1586 -40.6414 4.8
      vertex -40.5 -42.925 4.8
      vertex -46.0748 -40.6226 4.8
    endloop
  endfacet
  facet normal -0 0 1
    outer loop
      vertex -46.2432 -40.6561 4.8
      vertex -40.5 -42.925 4.8
      vertex -46.1586 -40.6414 4.8
    endloop
  endfacet
  facet normal -0 0 1
    outer loop
      vertex -46.3285 -40.6666 4.8
      vertex -40.5 -42.925 4.8
      vertex -46.2432 -40.6561 4.8
    endloop
  endfacet
  facet normal 0 0 1
    outer loop
      vertex -50.5 -42.925 4.8
      vertex -46.3285 -40.6666 4.8
      vertex -46.4141 -40.6729 4.8
    endloop
  endfacet
  facet normal 0 0 1
    outer loop
      vertex -50.5 -42.925 4.8
      vertex -46.4141 -40.6729 4.8
      vertex -46.5 -40.675 4.8
    endloop
  endfacet
  facet normal 0 0 1
    outer loop
      vertex -50.5 -42.925 4.8
      vertex -46.5 -40.675 4.8
      vertex -46.5859 -40.6729 4.8
    endloop
  endfacet
  facet normal 0 0 1
    outer loop
      vertex -50.5 -42.925 4.8
      vertex -46.5859 -40.6729 4.8
      vertex -46.6715 -40.6666 4.8
    endloop
  endfacet
  facet normal 0 0 1
    outer loop
      vertex -50.5 -42.925 4.8
      vertex -46.6715 -40.6666 4.8
      vertex -46.7568 -40.6561 4.8
    endloop
  endfacet
  facet normal 0 0 1
    outer loop
      vertex -50.5 -42.925 4.8
      vertex -46.7568 -40.6561 4.8
      vertex -46.8414 -40.6414 4.8
    endloop
  endfacet
  facet normal 0 0 1
    outer loop
      vertex -50.5 -42.925 4.8
      vertex -46.8414 -40.6414 4.8
      vertex -46.9252 -40.6226 4.8
    endloop
  endfacet
  facet normal 0 0 1
    outer loop
      vertex -50.5 -42.925 4.8
      vertex -46.9252 -40.6226 4.8
      vertex -47.008 -40.5996 4.8
    endloop
  endfacet
  facet normal 0 0 1
    outer loop
      vertex -50.5 -42.925 4.8
      vertex -47.008 -40.5996 4.8
      vertex -47.0896 -40.5727 4.8
    endloop
  endfacet
  facet normal 0 0 1
    outer loop
      vertex -48.2479 -38.8391 4.8
      vertex -50.5 -42.925 4.8
      vertex -48.25 -38.925 4.8
    endloop
  endfacet
  facet normal 0 0 1
    outer loop
      vertex -48.25 -38.925 4.8
      vertex -50.5 -42.925 4.8
      vertex -48.2479 -39.0109 4.8
    endloop
  endfacet
  facet normal 0 0 1
    outer loop
      vertex -48.2479 -39.0109 4.8
      vertex -50.5 -42.925 4.8
      vertex -48.2416 -39.0965 4.8
    endloop
  endfacet
  facet normal 0 0 1
    outer loop
      vertex -48.2416 -39.0965 4.8
      vertex -50.5 -42.925 4.8
      vertex -48.2311 -39.1818 4.8
    endloop
  endfacet
  facet normal 0 0 1
    outer loop
      vertex -48.2311 -39.1818 4.8
      vertex -50.5 -42.925 4.8
      vertex -48.2164 -39.2664 4.8
    endloop
  endfacet
  facet normal 0 0 1
    outer loop
      vertex -48.2164 -39.2664 4.8
      vertex -50.5 -42.925 4.8
      vertex -48.1976 -39.3502 4.8
    endloop
  endfacet
  facet normal 0 0 1
    outer loop
      vertex -48.1976 -39.3502 4.8
      vertex -50.5 -42.925 4.8
      vertex -48.1746 -39.433 4.8
    endloop
  endfacet
  facet normal 0 0 1
    outer loop
      vertex -46.3285 -40.6666 4.8
      vertex -50.5 -42.925 4.8
      vertex -40.5 -42.925 4.8
    endloop
  endfacet
  facet normal 0 0 1
    outer loop
      vertex -47.1697 -40.5418 4.8
      vertex -50.5 -42.925 4.8
      vertex -47.0896 -40.5727 4.8
    endloop
  endfacet
  facet normal 0 0 1
    outer loop
      vertex -47.2482 -40.507 4.8
      vertex -50.5 -42.925 4.8
      vertex -47.1697 -40.5418 4.8
    endloop
  endfacet
  facet normal 0 0 1
    outer loop
      vertex -47.3249 -40.4684 4.8
      vertex -50.5 -42.925 4.8
      vertex -47.2482 -40.507 4.8
    endloop
  endfacet
  facet normal 0 0 1
    outer loop
      vertex -47.3997 -40.426 4.8
      vertex -50.5 -42.925 4.8
      vertex -47.3249 -40.4684 4.8
    endloop
  endfacet
  facet normal 0 0 1
    outer loop
      vertex -47.4722 -40.3801 4.8
      vertex -50.5 -42.925 4.8
      vertex -47.3997 -40.426 4.8
    endloop
  endfacet
  facet normal 0 0 1
    outer loop
      vertex -47.5425 -40.3306 4.8
      vertex -50.5 -42.925 4.8
      vertex -47.4722 -40.3801 4.8
    endloop
  endfacet
  facet normal 0 0 1
    outer loop
      vertex -47.6102 -40.2778 4.8
      vertex -50.5 -42.925 4.8
      vertex -47.5425 -40.3306 4.8
    endloop
  endfacet
  facet normal 0 0 1
    outer loop
      vertex -47.6752 -40.2217 4.8
      vertex -50.5 -42.925 4.8
      vertex -47.6102 -40.2778 4.8
    endloop
  endfacet
  facet normal 0 0 1
    outer loop
      vertex -47.7374 -40.1624 4.8
      vertex -50.5 -42.925 4.8
      vertex -47.6752 -40.2217 4.8
    endloop
  endfacet
  facet normal 0 0 1
    outer loop
      vertex -47.7967 -40.1002 4.8
      vertex -50.5 -42.925 4.8
      vertex -47.7374 -40.1624 4.8
    endloop
  endfacet
  facet normal 0 0 1
    outer loop
      vertex -47.8528 -40.0352 4.8
      vertex -50.5 -42.925 4.8
      vertex -47.7967 -40.1002 4.8
    endloop
  endfacet
  facet normal 0 0 1
    outer loop
      vertex -47.9056 -39.9675 4.8
      vertex -50.5 -42.925 4.8
      vertex -47.8528 -40.0352 4.8
    endloop
  endfacet
  facet normal 0 0 1
    outer loop
      vertex -47.9551 -39.8972 4.8
      vertex -50.5 -42.925 4.8
      vertex -47.9056 -39.9675 4.8
    endloop
  endfacet
  facet normal 0 0 1
    outer loop
      vertex -48.001 -39.8247 4.8
      vertex -50.5 -42.925 4.8
      vertex -47.9551 -39.8972 4.8
    endloop
  endfacet
  facet normal 0 0 1
    outer loop
      vertex -48.0434 -39.7499 4.8
      vertex -50.5 -42.925 4.8
      vertex -48.001 -39.8247 4.8
    endloop
  endfacet
  facet normal 0 0 1
    outer loop
      vertex -48.082 -39.6732 4.8
      vertex -50.5 -42.925 4.8
      vertex -48.0434 -39.7499 4.8
    endloop
  endfacet
  facet normal 0 0 1
    outer loop
      vertex -48.1168 -39.5947 4.8
      vertex -50.5 -42.925 4.8
      vertex -48.082 -39.6732 4.8
    endloop
  endfacet
  facet normal 0 0 1
    outer loop
      vertex -48.1477 -39.5146 4.8
      vertex -50.5 -42.925 4.8
      vertex -48.1168 -39.5947 4.8
    endloop
  endfacet
  facet normal 0 0 1
    outer loop
      vertex -48.1746 -39.433 4.8
      vertex -50.5 -42.925 4.8
      vertex -48.1477 -39.5146 4.8
    endloop
  endfacet
  facet normal 1 -0 0
    outer loop
      vertex -40.5 -42.925 4.8
      vertex -40.5 -32.925 1.35
      vertex -40.5 -32.925 4.8
    endloop
  endfacet
  facet normal 1 0 0
    outer loop
      vertex -40.5 -32.925 1.35
      vertex -40.5 -42.925 4.8
      vertex -40.5 -42.925 1.35
    endloop
  endfacet
  facet normal 0 1 -0
    outer loop
      vertex -40.5 -32.925 1.35
      vertex -50.5 -32.925 4.8
      vertex -40.5 -32.925 4.8
    endloop
  endfacet
  facet normal 0 1 0
    outer loop
      vertex -50.5 -32.925 4.8
      vertex -40.5 -32.925 1.35
      vertex -50.5 -32.925 1.35
    endloop
  endfacet
  facet normal 0.997303 0.0733996 -8.54791e-20
    outer loop
      vertex -48.2416 -39.0965 4.8
      vertex -48.2479 -39.0109 1.35
      vertex -48.2479 -39.0109 4.8
    endloop
  endfacet
  facet normal 0.997303 0.0733996 -8.54791e-20
    outer loop
      vertex -48.2479 -39.0109 1.35
      vertex -48.2416 -39.0965 4.8
      vertex -48.2416 -39.0965 1.35
    endloop
  endfacet
  facet normal 0.999701 0.0244397 -3.70107e-20
    outer loop
      vertex -48.2479 -39.0109 4.8
      vertex -48.25 -38.925 1.35
      vertex -48.25 -38.925 4.8
    endloop
  endfacet
  facet normal 0.999701 0.0244397 -3.70107e-20
    outer loop
      vertex -48.25 -38.925 1.35
      vertex -48.2479 -39.0109 4.8
      vertex -48.2479 -39.0109 1.35
    endloop
  endfacet
  facet normal 0.992509 0.122173 2.47314e-20
    outer loop
      vertex -48.2311 -39.1818 4.8
      vertex -48.2416 -39.0965 1.35
      vertex -48.2416 -39.0965 4.8
    endloop
  endfacet
  facet normal 0.992509 0.122173 2.47314e-20
    outer loop
      vertex -48.2416 -39.0965 1.35
      vertex -48.2311 -39.1818 4.8
      vertex -48.2311 -39.1818 1.35
    endloop
  endfacet
  facet normal 0.0733996 -0.997303 0
    outer loop
      vertex -46.6715 -37.1834 1.35
      vertex -46.5859 -37.1771 4.8
      vertex -46.6715 -37.1834 4.8
    endloop
  endfacet
  facet normal 0.0733996 -0.997303 0
    outer loop
      vertex -46.5859 -37.1771 4.8
      vertex -46.6715 -37.1834 1.35
      vertex -46.5859 -37.1771 1.35
    endloop
  endfacet
  facet normal 0.218903 -0.975747 0
    outer loop
      vertex -46.9252 -37.2274 1.35
      vertex -46.8414 -37.2086 4.8
      vertex -46.9252 -37.2274 4.8
    endloop
  endfacet
  facet normal 0.218903 -0.975747 0
    outer loop
      vertex -46.8414 -37.2086 4.8
      vertex -46.9252 -37.2274 1.35
      vertex -46.8414 -37.2086 1.35
    endloop
  endfacet
  facet normal -0.975747 -0.218903 -3.15365e-19
    outer loop
      vertex -44.7836 -38.5836 1.35
      vertex -44.8024 -38.4998 4.8
      vertex -44.8024 -38.4998 1.35
    endloop
  endfacet
  facet normal -0.975747 -0.218903 -3.15365e-19
    outer loop
      vertex -44.8024 -38.4998 4.8
      vertex -44.7836 -38.5836 1.35
      vertex -44.7836 -38.5836 4.8
    endloop
  endfacet
  facet normal 0.534913 0.844907 -0
    outer loop
      vertex -47.3997 -40.426 1.35
      vertex -47.4722 -40.3801 4.8
      vertex -47.3997 -40.426 4.8
    endloop
  endfacet
  facet normal 0.534913 0.844907 0
    outer loop
      vertex -47.4722 -40.3801 4.8
      vertex -47.3997 -40.426 1.35
      vertex -47.4722 -40.3801 1.35
    endloop
  endfacet
  facet normal 0.359916 0.932985 -0
    outer loop
      vertex -47.0896 -40.5727 1.35
      vertex -47.1697 -40.5418 4.8
      vertex -47.0896 -40.5727 4.8
    endloop
  endfacet
  facet normal 0.359916 0.932985 0
    outer loop
      vertex -47.1697 -40.5418 4.8
      vertex -47.0896 -40.5727 1.35
      vertex -47.1697 -40.5418 1.35
    endloop
  endfacet
  facet normal 0.122173 0.992509 -0
    outer loop
      vertex -46.6715 -40.6666 1.35
      vertex -46.7568 -40.6561 4.8
      vertex -46.6715 -40.6666 4.8
    endloop
  endfacet
  facet normal 0.122173 0.992509 0
    outer loop
      vertex -46.7568 -40.6561 4.8
      vertex -46.6715 -40.6666 1.35
      vertex -46.7568 -40.6561 1.35
    endloop
  endfacet
  facet normal 0.359916 -0.932985 0
    outer loop
      vertex -47.1697 -37.3082 1.35
      vertex -47.0896 -37.2773 4.8
      vertex -47.1697 -37.3082 4.8
    endloop
  endfacet
  facet normal 0.359916 -0.932985 0
    outer loop
      vertex -47.0896 -37.2773 4.8
      vertex -47.1697 -37.3082 1.35
      vertex -47.0896 -37.2773 1.35
    endloop
  endfacet
  facet normal -0.985237 0.171194 -5.4731e-20
    outer loop
      vertex -44.7836 -39.2664 1.35
      vertex -44.7689 -39.1818 4.8
      vertex -44.7689 -39.1818 1.35
    endloop
  endfacet
  facet normal -0.985237 0.171194 -5.4731e-20
    outer loop
      vertex -44.7689 -39.1818 4.8
      vertex -44.7836 -39.2664 1.35
      vertex -44.7836 -39.2664 4.8
    endloop
  endfacet
  facet normal -0.997303 -0.0733996 -8.54791e-20
    outer loop
      vertex -44.7521 -38.8391 1.35
      vertex -44.7584 -38.7535 4.8
      vertex -44.7584 -38.7535 1.35
    endloop
  endfacet
  facet normal -0.997303 -0.0733996 -8.54791e-20
    outer loop
      vertex -44.7584 -38.7535 4.8
      vertex -44.7521 -38.8391 1.35
      vertex -44.7521 -38.8391 4.8
    endloop
  endfacet
  facet normal -0.723778 -0.690033 6.17186e-20
    outer loop
      vertex -45.2033 -37.7498 1.35
      vertex -45.2626 -37.6876 4.8
      vertex -45.2626 -37.6876 1.35
    endloop
  endfacet
  facet normal -0.723778 -0.690033 6.17186e-20
    outer loop
      vertex -45.2626 -37.6876 4.8
      vertex -45.2033 -37.7498 1.35
      vertex -45.2033 -37.7498 4.8
    endloop
  endfacet
  facet normal 0.405274 0.914195 -0
    outer loop
      vertex -47.1697 -40.5418 1.35
      vertex -47.2482 -40.507 4.8
      vertex -47.1697 -40.5418 4.8
    endloop
  endfacet
  facet normal 0.405274 0.914195 0
    outer loop
      vertex -47.2482 -40.507 4.8
      vertex -47.1697 -40.5418 1.35
      vertex -47.2482 -40.507 1.35
    endloop
  endfacet
  facet normal -0.757032 -0.653377 7.1089e-19
    outer loop
      vertex -45.1472 -37.8148 1.35
      vertex -45.2033 -37.7498 4.8
      vertex -45.2033 -37.7498 1.35
    endloop
  endfacet
  facet normal -0.757032 -0.653377 7.1089e-19
    outer loop
      vertex -45.2033 -37.7498 4.8
      vertex -45.1472 -37.8148 1.35
      vertex -45.1472 -37.8148 4.8
    endloop
  endfacet
  facet normal 0.992509 -0.122173 -2.47314e-20
    outer loop
      vertex -48.2416 -38.7535 4.8
      vertex -48.2311 -38.6682 1.35
      vertex -48.2311 -38.6682 4.8
    endloop
  endfacet
  facet normal 0.992509 -0.122173 -2.47314e-20
    outer loop
      vertex -48.2311 -38.6682 1.35
      vertex -48.2416 -38.7535 4.8
      vertex -48.2416 -38.7535 1.35
    endloop
  endfacet
  facet normal 0.89326 -0.449541 5.6543e-19
    outer loop
      vertex -48.082 -38.1768 4.8
      vertex -48.0434 -38.1001 1.35
      vertex -48.0434 -38.1001 4.8
    endloop
  endfacet
  facet normal 0.89326 -0.449541 5.6543e-19
    outer loop
      vertex -48.0434 -38.1001 1.35
      vertex -48.082 -38.1768 4.8
      vertex -48.082 -38.1768 1.35
    endloop
  endfacet
  facet normal 0.999701 -0.0244397 -8.92584e-21
    outer loop
      vertex -48.25 -38.925 4.8
      vertex -48.2479 -38.8391 1.35
      vertex -48.2479 -38.8391 4.8
    endloop
  endfacet
  facet normal 0.999701 -0.0244397 -8.92584e-21
    outer loop
      vertex -48.2479 -38.8391 1.35
      vertex -48.25 -38.925 4.8
      vertex -48.25 -38.925 1.35
    endloop
  endfacet
  facet normal -0.985237 -0.171194 2.81934e-19
    outer loop
      vertex -44.7689 -38.6682 1.35
      vertex -44.7836 -38.5836 4.8
      vertex -44.7836 -38.5836 1.35
    endloop
  endfacet
  facet normal -0.985237 -0.171194 2.81934e-19
    outer loop
      vertex -44.7836 -38.5836 4.8
      vertex -44.7689 -38.6682 1.35
      vertex -44.7689 -38.6682 4.8
    endloop
  endfacet
  facet normal 0.985237 -0.171194 -2.81934e-19
    outer loop
      vertex -48.2311 -38.6682 4.8
      vertex -48.2164 -38.5836 1.35
      vertex -48.2164 -38.5836 4.8
    endloop
  endfacet
  facet normal 0.985237 -0.171194 -2.81934e-19
    outer loop
      vertex -48.2164 -38.5836 1.35
      vertex -48.2311 -38.6682 4.8
      vertex -48.2311 -38.6682 1.35
    endloop
  endfacet
  facet normal 0.975747 0.218903 -3.43467e-19
    outer loop
      vertex -48.1976 -39.3502 4.8
      vertex -48.2164 -39.2664 1.35
      vertex -48.2164 -39.2664 4.8
    endloop
  endfacet
  facet normal 0.975747 0.218903 -3.43467e-19
    outer loop
      vertex -48.2164 -39.2664 1.35
      vertex -48.1976 -39.3502 4.8
      vertex -48.1976 -39.3502 1.35
    endloop
  endfacet
  facet normal -0.975747 0.218903 3.43467e-19
    outer loop
      vertex -44.8024 -39.3502 1.35
      vertex -44.7836 -39.2664 4.8
      vertex -44.7836 -39.2664 1.35
    endloop
  endfacet
  facet normal -0.975747 0.218903 3.43467e-19
    outer loop
      vertex -44.7836 -39.2664 4.8
      vertex -44.8024 -39.3502 1.35
      vertex -44.8024 -39.3502 4.8
    endloop
  endfacet
  facet normal 0.89326 0.449541 5.29523e-20
    outer loop
      vertex -48.0434 -39.7499 4.8
      vertex -48.082 -39.6732 1.35
      vertex -48.082 -39.6732 4.8
    endloop
  endfacet
  facet normal 0.89326 0.449541 5.29523e-20
    outer loop
      vertex -48.082 -39.6732 1.35
      vertex -48.0434 -39.7499 4.8
      vertex -48.0434 -39.7499 1.35
    endloop
  endfacet
  facet normal 0.869956 -0.49313 1.94962e-19
    outer loop
      vertex -48.0434 -38.1001 4.8
      vertex -48.001 -38.0253 1.35
      vertex -48.001 -38.0253 4.8
    endloop
  endfacet
  facet normal 0.869956 -0.49313 1.94962e-19
    outer loop
      vertex -48.001 -38.0253 1.35
      vertex -48.0434 -38.1001 4.8
      vertex -48.0434 -38.1001 1.35
    endloop
  endfacet
  facet normal -0.0244397 0.999701 0
    outer loop
      vertex -46.4141 -40.6729 1.35
      vertex -46.5 -40.675 4.8
      vertex -46.4141 -40.6729 4.8
    endloop
  endfacet
  facet normal -0.0244397 0.999701 0
    outer loop
      vertex -46.5 -40.675 4.8
      vertex -46.4141 -40.6729 1.35
      vertex -46.5 -40.675 1.35
    endloop
  endfacet
  facet normal 0.690033 0.723778 -0
    outer loop
      vertex -47.6752 -40.2217 1.35
      vertex -47.7374 -40.1624 4.8
      vertex -47.6752 -40.2217 4.8
    endloop
  endfacet
  facet normal 0.690033 0.723778 0
    outer loop
      vertex -47.7374 -40.1624 4.8
      vertex -47.6752 -40.2217 1.35
      vertex -47.7374 -40.1624 1.35
    endloop
  endfacet
  facet normal 0.267644 -0.963518 0
    outer loop
      vertex -47.008 -37.2504 1.35
      vertex -46.9252 -37.2274 4.8
      vertex -47.008 -37.2504 4.8
    endloop
  endfacet
  facet normal 0.267644 -0.963518 0
    outer loop
      vertex -46.9252 -37.2274 4.8
      vertex -47.008 -37.2504 1.35
      vertex -46.9252 -37.2274 1.35
    endloop
  endfacet
  facet normal 0.985237 0.171194 5.4731e-20
    outer loop
      vertex -48.2164 -39.2664 4.8
      vertex -48.2311 -39.1818 1.35
      vertex -48.2311 -39.1818 4.8
    endloop
  endfacet
  facet normal 0.985237 0.171194 5.4731e-20
    outer loop
      vertex -48.2311 -39.1818 1.35
      vertex -48.2164 -39.2664 4.8
      vertex -48.2164 -39.2664 1.35
    endloop
  endfacet
  facet normal 0.723778 -0.690033 -6.17186e-20
    outer loop
      vertex -47.7967 -37.7498 4.8
      vertex -47.7374 -37.6876 1.35
      vertex -47.7374 -37.6876 4.8
    endloop
  endfacet
  facet normal 0.723778 -0.690033 -6.17186e-20
    outer loop
      vertex -47.7374 -37.6876 1.35
      vertex -47.7967 -37.7498 4.8
      vertex -47.7967 -37.7498 1.35
    endloop
  endfacet
  facet normal 0.313084 0.949726 -0
    outer loop
      vertex -47.008 -40.5996 1.35
      vertex -47.0896 -40.5727 4.8
      vertex -47.008 -40.5996 4.8
    endloop
  endfacet
  facet normal 0.313084 0.949726 0
    outer loop
      vertex -47.0896 -40.5727 4.8
      vertex -47.008 -40.5996 1.35
      vertex -47.0896 -40.5727 1.35
    endloop
  endfacet
  facet normal 0.949726 -0.313084 4.89832e-19
    outer loop
      vertex -48.1746 -38.417 4.8
      vertex -48.1477 -38.3354 1.35
      vertex -48.1477 -38.3354 4.8
    endloop
  endfacet
  facet normal 0.949726 -0.313084 4.89832e-19
    outer loop
      vertex -48.1477 -38.3354 1.35
      vertex -48.1746 -38.417 4.8
      vertex -48.1746 -38.417 1.35
    endloop
  endfacet
  facet normal 0.949726 0.313084 -4.89832e-19
    outer loop
      vertex -48.1477 -39.5146 4.8
      vertex -48.1746 -39.433 1.35
      vertex -48.1746 -39.433 4.8
    endloop
  endfacet
  facet normal 0.949726 0.313084 -4.89832e-19
    outer loop
      vertex -48.1746 -39.433 1.35
      vertex -48.1477 -39.5146 4.8
      vertex -48.1477 -39.5146 1.35
    endloop
  endfacet
  facet normal -0.844907 0.534913 -1.05007e-20
    outer loop
      vertex -45.0449 -39.8972 1.35
      vertex -44.999 -39.8247 4.8
      vertex -44.999 -39.8247 1.35
    endloop
  endfacet
  facet normal -0.844907 0.534913 -1.05007e-20
    outer loop
      vertex -44.999 -39.8247 4.8
      vertex -45.0449 -39.8972 1.35
      vertex -45.0449 -39.8972 4.8
    endloop
  endfacet
  facet normal 0.757032 -0.653377 -7.1089e-19
    outer loop
      vertex -47.8528 -37.8148 4.8
      vertex -47.7967 -37.7498 1.35
      vertex -47.7967 -37.7498 4.8
    endloop
  endfacet
  facet normal 0.757032 -0.653377 -7.1089e-19
    outer loop
      vertex -47.7967 -37.7498 1.35
      vertex -47.8528 -37.8148 4.8
      vertex -47.8528 -37.8148 1.35
    endloop
  endfacet
  facet normal 0.218903 0.975747 -0
    outer loop
      vertex -46.8414 -40.6414 1.35
      vertex -46.9252 -40.6226 4.8
      vertex -46.8414 -40.6414 4.8
    endloop
  endfacet
  facet normal 0.218903 0.975747 0
    outer loop
      vertex -46.9252 -40.6226 4.8
      vertex -46.8414 -40.6414 1.35
      vertex -46.9252 -40.6226 1.35
    endloop
  endfacet
  facet normal 0.405274 -0.914195 0
    outer loop
      vertex -47.2482 -37.343 1.35
      vertex -47.1697 -37.3082 4.8
      vertex -47.2482 -37.343 4.8
    endloop
  endfacet
  facet normal 0.405274 -0.914195 0
    outer loop
      vertex -47.1697 -37.3082 4.8
      vertex -47.2482 -37.343 1.35
      vertex -47.1697 -37.3082 1.35
    endloop
  endfacet
  facet normal 0.653377 0.757032 -0
    outer loop
      vertex -47.6102 -40.2778 1.35
      vertex -47.6752 -40.2217 4.8
      vertex -47.6102 -40.2778 4.8
    endloop
  endfacet
  facet normal 0.653377 0.757032 0
    outer loop
      vertex -47.6752 -40.2217 4.8
      vertex -47.6102 -40.2778 1.35
      vertex -47.6752 -40.2217 1.35
    endloop
  endfacet
  facet normal 0.723778 0.690033 6.17186e-20
    outer loop
      vertex -47.7374 -40.1624 4.8
      vertex -47.7967 -40.1002 1.35
      vertex -47.7967 -40.1002 4.8
    endloop
  endfacet
  facet normal 0.723778 0.690033 6.17186e-20
    outer loop
      vertex -47.7967 -40.1002 1.35
      vertex -47.7374 -40.1624 4.8
      vertex -47.7374 -40.1624 1.35
    endloop
  endfacet
  facet normal -0.534913 -0.844907 0
    outer loop
      vertex -45.6003 -37.424 1.35
      vertex -45.5278 -37.4699 4.8
      vertex -45.6003 -37.424 4.8
    endloop
  endfacet
  facet normal -0.534913 -0.844907 -0
    outer loop
      vertex -45.5278 -37.4699 4.8
      vertex -45.6003 -37.424 1.35
      vertex -45.5278 -37.4699 1.35
    endloop
  endfacet
  facet normal -0.817644 0.575724 1.66575e-19
    outer loop
      vertex -45.0944 -39.9675 1.35
      vertex -45.0449 -39.8972 4.8
      vertex -45.0449 -39.8972 1.35
    endloop
  endfacet
  facet normal -0.817644 0.575724 1.66575e-19
    outer loop
      vertex -45.0449 -39.8972 4.8
      vertex -45.0944 -39.9675 1.35
      vertex -45.0944 -39.9675 4.8
    endloop
  endfacet
  facet normal -0.963518 0.267644 2.6244e-19
    outer loop
      vertex -44.8254 -39.433 1.35
      vertex -44.8024 -39.3502 4.8
      vertex -44.8024 -39.3502 1.35
    endloop
  endfacet
  facet normal -0.963518 0.267644 2.6244e-19
    outer loop
      vertex -44.8024 -39.3502 4.8
      vertex -44.8254 -39.433 1.35
      vertex -44.8254 -39.433 4.8
    endloop
  endfacet
  facet normal -0.218903 0.975747 0
    outer loop
      vertex -46.0748 -40.6226 1.35
      vertex -46.1586 -40.6414 4.8
      vertex -46.0748 -40.6226 4.8
    endloop
  endfacet
  facet normal -0.218903 0.975747 0
    outer loop
      vertex -46.1586 -40.6414 4.8
      vertex -46.0748 -40.6226 1.35
      vertex -46.1586 -40.6414 1.35
    endloop
  endfacet
  facet normal -0.723778 0.690033 -6.17186e-20
    outer loop
      vertex -45.2626 -40.1624 1.35
      vertex -45.2033 -40.1002 4.8
      vertex -45.2033 -40.1002 1.35
    endloop
  endfacet
  facet normal -0.723778 0.690033 -6.17186e-20
    outer loop
      vertex -45.2033 -40.1002 4.8
      vertex -45.2626 -40.1624 1.35
      vertex -45.2626 -40.1624 4.8
    endloop
  endfacet
  facet normal -0.788536 -0.614988 -5.31395e-19
    outer loop
      vertex -45.0944 -37.8825 1.35
      vertex -45.1472 -37.8148 4.8
      vertex -45.1472 -37.8148 1.35
    endloop
  endfacet
  facet normal -0.788536 -0.614988 -5.31395e-19
    outer loop
      vertex -45.1472 -37.8148 4.8
      vertex -45.0944 -37.8825 1.35
      vertex -45.0944 -37.8825 4.8
    endloop
  endfacet
  facet normal 0.614988 -0.788536 0
    outer loop
      vertex -47.6102 -37.5722 1.35
      vertex -47.5425 -37.5194 4.8
      vertex -47.6102 -37.5722 4.8
    endloop
  endfacet
  facet normal 0.614988 -0.788536 0
    outer loop
      vertex -47.5425 -37.5194 4.8
      vertex -47.6102 -37.5722 1.35
      vertex -47.5425 -37.5194 1.35
    endloop
  endfacet
  facet normal -0.914195 0.405274 -3.52037e-19
    outer loop
      vertex -44.918 -39.6732 1.35
      vertex -44.8832 -39.5947 4.8
      vertex -44.8832 -39.5947 1.35
    endloop
  endfacet
  facet normal -0.914195 0.405274 -3.52037e-19
    outer loop
      vertex -44.8832 -39.5947 4.8
      vertex -44.918 -39.6732 1.35
      vertex -44.918 -39.6732 4.8
    endloop
  endfacet
  facet normal -0.757032 0.653377 -7.1089e-19
    outer loop
      vertex -45.2033 -40.1002 1.35
      vertex -45.1472 -40.0352 4.8
      vertex -45.1472 -40.0352 1.35
    endloop
  endfacet
  facet normal -0.757032 0.653377 -7.1089e-19
    outer loop
      vertex -45.1472 -40.0352 4.8
      vertex -45.2033 -40.1002 1.35
      vertex -45.2033 -40.1002 4.8
    endloop
  endfacet
  facet normal -0.949726 0.313084 4.89832e-19
    outer loop
      vertex -44.8523 -39.5146 1.35
      vertex -44.8254 -39.433 4.8
      vertex -44.8254 -39.433 1.35
    endloop
  endfacet
  facet normal -0.949726 0.313084 4.89832e-19
    outer loop
      vertex -44.8254 -39.433 4.8
      vertex -44.8523 -39.5146 1.35
      vertex -44.8523 -39.5146 4.8
    endloop
  endfacet
  facet normal -0.575724 -0.817644 0
    outer loop
      vertex -45.5278 -37.4699 1.35
      vertex -45.4575 -37.5194 4.8
      vertex -45.5278 -37.4699 4.8
    endloop
  endfacet
  facet normal -0.575724 -0.817644 -0
    outer loop
      vertex -45.4575 -37.5194 4.8
      vertex -45.5278 -37.4699 1.35
      vertex -45.4575 -37.5194 1.35
    endloop
  endfacet
  facet normal 0.914195 0.405274 3.52037e-19
    outer loop
      vertex -48.082 -39.6732 4.8
      vertex -48.1168 -39.5947 1.35
      vertex -48.1168 -39.5947 4.8
    endloop
  endfacet
  facet normal 0.914195 0.405274 3.52037e-19
    outer loop
      vertex -48.1168 -39.5947 1.35
      vertex -48.082 -39.6732 4.8
      vertex -48.082 -39.6732 1.35
    endloop
  endfacet
  facet normal 0.932985 0.359916 6.80045e-19
    outer loop
      vertex -48.1168 -39.5947 4.8
      vertex -48.1477 -39.5146 1.35
      vertex -48.1477 -39.5146 4.8
    endloop
  endfacet
  facet normal 0.932985 0.359916 6.80045e-19
    outer loop
      vertex -48.1477 -39.5146 1.35
      vertex -48.1168 -39.5947 4.8
      vertex -48.1168 -39.5947 1.35
    endloop
  endfacet
  facet normal -0.0733996 0.997303 0
    outer loop
      vertex -46.3285 -40.6666 1.35
      vertex -46.4141 -40.6729 4.8
      vertex -46.3285 -40.6666 4.8
    endloop
  endfacet
  facet normal -0.0733996 0.997303 0
    outer loop
      vertex -46.4141 -40.6729 4.8
      vertex -46.3285 -40.6666 1.35
      vertex -46.4141 -40.6729 1.35
    endloop
  endfacet
  facet normal -0.89326 0.449541 -5.29523e-20
    outer loop
      vertex -44.9566 -39.7499 1.35
      vertex -44.918 -39.6732 4.8
      vertex -44.918 -39.6732 1.35
    endloop
  endfacet
  facet normal -0.89326 0.449541 -5.29523e-20
    outer loop
      vertex -44.918 -39.6732 4.8
      vertex -44.9566 -39.7499 1.35
      vertex -44.9566 -39.7499 4.8
    endloop
  endfacet
  facet normal -0.405274 0.914195 0
    outer loop
      vertex -45.7518 -40.507 1.35
      vertex -45.8303 -40.5418 4.8
      vertex -45.7518 -40.507 4.8
    endloop
  endfacet
  facet normal -0.405274 0.914195 0
    outer loop
      vertex -45.8303 -40.5418 4.8
      vertex -45.7518 -40.507 1.35
      vertex -45.8303 -40.5418 1.35
    endloop
  endfacet
  facet normal 0.575724 -0.817644 0
    outer loop
      vertex -47.5425 -37.5194 1.35
      vertex -47.4722 -37.4699 4.8
      vertex -47.5425 -37.5194 4.8
    endloop
  endfacet
  facet normal 0.575724 -0.817644 0
    outer loop
      vertex -47.4722 -37.4699 4.8
      vertex -47.5425 -37.5194 1.35
      vertex -47.4722 -37.4699 1.35
    endloop
  endfacet
  facet normal -0.614988 0.788536 0
    outer loop
      vertex -45.3898 -40.2778 1.35
      vertex -45.4575 -40.3306 4.8
      vertex -45.3898 -40.2778 4.8
    endloop
  endfacet
  facet normal -0.614988 0.788536 0
    outer loop
      vertex -45.4575 -40.3306 4.8
      vertex -45.3898 -40.2778 1.35
      vertex -45.4575 -40.3306 1.35
    endloop
  endfacet
  facet normal 0.844907 -0.534913 -1.05007e-20
    outer loop
      vertex -48.001 -38.0253 4.8
      vertex -47.9551 -37.9528 1.35
      vertex -47.9551 -37.9528 4.8
    endloop
  endfacet
  facet normal 0.844907 -0.534913 -1.05007e-20
    outer loop
      vertex -47.9551 -37.9528 1.35
      vertex -48.001 -38.0253 4.8
      vertex -48.001 -38.0253 1.35
    endloop
  endfacet
  facet normal 0.963518 -0.267644 2.6244e-19
    outer loop
      vertex -48.1976 -38.4998 4.8
      vertex -48.1746 -38.417 1.35
      vertex -48.1746 -38.417 4.8
    endloop
  endfacet
  facet normal 0.963518 -0.267644 2.6244e-19
    outer loop
      vertex -48.1746 -38.417 1.35
      vertex -48.1976 -38.4998 4.8
      vertex -48.1976 -38.4998 1.35
    endloop
  endfacet
  facet normal -0.788536 0.614988 5.31395e-19
    outer loop
      vertex -45.1472 -40.0352 1.35
      vertex -45.0944 -39.9675 4.8
      vertex -45.0944 -39.9675 1.35
    endloop
  endfacet
  facet normal -0.788536 0.614988 5.31395e-19
    outer loop
      vertex -45.0944 -39.9675 4.8
      vertex -45.1472 -40.0352 1.35
      vertex -45.1472 -40.0352 4.8
    endloop
  endfacet
  facet normal 0.788536 0.614988 -5.31395e-19
    outer loop
      vertex -47.8528 -40.0352 4.8
      vertex -47.9056 -39.9675 1.35
      vertex -47.9056 -39.9675 4.8
    endloop
  endfacet
  facet normal 0.788536 0.614988 -5.31395e-19
    outer loop
      vertex -47.9056 -39.9675 1.35
      vertex -47.8528 -40.0352 4.8
      vertex -47.8528 -40.0352 1.35
    endloop
  endfacet
  facet normal 0.817644 0.575724 -1.66575e-19
    outer loop
      vertex -47.9056 -39.9675 4.8
      vertex -47.9551 -39.8972 1.35
      vertex -47.9551 -39.8972 4.8
    endloop
  endfacet
  facet normal 0.817644 0.575724 -1.66575e-19
    outer loop
      vertex -47.9551 -39.8972 1.35
      vertex -47.9056 -39.9675 4.8
      vertex -47.9056 -39.9675 1.35
    endloop
  endfacet
  facet normal -0.997303 0.0733996 8.54791e-20
    outer loop
      vertex -44.7584 -39.0965 1.35
      vertex -44.7521 -39.0109 4.8
      vertex -44.7521 -39.0109 1.35
    endloop
  endfacet
  facet normal -0.997303 0.0733996 8.54791e-20
    outer loop
      vertex -44.7521 -39.0109 4.8
      vertex -44.7584 -39.0965 1.35
      vertex -44.7584 -39.0965 4.8
    endloop
  endfacet
  facet normal 0.614988 0.788536 -0
    outer loop
      vertex -47.5425 -40.3306 1.35
      vertex -47.6102 -40.2778 4.8
      vertex -47.5425 -40.3306 4.8
    endloop
  endfacet
  facet normal 0.614988 0.788536 0
    outer loop
      vertex -47.6102 -40.2778 4.8
      vertex -47.5425 -40.3306 1.35
      vertex -47.6102 -40.2778 1.35
    endloop
  endfacet
  facet normal 0.449541 0.89326 -0
    outer loop
      vertex -47.2482 -40.507 1.35
      vertex -47.3249 -40.4684 4.8
      vertex -47.2482 -40.507 4.8
    endloop
  endfacet
  facet normal 0.449541 0.89326 0
    outer loop
      vertex -47.3249 -40.4684 4.8
      vertex -47.2482 -40.507 1.35
      vertex -47.3249 -40.4684 1.35
    endloop
  endfacet
  facet normal -0.614988 -0.788536 0
    outer loop
      vertex -45.4575 -37.5194 1.35
      vertex -45.3898 -37.5722 4.8
      vertex -45.4575 -37.5194 4.8
    endloop
  endfacet
  facet normal -0.614988 -0.788536 -0
    outer loop
      vertex -45.3898 -37.5722 4.8
      vertex -45.4575 -37.5194 1.35
      vertex -45.3898 -37.5722 1.35
    endloop
  endfacet
  facet normal -0.653377 0.757032 0
    outer loop
      vertex -45.3248 -40.2217 1.35
      vertex -45.3898 -40.2778 4.8
      vertex -45.3248 -40.2217 4.8
    endloop
  endfacet
  facet normal -0.653377 0.757032 0
    outer loop
      vertex -45.3898 -40.2778 4.8
      vertex -45.3248 -40.2217 1.35
      vertex -45.3898 -40.2778 1.35
    endloop
  endfacet
  facet normal 0.844907 0.534913 1.05007e-20
    outer loop
      vertex -47.9551 -39.8972 4.8
      vertex -48.001 -39.8247 1.35
      vertex -48.001 -39.8247 4.8
    endloop
  endfacet
  facet normal 0.844907 0.534913 1.05007e-20
    outer loop
      vertex -48.001 -39.8247 1.35
      vertex -47.9551 -39.8972 4.8
      vertex -47.9551 -39.8972 1.35
    endloop
  endfacet
  facet normal 0.997303 -0.0733996 8.54791e-20
    outer loop
      vertex -48.2479 -38.8391 4.8
      vertex -48.2416 -38.7535 1.35
      vertex -48.2416 -38.7535 4.8
    endloop
  endfacet
  facet normal 0.997303 -0.0733996 8.54791e-20
    outer loop
      vertex -48.2416 -38.7535 1.35
      vertex -48.2479 -38.8391 4.8
      vertex -48.2479 -38.8391 1.35
    endloop
  endfacet
  facet normal 0.171194 0.985237 -0
    outer loop
      vertex -46.7568 -40.6561 1.35
      vertex -46.8414 -40.6414 4.8
      vertex -46.7568 -40.6561 4.8
    endloop
  endfacet
  facet normal 0.171194 0.985237 0
    outer loop
      vertex -46.8414 -40.6414 4.8
      vertex -46.7568 -40.6561 1.35
      vertex -46.8414 -40.6414 1.35
    endloop
  endfacet
  facet normal -0.449541 -0.89326 0
    outer loop
      vertex -45.7518 -37.343 1.35
      vertex -45.6751 -37.3816 4.8
      vertex -45.7518 -37.343 4.8
    endloop
  endfacet
  facet normal -0.449541 -0.89326 -0
    outer loop
      vertex -45.6751 -37.3816 4.8
      vertex -45.7518 -37.343 1.35
      vertex -45.6751 -37.3816 1.35
    endloop
  endfacet
  facet normal 0.869956 0.49313 2.70538e-19
    outer loop
      vertex -48.001 -39.8247 4.8
      vertex -48.0434 -39.7499 1.35
      vertex -48.0434 -39.7499 4.8
    endloop
  endfacet
  facet normal 0.869956 0.49313 2.70538e-19
    outer loop
      vertex -48.0434 -39.7499 1.35
      vertex -48.001 -39.8247 4.8
      vertex -48.001 -39.8247 1.35
    endloop
  endfacet
  facet normal 0.122173 -0.992509 0
    outer loop
      vertex -46.7568 -37.1939 1.35
      vertex -46.6715 -37.1834 4.8
      vertex -46.7568 -37.1939 4.8
    endloop
  endfacet
  facet normal 0.122173 -0.992509 0
    outer loop
      vertex -46.6715 -37.1834 4.8
      vertex -46.7568 -37.1939 1.35
      vertex -46.6715 -37.1834 1.35
    endloop
  endfacet
  facet normal 0.171194 -0.985237 0
    outer loop
      vertex -46.8414 -37.2086 1.35
      vertex -46.7568 -37.1939 4.8
      vertex -46.8414 -37.2086 4.8
    endloop
  endfacet
  facet normal 0.171194 -0.985237 0
    outer loop
      vertex -46.7568 -37.1939 4.8
      vertex -46.8414 -37.2086 1.35
      vertex -46.7568 -37.1939 1.35
    endloop
  endfacet
  facet normal 0.963518 0.267644 -2.6244e-19
    outer loop
      vertex -48.1746 -39.433 4.8
      vertex -48.1976 -39.3502 1.35
      vertex -48.1976 -39.3502 4.8
    endloop
  endfacet
  facet normal 0.963518 0.267644 -2.6244e-19
    outer loop
      vertex -48.1976 -39.3502 1.35
      vertex -48.1746 -39.433 4.8
      vertex -48.1746 -39.433 1.35
    endloop
  endfacet
  facet normal -0.0244397 -0.999701 0
    outer loop
      vertex -46.5 -37.175 1.35
      vertex -46.4141 -37.1771 4.8
      vertex -46.5 -37.175 4.8
    endloop
  endfacet
  facet normal -0.0244397 -0.999701 -0
    outer loop
      vertex -46.4141 -37.1771 4.8
      vertex -46.5 -37.175 1.35
      vertex -46.4141 -37.1771 1.35
    endloop
  endfacet
  facet normal 0.575724 0.817644 -0
    outer loop
      vertex -47.4722 -40.3801 1.35
      vertex -47.5425 -40.3306 4.8
      vertex -47.4722 -40.3801 4.8
    endloop
  endfacet
  facet normal 0.575724 0.817644 0
    outer loop
      vertex -47.5425 -40.3306 4.8
      vertex -47.4722 -40.3801 1.35
      vertex -47.5425 -40.3306 1.35
    endloop
  endfacet
  facet normal 0.0244397 0.999701 -0
    outer loop
      vertex -46.5 -40.675 1.35
      vertex -46.5859 -40.6729 4.8
      vertex -46.5 -40.675 4.8
    endloop
  endfacet
  facet normal 0.0244397 0.999701 0
    outer loop
      vertex -46.5859 -40.6729 4.8
      vertex -46.5 -40.675 1.35
      vertex -46.5859 -40.6729 1.35
    endloop
  endfacet
  facet normal -0.359916 0.932985 0
    outer loop
      vertex -45.8303 -40.5418 1.35
      vertex -45.9104 -40.5727 4.8
      vertex -45.8303 -40.5418 4.8
    endloop
  endfacet
  facet normal -0.359916 0.932985 0
    outer loop
      vertex -45.9104 -40.5727 4.8
      vertex -45.8303 -40.5418 1.35
      vertex -45.9104 -40.5727 1.35
    endloop
  endfacet
  facet normal -0.313084 -0.949726 0
    outer loop
      vertex -45.992 -37.2504 1.35
      vertex -45.9104 -37.2773 4.8
      vertex -45.992 -37.2504 4.8
    endloop
  endfacet
  facet normal -0.313084 -0.949726 -0
    outer loop
      vertex -45.9104 -37.2773 4.8
      vertex -45.992 -37.2504 1.35
      vertex -45.9104 -37.2773 1.35
    endloop
  endfacet
  facet normal 0.449541 -0.89326 0
    outer loop
      vertex -47.3249 -37.3816 1.35
      vertex -47.2482 -37.343 4.8
      vertex -47.3249 -37.3816 4.8
    endloop
  endfacet
  facet normal 0.449541 -0.89326 0
    outer loop
      vertex -47.2482 -37.343 4.8
      vertex -47.3249 -37.3816 1.35
      vertex -47.2482 -37.343 1.35
    endloop
  endfacet
  facet normal 0.49313 0.869956 -0
    outer loop
      vertex -47.3249 -40.4684 1.35
      vertex -47.3997 -40.426 4.8
      vertex -47.3249 -40.4684 4.8
    endloop
  endfacet
  facet normal 0.49313 0.869956 0
    outer loop
      vertex -47.3997 -40.426 4.8
      vertex -47.3249 -40.4684 1.35
      vertex -47.3997 -40.426 1.35
    endloop
  endfacet
  facet normal -0.171194 0.985237 0
    outer loop
      vertex -46.1586 -40.6414 1.35
      vertex -46.2432 -40.6561 4.8
      vertex -46.1586 -40.6414 4.8
    endloop
  endfacet
  facet normal -0.171194 0.985237 0
    outer loop
      vertex -46.2432 -40.6561 4.8
      vertex -46.1586 -40.6414 1.35
      vertex -46.2432 -40.6561 1.35
    endloop
  endfacet
  facet normal -0.869956 -0.49313 -1.94962e-19
    outer loop
      vertex -44.9566 -38.1001 1.35
      vertex -44.999 -38.0253 4.8
      vertex -44.999 -38.0253 1.35
    endloop
  endfacet
  facet normal -0.869956 -0.49313 -1.94962e-19
    outer loop
      vertex -44.999 -38.0253 4.8
      vertex -44.9566 -38.1001 1.35
      vertex -44.9566 -38.1001 4.8
    endloop
  endfacet
  facet normal -0.690033 0.723778 0
    outer loop
      vertex -45.2626 -40.1624 1.35
      vertex -45.3248 -40.2217 4.8
      vertex -45.2626 -40.1624 4.8
    endloop
  endfacet
  facet normal -0.690033 0.723778 0
    outer loop
      vertex -45.3248 -40.2217 4.8
      vertex -45.2626 -40.1624 1.35
      vertex -45.3248 -40.2217 1.35
    endloop
  endfacet
  facet normal -0.171194 -0.985237 0
    outer loop
      vertex -46.2432 -37.1939 1.35
      vertex -46.1586 -37.2086 4.8
      vertex -46.2432 -37.1939 4.8
    endloop
  endfacet
  facet normal -0.171194 -0.985237 -0
    outer loop
      vertex -46.1586 -37.2086 4.8
      vertex -46.2432 -37.1939 1.35
      vertex -46.1586 -37.2086 1.35
    endloop
  endfacet
  facet normal 0.534913 -0.844907 0
    outer loop
      vertex -47.4722 -37.4699 1.35
      vertex -47.3997 -37.424 4.8
      vertex -47.4722 -37.4699 4.8
    endloop
  endfacet
  facet normal 0.534913 -0.844907 0
    outer loop
      vertex -47.3997 -37.424 4.8
      vertex -47.4722 -37.4699 1.35
      vertex -47.3997 -37.424 1.35
    endloop
  endfacet
  facet normal 0.690033 -0.723778 0
    outer loop
      vertex -47.7374 -37.6876 1.35
      vertex -47.6752 -37.6283 4.8
      vertex -47.7374 -37.6876 4.8
    endloop
  endfacet
  facet normal 0.690033 -0.723778 0
    outer loop
      vertex -47.6752 -37.6283 4.8
      vertex -47.7374 -37.6876 1.35
      vertex -47.6752 -37.6283 1.35
    endloop
  endfacet
  facet normal -0.534913 0.844907 0
    outer loop
      vertex -45.5278 -40.3801 1.35
      vertex -45.6003 -40.426 4.8
      vertex -45.5278 -40.3801 4.8
    endloop
  endfacet
  facet normal -0.534913 0.844907 0
    outer loop
      vertex -45.6003 -40.426 4.8
      vertex -45.5278 -40.3801 1.35
      vertex -45.6003 -40.426 1.35
    endloop
  endfacet
  facet normal -0.690033 -0.723778 0
    outer loop
      vertex -45.3248 -37.6283 1.35
      vertex -45.2626 -37.6876 4.8
      vertex -45.3248 -37.6283 4.8
    endloop
  endfacet
  facet normal -0.690033 -0.723778 -0
    outer loop
      vertex -45.2626 -37.6876 4.8
      vertex -45.3248 -37.6283 1.35
      vertex -45.2626 -37.6876 1.35
    endloop
  endfacet
  facet normal -0.122173 0.992509 0
    outer loop
      vertex -46.2432 -40.6561 1.35
      vertex -46.3285 -40.6666 4.8
      vertex -46.2432 -40.6561 4.8
    endloop
  endfacet
  facet normal -0.122173 0.992509 0
    outer loop
      vertex -46.3285 -40.6666 4.8
      vertex -46.2432 -40.6561 1.35
      vertex -46.3285 -40.6666 1.35
    endloop
  endfacet
  facet normal 0.757032 0.653377 7.1089e-19
    outer loop
      vertex -47.7967 -40.1002 4.8
      vertex -47.8528 -40.0352 1.35
      vertex -47.8528 -40.0352 4.8
    endloop
  endfacet
  facet normal 0.757032 0.653377 7.1089e-19
    outer loop
      vertex -47.8528 -40.0352 1.35
      vertex -47.7967 -40.1002 4.8
      vertex -47.7967 -40.1002 1.35
    endloop
  endfacet
  facet normal 0.0244397 -0.999701 0
    outer loop
      vertex -46.5859 -37.1771 1.35
      vertex -46.5 -37.175 4.8
      vertex -46.5859 -37.1771 4.8
    endloop
  endfacet
  facet normal 0.0244397 -0.999701 0
    outer loop
      vertex -46.5 -37.175 4.8
      vertex -46.5859 -37.1771 1.35
      vertex -46.5 -37.175 1.35
    endloop
  endfacet
  facet normal -0.0733996 -0.997303 0
    outer loop
      vertex -46.4141 -37.1771 1.35
      vertex -46.3285 -37.1834 4.8
      vertex -46.4141 -37.1771 4.8
    endloop
  endfacet
  facet normal -0.0733996 -0.997303 -0
    outer loop
      vertex -46.3285 -37.1834 4.8
      vertex -46.4141 -37.1771 1.35
      vertex -46.3285 -37.1834 1.35
    endloop
  endfacet
  facet normal -0.575724 0.817644 0
    outer loop
      vertex -45.4575 -40.3306 1.35
      vertex -45.5278 -40.3801 4.8
      vertex -45.4575 -40.3306 4.8
    endloop
  endfacet
  facet normal -0.575724 0.817644 0
    outer loop
      vertex -45.5278 -40.3801 4.8
      vertex -45.4575 -40.3306 1.35
      vertex -45.5278 -40.3801 1.35
    endloop
  endfacet
  facet normal 0.267644 0.963518 -0
    outer loop
      vertex -46.9252 -40.6226 1.35
      vertex -47.008 -40.5996 4.8
      vertex -46.9252 -40.6226 4.8
    endloop
  endfacet
  facet normal 0.267644 0.963518 0
    outer loop
      vertex -47.008 -40.5996 4.8
      vertex -46.9252 -40.6226 1.35
      vertex -47.008 -40.5996 1.35
    endloop
  endfacet
  facet normal -0.932985 -0.359916 6.80045e-19
    outer loop
      vertex -44.8523 -38.3354 1.35
      vertex -44.8832 -38.2553 4.8
      vertex -44.8832 -38.2553 1.35
    endloop
  endfacet
  facet normal -0.932985 -0.359916 6.80045e-19
    outer loop
      vertex -44.8832 -38.2553 4.8
      vertex -44.8523 -38.3354 1.35
      vertex -44.8523 -38.3354 4.8
    endloop
  endfacet
  facet normal -0.49313 0.869956 0
    outer loop
      vertex -45.6003 -40.426 1.35
      vertex -45.6751 -40.4684 4.8
      vertex -45.6003 -40.426 4.8
    endloop
  endfacet
  facet normal -0.49313 0.869956 0
    outer loop
      vertex -45.6751 -40.4684 4.8
      vertex -45.6003 -40.426 1.35
      vertex -45.6751 -40.4684 1.35
    endloop
  endfacet
  facet normal 0.313084 -0.949726 0
    outer loop
      vertex -47.0896 -37.2773 1.35
      vertex -47.008 -37.2504 4.8
      vertex -47.0896 -37.2773 4.8
    endloop
  endfacet
  facet normal 0.313084 -0.949726 0
    outer loop
      vertex -47.008 -37.2504 4.8
      vertex -47.0896 -37.2773 1.35
      vertex -47.008 -37.2504 1.35
    endloop
  endfacet
  facet normal -0.914195 -0.405274 3.52037e-19
    outer loop
      vertex -44.8832 -38.2553 1.35
      vertex -44.918 -38.1768 4.8
      vertex -44.918 -38.1768 1.35
    endloop
  endfacet
  facet normal -0.914195 -0.405274 3.52037e-19
    outer loop
      vertex -44.918 -38.1768 4.8
      vertex -44.8832 -38.2553 1.35
      vertex -44.8832 -38.2553 4.8
    endloop
  endfacet
  facet normal 0.0733996 0.997303 -0
    outer loop
      vertex -46.5859 -40.6729 1.35
      vertex -46.6715 -40.6666 4.8
      vertex -46.5859 -40.6729 4.8
    endloop
  endfacet
  facet normal 0.0733996 0.997303 0
    outer loop
      vertex -46.6715 -40.6666 4.8
      vertex -46.5859 -40.6729 1.35
      vertex -46.6715 -40.6666 1.35
    endloop
  endfacet
  facet normal -0.844907 -0.534913 1.05007e-20
    outer loop
      vertex -44.999 -38.0253 1.35
      vertex -45.0449 -37.9528 4.8
      vertex -45.0449 -37.9528 1.35
    endloop
  endfacet
  facet normal -0.844907 -0.534913 1.05007e-20
    outer loop
      vertex -45.0449 -37.9528 4.8
      vertex -44.999 -38.0253 1.35
      vertex -44.999 -38.0253 4.8
    endloop
  endfacet
  facet normal -0.653377 -0.757032 0
    outer loop
      vertex -45.3898 -37.5722 1.35
      vertex -45.3248 -37.6283 4.8
      vertex -45.3898 -37.5722 4.8
    endloop
  endfacet
  facet normal -0.653377 -0.757032 -0
    outer loop
      vertex -45.3248 -37.6283 4.8
      vertex -45.3898 -37.5722 1.35
      vertex -45.3248 -37.6283 1.35
    endloop
  endfacet
  facet normal 0.49313 -0.869956 0
    outer loop
      vertex -47.3997 -37.424 1.35
      vertex -47.3249 -37.3816 4.8
      vertex -47.3997 -37.424 4.8
    endloop
  endfacet
  facet normal 0.49313 -0.869956 0
    outer loop
      vertex -47.3249 -37.3816 4.8
      vertex -47.3997 -37.424 1.35
      vertex -47.3249 -37.3816 1.35
    endloop
  endfacet
  facet normal -0.992509 -0.122173 2.47314e-20
    outer loop
      vertex -44.7584 -38.7535 1.35
      vertex -44.7689 -38.6682 4.8
      vertex -44.7689 -38.6682 1.35
    endloop
  endfacet
  facet normal -0.992509 -0.122173 2.47314e-20
    outer loop
      vertex -44.7689 -38.6682 4.8
      vertex -44.7584 -38.7535 1.35
      vertex -44.7584 -38.7535 4.8
    endloop
  endfacet
  facet normal 0.817644 -0.575724 1.66575e-19
    outer loop
      vertex -47.9551 -37.9528 4.8
      vertex -47.9056 -37.8825 1.35
      vertex -47.9056 -37.8825 4.8
    endloop
  endfacet
  facet normal 0.817644 -0.575724 1.66575e-19
    outer loop
      vertex -47.9056 -37.8825 1.35
      vertex -47.9551 -37.9528 4.8
      vertex -47.9551 -37.9528 1.35
    endloop
  endfacet
  facet normal 0.932985 -0.359916 -6.80045e-19
    outer loop
      vertex -48.1477 -38.3354 4.8
      vertex -48.1168 -38.2553 1.35
      vertex -48.1168 -38.2553 4.8
    endloop
  endfacet
  facet normal 0.932985 -0.359916 -6.80045e-19
    outer loop
      vertex -48.1168 -38.2553 1.35
      vertex -48.1477 -38.3354 4.8
      vertex -48.1477 -38.3354 1.35
    endloop
  endfacet
  facet normal 0.653377 -0.757032 0
    outer loop
      vertex -47.6752 -37.6283 1.35
      vertex -47.6102 -37.5722 4.8
      vertex -47.6752 -37.6283 4.8
    endloop
  endfacet
  facet normal 0.653377 -0.757032 0
    outer loop
      vertex -47.6102 -37.5722 4.8
      vertex -47.6752 -37.6283 1.35
      vertex -47.6102 -37.5722 1.35
    endloop
  endfacet
  facet normal 0.975747 -0.218903 3.15365e-19
    outer loop
      vertex -48.2164 -38.5836 4.8
      vertex -48.1976 -38.4998 1.35
      vertex -48.1976 -38.4998 4.8
    endloop
  endfacet
  facet normal 0.975747 -0.218903 3.15365e-19
    outer loop
      vertex -48.1976 -38.4998 1.35
      vertex -48.2164 -38.5836 4.8
      vertex -48.2164 -38.5836 1.35
    endloop
  endfacet
  facet normal -0.999701 0.0244397 3.70107e-20
    outer loop
      vertex -44.7521 -39.0109 1.35
      vertex -44.75 -38.925 4.8
      vertex -44.75 -38.925 1.35
    endloop
  endfacet
  facet normal -0.999701 0.0244397 3.70107e-20
    outer loop
      vertex -44.75 -38.925 4.8
      vertex -44.7521 -39.0109 1.35
      vertex -44.7521 -39.0109 4.8
    endloop
  endfacet
  facet normal -0.999701 -0.0244397 8.92584e-21
    outer loop
      vertex -44.75 -38.925 1.35
      vertex -44.7521 -38.8391 4.8
      vertex -44.7521 -38.8391 1.35
    endloop
  endfacet
  facet normal -0.999701 -0.0244397 8.92584e-21
    outer loop
      vertex -44.7521 -38.8391 4.8
      vertex -44.75 -38.925 1.35
      vertex -44.75 -38.925 4.8
    endloop
  endfacet
  facet normal -0.49313 -0.869956 0
    outer loop
      vertex -45.6751 -37.3816 1.35
      vertex -45.6003 -37.424 4.8
      vertex -45.6751 -37.3816 4.8
    endloop
  endfacet
  facet normal -0.49313 -0.869956 -0
    outer loop
      vertex -45.6003 -37.424 4.8
      vertex -45.6751 -37.3816 1.35
      vertex -45.6003 -37.424 1.35
    endloop
  endfacet
  facet normal -0.267644 -0.963518 0
    outer loop
      vertex -46.0748 -37.2274 1.35
      vertex -45.992 -37.2504 4.8
      vertex -46.0748 -37.2274 4.8
    endloop
  endfacet
  facet normal -0.267644 -0.963518 -0
    outer loop
      vertex -45.992 -37.2504 4.8
      vertex -46.0748 -37.2274 1.35
      vertex -45.992 -37.2504 1.35
    endloop
  endfacet
  facet normal 0.788536 -0.614988 5.31395e-19
    outer loop
      vertex -47.9056 -37.8825 4.8
      vertex -47.8528 -37.8148 1.35
      vertex -47.8528 -37.8148 4.8
    endloop
  endfacet
  facet normal 0.788536 -0.614988 5.31395e-19
    outer loop
      vertex -47.8528 -37.8148 1.35
      vertex -47.9056 -37.8825 4.8
      vertex -47.9056 -37.8825 1.35
    endloop
  endfacet
  facet normal -0.267644 0.963518 0
    outer loop
      vertex -45.992 -40.5996 1.35
      vertex -46.0748 -40.6226 4.8
      vertex -45.992 -40.5996 4.8
    endloop
  endfacet
  facet normal -0.267644 0.963518 0
    outer loop
      vertex -46.0748 -40.6226 4.8
      vertex -45.992 -40.5996 1.35
      vertex -46.0748 -40.6226 1.35
    endloop
  endfacet
  facet normal -0.218903 -0.975747 0
    outer loop
      vertex -46.1586 -37.2086 1.35
      vertex -46.0748 -37.2274 4.8
      vertex -46.1586 -37.2086 4.8
    endloop
  endfacet
  facet normal -0.218903 -0.975747 -0
    outer loop
      vertex -46.0748 -37.2274 4.8
      vertex -46.1586 -37.2086 1.35
      vertex -46.0748 -37.2274 1.35
    endloop
  endfacet
  facet normal -0.89326 -0.449541 -5.6543e-19
    outer loop
      vertex -44.918 -38.1768 1.35
      vertex -44.9566 -38.1001 4.8
      vertex -44.9566 -38.1001 1.35
    endloop
  endfacet
  facet normal -0.89326 -0.449541 -5.6543e-19
    outer loop
      vertex -44.9566 -38.1001 4.8
      vertex -44.918 -38.1768 1.35
      vertex -44.918 -38.1768 4.8
    endloop
  endfacet
  facet normal -0.992509 0.122173 -2.47314e-20
    outer loop
      vertex -44.7689 -39.1818 1.35
      vertex -44.7584 -39.0965 4.8
      vertex -44.7584 -39.0965 1.35
    endloop
  endfacet
  facet normal -0.992509 0.122173 -2.47314e-20
    outer loop
      vertex -44.7584 -39.0965 4.8
      vertex -44.7689 -39.1818 1.35
      vertex -44.7689 -39.1818 4.8
    endloop
  endfacet
  facet normal -0.359916 -0.932985 0
    outer loop
      vertex -45.9104 -37.2773 1.35
      vertex -45.8303 -37.3082 4.8
      vertex -45.9104 -37.2773 4.8
    endloop
  endfacet
  facet normal -0.359916 -0.932985 -0
    outer loop
      vertex -45.8303 -37.3082 4.8
      vertex -45.9104 -37.2773 1.35
      vertex -45.8303 -37.3082 1.35
    endloop
  endfacet
  facet normal -0.122173 -0.992509 0
    outer loop
      vertex -46.3285 -37.1834 1.35
      vertex -46.2432 -37.1939 4.8
      vertex -46.3285 -37.1834 4.8
    endloop
  endfacet
  facet normal -0.122173 -0.992509 -0
    outer loop
      vertex -46.2432 -37.1939 4.8
      vertex -46.3285 -37.1834 1.35
      vertex -46.2432 -37.1939 1.35
    endloop
  endfacet
  facet normal -0.313084 0.949726 0
    outer loop
      vertex -45.9104 -40.5727 1.35
      vertex -45.992 -40.5996 4.8
      vertex -45.9104 -40.5727 4.8
    endloop
  endfacet
  facet normal -0.313084 0.949726 0
    outer loop
      vertex -45.992 -40.5996 4.8
      vertex -45.9104 -40.5727 1.35
      vertex -45.992 -40.5996 1.35
    endloop
  endfacet
  facet normal -0.817644 -0.575724 -1.66575e-19
    outer loop
      vertex -45.0449 -37.9528 1.35
      vertex -45.0944 -37.8825 4.8
      vertex -45.0944 -37.8825 1.35
    endloop
  endfacet
  facet normal -0.817644 -0.575724 -1.66575e-19
    outer loop
      vertex -45.0944 -37.8825 4.8
      vertex -45.0449 -37.9528 1.35
      vertex -45.0449 -37.9528 4.8
    endloop
  endfacet
  facet normal 0.914195 -0.405274 -3.52037e-19
    outer loop
      vertex -48.1168 -38.2553 4.8
      vertex -48.082 -38.1768 1.35
      vertex -48.082 -38.1768 4.8
    endloop
  endfacet
  facet normal 0.914195 -0.405274 -3.52037e-19
    outer loop
      vertex -48.082 -38.1768 1.35
      vertex -48.1168 -38.2553 4.8
      vertex -48.1168 -38.2553 1.35
    endloop
  endfacet
  facet normal -0.963518 -0.267644 -2.6244e-19
    outer loop
      vertex -44.8024 -38.4998 1.35
      vertex -44.8254 -38.417 4.8
      vertex -44.8254 -38.417 1.35
    endloop
  endfacet
  facet normal -0.963518 -0.267644 -2.6244e-19
    outer loop
      vertex -44.8254 -38.417 4.8
      vertex -44.8024 -38.4998 1.35
      vertex -44.8024 -38.4998 4.8
    endloop
  endfacet
  facet normal -0.869956 0.49313 -2.70538e-19
    outer loop
      vertex -44.999 -39.8247 1.35
      vertex -44.9566 -39.7499 4.8
      vertex -44.9566 -39.7499 1.35
    endloop
  endfacet
  facet normal -0.869956 0.49313 -2.70538e-19
    outer loop
      vertex -44.9566 -39.7499 4.8
      vertex -44.999 -39.8247 1.35
      vertex -44.999 -39.8247 4.8
    endloop
  endfacet
  facet normal -0.949726 -0.313084 -4.89832e-19
    outer loop
      vertex -44.8254 -38.417 1.35
      vertex -44.8523 -38.3354 4.8
      vertex -44.8523 -38.3354 1.35
    endloop
  endfacet
  facet normal -0.949726 -0.313084 -4.89832e-19
    outer loop
      vertex -44.8523 -38.3354 4.8
      vertex -44.8254 -38.417 1.35
      vertex -44.8254 -38.417 4.8
    endloop
  endfacet
  facet normal -0.405274 -0.914195 0
    outer loop
      vertex -45.8303 -37.3082 1.35
      vertex -45.7518 -37.343 4.8
      vertex -45.8303 -37.3082 4.8
    endloop
  endfacet
  facet normal -0.405274 -0.914195 -0
    outer loop
      vertex -45.7518 -37.343 4.8
      vertex -45.8303 -37.3082 1.35
      vertex -45.7518 -37.343 1.35
    endloop
  endfacet
  facet normal -0.932985 0.359916 -6.80045e-19
    outer loop
      vertex -44.8832 -39.5947 1.35
      vertex -44.8523 -39.5146 4.8
      vertex -44.8523 -39.5146 1.35
    endloop
  endfacet
  facet normal -0.932985 0.359916 -6.80045e-19
    outer loop
      vertex -44.8523 -39.5146 4.8
      vertex -44.8832 -39.5947 1.35
      vertex -44.8832 -39.5947 4.8
    endloop
  endfacet
  facet normal -0.449541 0.89326 0
    outer loop
      vertex -45.6751 -40.4684 1.35
      vertex -45.7518 -40.507 4.8
      vertex -45.6751 -40.4684 4.8
    endloop
  endfacet
  facet normal -0.449541 0.89326 0
    outer loop
      vertex -45.7518 -40.507 4.8
      vertex -45.6751 -40.4684 1.35
      vertex -45.7518 -40.507 1.35
    endloop
  endfacet
  facet normal -0 0 1
    outer loop
      vertex -50.5 32.925 1.35
      vertex -40.5 -32.925 1.35
      vertex -40.5 32.925 1.35
    endloop
  endfacet
  facet normal 0 0 1
    outer loop
      vertex -40.5 -32.925 1.35
      vertex -50.5 32.925 1.35
      vertex -50.5 -32.925 1.35
    endloop
  endfacet
  facet normal 0 0 1
    outer loop
      vertex -40.5 32.925 1.35
      vertex 40.5 32.925 1.35
      vertex 40.5 42.925 1.35
    endloop
  endfacet
  facet normal 0 0 1
    outer loop
      vertex 40.5 32.925 1.35
      vertex -40.5 32.925 1.35
      vertex 40.5 -32.925 1.35
    endloop
  endfacet
  facet normal 0 0 1
    outer loop
      vertex -40.5 32.925 1.35
      vertex 40.5 42.925 1.35
      vertex -40.5 42.925 1.35
    endloop
  endfacet
  facet normal 0 0 1
    outer loop
      vertex -40.5 -32.925 1.35
      vertex 40.5 -32.925 1.35
      vertex -40.5 32.925 1.35
    endloop
  endfacet
  facet normal 0 0 1
    outer loop
      vertex 40.5 -32.925 1.35
      vertex -40.5 -32.925 1.35
      vertex 40.5 -42.925 1.35
    endloop
  endfacet
  facet normal 0 0 1
    outer loop
      vertex 40.5 -42.925 1.35
      vertex -40.5 -32.925 1.35
      vertex -40.5 -42.925 1.35
    endloop
  endfacet
  facet normal -0 0 1
    outer loop
      vertex 40.5 32.925 1.35
      vertex 50.5 -32.925 1.35
      vertex 50.5 32.925 1.35
    endloop
  endfacet
  facet normal 0 0 1
    outer loop
      vertex 50.5 -32.925 1.35
      vertex 40.5 32.925 1.35
      vertex 40.5 -32.925 1.35
    endloop
  endfacet
  facet normal 0 0 1
    outer loop
      vertex -44.7521 39.0109 1.35
      vertex -44.7521 38.8391 1.35
      vertex -44.75 38.925 1.35
    endloop
  endfacet
  facet normal 0 0 1
    outer loop
      vertex -44.7584 39.0965 1.35
      vertex -44.7521 38.8391 1.35
      vertex -44.7521 39.0109 1.35
    endloop
  endfacet
  facet normal 0 0 1
    outer loop
      vertex -44.7584 39.0965 1.35
      vertex -44.7584 38.7535 1.35
      vertex -44.7521 38.8391 1.35
    endloop
  endfacet
  facet normal 0 0 1
    outer loop
      vertex -44.7689 39.1818 1.35
      vertex -44.7584 38.7535 1.35
      vertex -44.7584 39.0965 1.35
    endloop
  endfacet
  facet normal 0 0 1
    outer loop
      vertex -44.7689 39.1818 1.35
      vertex -44.7689 38.6682 1.35
      vertex -44.7584 38.7535 1.35
    endloop
  endfacet
  facet normal 0 0 1
    outer loop
      vertex -44.7836 39.2664 1.35
      vertex -44.7689 38.6682 1.35
      vertex -44.7689 39.1818 1.35
    endloop
  endfacet
  facet normal 0 0 1
    outer loop
      vertex -44.7836 39.2664 1.35
      vertex -44.7836 38.5836 1.35
      vertex -44.7689 38.6682 1.35
    endloop
  endfacet
  facet normal 0 0 1
    outer loop
      vertex -44.8024 39.3502 1.35
      vertex -44.7836 38.5836 1.35
      vertex -44.7836 39.2664 1.35
    endloop
  endfacet
  facet normal 0 0 1
    outer loop
      vertex -44.8024 39.3502 1.35
      vertex -44.8024 38.4998 1.35
      vertex -44.7836 38.5836 1.35
    endloop
  endfacet
  facet normal 0 0 1
    outer loop
      vertex -44.8254 39.433 1.35
      vertex -44.8024 38.4998 1.35
      vertex -44.8024 39.3502 1.35
    endloop
  endfacet
  facet normal 0 0 1
    outer loop
      vertex -44.8254 39.433 1.35
      vertex -44.8254 38.417 1.35
      vertex -44.8024 38.4998 1.35
    endloop
  endfacet
  facet normal 0 0 1
    outer loop
      vertex -44.8523 39.5146 1.35
      vertex -44.8254 38.417 1.35
      vertex -44.8254 39.433 1.35
    endloop
  endfacet
  facet normal 0 0 1
    outer loop
      vertex -44.8523 39.5146 1.35
      vertex -44.8523 38.3354 1.35
      vertex -44.8254 38.417 1.35
    endloop
  endfacet
  facet normal 0 0 1
    outer loop
      vertex -44.8832 39.5947 1.35
      vertex -44.8523 38.3354 1.35
      vertex -44.8523 39.5146 1.35
    endloop
  endfacet
  facet normal 0 0 1
    outer loop
      vertex -44.8832 39.5947 1.35
      vertex -44.8832 38.2553 1.35
      vertex -44.8523 38.3354 1.35
    endloop
  endfacet
  facet normal 0 0 1
    outer loop
      vertex -44.918 39.6732 1.35
      vertex -44.8832 38.2553 1.35
      vertex -44.8832 39.5947 1.35
    endloop
  endfacet
  facet normal 0 0 1
    outer loop
      vertex -44.918 39.6732 1.35
      vertex -44.918 38.1768 1.35
      vertex -44.8832 38.2553 1.35
    endloop
  endfacet
  facet normal 0 0 1
    outer loop
      vertex -44.9566 39.7499 1.35
      vertex -44.918 38.1768 1.35
      vertex -44.918 39.6732 1.35
    endloop
  endfacet
  facet normal 0 0 1
    outer loop
      vertex -44.9566 39.7499 1.35
      vertex -44.9566 38.1001 1.35
      vertex -44.918 38.1768 1.35
    endloop
  endfacet
  facet normal 0 0 1
    outer loop
      vertex -44.999 39.8247 1.35
      vertex -44.9566 38.1001 1.35
      vertex -44.9566 39.7499 1.35
    endloop
  endfacet
  facet normal 0 0 1
    outer loop
      vertex -44.999 39.8247 1.35
      vertex -44.999 38.0253 1.35
      vertex -44.9566 38.1001 1.35
    endloop
  endfacet
  facet normal 0 0 1
    outer loop
      vertex -45.0449 39.8972 1.35
      vertex -44.999 38.0253 1.35
      vertex -44.999 39.8247 1.35
    endloop
  endfacet
  facet normal 0 0 1
    outer loop
      vertex -45.0449 39.8972 1.35
      vertex -45.0449 37.9528 1.35
      vertex -44.999 38.0253 1.35
    endloop
  endfacet
  facet normal 0 0 1
    outer loop
      vertex -45.0944 39.9675 1.35
      vertex -45.0449 37.9528 1.35
      vertex -45.0449 39.8972 1.35
    endloop
  endfacet
  facet normal 0 0 1
    outer loop
      vertex -45.0944 39.9675 1.35
      vertex -45.0944 37.8825 1.35
      vertex -45.0449 37.9528 1.35
    endloop
  endfacet
  facet normal 0 0 1
    outer loop
      vertex -45.1472 40.0352 1.35
      vertex -45.0944 37.8825 1.35
      vertex -45.0944 39.9675 1.35
    endloop
  endfacet
  facet normal 0 0 1
    outer loop
      vertex -45.1472 40.0352 1.35
      vertex -45.1472 37.8148 1.35
      vertex -45.0944 37.8825 1.35
    endloop
  endfacet
  facet normal 0 0 1
    outer loop
      vertex -45.2033 40.1002 1.35
      vertex -45.1472 37.8148 1.35
      vertex -45.1472 40.0352 1.35
    endloop
  endfacet
  facet normal 0 0 1
    outer loop
      vertex -45.2033 40.1002 1.35
      vertex -45.2033 37.7498 1.35
      vertex -45.1472 37.8148 1.35
    endloop
  endfacet
  facet normal 0 0 1
    outer loop
      vertex -45.2626 40.1624 1.35
      vertex -45.2033 37.7498 1.35
      vertex -45.2033 40.1002 1.35
    endloop
  endfacet
  facet normal 0 0 1
    outer loop
      vertex -45.2626 40.1624 1.35
      vertex -45.2626 37.6876 1.35
      vertex -45.2033 37.7498 1.35
    endloop
  endfacet
  facet normal 0 0 1
    outer loop
      vertex -45.3248 40.2217 1.35
      vertex -45.2626 37.6876 1.35
      vertex -45.2626 40.1624 1.35
    endloop
  endfacet
  facet normal 0 0 1
    outer loop
      vertex -45.3248 40.2217 1.35
      vertex -45.3248 37.6283 1.35
      vertex -45.2626 37.6876 1.35
    endloop
  endfacet
  facet normal 0 0 1
    outer loop
      vertex -45.3898 40.2778 1.35
      vertex -45.3248 37.6283 1.35
      vertex -45.3248 40.2217 1.35
    endloop
  endfacet
  facet normal 0 0 1
    outer loop
      vertex -45.3898 40.2778 1.35
      vertex -45.3898 37.5722 1.35
      vertex -45.3248 37.6283 1.35
    endloop
  endfacet
  facet normal 0 0 1
    outer loop
      vertex -45.4575 40.3306 1.35
      vertex -45.3898 37.5722 1.35
      vertex -45.3898 40.2778 1.35
    endloop
  endfacet
  facet normal 0 0 1
    outer loop
      vertex -45.4575 40.3306 1.35
      vertex -45.4575 37.5194 1.35
      vertex -45.3898 37.5722 1.35
    endloop
  endfacet
  facet normal 0 0 1
    outer loop
      vertex -45.5278 40.3801 1.35
      vertex -45.4575 37.5194 1.35
      vertex -45.4575 40.3306 1.35
    endloop
  endfacet
  facet normal 0 0 1
    outer loop
      vertex -45.5278 40.3801 1.35
      vertex -45.5278 37.4699 1.35
      vertex -45.4575 37.5194 1.35
    endloop
  endfacet
  facet normal 0 0 1
    outer loop
      vertex -45.6003 40.426 1.35
      vertex -45.5278 37.4699 1.35
      vertex -45.5278 40.3801 1.35
    endloop
  endfacet
  facet normal 0 0 1
    outer loop
      vertex -45.6003 40.426 1.35
      vertex -45.6003 37.424 1.35
      vertex -45.5278 37.4699 1.35
    endloop
  endfacet
  facet normal 0 0 1
    outer loop
      vertex -45.6751 40.4684 1.35
      vertex -45.6003 37.424 1.35
      vertex -45.6003 40.426 1.35
    endloop
  endfacet
  facet normal 0 0 1
    outer loop
      vertex -45.6751 40.4684 1.35
      vertex -45.6751 37.3816 1.35
      vertex -45.6003 37.424 1.35
    endloop
  endfacet
  facet normal 0 0 1
    outer loop
      vertex -45.7518 40.507 1.35
      vertex -45.6751 37.3816 1.35
      vertex -45.6751 40.4684 1.35
    endloop
  endfacet
  facet normal 0 0 1
    outer loop
      vertex -45.7518 40.507 1.35
      vertex -45.7518 37.343 1.35
      vertex -45.6751 37.3816 1.35
    endloop
  endfacet
  facet normal 0 0 1
    outer loop
      vertex -45.8303 40.5418 1.35
      vertex -45.7518 37.343 1.35
      vertex -45.7518 40.507 1.35
    endloop
  endfacet
  facet normal 0 0 1
    outer loop
      vertex -45.8303 40.5418 1.35
      vertex -45.8303 37.3082 1.35
      vertex -45.7518 37.343 1.35
    endloop
  endfacet
  facet normal 0 0 1
    outer loop
      vertex -45.9104 40.5727 1.35
      vertex -45.8303 37.3082 1.35
      vertex -45.8303 40.5418 1.35
    endloop
  endfacet
  facet normal 0 0 1
    outer loop
      vertex -45.9104 40.5727 1.35
      vertex -45.9104 37.2773 1.35
      vertex -45.8303 37.3082 1.35
    endloop
  endfacet
  facet normal 0 0 1
    outer loop
      vertex -45.992 40.5996 1.35
      vertex -45.9104 37.2773 1.35
      vertex -45.9104 40.5727 1.35
    endloop
  endfacet
  facet normal 0 0 1
    outer loop
      vertex -45.992 40.5996 1.35
      vertex -45.992 37.2504 1.35
      vertex -45.9104 37.2773 1.35
    endloop
  endfacet
  facet normal 0 0 1
    outer loop
      vertex -46.0748 40.6226 1.35
      vertex -45.992 37.2504 1.35
      vertex -45.992 40.5996 1.35
    endloop
  endfacet
  facet normal 0 0 1
    outer loop
      vertex -46.0748 40.6226 1.35
      vertex -46.0748 37.2274 1.35
      vertex -45.992 37.2504 1.35
    endloop
  endfacet
  facet normal 0 0 1
    outer loop
      vertex -46.1586 40.6414 1.35
      vertex -46.0748 37.2274 1.35
      vertex -46.0748 40.6226 1.35
    endloop
  endfacet
  facet normal 0 0 1
    outer loop
      vertex -46.1586 40.6414 1.35
      vertex -46.1586 37.2086 1.35
      vertex -46.0748 37.2274 1.35
    endloop
  endfacet
  facet normal 0 0 1
    outer loop
      vertex -46.2432 40.6561 1.35
      vertex -46.1586 37.2086 1.35
      vertex -46.1586 40.6414 1.35
    endloop
  endfacet
  facet normal 0 0 1
    outer loop
      vertex -46.2432 40.6561 1.35
      vertex -46.2432 37.1939 1.35
      vertex -46.1586 37.2086 1.35
    endloop
  endfacet
  facet normal 0 0 1
    outer loop
      vertex -46.3285 40.6666 1.35
      vertex -46.2432 37.1939 1.35
      vertex -46.2432 40.6561 1.35
    endloop
  endfacet
  facet normal 0 0 1
    outer loop
      vertex -46.3285 40.6666 1.35
      vertex -46.3285 37.1834 1.35
      vertex -46.2432 37.1939 1.35
    endloop
  endfacet
  facet normal 0 0 1
    outer loop
      vertex -46.4141 40.6729 1.35
      vertex -46.3285 37.1834 1.35
      vertex -46.3285 40.6666 1.35
    endloop
  endfacet
  facet normal 0 0 1
    outer loop
      vertex -46.4141 40.6729 1.35
      vertex -46.4141 37.1771 1.35
      vertex -46.3285 37.1834 1.35
    endloop
  endfacet
  facet normal 0 0 1
    outer loop
      vertex -46.5 40.675 1.35
      vertex -46.4141 37.1771 1.35
      vertex -46.4141 40.6729 1.35
    endloop
  endfacet
  facet normal 0 0 1
    outer loop
      vertex -46.5 40.675 1.35
      vertex -46.5 37.175 1.35
      vertex -46.4141 37.1771 1.35
    endloop
  endfacet
  facet normal -0 0 1
    outer loop
      vertex -46.5859 40.6729 1.35
      vertex -46.5 37.175 1.35
      vertex -46.5 40.675 1.35
    endloop
  endfacet
  facet normal 0 0 1
    outer loop
      vertex -46.5859 40.6729 1.35
      vertex -46.5859 37.1771 1.35
      vertex -46.5 37.175 1.35
    endloop
  endfacet
  facet normal -0 0 1
    outer loop
      vertex -46.6715 40.6666 1.35
      vertex -46.5859 37.1771 1.35
      vertex -46.5859 40.6729 1.35
    endloop
  endfacet
  facet normal 0 0 1
    outer loop
      vertex -46.6715 40.6666 1.35
      vertex -46.6715 37.1834 1.35
      vertex -46.5859 37.1771 1.35
    endloop
  endfacet
  facet normal -0 0 1
    outer loop
      vertex -46.7568 40.6561 1.35
      vertex -46.6715 37.1834 1.35
      vertex -46.6715 40.6666 1.35
    endloop
  endfacet
  facet normal 0 0 1
    outer loop
      vertex -46.7568 40.6561 1.35
      vertex -46.7568 37.1939 1.35
      vertex -46.6715 37.1834 1.35
    endloop
  endfacet
  facet normal -0 0 1
    outer loop
      vertex -46.8414 40.6414 1.35
      vertex -46.7568 37.1939 1.35
      vertex -46.7568 40.6561 1.35
    endloop
  endfacet
  facet normal 0 0 1
    outer loop
      vertex -46.8414 40.6414 1.35
      vertex -46.8414 37.2086 1.35
      vertex -46.7568 37.1939 1.35
    endloop
  endfacet
  facet normal -0 0 1
    outer loop
      vertex -46.9252 40.6226 1.35
      vertex -46.8414 37.2086 1.35
      vertex -46.8414 40.6414 1.35
    endloop
  endfacet
  facet normal 0 0 1
    outer loop
      vertex -46.9252 40.6226 1.35
      vertex -46.9252 37.2274 1.35
      vertex -46.8414 37.2086 1.35
    endloop
  endfacet
  facet normal -0 0 1
    outer loop
      vertex -47.008 40.5996 1.35
      vertex -46.9252 37.2274 1.35
      vertex -46.9252 40.6226 1.35
    endloop
  endfacet
  facet normal 0 0 1
    outer loop
      vertex -47.008 40.5996 1.35
      vertex -47.008 37.2504 1.35
      vertex -46.9252 37.2274 1.35
    endloop
  endfacet
  facet normal -0 0 1
    outer loop
      vertex -47.0896 40.5727 1.35
      vertex -47.008 37.2504 1.35
      vertex -47.008 40.5996 1.35
    endloop
  endfacet
  facet normal 0 0 1
    outer loop
      vertex -47.0896 40.5727 1.35
      vertex -47.0896 37.2773 1.35
      vertex -47.008 37.2504 1.35
    endloop
  endfacet
  facet normal -0 0 1
    outer loop
      vertex -47.1697 40.5418 1.35
      vertex -47.0896 37.2773 1.35
      vertex -47.0896 40.5727 1.35
    endloop
  endfacet
  facet normal 0 0 1
    outer loop
      vertex -47.1697 40.5418 1.35
      vertex -47.1697 37.3082 1.35
      vertex -47.0896 37.2773 1.35
    endloop
  endfacet
  facet normal -0 0 1
    outer loop
      vertex -47.2482 40.507 1.35
      vertex -47.1697 37.3082 1.35
      vertex -47.1697 40.5418 1.35
    endloop
  endfacet
  facet normal 0 0 1
    outer loop
      vertex -47.2482 40.507 1.35
      vertex -47.2482 37.343 1.35
      vertex -47.1697 37.3082 1.35
    endloop
  endfacet
  facet normal -0 0 1
    outer loop
      vertex -47.3249 40.4684 1.35
      vertex -47.2482 37.343 1.35
      vertex -47.2482 40.507 1.35
    endloop
  endfacet
  facet normal 0 0 1
    outer loop
      vertex -47.3249 40.4684 1.35
      vertex -47.3249 37.3816 1.35
      vertex -47.2482 37.343 1.35
    endloop
  endfacet
  facet normal -0 0 1
    outer loop
      vertex -47.3997 40.426 1.35
      vertex -47.3249 37.3816 1.35
      vertex -47.3249 40.4684 1.35
    endloop
  endfacet
  facet normal 0 0 1
    outer loop
      vertex -47.3997 40.426 1.35
      vertex -47.3997 37.424 1.35
      vertex -47.3249 37.3816 1.35
    endloop
  endfacet
  facet normal -0 0 1
    outer loop
      vertex -47.4722 40.3801 1.35
      vertex -47.3997 37.424 1.35
      vertex -47.3997 40.426 1.35
    endloop
  endfacet
  facet normal 0 0 1
    outer loop
      vertex -47.4722 40.3801 1.35
      vertex -47.4722 37.4699 1.35
      vertex -47.3997 37.424 1.35
    endloop
  endfacet
  facet normal -0 0 1
    outer loop
      vertex -47.5425 40.3306 1.35
      vertex -47.4722 37.4699 1.35
      vertex -47.4722 40.3801 1.35
    endloop
  endfacet
  facet normal 0 0 1
    outer loop
      vertex -47.5425 40.3306 1.35
      vertex -47.5425 37.5194 1.35
      vertex -47.4722 37.4699 1.35
    endloop
  endfacet
  facet normal -0 0 1
    outer loop
      vertex -47.6102 40.2778 1.35
      vertex -47.5425 37.5194 1.35
      vertex -47.5425 40.3306 1.35
    endloop
  endfacet
  facet normal 0 0 1
    outer loop
      vertex -47.6102 40.2778 1.35
      vertex -47.6102 37.5722 1.35
      vertex -47.5425 37.5194 1.35
    endloop
  endfacet
  facet normal -0 0 1
    outer loop
      vertex -47.6752 40.2217 1.35
      vertex -47.6102 37.5722 1.35
      vertex -47.6102 40.2778 1.35
    endloop
  endfacet
  facet normal 0 0 1
    outer loop
      vertex -47.6752 40.2217 1.35
      vertex -47.6752 37.6283 1.35
      vertex -47.6102 37.5722 1.35
    endloop
  endfacet
  facet normal -0 0 1
    outer loop
      vertex -47.7374 40.1624 1.35
      vertex -47.6752 37.6283 1.35
      vertex -47.6752 40.2217 1.35
    endloop
  endfacet
  facet normal 0 0 1
    outer loop
      vertex -47.7374 40.1624 1.35
      vertex -47.7374 37.6876 1.35
      vertex -47.6752 37.6283 1.35
    endloop
  endfacet
  facet normal -0 0 1
    outer loop
      vertex -47.7967 40.1002 1.35
      vertex -47.7374 37.6876 1.35
      vertex -47.7374 40.1624 1.35
    endloop
  endfacet
  facet normal 0 0 1
    outer loop
      vertex -47.7967 40.1002 1.35
      vertex -47.7967 37.7498 1.35
      vertex -47.7374 37.6876 1.35
    endloop
  endfacet
  facet normal -0 0 1
    outer loop
      vertex -47.8528 40.0352 1.35
      vertex -47.7967 37.7498 1.35
      vertex -47.7967 40.1002 1.35
    endloop
  endfacet
  facet normal 0 0 1
    outer loop
      vertex -47.8528 40.0352 1.35
      vertex -47.8528 37.8148 1.35
      vertex -47.7967 37.7498 1.35
    endloop
  endfacet
  facet normal -0 0 1
    outer loop
      vertex -47.9056 39.9675 1.35
      vertex -47.8528 37.8148 1.35
      vertex -47.8528 40.0352 1.35
    endloop
  endfacet
  facet normal 0 0 1
    outer loop
      vertex -47.9056 39.9675 1.35
      vertex -47.9056 37.8825 1.35
      vertex -47.8528 37.8148 1.35
    endloop
  endfacet
  facet normal -0 0 1
    outer loop
      vertex -47.9551 39.8972 1.35
      vertex -47.9056 37.8825 1.35
      vertex -47.9056 39.9675 1.35
    endloop
  endfacet
  facet normal 0 0 1
    outer loop
      vertex -47.9551 39.8972 1.35
      vertex -47.9551 37.9528 1.35
      vertex -47.9056 37.8825 1.35
    endloop
  endfacet
  facet normal -0 0 1
    outer loop
      vertex -48.001 39.8247 1.35
      vertex -47.9551 37.9528 1.35
      vertex -47.9551 39.8972 1.35
    endloop
  endfacet
  facet normal 0 0 1
    outer loop
      vertex -48.001 39.8247 1.35
      vertex -48.001 38.0253 1.35
      vertex -47.9551 37.9528 1.35
    endloop
  endfacet
  facet normal -0 0 1
    outer loop
      vertex -48.0434 39.7499 1.35
      vertex -48.001 38.0253 1.35
      vertex -48.001 39.8247 1.35
    endloop
  endfacet
  facet normal 0 0 1
    outer loop
      vertex -48.0434 39.7499 1.35
      vertex -48.0434 38.1001 1.35
      vertex -48.001 38.0253 1.35
    endloop
  endfacet
  facet normal -0 0 1
    outer loop
      vertex -48.082 39.6732 1.35
      vertex -48.0434 38.1001 1.35
      vertex -48.0434 39.7499 1.35
    endloop
  endfacet
  facet normal 0 0 1
    outer loop
      vertex -48.082 39.6732 1.35
      vertex -48.082 38.1768 1.35
      vertex -48.0434 38.1001 1.35
    endloop
  endfacet
  facet normal -0 0 1
    outer loop
      vertex -48.1168 39.5947 1.35
      vertex -48.082 38.1768 1.35
      vertex -48.082 39.6732 1.35
    endloop
  endfacet
  facet normal 0 0 1
    outer loop
      vertex -48.1168 39.5947 1.35
      vertex -48.1168 38.2553 1.35
      vertex -48.082 38.1768 1.35
    endloop
  endfacet
  facet normal -0 0 1
    outer loop
      vertex -48.1477 39.5146 1.35
      vertex -48.1168 38.2553 1.35
      vertex -48.1168 39.5947 1.35
    endloop
  endfacet
  facet normal 0 0 1
    outer loop
      vertex -48.1477 39.5146 1.35
      vertex -48.1477 38.3354 1.35
      vertex -48.1168 38.2553 1.35
    endloop
  endfacet
  facet normal -0 0 1
    outer loop
      vertex -48.1746 39.433 1.35
      vertex -48.1477 38.3354 1.35
      vertex -48.1477 39.5146 1.35
    endloop
  endfacet
  facet normal 0 0 1
    outer loop
      vertex -48.1746 39.433 1.35
      vertex -48.1746 38.417 1.35
      vertex -48.1477 38.3354 1.35
    endloop
  endfacet
  facet normal -0 0 1
    outer loop
      vertex -48.1976 39.3502 1.35
      vertex -48.1746 38.417 1.35
      vertex -48.1746 39.433 1.35
    endloop
  endfacet
  facet normal 0 0 1
    outer loop
      vertex -48.1976 39.3502 1.35
      vertex -48.1976 38.4998 1.35
      vertex -48.1746 38.417 1.35
    endloop
  endfacet
  facet normal -0 0 1
    outer loop
      vertex -48.2164 39.2664 1.35
      vertex -48.1976 38.4998 1.35
      vertex -48.1976 39.3502 1.35
    endloop
  endfacet
  facet normal 0 0 1
    outer loop
      vertex -48.2164 39.2664 1.35
      vertex -48.2164 38.5836 1.35
      vertex -48.1976 38.4998 1.35
    endloop
  endfacet
  facet normal -0 0 1
    outer loop
      vertex -48.2311 39.1818 1.35
      vertex -48.2164 38.5836 1.35
      vertex -48.2164 39.2664 1.35
    endloop
  endfacet
  facet normal 0 0 1
    outer loop
      vertex -48.2311 39.1818 1.35
      vertex -48.2311 38.6682 1.35
      vertex -48.2164 38.5836 1.35
    endloop
  endfacet
  facet normal -0 0 1
    outer loop
      vertex -48.2416 39.0965 1.35
      vertex -48.2311 38.6682 1.35
      vertex -48.2311 39.1818 1.35
    endloop
  endfacet
  facet normal 0 0 1
    outer loop
      vertex -48.2416 39.0965 1.35
      vertex -48.2416 38.7535 1.35
      vertex -48.2311 38.6682 1.35
    endloop
  endfacet
  facet normal -0 0 1
    outer loop
      vertex -48.2479 39.0109 1.35
      vertex -48.2416 38.7535 1.35
      vertex -48.2416 39.0965 1.35
    endloop
  endfacet
  facet normal 0 0 1
    outer loop
      vertex -48.2479 39.0109 1.35
      vertex -48.2479 38.8391 1.35
      vertex -48.2416 38.7535 1.35
    endloop
  endfacet
  facet normal 0 -0 1
    outer loop
      vertex -48.2479 38.8391 1.35
      vertex -48.2479 39.0109 1.35
      vertex -48.25 38.925 1.35
    endloop
  endfacet
  facet normal 0 0 1
    outer loop
      vertex -44.7521 -38.8391 1.35
      vertex -44.7521 -39.0109 1.35
      vertex -44.75 -38.925 1.35
    endloop
  endfacet
  facet normal 0 0 1
    outer loop
      vertex -44.7584 -38.7535 1.35
      vertex -44.7521 -39.0109 1.35
      vertex -44.7521 -38.8391 1.35
    endloop
  endfacet
  facet normal 0 0 1
    outer loop
      vertex -44.7584 -38.7535 1.35
      vertex -44.7584 -39.0965 1.35
      vertex -44.7521 -39.0109 1.35
    endloop
  endfacet
  facet normal 0 0 1
    outer loop
      vertex -44.7689 -38.6682 1.35
      vertex -44.7584 -39.0965 1.35
      vertex -44.7584 -38.7535 1.35
    endloop
  endfacet
  facet normal 0 0 1
    outer loop
      vertex -44.7689 -38.6682 1.35
      vertex -44.7689 -39.1818 1.35
      vertex -44.7584 -39.0965 1.35
    endloop
  endfacet
  facet normal 0 0 1
    outer loop
      vertex -44.7836 -38.5836 1.35
      vertex -44.7689 -39.1818 1.35
      vertex -44.7689 -38.6682 1.35
    endloop
  endfacet
  facet normal 0 0 1
    outer loop
      vertex -44.7836 -38.5836 1.35
      vertex -44.7836 -39.2664 1.35
      vertex -44.7689 -39.1818 1.35
    endloop
  endfacet
  facet normal 0 0 1
    outer loop
      vertex -44.8024 -38.4998 1.35
      vertex -44.7836 -39.2664 1.35
      vertex -44.7836 -38.5836 1.35
    endloop
  endfacet
  facet normal 0 0 1
    outer loop
      vertex -44.8024 -38.4998 1.35
      vertex -44.8024 -39.3502 1.35
      vertex -44.7836 -39.2664 1.35
    endloop
  endfacet
  facet normal 0 0 1
    outer loop
      vertex -44.8254 -38.417 1.35
      vertex -44.8024 -39.3502 1.35
      vertex -44.8024 -38.4998 1.35
    endloop
  endfacet
  facet normal 0 0 1
    outer loop
      vertex -44.8254 -38.417 1.35
      vertex -44.8254 -39.433 1.35
      vertex -44.8024 -39.3502 1.35
    endloop
  endfacet
  facet normal 0 0 1
    outer loop
      vertex -44.8523 -38.3354 1.35
      vertex -44.8254 -39.433 1.35
      vertex -44.8254 -38.417 1.35
    endloop
  endfacet
  facet normal 0 0 1
    outer loop
      vertex -44.8523 -38.3354 1.35
      vertex -44.8523 -39.5146 1.35
      vertex -44.8254 -39.433 1.35
    endloop
  endfacet
  facet normal 0 0 1
    outer loop
      vertex -44.8832 -38.2553 1.35
      vertex -44.8523 -39.5146 1.35
      vertex -44.8523 -38.3354 1.35
    endloop
  endfacet
  facet normal 0 0 1
    outer loop
      vertex -44.8832 -38.2553 1.35
      vertex -44.8832 -39.5947 1.35
      vertex -44.8523 -39.5146 1.35
    endloop
  endfacet
  facet normal 0 0 1
    outer loop
      vertex -44.918 -38.1768 1.35
      vertex -44.8832 -39.5947 1.35
      vertex -44.8832 -38.2553 1.35
    endloop
  endfacet
  facet normal 0 0 1
    outer loop
      vertex -44.918 -38.1768 1.35
      vertex -44.918 -39.6732 1.35
      vertex -44.8832 -39.5947 1.35
    endloop
  endfacet
  facet normal 0 0 1
    outer loop
      vertex -44.9566 -38.1001 1.35
      vertex -44.918 -39.6732 1.35
      vertex -44.918 -38.1768 1.35
    endloop
  endfacet
  facet normal 0 0 1
    outer loop
      vertex -44.9566 -38.1001 1.35
      vertex -44.9566 -39.7499 1.35
      vertex -44.918 -39.6732 1.35
    endloop
  endfacet
  facet normal 0 0 1
    outer loop
      vertex -44.999 -38.0253 1.35
      vertex -44.9566 -39.7499 1.35
      vertex -44.9566 -38.1001 1.35
    endloop
  endfacet
  facet normal 0 0 1
    outer loop
      vertex -44.999 -38.0253 1.35
      vertex -44.999 -39.8247 1.35
      vertex -44.9566 -39.7499 1.35
    endloop
  endfacet
  facet normal 0 0 1
    outer loop
      vertex -45.0449 -37.9528 1.35
      vertex -44.999 -39.8247 1.35
      vertex -44.999 -38.0253 1.35
    endloop
  endfacet
  facet normal 0 0 1
    outer loop
      vertex -45.0449 -37.9528 1.35
      vertex -45.0449 -39.8972 1.35
      vertex -44.999 -39.8247 1.35
    endloop
  endfacet
  facet normal 0 0 1
    outer loop
      vertex -45.0944 -37.8825 1.35
      vertex -45.0449 -39.8972 1.35
      vertex -45.0449 -37.9528 1.35
    endloop
  endfacet
  facet normal 0 0 1
    outer loop
      vertex -45.0944 -37.8825 1.35
      vertex -45.0944 -39.9675 1.35
      vertex -45.0449 -39.8972 1.35
    endloop
  endfacet
  facet normal 0 0 1
    outer loop
      vertex -45.1472 -37.8148 1.35
      vertex -45.0944 -39.9675 1.35
      vertex -45.0944 -37.8825 1.35
    endloop
  endfacet
  facet normal 0 0 1
    outer loop
      vertex -45.1472 -37.8148 1.35
      vertex -45.1472 -40.0352 1.35
      vertex -45.0944 -39.9675 1.35
    endloop
  endfacet
  facet normal 0 0 1
    outer loop
      vertex -45.2033 -37.7498 1.35
      vertex -45.1472 -40.0352 1.35
      vertex -45.1472 -37.8148 1.35
    endloop
  endfacet
  facet normal 0 0 1
    outer loop
      vertex -45.2033 -37.7498 1.35
      vertex -45.2033 -40.1002 1.35
      vertex -45.1472 -40.0352 1.35
    endloop
  endfacet
  facet normal 0 0 1
    outer loop
      vertex -45.2626 -37.6876 1.35
      vertex -45.2033 -40.1002 1.35
      vertex -45.2033 -37.7498 1.35
    endloop
  endfacet
  facet normal 0 0 1
    outer loop
      vertex -45.2626 -37.6876 1.35
      vertex -45.2626 -40.1624 1.35
      vertex -45.2033 -40.1002 1.35
    endloop
  endfacet
  facet normal 0 0 1
    outer loop
      vertex -45.3248 -37.6283 1.35
      vertex -45.2626 -40.1624 1.35
      vertex -45.2626 -37.6876 1.35
    endloop
  endfacet
  facet normal 0 0 1
    outer loop
      vertex -45.3248 -37.6283 1.35
      vertex -45.3248 -40.2217 1.35
      vertex -45.2626 -40.1624 1.35
    endloop
  endfacet
  facet normal 0 0 1
    outer loop
      vertex -45.3898 -37.5722 1.35
      vertex -45.3248 -40.2217 1.35
      vertex -45.3248 -37.6283 1.35
    endloop
  endfacet
  facet normal 0 0 1
    outer loop
      vertex -45.3898 -37.5722 1.35
      vertex -45.3898 -40.2778 1.35
      vertex -45.3248 -40.2217 1.35
    endloop
  endfacet
  facet normal 0 0 1
    outer loop
      vertex -45.4575 -37.5194 1.35
      vertex -45.3898 -40.2778 1.35
      vertex -45.3898 -37.5722 1.35
    endloop
  endfacet
  facet normal 0 0 1
    outer loop
      vertex -45.4575 -37.5194 1.35
      vertex -45.4575 -40.3306 1.35
      vertex -45.3898 -40.2778 1.35
    endloop
  endfacet
  facet normal 0 0 1
    outer loop
      vertex -45.5278 -37.4699 1.35
      vertex -45.4575 -40.3306 1.35
      vertex -45.4575 -37.5194 1.35
    endloop
  endfacet
  facet normal 0 0 1
    outer loop
      vertex -45.5278 -37.4699 1.35
      vertex -45.5278 -40.3801 1.35
      vertex -45.4575 -40.3306 1.35
    endloop
  endfacet
  facet normal 0 0 1
    outer loop
      vertex -45.6003 -37.424 1.35
      vertex -45.5278 -40.3801 1.35
      vertex -45.5278 -37.4699 1.35
    endloop
  endfacet
  facet normal 0 0 1
    outer loop
      vertex -45.6003 -37.424 1.35
      vertex -45.6003 -40.426 1.35
      vertex -45.5278 -40.3801 1.35
    endloop
  endfacet
  facet normal 0 0 1
    outer loop
      vertex -45.6751 -37.3816 1.35
      vertex -45.6003 -40.426 1.35
      vertex -45.6003 -37.424 1.35
    endloop
  endfacet
  facet normal 0 0 1
    outer loop
      vertex -45.6751 -37.3816 1.35
      vertex -45.6751 -40.4684 1.35
      vertex -45.6003 -40.426 1.35
    endloop
  endfacet
  facet normal 0 0 1
    outer loop
      vertex -45.7518 -37.343 1.35
      vertex -45.6751 -40.4684 1.35
      vertex -45.6751 -37.3816 1.35
    endloop
  endfacet
  facet normal 0 0 1
    outer loop
      vertex -45.7518 -37.343 1.35
      vertex -45.7518 -40.507 1.35
      vertex -45.6751 -40.4684 1.35
    endloop
  endfacet
  facet normal 0 0 1
    outer loop
      vertex -45.8303 -37.3082 1.35
      vertex -45.7518 -40.507 1.35
      vertex -45.7518 -37.343 1.35
    endloop
  endfacet
  facet normal 0 0 1
    outer loop
      vertex -45.8303 -37.3082 1.35
      vertex -45.8303 -40.5418 1.35
      vertex -45.7518 -40.507 1.35
    endloop
  endfacet
  facet normal 0 0 1
    outer loop
      vertex -45.9104 -37.2773 1.35
      vertex -45.8303 -40.5418 1.35
      vertex -45.8303 -37.3082 1.35
    endloop
  endfacet
  facet normal 0 0 1
    outer loop
      vertex -45.9104 -37.2773 1.35
      vertex -45.9104 -40.5727 1.35
      vertex -45.8303 -40.5418 1.35
    endloop
  endfacet
  facet normal 0 0 1
    outer loop
      vertex -45.992 -37.2504 1.35
      vertex -45.9104 -40.5727 1.35
      vertex -45.9104 -37.2773 1.35
    endloop
  endfacet
  facet normal 0 0 1
    outer loop
      vertex -45.992 -37.2504 1.35
      vertex -45.992 -40.5996 1.35
      vertex -45.9104 -40.5727 1.35
    endloop
  endfacet
  facet normal 0 0 1
    outer loop
      vertex -46.0748 -37.2274 1.35
      vertex -45.992 -40.5996 1.35
      vertex -45.992 -37.2504 1.35
    endloop
  endfacet
  facet normal 0 0 1
    outer loop
      vertex -46.0748 -37.2274 1.35
      vertex -46.0748 -40.6226 1.35
      vertex -45.992 -40.5996 1.35
    endloop
  endfacet
  facet normal 0 0 1
    outer loop
      vertex -46.1586 -37.2086 1.35
      vertex -46.0748 -40.6226 1.35
      vertex -46.0748 -37.2274 1.35
    endloop
  endfacet
  facet normal 0 0 1
    outer loop
      vertex -46.1586 -37.2086 1.35
      vertex -46.1586 -40.6414 1.35
      vertex -46.0748 -40.6226 1.35
    endloop
  endfacet
  facet normal 0 0 1
    outer loop
      vertex -46.2432 -37.1939 1.35
      vertex -46.1586 -40.6414 1.35
      vertex -46.1586 -37.2086 1.35
    endloop
  endfacet
  facet normal 0 0 1
    outer loop
      vertex -46.2432 -37.1939 1.35
      vertex -46.2432 -40.6561 1.35
      vertex -46.1586 -40.6414 1.35
    endloop
  endfacet
  facet normal 0 0 1
    outer loop
      vertex -46.3285 -37.1834 1.35
      vertex -46.2432 -40.6561 1.35
      vertex -46.2432 -37.1939 1.35
    endloop
  endfacet
  facet normal 0 0 1
    outer loop
      vertex -46.3285 -37.1834 1.35
      vertex -46.3285 -40.6666 1.35
      vertex -46.2432 -40.6561 1.35
    endloop
  endfacet
  facet normal 0 0 1
    outer loop
      vertex -46.4141 -37.1771 1.35
      vertex -46.3285 -40.6666 1.35
      vertex -46.3285 -37.1834 1.35
    endloop
  endfacet
  facet normal 0 0 1
    outer loop
      vertex -46.4141 -37.1771 1.35
      vertex -46.4141 -40.6729 1.35
      vertex -46.3285 -40.6666 1.35
    endloop
  endfacet
  facet normal 0 0 1
    outer loop
      vertex -46.5 -37.175 1.35
      vertex -46.4141 -40.6729 1.35
      vertex -46.4141 -37.1771 1.35
    endloop
  endfacet
  facet normal 0 0 1
    outer loop
      vertex -46.5 -37.175 1.35
      vertex -46.5 -40.675 1.35
      vertex -46.4141 -40.6729 1.35
    endloop
  endfacet
  facet normal -0 0 1
    outer loop
      vertex -46.5859 -37.1771 1.35
      vertex -46.5 -40.675 1.35
      vertex -46.5 -37.175 1.35
    endloop
  endfacet
  facet normal 0 0 1
    outer loop
      vertex -46.5859 -37.1771 1.35
      vertex -46.5859 -40.6729 1.35
      vertex -46.5 -40.675 1.35
    endloop
  endfacet
  facet normal -0 0 1
    outer loop
      vertex -46.6715 -37.1834 1.35
      vertex -46.5859 -40.6729 1.35
      vertex -46.5859 -37.1771 1.35
    endloop
  endfacet
  facet normal 0 0 1
    outer loop
      vertex -46.6715 -37.1834 1.35
      vertex -46.6715 -40.6666 1.35
      vertex -46.5859 -40.6729 1.35
    endloop
  endfacet
  facet normal -0 0 1
    outer loop
      vertex -46.7568 -37.1939 1.35
      vertex -46.6715 -40.6666 1.35
      vertex -46.6715 -37.1834 1.35
    endloop
  endfacet
  facet normal 0 0 1
    outer loop
      vertex -46.7568 -37.1939 1.35
      vertex -46.7568 -40.6561 1.35
      vertex -46.6715 -40.6666 1.35
    endloop
  endfacet
  facet normal -0 0 1
    outer loop
      vertex -46.8414 -37.2086 1.35
      vertex -46.7568 -40.6561 1.35
      vertex -46.7568 -37.1939 1.35
    endloop
  endfacet
  facet normal 0 0 1
    outer loop
      vertex -46.8414 -37.2086 1.35
      vertex -46.8414 -40.6414 1.35
      vertex -46.7568 -40.6561 1.35
    endloop
  endfacet
  facet normal -0 0 1
    outer loop
      vertex -46.9252 -37.2274 1.35
      vertex -46.8414 -40.6414 1.35
      vertex -46.8414 -37.2086 1.35
    endloop
  endfacet
  facet normal 0 0 1
    outer loop
      vertex -46.9252 -37.2274 1.35
      vertex -46.9252 -40.6226 1.35
      vertex -46.8414 -40.6414 1.35
    endloop
  endfacet
  facet normal -0 0 1
    outer loop
      vertex -47.008 -37.2504 1.35
      vertex -46.9252 -40.6226 1.35
      vertex -46.9252 -37.2274 1.35
    endloop
  endfacet
  facet normal 0 0 1
    outer loop
      vertex -47.008 -37.2504 1.35
      vertex -47.008 -40.5996 1.35
      vertex -46.9252 -40.6226 1.35
    endloop
  endfacet
  facet normal -0 0 1
    outer loop
      vertex -47.0896 -37.2773 1.35
      vertex -47.008 -40.5996 1.35
      vertex -47.008 -37.2504 1.35
    endloop
  endfacet
  facet normal 0 0 1
    outer loop
      vertex -47.0896 -37.2773 1.35
      vertex -47.0896 -40.5727 1.35
      vertex -47.008 -40.5996 1.35
    endloop
  endfacet
  facet normal -0 0 1
    outer loop
      vertex -47.1697 -37.3082 1.35
      vertex -47.0896 -40.5727 1.35
      vertex -47.0896 -37.2773 1.35
    endloop
  endfacet
  facet normal 0 0 1
    outer loop
      vertex -47.1697 -37.3082 1.35
      vertex -47.1697 -40.5418 1.35
      vertex -47.0896 -40.5727 1.35
    endloop
  endfacet
  facet normal -0 0 1
    outer loop
      vertex -47.2482 -37.343 1.35
      vertex -47.1697 -40.5418 1.35
      vertex -47.1697 -37.3082 1.35
    endloop
  endfacet
  facet normal 0 0 1
    outer loop
      vertex -47.2482 -37.343 1.35
      vertex -47.2482 -40.507 1.35
      vertex -47.1697 -40.5418 1.35
    endloop
  endfacet
  facet normal -0 0 1
    outer loop
      vertex -47.3249 -37.3816 1.35
      vertex -47.2482 -40.507 1.35
      vertex -47.2482 -37.343 1.35
    endloop
  endfacet
  facet normal 0 0 1
    outer loop
      vertex -47.3249 -37.3816 1.35
      vertex -47.3249 -40.4684 1.35
      vertex -47.2482 -40.507 1.35
    endloop
  endfacet
  facet normal -0 0 1
    outer loop
      vertex -47.3997 -37.424 1.35
      vertex -47.3249 -40.4684 1.35
      vertex -47.3249 -37.3816 1.35
    endloop
  endfacet
  facet normal 0 0 1
    outer loop
      vertex -47.3997 -37.424 1.35
      vertex -47.3997 -40.426 1.35
      vertex -47.3249 -40.4684 1.35
    endloop
  endfacet
  facet normal -0 0 1
    outer loop
      vertex -47.4722 -37.4699 1.35
      vertex -47.3997 -40.426 1.35
      vertex -47.3997 -37.424 1.35
    endloop
  endfacet
  facet normal 0 0 1
    outer loop
      vertex -47.4722 -37.4699 1.35
      vertex -47.4722 -40.3801 1.35
      vertex -47.3997 -40.426 1.35
    endloop
  endfacet
  facet normal -0 0 1
    outer loop
      vertex -47.5425 -37.5194 1.35
      vertex -47.4722 -40.3801 1.35
      vertex -47.4722 -37.4699 1.35
    endloop
  endfacet
  facet normal 0 0 1
    outer loop
      vertex -47.5425 -37.5194 1.35
      vertex -47.5425 -40.3306 1.35
      vertex -47.4722 -40.3801 1.35
    endloop
  endfacet
  facet normal -0 0 1
    outer loop
      vertex -47.6102 -37.5722 1.35
      vertex -47.5425 -40.3306 1.35
      vertex -47.5425 -37.5194 1.35
    endloop
  endfacet
  facet normal 0 0 1
    outer loop
      vertex -47.6102 -37.5722 1.35
      vertex -47.6102 -40.2778 1.35
      vertex -47.5425 -40.3306 1.35
    endloop
  endfacet
  facet normal -0 0 1
    outer loop
      vertex -47.6752 -37.6283 1.35
      vertex -47.6102 -40.2778 1.35
      vertex -47.6102 -37.5722 1.35
    endloop
  endfacet
  facet normal 0 0 1
    outer loop
      vertex -47.6752 -37.6283 1.35
      vertex -47.6752 -40.2217 1.35
      vertex -47.6102 -40.2778 1.35
    endloop
  endfacet
  facet normal -0 0 1
    outer loop
      vertex -47.7374 -37.6876 1.35
      vertex -47.6752 -40.2217 1.35
      vertex -47.6752 -37.6283 1.35
    endloop
  endfacet
  facet normal 0 0 1
    outer loop
      vertex -47.7374 -37.6876 1.35
      vertex -47.7374 -40.1624 1.35
      vertex -47.6752 -40.2217 1.35
    endloop
  endfacet
  facet normal -0 0 1
    outer loop
      vertex -47.7967 -37.7498 1.35
      vertex -47.7374 -40.1624 1.35
      vertex -47.7374 -37.6876 1.35
    endloop
  endfacet
  facet normal 0 0 1
    outer loop
      vertex -47.7967 -37.7498 1.35
      vertex -47.7967 -40.1002 1.35
      vertex -47.7374 -40.1624 1.35
    endloop
  endfacet
  facet normal -0 0 1
    outer loop
      vertex -47.8528 -37.8148 1.35
      vertex -47.7967 -40.1002 1.35
      vertex -47.7967 -37.7498 1.35
    endloop
  endfacet
  facet normal 0 0 1
    outer loop
      vertex -47.8528 -37.8148 1.35
      vertex -47.8528 -40.0352 1.35
      vertex -47.7967 -40.1002 1.35
    endloop
  endfacet
  facet normal -0 0 1
    outer loop
      vertex -47.9056 -37.8825 1.35
      vertex -47.8528 -40.0352 1.35
      vertex -47.8528 -37.8148 1.35
    endloop
  endfacet
  facet normal 0 0 1
    outer loop
      vertex -47.9056 -37.8825 1.35
      vertex -47.9056 -39.9675 1.35
      vertex -47.8528 -40.0352 1.35
    endloop
  endfacet
  facet normal -0 0 1
    outer loop
      vertex -47.9551 -37.9528 1.35
      vertex -47.9056 -39.9675 1.35
      vertex -47.9056 -37.8825 1.35
    endloop
  endfacet
  facet normal 0 0 1
    outer loop
      vertex -47.9551 -37.9528 1.35
      vertex -47.9551 -39.8972 1.35
      vertex -47.9056 -39.9675 1.35
    endloop
  endfacet
  facet normal -0 0 1
    outer loop
      vertex -48.001 -38.0253 1.35
      vertex -47.9551 -39.8972 1.35
      vertex -47.9551 -37.9528 1.35
    endloop
  endfacet
  facet normal 0 0 1
    outer loop
      vertex -48.001 -38.0253 1.35
      vertex -48.001 -39.8247 1.35
      vertex -47.9551 -39.8972 1.35
    endloop
  endfacet
  facet normal -0 0 1
    outer loop
      vertex -48.0434 -38.1001 1.35
      vertex -48.001 -39.8247 1.35
      vertex -48.001 -38.0253 1.35
    endloop
  endfacet
  facet normal 0 0 1
    outer loop
      vertex -48.0434 -38.1001 1.35
      vertex -48.0434 -39.7499 1.35
      vertex -48.001 -39.8247 1.35
    endloop
  endfacet
  facet normal -0 0 1
    outer loop
      vertex -48.082 -38.1768 1.35
      vertex -48.0434 -39.7499 1.35
      vertex -48.0434 -38.1001 1.35
    endloop
  endfacet
  facet normal 0 0 1
    outer loop
      vertex -48.082 -38.1768 1.35
      vertex -48.082 -39.6732 1.35
      vertex -48.0434 -39.7499 1.35
    endloop
  endfacet
  facet normal -0 0 1
    outer loop
      vertex -48.1168 -38.2553 1.35
      vertex -48.082 -39.6732 1.35
      vertex -48.082 -38.1768 1.35
    endloop
  endfacet
  facet normal 0 0 1
    outer loop
      vertex -48.1168 -38.2553 1.35
      vertex -48.1168 -39.5947 1.35
      vertex -48.082 -39.6732 1.35
    endloop
  endfacet
  facet normal -0 0 1
    outer loop
      vertex -48.1477 -38.3354 1.35
      vertex -48.1168 -39.5947 1.35
      vertex -48.1168 -38.2553 1.35
    endloop
  endfacet
  facet normal 0 0 1
    outer loop
      vertex -48.1477 -38.3354 1.35
      vertex -48.1477 -39.5146 1.35
      vertex -48.1168 -39.5947 1.35
    endloop
  endfacet
  facet normal -0 0 1
    outer loop
      vertex -48.1746 -38.417 1.35
      vertex -48.1477 -39.5146 1.35
      vertex -48.1477 -38.3354 1.35
    endloop
  endfacet
  facet normal 0 0 1
    outer loop
      vertex -48.1746 -38.417 1.35
      vertex -48.1746 -39.433 1.35
      vertex -48.1477 -39.5146 1.35
    endloop
  endfacet
  facet normal -0 0 1
    outer loop
      vertex -48.1976 -38.4998 1.35
      vertex -48.1746 -39.433 1.35
      vertex -48.1746 -38.417 1.35
    endloop
  endfacet
  facet normal 0 0 1
    outer loop
      vertex -48.1976 -38.4998 1.35
      vertex -48.1976 -39.3502 1.35
      vertex -48.1746 -39.433 1.35
    endloop
  endfacet
  facet normal -0 0 1
    outer loop
      vertex -48.2164 -38.5836 1.35
      vertex -48.1976 -39.3502 1.35
      vertex -48.1976 -38.4998 1.35
    endloop
  endfacet
  facet normal 0 0 1
    outer loop
      vertex -48.2164 -38.5836 1.35
      vertex -48.2164 -39.2664 1.35
      vertex -48.1976 -39.3502 1.35
    endloop
  endfacet
  facet normal -0 0 1
    outer loop
      vertex -48.2311 -38.6682 1.35
      vertex -48.2164 -39.2664 1.35
      vertex -48.2164 -38.5836 1.35
    endloop
  endfacet
  facet normal 0 0 1
    outer loop
      vertex -48.2311 -38.6682 1.35
      vertex -48.2311 -39.1818 1.35
      vertex -48.2164 -39.2664 1.35
    endloop
  endfacet
  facet normal -0 0 1
    outer loop
      vertex -48.2416 -38.7535 1.35
      vertex -48.2311 -39.1818 1.35
      vertex -48.2311 -38.6682 1.35
    endloop
  endfacet
  facet normal 0 0 1
    outer loop
      vertex -48.2416 -38.7535 1.35
      vertex -48.2416 -39.0965 1.35
      vertex -48.2311 -39.1818 1.35
    endloop
  endfacet
  facet normal -0 0 1
    outer loop
      vertex -48.2479 -38.8391 1.35
      vertex -48.2416 -39.0965 1.35
      vertex -48.2416 -38.7535 1.35
    endloop
  endfacet
  facet normal 0 0 1
    outer loop
      vertex -48.2479 -38.8391 1.35
      vertex -48.2479 -39.0109 1.35
      vertex -48.2416 -39.0965 1.35
    endloop
  endfacet
  facet normal 0 -0 1
    outer loop
      vertex -48.2479 -39.0109 1.35
      vertex -48.2479 -38.8391 1.35
      vertex -48.25 -38.925 1.35
    endloop
  endfacet
  facet normal 0 0 1
    outer loop
      vertex 48.2479 39.0109 1.35
      vertex 48.2479 38.8391 1.35
      vertex 48.25 38.925 1.35
    endloop
  endfacet
  facet normal 0 0 1
    outer loop
      vertex 48.2416 39.0965 1.35
      vertex 48.2479 38.8391 1.35
      vertex 48.2479 39.0109 1.35
    endloop
  endfacet
  facet normal 0 0 1
    outer loop
      vertex 48.2416 39.0965 1.35
      vertex 48.2416 38.7535 1.35
      vertex 48.2479 38.8391 1.35
    endloop
  endfacet
  facet normal 0 0 1
    outer loop
      vertex 48.2311 39.1818 1.35
      vertex 48.2416 38.7535 1.35
      vertex 48.2416 39.0965 1.35
    endloop
  endfacet
  facet normal 0 0 1
    outer loop
      vertex 48.2311 39.1818 1.35
      vertex 48.2311 38.6682 1.35
      vertex 48.2416 38.7535 1.35
    endloop
  endfacet
  facet normal 0 0 1
    outer loop
      vertex 48.2164 39.2664 1.35
      vertex 48.2311 38.6682 1.35
      vertex 48.2311 39.1818 1.35
    endloop
  endfacet
  facet normal 0 0 1
    outer loop
      vertex 48.2164 39.2664 1.35
      vertex 48.2164 38.5836 1.35
      vertex 48.2311 38.6682 1.35
    endloop
  endfacet
  facet normal 0 0 1
    outer loop
      vertex 48.1976 39.3502 1.35
      vertex 48.2164 38.5836 1.35
      vertex 48.2164 39.2664 1.35
    endloop
  endfacet
  facet normal 0 0 1
    outer loop
      vertex 48.1976 39.3502 1.35
      vertex 48.1976 38.4998 1.35
      vertex 48.2164 38.5836 1.35
    endloop
  endfacet
  facet normal 0 0 1
    outer loop
      vertex 48.1746 39.433 1.35
      vertex 48.1976 38.4998 1.35
      vertex 48.1976 39.3502 1.35
    endloop
  endfacet
  facet normal 0 0 1
    outer loop
      vertex 48.1746 39.433 1.35
      vertex 48.1746 38.417 1.35
      vertex 48.1976 38.4998 1.35
    endloop
  endfacet
  facet normal 0 0 1
    outer loop
      vertex 48.1477 39.5146 1.35
      vertex 48.1746 38.417 1.35
      vertex 48.1746 39.433 1.35
    endloop
  endfacet
  facet normal 0 0 1
    outer loop
      vertex 48.1477 39.5146 1.35
      vertex 48.1477 38.3354 1.35
      vertex 48.1746 38.417 1.35
    endloop
  endfacet
  facet normal 0 0 1
    outer loop
      vertex 48.1168 39.5947 1.35
      vertex 48.1477 38.3354 1.35
      vertex 48.1477 39.5146 1.35
    endloop
  endfacet
  facet normal 0 0 1
    outer loop
      vertex 48.1168 39.5947 1.35
      vertex 48.1168 38.2553 1.35
      vertex 48.1477 38.3354 1.35
    endloop
  endfacet
  facet normal 0 0 1
    outer loop
      vertex 48.082 39.6732 1.35
      vertex 48.1168 38.2553 1.35
      vertex 48.1168 39.5947 1.35
    endloop
  endfacet
  facet normal 0 0 1
    outer loop
      vertex 48.082 39.6732 1.35
      vertex 48.082 38.1768 1.35
      vertex 48.1168 38.2553 1.35
    endloop
  endfacet
  facet normal 0 0 1
    outer loop
      vertex 48.0434 39.7499 1.35
      vertex 48.082 38.1768 1.35
      vertex 48.082 39.6732 1.35
    endloop
  endfacet
  facet normal 0 0 1
    outer loop
      vertex 48.0434 39.7499 1.35
      vertex 48.0434 38.1001 1.35
      vertex 48.082 38.1768 1.35
    endloop
  endfacet
  facet normal 0 0 1
    outer loop
      vertex 48.001 39.8247 1.35
      vertex 48.0434 38.1001 1.35
      vertex 48.0434 39.7499 1.35
    endloop
  endfacet
  facet normal 0 0 1
    outer loop
      vertex 48.001 39.8247 1.35
      vertex 48.001 38.0253 1.35
      vertex 48.0434 38.1001 1.35
    endloop
  endfacet
  facet normal 0 0 1
    outer loop
      vertex 47.9551 39.8972 1.35
      vertex 48.001 38.0253 1.35
      vertex 48.001 39.8247 1.35
    endloop
  endfacet
  facet normal 0 0 1
    outer loop
      vertex 47.9551 39.8972 1.35
      vertex 47.9551 37.9528 1.35
      vertex 48.001 38.0253 1.35
    endloop
  endfacet
  facet normal 0 0 1
    outer loop
      vertex 47.9056 39.9675 1.35
      vertex 47.9551 37.9528 1.35
      vertex 47.9551 39.8972 1.35
    endloop
  endfacet
  facet normal 0 0 1
    outer loop
      vertex 47.9056 39.9675 1.35
      vertex 47.9056 37.8825 1.35
      vertex 47.9551 37.9528 1.35
    endloop
  endfacet
  facet normal 0 0 1
    outer loop
      vertex 47.8528 40.0352 1.35
      vertex 47.9056 37.8825 1.35
      vertex 47.9056 39.9675 1.35
    endloop
  endfacet
  facet normal 0 0 1
    outer loop
      vertex 47.8528 40.0352 1.35
      vertex 47.8528 37.8148 1.35
      vertex 47.9056 37.8825 1.35
    endloop
  endfacet
  facet normal 0 0 1
    outer loop
      vertex 47.7967 40.1002 1.35
      vertex 47.8528 37.8148 1.35
      vertex 47.8528 40.0352 1.35
    endloop
  endfacet
  facet normal 0 0 1
    outer loop
      vertex 47.7967 40.1002 1.35
      vertex 47.7967 37.7498 1.35
      vertex 47.8528 37.8148 1.35
    endloop
  endfacet
  facet normal 0 0 1
    outer loop
      vertex 47.7374 40.1624 1.35
      vertex 47.7967 37.7498 1.35
      vertex 47.7967 40.1002 1.35
    endloop
  endfacet
  facet normal 0 0 1
    outer loop
      vertex 47.7374 40.1624 1.35
      vertex 47.7374 37.6876 1.35
      vertex 47.7967 37.7498 1.35
    endloop
  endfacet
  facet normal 0 0 1
    outer loop
      vertex 47.6752 40.2217 1.35
      vertex 47.7374 37.6876 1.35
      vertex 47.7374 40.1624 1.35
    endloop
  endfacet
  facet normal 0 0 1
    outer loop
      vertex 47.6752 40.2217 1.35
      vertex 47.6752 37.6283 1.35
      vertex 47.7374 37.6876 1.35
    endloop
  endfacet
  facet normal 0 0 1
    outer loop
      vertex 47.6102 40.2778 1.35
      vertex 47.6752 37.6283 1.35
      vertex 47.6752 40.2217 1.35
    endloop
  endfacet
  facet normal 0 0 1
    outer loop
      vertex 47.6102 40.2778 1.35
      vertex 47.6102 37.5722 1.35
      vertex 47.6752 37.6283 1.35
    endloop
  endfacet
  facet normal 0 0 1
    outer loop
      vertex 47.5425 40.3306 1.35
      vertex 47.6102 37.5722 1.35
      vertex 47.6102 40.2778 1.35
    endloop
  endfacet
  facet normal 0 0 1
    outer loop
      vertex 47.5425 40.3306 1.35
      vertex 47.5425 37.5194 1.35
      vertex 47.6102 37.5722 1.35
    endloop
  endfacet
  facet normal 0 0 1
    outer loop
      vertex 47.4722 40.3801 1.35
      vertex 47.5425 37.5194 1.35
      vertex 47.5425 40.3306 1.35
    endloop
  endfacet
  facet normal 0 0 1
    outer loop
      vertex 47.4722 40.3801 1.35
      vertex 47.4722 37.4699 1.35
      vertex 47.5425 37.5194 1.35
    endloop
  endfacet
  facet normal 0 0 1
    outer loop
      vertex 47.3997 40.426 1.35
      vertex 47.4722 37.4699 1.35
      vertex 47.4722 40.3801 1.35
    endloop
  endfacet
  facet normal 0 0 1
    outer loop
      vertex 47.3997 40.426 1.35
      vertex 47.3997 37.424 1.35
      vertex 47.4722 37.4699 1.35
    endloop
  endfacet
  facet normal 0 0 1
    outer loop
      vertex 47.3249 40.4684 1.35
      vertex 47.3997 37.424 1.35
      vertex 47.3997 40.426 1.35
    endloop
  endfacet
  facet normal 0 0 1
    outer loop
      vertex 47.3249 40.4684 1.35
      vertex 47.3249 37.3816 1.35
      vertex 47.3997 37.424 1.35
    endloop
  endfacet
  facet normal 0 0 1
    outer loop
      vertex 47.2482 40.507 1.35
      vertex 47.3249 37.3816 1.35
      vertex 47.3249 40.4684 1.35
    endloop
  endfacet
  facet normal 0 0 1
    outer loop
      vertex 47.2482 40.507 1.35
      vertex 47.2482 37.343 1.35
      vertex 47.3249 37.3816 1.35
    endloop
  endfacet
  facet normal 0 0 1
    outer loop
      vertex 47.1697 40.5418 1.35
      vertex 47.2482 37.343 1.35
      vertex 47.2482 40.507 1.35
    endloop
  endfacet
  facet normal 0 0 1
    outer loop
      vertex 47.1697 40.5418 1.35
      vertex 47.1697 37.3082 1.35
      vertex 47.2482 37.343 1.35
    endloop
  endfacet
  facet normal 0 0 1
    outer loop
      vertex 47.0896 40.5727 1.35
      vertex 47.1697 37.3082 1.35
      vertex 47.1697 40.5418 1.35
    endloop
  endfacet
  facet normal 0 0 1
    outer loop
      vertex 47.0896 40.5727 1.35
      vertex 47.0896 37.2773 1.35
      vertex 47.1697 37.3082 1.35
    endloop
  endfacet
  facet normal 0 0 1
    outer loop
      vertex 47.008 40.5996 1.35
      vertex 47.0896 37.2773 1.35
      vertex 47.0896 40.5727 1.35
    endloop
  endfacet
  facet normal 0 0 1
    outer loop
      vertex 47.008 40.5996 1.35
      vertex 47.008 37.2504 1.35
      vertex 47.0896 37.2773 1.35
    endloop
  endfacet
  facet normal 0 0 1
    outer loop
      vertex 46.9252 40.6226 1.35
      vertex 47.008 37.2504 1.35
      vertex 47.008 40.5996 1.35
    endloop
  endfacet
  facet normal 0 0 1
    outer loop
      vertex 46.9252 40.6226 1.35
      vertex 46.9252 37.2274 1.35
      vertex 47.008 37.2504 1.35
    endloop
  endfacet
  facet normal 0 0 1
    outer loop
      vertex 46.8414 40.6414 1.35
      vertex 46.9252 37.2274 1.35
      vertex 46.9252 40.6226 1.35
    endloop
  endfacet
  facet normal 0 0 1
    outer loop
      vertex 46.8414 40.6414 1.35
      vertex 46.8414 37.2086 1.35
      vertex 46.9252 37.2274 1.35
    endloop
  endfacet
  facet normal 0 0 1
    outer loop
      vertex 46.7568 40.6561 1.35
      vertex 46.8414 37.2086 1.35
      vertex 46.8414 40.6414 1.35
    endloop
  endfacet
  facet normal 0 0 1
    outer loop
      vertex 46.7568 40.6561 1.35
      vertex 46.7568 37.1939 1.35
      vertex 46.8414 37.2086 1.35
    endloop
  endfacet
  facet normal 0 0 1
    outer loop
      vertex 46.6715 40.6666 1.35
      vertex 46.7568 37.1939 1.35
      vertex 46.7568 40.6561 1.35
    endloop
  endfacet
  facet normal 0 0 1
    outer loop
      vertex 46.6715 40.6666 1.35
      vertex 46.6715 37.1834 1.35
      vertex 46.7568 37.1939 1.35
    endloop
  endfacet
  facet normal 0 0 1
    outer loop
      vertex 46.5859 40.6729 1.35
      vertex 46.6715 37.1834 1.35
      vertex 46.6715 40.6666 1.35
    endloop
  endfacet
  facet normal 0 0 1
    outer loop
      vertex 46.5859 40.6729 1.35
      vertex 46.5859 37.1771 1.35
      vertex 46.6715 37.1834 1.35
    endloop
  endfacet
  facet normal 0 0 1
    outer loop
      vertex 46.5 40.675 1.35
      vertex 46.5859 37.1771 1.35
      vertex 46.5859 40.6729 1.35
    endloop
  endfacet
  facet normal 0 0 1
    outer loop
      vertex 46.5 40.675 1.35
      vertex 46.5 37.175 1.35
      vertex 46.5859 37.1771 1.35
    endloop
  endfacet
  facet normal -0 0 1
    outer loop
      vertex 46.4141 40.6729 1.35
      vertex 46.5 37.175 1.35
      vertex 46.5 40.675 1.35
    endloop
  endfacet
  facet normal 0 0 1
    outer loop
      vertex 46.4141 40.6729 1.35
      vertex 46.4141 37.1771 1.35
      vertex 46.5 37.175 1.35
    endloop
  endfacet
  facet normal -0 0 1
    outer loop
      vertex 46.3285 40.6666 1.35
      vertex 46.4141 37.1771 1.35
      vertex 46.4141 40.6729 1.35
    endloop
  endfacet
  facet normal 0 0 1
    outer loop
      vertex 46.3285 40.6666 1.35
      vertex 46.3285 37.1834 1.35
      vertex 46.4141 37.1771 1.35
    endloop
  endfacet
  facet normal -0 0 1
    outer loop
      vertex 46.2432 40.6561 1.35
      vertex 46.3285 37.1834 1.35
      vertex 46.3285 40.6666 1.35
    endloop
  endfacet
  facet normal 0 0 1
    outer loop
      vertex 46.2432 40.6561 1.35
      vertex 46.2432 37.1939 1.35
      vertex 46.3285 37.1834 1.35
    endloop
  endfacet
  facet normal -0 0 1
    outer loop
      vertex 46.1586 40.6414 1.35
      vertex 46.2432 37.1939 1.35
      vertex 46.2432 40.6561 1.35
    endloop
  endfacet
  facet normal 0 0 1
    outer loop
      vertex 46.1586 40.6414 1.35
      vertex 46.1586 37.2086 1.35
      vertex 46.2432 37.1939 1.35
    endloop
  endfacet
  facet normal -0 0 1
    outer loop
      vertex 46.0748 40.6226 1.35
      vertex 46.1586 37.2086 1.35
      vertex 46.1586 40.6414 1.35
    endloop
  endfacet
  facet normal 0 0 1
    outer loop
      vertex 46.0748 40.6226 1.35
      vertex 46.0748 37.2274 1.35
      vertex 46.1586 37.2086 1.35
    endloop
  endfacet
  facet normal -0 0 1
    outer loop
      vertex 45.992 40.5996 1.35
      vertex 46.0748 37.2274 1.35
      vertex 46.0748 40.6226 1.35
    endloop
  endfacet
  facet normal 0 0 1
    outer loop
      vertex 45.992 40.5996 1.35
      vertex 45.992 37.2504 1.35
      vertex 46.0748 37.2274 1.35
    endloop
  endfacet
  facet normal -0 0 1
    outer loop
      vertex 45.9104 40.5727 1.35
      vertex 45.992 37.2504 1.35
      vertex 45.992 40.5996 1.35
    endloop
  endfacet
  facet normal 0 0 1
    outer loop
      vertex 45.9104 40.5727 1.35
      vertex 45.9104 37.2773 1.35
      vertex 45.992 37.2504 1.35
    endloop
  endfacet
  facet normal -0 0 1
    outer loop
      vertex 45.8303 40.5418 1.35
      vertex 45.9104 37.2773 1.35
      vertex 45.9104 40.5727 1.35
    endloop
  endfacet
  facet normal 0 0 1
    outer loop
      vertex 45.8303 40.5418 1.35
      vertex 45.8303 37.3082 1.35
      vertex 45.9104 37.2773 1.35
    endloop
  endfacet
  facet normal -0 0 1
    outer loop
      vertex 45.7518 40.507 1.35
      vertex 45.8303 37.3082 1.35
      vertex 45.8303 40.5418 1.35
    endloop
  endfacet
  facet normal 0 0 1
    outer loop
      vertex 45.7518 40.507 1.35
      vertex 45.7518 37.343 1.35
      vertex 45.8303 37.3082 1.35
    endloop
  endfacet
  facet normal -0 0 1
    outer loop
      vertex 45.6751 40.4684 1.35
      vertex 45.7518 37.343 1.35
      vertex 45.7518 40.507 1.35
    endloop
  endfacet
  facet normal 0 0 1
    outer loop
      vertex 45.6751 40.4684 1.35
      vertex 45.6751 37.3816 1.35
      vertex 45.7518 37.343 1.35
    endloop
  endfacet
  facet normal -0 0 1
    outer loop
      vertex 45.6003 40.426 1.35
      vertex 45.6751 37.3816 1.35
      vertex 45.6751 40.4684 1.35
    endloop
  endfacet
  facet normal 0 0 1
    outer loop
      vertex 45.6003 40.426 1.35
      vertex 45.6003 37.424 1.35
      vertex 45.6751 37.3816 1.35
    endloop
  endfacet
  facet normal -0 0 1
    outer loop
      vertex 45.5278 40.3801 1.35
      vertex 45.6003 37.424 1.35
      vertex 45.6003 40.426 1.35
    endloop
  endfacet
  facet normal 0 0 1
    outer loop
      vertex 45.5278 40.3801 1.35
      vertex 45.5278 37.4699 1.35
      vertex 45.6003 37.424 1.35
    endloop
  endfacet
  facet normal -0 0 1
    outer loop
      vertex 45.4575 40.3306 1.35
      vertex 45.5278 37.4699 1.35
      vertex 45.5278 40.3801 1.35
    endloop
  endfacet
  facet normal 0 0 1
    outer loop
      vertex 45.4575 40.3306 1.35
      vertex 45.4575 37.5194 1.35
      vertex 45.5278 37.4699 1.35
    endloop
  endfacet
  facet normal -0 0 1
    outer loop
      vertex 45.3898 40.2778 1.35
      vertex 45.4575 37.5194 1.35
      vertex 45.4575 40.3306 1.35
    endloop
  endfacet
  facet normal 0 0 1
    outer loop
      vertex 45.3898 40.2778 1.35
      vertex 45.3898 37.5722 1.35
      vertex 45.4575 37.5194 1.35
    endloop
  endfacet
  facet normal -0 0 1
    outer loop
      vertex 45.3248 40.2217 1.35
      vertex 45.3898 37.5722 1.35
      vertex 45.3898 40.2778 1.35
    endloop
  endfacet
  facet normal 0 0 1
    outer loop
      vertex 45.3248 40.2217 1.35
      vertex 45.3248 37.6283 1.35
      vertex 45.3898 37.5722 1.35
    endloop
  endfacet
  facet normal -0 0 1
    outer loop
      vertex 45.2626 40.1624 1.35
      vertex 45.3248 37.6283 1.35
      vertex 45.3248 40.2217 1.35
    endloop
  endfacet
  facet normal 0 0 1
    outer loop
      vertex 45.2626 40.1624 1.35
      vertex 45.2626 37.6876 1.35
      vertex 45.3248 37.6283 1.35
    endloop
  endfacet
  facet normal -0 0 1
    outer loop
      vertex 45.2033 40.1002 1.35
      vertex 45.2626 37.6876 1.35
      vertex 45.2626 40.1624 1.35
    endloop
  endfacet
  facet normal 0 0 1
    outer loop
      vertex 45.2033 40.1002 1.35
      vertex 45.2033 37.7498 1.35
      vertex 45.2626 37.6876 1.35
    endloop
  endfacet
  facet normal -0 0 1
    outer loop
      vertex 45.1472 40.0352 1.35
      vertex 45.2033 37.7498 1.35
      vertex 45.2033 40.1002 1.35
    endloop
  endfacet
  facet normal 0 0 1
    outer loop
      vertex 45.1472 40.0352 1.35
      vertex 45.1472 37.8148 1.35
      vertex 45.2033 37.7498 1.35
    endloop
  endfacet
  facet normal -0 0 1
    outer loop
      vertex 45.0944 39.9675 1.35
      vertex 45.1472 37.8148 1.35
      vertex 45.1472 40.0352 1.35
    endloop
  endfacet
  facet normal 0 0 1
    outer loop
      vertex 45.0944 39.9675 1.35
      vertex 45.0944 37.8825 1.35
      vertex 45.1472 37.8148 1.35
    endloop
  endfacet
  facet normal -0 0 1
    outer loop
      vertex 45.0449 39.8972 1.35
      vertex 45.0944 37.8825 1.35
      vertex 45.0944 39.9675 1.35
    endloop
  endfacet
  facet normal 0 0 1
    outer loop
      vertex 45.0449 39.8972 1.35
      vertex 45.0449 37.9528 1.35
      vertex 45.0944 37.8825 1.35
    endloop
  endfacet
  facet normal -0 0 1
    outer loop
      vertex 44.999 39.8247 1.35
      vertex 45.0449 37.9528 1.35
      vertex 45.0449 39.8972 1.35
    endloop
  endfacet
  facet normal 0 0 1
    outer loop
      vertex 44.999 39.8247 1.35
      vertex 44.999 38.0253 1.35
      vertex 45.0449 37.9528 1.35
    endloop
  endfacet
  facet normal -0 0 1
    outer loop
      vertex 44.9566 39.7499 1.35
      vertex 44.999 38.0253 1.35
      vertex 44.999 39.8247 1.35
    endloop
  endfacet
  facet normal 0 0 1
    outer loop
      vertex 44.9566 39.7499 1.35
      vertex 44.9566 38.1001 1.35
      vertex 44.999 38.0253 1.35
    endloop
  endfacet
  facet normal -0 0 1
    outer loop
      vertex 44.918 39.6732 1.35
      vertex 44.9566 38.1001 1.35
      vertex 44.9566 39.7499 1.35
    endloop
  endfacet
  facet normal 0 0 1
    outer loop
      vertex 44.918 39.6732 1.35
      vertex 44.918 38.1768 1.35
      vertex 44.9566 38.1001 1.35
    endloop
  endfacet
  facet normal -0 0 1
    outer loop
      vertex 44.8832 39.5947 1.35
      vertex 44.918 38.1768 1.35
      vertex 44.918 39.6732 1.35
    endloop
  endfacet
  facet normal 0 0 1
    outer loop
      vertex 44.8832 39.5947 1.35
      vertex 44.8832 38.2553 1.35
      vertex 44.918 38.1768 1.35
    endloop
  endfacet
  facet normal -0 0 1
    outer loop
      vertex 44.8523 39.5146 1.35
      vertex 44.8832 38.2553 1.35
      vertex 44.8832 39.5947 1.35
    endloop
  endfacet
  facet normal 0 0 1
    outer loop
      vertex 44.8523 39.5146 1.35
      vertex 44.8523 38.3354 1.35
      vertex 44.8832 38.2553 1.35
    endloop
  endfacet
  facet normal -0 0 1
    outer loop
      vertex 44.8254 39.433 1.35
      vertex 44.8523 38.3354 1.35
      vertex 44.8523 39.5146 1.35
    endloop
  endfacet
  facet normal 0 0 1
    outer loop
      vertex 44.8254 39.433 1.35
      vertex 44.8254 38.417 1.35
      vertex 44.8523 38.3354 1.35
    endloop
  endfacet
  facet normal -0 0 1
    outer loop
      vertex 44.8024 39.3502 1.35
      vertex 44.8254 38.417 1.35
      vertex 44.8254 39.433 1.35
    endloop
  endfacet
  facet normal 0 0 1
    outer loop
      vertex 44.8024 39.3502 1.35
      vertex 44.8024 38.4998 1.35
      vertex 44.8254 38.417 1.35
    endloop
  endfacet
  facet normal -0 0 1
    outer loop
      vertex 44.7836 39.2664 1.35
      vertex 44.8024 38.4998 1.35
      vertex 44.8024 39.3502 1.35
    endloop
  endfacet
  facet normal 0 0 1
    outer loop
      vertex 44.7836 39.2664 1.35
      vertex 44.7836 38.5836 1.35
      vertex 44.8024 38.4998 1.35
    endloop
  endfacet
  facet normal -0 0 1
    outer loop
      vertex 44.7689 39.1818 1.35
      vertex 44.7836 38.5836 1.35
      vertex 44.7836 39.2664 1.35
    endloop
  endfacet
  facet normal 0 0 1
    outer loop
      vertex 44.7689 39.1818 1.35
      vertex 44.7689 38.6682 1.35
      vertex 44.7836 38.5836 1.35
    endloop
  endfacet
  facet normal -0 0 1
    outer loop
      vertex 44.7584 39.0965 1.35
      vertex 44.7689 38.6682 1.35
      vertex 44.7689 39.1818 1.35
    endloop
  endfacet
  facet normal 0 0 1
    outer loop
      vertex 44.7584 39.0965 1.35
      vertex 44.7584 38.7535 1.35
      vertex 44.7689 38.6682 1.35
    endloop
  endfacet
  facet normal -0 0 1
    outer loop
      vertex 44.7521 39.0109 1.35
      vertex 44.7584 38.7535 1.35
      vertex 44.7584 39.0965 1.35
    endloop
  endfacet
  facet normal 0 0 1
    outer loop
      vertex 44.7521 39.0109 1.35
      vertex 44.7521 38.8391 1.35
      vertex 44.7584 38.7535 1.35
    endloop
  endfacet
  facet normal 0 -0 1
    outer loop
      vertex 44.7521 38.8391 1.35
      vertex 44.7521 39.0109 1.35
      vertex 44.75 38.925 1.35
    endloop
  endfacet
  facet normal 0 0 1
    outer loop
      vertex 48.2479 -38.8391 1.35
      vertex 48.2479 -39.0109 1.35
      vertex 48.25 -38.925 1.35
    endloop
  endfacet
  facet normal 0 0 1
    outer loop
      vertex 48.2416 -38.7535 1.35
      vertex 48.2479 -39.0109 1.35
      vertex 48.2479 -38.8391 1.35
    endloop
  endfacet
  facet normal 0 0 1
    outer loop
      vertex 48.2416 -38.7535 1.35
      vertex 48.2416 -39.0965 1.35
      vertex 48.2479 -39.0109 1.35
    endloop
  endfacet
  facet normal 0 0 1
    outer loop
      vertex 48.2311 -38.6682 1.35
      vertex 48.2416 -39.0965 1.35
      vertex 48.2416 -38.7535 1.35
    endloop
  endfacet
  facet normal 0 0 1
    outer loop
      vertex 48.2311 -38.6682 1.35
      vertex 48.2311 -39.1818 1.35
      vertex 48.2416 -39.0965 1.35
    endloop
  endfacet
  facet normal 0 0 1
    outer loop
      vertex 48.2164 -38.5836 1.35
      vertex 48.2311 -39.1818 1.35
      vertex 48.2311 -38.6682 1.35
    endloop
  endfacet
  facet normal 0 0 1
    outer loop
      vertex 48.2164 -38.5836 1.35
      vertex 48.2164 -39.2664 1.35
      vertex 48.2311 -39.1818 1.35
    endloop
  endfacet
  facet normal 0 0 1
    outer loop
      vertex 48.1976 -38.4998 1.35
      vertex 48.2164 -39.2664 1.35
      vertex 48.2164 -38.5836 1.35
    endloop
  endfacet
  facet normal 0 0 1
    outer loop
      vertex 48.1976 -38.4998 1.35
      vertex 48.1976 -39.3502 1.35
      vertex 48.2164 -39.2664 1.35
    endloop
  endfacet
  facet normal 0 0 1
    outer loop
      vertex 48.1746 -38.417 1.35
      vertex 48.1976 -39.3502 1.35
      vertex 48.1976 -38.4998 1.35
    endloop
  endfacet
  facet normal 0 0 1
    outer loop
      vertex 48.1746 -38.417 1.35
      vertex 48.1746 -39.433 1.35
      vertex 48.1976 -39.3502 1.35
    endloop
  endfacet
  facet normal 0 0 1
    outer loop
      vertex 48.1477 -38.3354 1.35
      vertex 48.1746 -39.433 1.35
      vertex 48.1746 -38.417 1.35
    endloop
  endfacet
  facet normal 0 0 1
    outer loop
      vertex 48.1477 -38.3354 1.35
      vertex 48.1477 -39.5146 1.35
      vertex 48.1746 -39.433 1.35
    endloop
  endfacet
  facet normal 0 0 1
    outer loop
      vertex 48.1168 -38.2553 1.35
      vertex 48.1477 -39.5146 1.35
      vertex 48.1477 -38.3354 1.35
    endloop
  endfacet
  facet normal 0 0 1
    outer loop
      vertex 48.1168 -38.2553 1.35
      vertex 48.1168 -39.5947 1.35
      vertex 48.1477 -39.5146 1.35
    endloop
  endfacet
  facet normal 0 0 1
    outer loop
      vertex 48.082 -38.1768 1.35
      vertex 48.1168 -39.5947 1.35
      vertex 48.1168 -38.2553 1.35
    endloop
  endfacet
  facet normal 0 0 1
    outer loop
      vertex 48.082 -38.1768 1.35
      vertex 48.082 -39.6732 1.35
      vertex 48.1168 -39.5947 1.35
    endloop
  endfacet
  facet normal 0 0 1
    outer loop
      vertex 48.0434 -38.1001 1.35
      vertex 48.082 -39.6732 1.35
      vertex 48.082 -38.1768 1.35
    endloop
  endfacet
  facet normal 0 0 1
    outer loop
      vertex 48.0434 -38.1001 1.35
      vertex 48.0434 -39.7499 1.35
      vertex 48.082 -39.6732 1.35
    endloop
  endfacet
  facet normal 0 0 1
    outer loop
      vertex 48.001 -38.0253 1.35
      vertex 48.0434 -39.7499 1.35
      vertex 48.0434 -38.1001 1.35
    endloop
  endfacet
  facet normal 0 0 1
    outer loop
      vertex 48.001 -38.0253 1.35
      vertex 48.001 -39.8247 1.35
      vertex 48.0434 -39.7499 1.35
    endloop
  endfacet
  facet normal 0 0 1
    outer loop
      vertex 47.9551 -37.9528 1.35
      vertex 48.001 -39.8247 1.35
      vertex 48.001 -38.0253 1.35
    endloop
  endfacet
  facet normal 0 0 1
    outer loop
      vertex 47.9551 -37.9528 1.35
      vertex 47.9551 -39.8972 1.35
      vertex 48.001 -39.8247 1.35
    endloop
  endfacet
  facet normal 0 0 1
    outer loop
      vertex 47.9056 -37.8825 1.35
      vertex 47.9551 -39.8972 1.35
      vertex 47.9551 -37.9528 1.35
    endloop
  endfacet
  facet normal 0 0 1
    outer loop
      vertex 47.9056 -37.8825 1.35
      vertex 47.9056 -39.9675 1.35
      vertex 47.9551 -39.8972 1.35
    endloop
  endfacet
  facet normal 0 0 1
    outer loop
      vertex 47.8528 -37.8148 1.35
      vertex 47.9056 -39.9675 1.35
      vertex 47.9056 -37.8825 1.35
    endloop
  endfacet
  facet normal 0 0 1
    outer loop
      vertex 47.8528 -37.8148 1.35
      vertex 47.8528 -40.0352 1.35
      vertex 47.9056 -39.9675 1.35
    endloop
  endfacet
  facet normal 0 0 1
    outer loop
      vertex 47.7967 -37.7498 1.35
      vertex 47.8528 -40.0352 1.35
      vertex 47.8528 -37.8148 1.35
    endloop
  endfacet
  facet normal 0 0 1
    outer loop
      vertex 47.7967 -37.7498 1.35
      vertex 47.7967 -40.1002 1.35
      vertex 47.8528 -40.0352 1.35
    endloop
  endfacet
  facet normal 0 0 1
    outer loop
      vertex 47.7374 -37.6876 1.35
      vertex 47.7967 -40.1002 1.35
      vertex 47.7967 -37.7498 1.35
    endloop
  endfacet
  facet normal 0 0 1
    outer loop
      vertex 47.7374 -37.6876 1.35
      vertex 47.7374 -40.1624 1.35
      vertex 47.7967 -40.1002 1.35
    endloop
  endfacet
  facet normal 0 0 1
    outer loop
      vertex 47.6752 -37.6283 1.35
      vertex 47.7374 -40.1624 1.35
      vertex 47.7374 -37.6876 1.35
    endloop
  endfacet
  facet normal 0 0 1
    outer loop
      vertex 47.6752 -37.6283 1.35
      vertex 47.6752 -40.2217 1.35
      vertex 47.7374 -40.1624 1.35
    endloop
  endfacet
  facet normal 0 0 1
    outer loop
      vertex 47.6102 -37.5722 1.35
      vertex 47.6752 -40.2217 1.35
      vertex 47.6752 -37.6283 1.35
    endloop
  endfacet
  facet normal 0 0 1
    outer loop
      vertex 47.6102 -37.5722 1.35
      vertex 47.6102 -40.2778 1.35
      vertex 47.6752 -40.2217 1.35
    endloop
  endfacet
  facet normal 0 0 1
    outer loop
      vertex 47.5425 -37.5194 1.35
      vertex 47.6102 -40.2778 1.35
      vertex 47.6102 -37.5722 1.35
    endloop
  endfacet
  facet normal 0 0 1
    outer loop
      vertex 47.5425 -37.5194 1.35
      vertex 47.5425 -40.3306 1.35
      vertex 47.6102 -40.2778 1.35
    endloop
  endfacet
  facet normal 0 0 1
    outer loop
      vertex 47.4722 -37.4699 1.35
      vertex 47.5425 -40.3306 1.35
      vertex 47.5425 -37.5194 1.35
    endloop
  endfacet
  facet normal 0 0 1
    outer loop
      vertex 47.4722 -37.4699 1.35
      vertex 47.4722 -40.3801 1.35
      vertex 47.5425 -40.3306 1.35
    endloop
  endfacet
  facet normal 0 0 1
    outer loop
      vertex 47.3997 -37.424 1.35
      vertex 47.4722 -40.3801 1.35
      vertex 47.4722 -37.4699 1.35
    endloop
  endfacet
  facet normal 0 0 1
    outer loop
      vertex 47.3997 -37.424 1.35
      vertex 47.3997 -40.426 1.35
      vertex 47.4722 -40.3801 1.35
    endloop
  endfacet
  facet normal 0 0 1
    outer loop
      vertex 47.3249 -37.3816 1.35
      vertex 47.3997 -40.426 1.35
      vertex 47.3997 -37.424 1.35
    endloop
  endfacet
  facet normal 0 0 1
    outer loop
      vertex 47.3249 -37.3816 1.35
      vertex 47.3249 -40.4684 1.35
      vertex 47.3997 -40.426 1.35
    endloop
  endfacet
  facet normal 0 0 1
    outer loop
      vertex 47.2482 -37.343 1.35
      vertex 47.3249 -40.4684 1.35
      vertex 47.3249 -37.3816 1.35
    endloop
  endfacet
  facet normal 0 0 1
    outer loop
      vertex 47.2482 -37.343 1.35
      vertex 47.2482 -40.507 1.35
      vertex 47.3249 -40.4684 1.35
    endloop
  endfacet
  facet normal 0 0 1
    outer loop
      vertex 47.1697 -37.3082 1.35
      vertex 47.2482 -40.507 1.35
      vertex 47.2482 -37.343 1.35
    endloop
  endfacet
  facet normal 0 0 1
    outer loop
      vertex 47.1697 -37.3082 1.35
      vertex 47.1697 -40.5418 1.35
      vertex 47.2482 -40.507 1.35
    endloop
  endfacet
  facet normal 0 0 1
    outer loop
      vertex 47.0896 -37.2773 1.35
      vertex 47.1697 -40.5418 1.35
      vertex 47.1697 -37.3082 1.35
    endloop
  endfacet
  facet normal 0 0 1
    outer loop
      vertex 47.0896 -37.2773 1.35
      vertex 47.0896 -40.5727 1.35
      vertex 47.1697 -40.5418 1.35
    endloop
  endfacet
  facet normal 0 0 1
    outer loop
      vertex 47.008 -37.2504 1.35
      vertex 47.0896 -40.5727 1.35
      vertex 47.0896 -37.2773 1.35
    endloop
  endfacet
  facet normal 0 0 1
    outer loop
      vertex 47.008 -37.2504 1.35
      vertex 47.008 -40.5996 1.35
      vertex 47.0896 -40.5727 1.35
    endloop
  endfacet
  facet normal 0 0 1
    outer loop
      vertex 46.9252 -37.2274 1.35
      vertex 47.008 -40.5996 1.35
      vertex 47.008 -37.2504 1.35
    endloop
  endfacet
  facet normal 0 0 1
    outer loop
      vertex 46.9252 -37.2274 1.35
      vertex 46.9252 -40.6226 1.35
      vertex 47.008 -40.5996 1.35
    endloop
  endfacet
  facet normal 0 0 1
    outer loop
      vertex 46.8414 -37.2086 1.35
      vertex 46.9252 -40.6226 1.35
      vertex 46.9252 -37.2274 1.35
    endloop
  endfacet
  facet normal 0 0 1
    outer loop
      vertex 46.8414 -37.2086 1.35
      vertex 46.8414 -40.6414 1.35
      vertex 46.9252 -40.6226 1.35
    endloop
  endfacet
  facet normal 0 0 1
    outer loop
      vertex 46.7568 -37.1939 1.35
      vertex 46.8414 -40.6414 1.35
      vertex 46.8414 -37.2086 1.35
    endloop
  endfacet
  facet normal 0 0 1
    outer loop
      vertex 46.7568 -37.1939 1.35
      vertex 46.7568 -40.6561 1.35
      vertex 46.8414 -40.6414 1.35
    endloop
  endfacet
  facet normal 0 0 1
    outer loop
      vertex 46.6715 -37.1834 1.35
      vertex 46.7568 -40.6561 1.35
      vertex 46.7568 -37.1939 1.35
    endloop
  endfacet
  facet normal 0 0 1
    outer loop
      vertex 46.6715 -37.1834 1.35
      vertex 46.6715 -40.6666 1.35
      vertex 46.7568 -40.6561 1.35
    endloop
  endfacet
  facet normal 0 0 1
    outer loop
      vertex 46.5859 -37.1771 1.35
      vertex 46.6715 -40.6666 1.35
      vertex 46.6715 -37.1834 1.35
    endloop
  endfacet
  facet normal 0 0 1
    outer loop
      vertex 46.5859 -37.1771 1.35
      vertex 46.5859 -40.6729 1.35
      vertex 46.6715 -40.6666 1.35
    endloop
  endfacet
  facet normal 0 0 1
    outer loop
      vertex 46.5 -37.175 1.35
      vertex 46.5859 -40.6729 1.35
      vertex 46.5859 -37.1771 1.35
    endloop
  endfacet
  facet normal 0 0 1
    outer loop
      vertex 46.5 -37.175 1.35
      vertex 46.5 -40.675 1.35
      vertex 46.5859 -40.6729 1.35
    endloop
  endfacet
  facet normal -0 0 1
    outer loop
      vertex 46.4141 -37.1771 1.35
      vertex 46.5 -40.675 1.35
      vertex 46.5 -37.175 1.35
    endloop
  endfacet
  facet normal 0 0 1
    outer loop
      vertex 46.4141 -37.1771 1.35
      vertex 46.4141 -40.6729 1.35
      vertex 46.5 -40.675 1.35
    endloop
  endfacet
  facet normal -0 0 1
    outer loop
      vertex 46.3285 -37.1834 1.35
      vertex 46.4141 -40.6729 1.35
      vertex 46.4141 -37.1771 1.35
    endloop
  endfacet
  facet normal 0 0 1
    outer loop
      vertex 46.3285 -37.1834 1.35
      vertex 46.3285 -40.6666 1.35
      vertex 46.4141 -40.6729 1.35
    endloop
  endfacet
  facet normal -0 0 1
    outer loop
      vertex 46.2432 -37.1939 1.35
      vertex 46.3285 -40.6666 1.35
      vertex 46.3285 -37.1834 1.35
    endloop
  endfacet
  facet normal 0 0 1
    outer loop
      vertex 46.2432 -37.1939 1.35
      vertex 46.2432 -40.6561 1.35
      vertex 46.3285 -40.6666 1.35
    endloop
  endfacet
  facet normal -0 0 1
    outer loop
      vertex 46.1586 -37.2086 1.35
      vertex 46.2432 -40.6561 1.35
      vertex 46.2432 -37.1939 1.35
    endloop
  endfacet
  facet normal 0 0 1
    outer loop
      vertex 46.1586 -37.2086 1.35
      vertex 46.1586 -40.6414 1.35
      vertex 46.2432 -40.6561 1.35
    endloop
  endfacet
  facet normal -0 0 1
    outer loop
      vertex 46.0748 -37.2274 1.35
      vertex 46.1586 -40.6414 1.35
      vertex 46.1586 -37.2086 1.35
    endloop
  endfacet
  facet normal 0 0 1
    outer loop
      vertex 46.0748 -37.2274 1.35
      vertex 46.0748 -40.6226 1.35
      vertex 46.1586 -40.6414 1.35
    endloop
  endfacet
  facet normal -0 0 1
    outer loop
      vertex 45.992 -37.2504 1.35
      vertex 46.0748 -40.6226 1.35
      vertex 46.0748 -37.2274 1.35
    endloop
  endfacet
  facet normal 0 0 1
    outer loop
      vertex 45.992 -37.2504 1.35
      vertex 45.992 -40.5996 1.35
      vertex 46.0748 -40.6226 1.35
    endloop
  endfacet
  facet normal -0 0 1
    outer loop
      vertex 45.9104 -37.2773 1.35
      vertex 45.992 -40.5996 1.35
      vertex 45.992 -37.2504 1.35
    endloop
  endfacet
  facet normal 0 0 1
    outer loop
      vertex 45.9104 -37.2773 1.35
      vertex 45.9104 -40.5727 1.35
      vertex 45.992 -40.5996 1.35
    endloop
  endfacet
  facet normal -0 0 1
    outer loop
      vertex 45.8303 -37.3082 1.35
      vertex 45.9104 -40.5727 1.35
      vertex 45.9104 -37.2773 1.35
    endloop
  endfacet
  facet normal 0 0 1
    outer loop
      vertex 45.8303 -37.3082 1.35
      vertex 45.8303 -40.5418 1.35
      vertex 45.9104 -40.5727 1.35
    endloop
  endfacet
  facet normal -0 0 1
    outer loop
      vertex 45.7518 -37.343 1.35
      vertex 45.8303 -40.5418 1.35
      vertex 45.8303 -37.3082 1.35
    endloop
  endfacet
  facet normal 0 0 1
    outer loop
      vertex 45.7518 -37.343 1.35
      vertex 45.7518 -40.507 1.35
      vertex 45.8303 -40.5418 1.35
    endloop
  endfacet
  facet normal -0 0 1
    outer loop
      vertex 45.6751 -37.3816 1.35
      vertex 45.7518 -40.507 1.35
      vertex 45.7518 -37.343 1.35
    endloop
  endfacet
  facet normal 0 0 1
    outer loop
      vertex 45.6751 -37.3816 1.35
      vertex 45.6751 -40.4684 1.35
      vertex 45.7518 -40.507 1.35
    endloop
  endfacet
  facet normal -0 0 1
    outer loop
      vertex 45.6003 -37.424 1.35
      vertex 45.6751 -40.4684 1.35
      vertex 45.6751 -37.3816 1.35
    endloop
  endfacet
  facet normal 0 0 1
    outer loop
      vertex 45.6003 -37.424 1.35
      vertex 45.6003 -40.426 1.35
      vertex 45.6751 -40.4684 1.35
    endloop
  endfacet
  facet normal -0 0 1
    outer loop
      vertex 45.5278 -37.4699 1.35
      vertex 45.6003 -40.426 1.35
      vertex 45.6003 -37.424 1.35
    endloop
  endfacet
  facet normal 0 0 1
    outer loop
      vertex 45.5278 -37.4699 1.35
      vertex 45.5278 -40.3801 1.35
      vertex 45.6003 -40.426 1.35
    endloop
  endfacet
  facet normal -0 0 1
    outer loop
      vertex 45.4575 -37.5194 1.35
      vertex 45.5278 -40.3801 1.35
      vertex 45.5278 -37.4699 1.35
    endloop
  endfacet
  facet normal 0 0 1
    outer loop
      vertex 45.4575 -37.5194 1.35
      vertex 45.4575 -40.3306 1.35
      vertex 45.5278 -40.3801 1.35
    endloop
  endfacet
  facet normal -0 0 1
    outer loop
      vertex 45.3898 -37.5722 1.35
      vertex 45.4575 -40.3306 1.35
      vertex 45.4575 -37.5194 1.35
    endloop
  endfacet
  facet normal 0 0 1
    outer loop
      vertex 45.3898 -37.5722 1.35
      vertex 45.3898 -40.2778 1.35
      vertex 45.4575 -40.3306 1.35
    endloop
  endfacet
  facet normal -0 0 1
    outer loop
      vertex 45.3248 -37.6283 1.35
      vertex 45.3898 -40.2778 1.35
      vertex 45.3898 -37.5722 1.35
    endloop
  endfacet
  facet normal 0 0 1
    outer loop
      vertex 45.3248 -37.6283 1.35
      vertex 45.3248 -40.2217 1.35
      vertex 45.3898 -40.2778 1.35
    endloop
  endfacet
  facet normal -0 0 1
    outer loop
      vertex 45.2626 -37.6876 1.35
      vertex 45.3248 -40.2217 1.35
      vertex 45.3248 -37.6283 1.35
    endloop
  endfacet
  facet normal 0 0 1
    outer loop
      vertex 45.2626 -37.6876 1.35
      vertex 45.2626 -40.1624 1.35
      vertex 45.3248 -40.2217 1.35
    endloop
  endfacet
  facet normal -0 0 1
    outer loop
      vertex 45.2033 -37.7498 1.35
      vertex 45.2626 -40.1624 1.35
      vertex 45.2626 -37.6876 1.35
    endloop
  endfacet
  facet normal 0 0 1
    outer loop
      vertex 45.2033 -37.7498 1.35
      vertex 45.2033 -40.1002 1.35
      vertex 45.2626 -40.1624 1.35
    endloop
  endfacet
  facet normal -0 0 1
    outer loop
      vertex 45.1472 -37.8148 1.35
      vertex 45.2033 -40.1002 1.35
      vertex 45.2033 -37.7498 1.35
    endloop
  endfacet
  facet normal 0 0 1
    outer loop
      vertex 45.1472 -37.8148 1.35
      vertex 45.1472 -40.0352 1.35
      vertex 45.2033 -40.1002 1.35
    endloop
  endfacet
  facet normal -0 0 1
    outer loop
      vertex 45.0944 -37.8825 1.35
      vertex 45.1472 -40.0352 1.35
      vertex 45.1472 -37.8148 1.35
    endloop
  endfacet
  facet normal 0 0 1
    outer loop
      vertex 45.0944 -37.8825 1.35
      vertex 45.0944 -39.9675 1.35
      vertex 45.1472 -40.0352 1.35
    endloop
  endfacet
  facet normal -0 0 1
    outer loop
      vertex 45.0449 -37.9528 1.35
      vertex 45.0944 -39.9675 1.35
      vertex 45.0944 -37.8825 1.35
    endloop
  endfacet
  facet normal 0 0 1
    outer loop
      vertex 45.0449 -37.9528 1.35
      vertex 45.0449 -39.8972 1.35
      vertex 45.0944 -39.9675 1.35
    endloop
  endfacet
  facet normal -0 0 1
    outer loop
      vertex 44.999 -38.0253 1.35
      vertex 45.0449 -39.8972 1.35
      vertex 45.0449 -37.9528 1.35
    endloop
  endfacet
  facet normal 0 0 1
    outer loop
      vertex 44.999 -38.0253 1.35
      vertex 44.999 -39.8247 1.35
      vertex 45.0449 -39.8972 1.35
    endloop
  endfacet
  facet normal -0 0 1
    outer loop
      vertex 44.9566 -38.1001 1.35
      vertex 44.999 -39.8247 1.35
      vertex 44.999 -38.0253 1.35
    endloop
  endfacet
  facet normal 0 0 1
    outer loop
      vertex 44.9566 -38.1001 1.35
      vertex 44.9566 -39.7499 1.35
      vertex 44.999 -39.8247 1.35
    endloop
  endfacet
  facet normal -0 0 1
    outer loop
      vertex 44.918 -38.1768 1.35
      vertex 44.9566 -39.7499 1.35
      vertex 44.9566 -38.1001 1.35
    endloop
  endfacet
  facet normal 0 0 1
    outer loop
      vertex 44.918 -38.1768 1.35
      vertex 44.918 -39.6732 1.35
      vertex 44.9566 -39.7499 1.35
    endloop
  endfacet
  facet normal -0 0 1
    outer loop
      vertex 44.8832 -38.2553 1.35
      vertex 44.918 -39.6732 1.35
      vertex 44.918 -38.1768 1.35
    endloop
  endfacet
  facet normal 0 0 1
    outer loop
      vertex 44.8832 -38.2553 1.35
      vertex 44.8832 -39.5947 1.35
      vertex 44.918 -39.6732 1.35
    endloop
  endfacet
  facet normal -0 0 1
    outer loop
      vertex 44.8523 -38.3354 1.35
      vertex 44.8832 -39.5947 1.35
      vertex 44.8832 -38.2553 1.35
    endloop
  endfacet
  facet normal 0 0 1
    outer loop
      vertex 44.8523 -38.3354 1.35
      vertex 44.8523 -39.5146 1.35
      vertex 44.8832 -39.5947 1.35
    endloop
  endfacet
  facet normal -0 0 1
    outer loop
      vertex 44.8254 -38.417 1.35
      vertex 44.8523 -39.5146 1.35
      vertex 44.8523 -38.3354 1.35
    endloop
  endfacet
  facet normal 0 0 1
    outer loop
      vertex 44.8254 -38.417 1.35
      vertex 44.8254 -39.433 1.35
      vertex 44.8523 -39.5146 1.35
    endloop
  endfacet
  facet normal -0 0 1
    outer loop
      vertex 44.8024 -38.4998 1.35
      vertex 44.8254 -39.433 1.35
      vertex 44.8254 -38.417 1.35
    endloop
  endfacet
  facet normal 0 0 1
    outer loop
      vertex 44.8024 -38.4998 1.35
      vertex 44.8024 -39.3502 1.35
      vertex 44.8254 -39.433 1.35
    endloop
  endfacet
  facet normal -0 0 1
    outer loop
      vertex 44.7836 -38.5836 1.35
      vertex 44.8024 -39.3502 1.35
      vertex 44.8024 -38.4998 1.35
    endloop
  endfacet
  facet normal 0 0 1
    outer loop
      vertex 44.7836 -38.5836 1.35
      vertex 44.7836 -39.2664 1.35
      vertex 44.8024 -39.3502 1.35
    endloop
  endfacet
  facet normal -0 0 1
    outer loop
      vertex 44.7689 -38.6682 1.35
      vertex 44.7836 -39.2664 1.35
      vertex 44.7836 -38.5836 1.35
    endloop
  endfacet
  facet normal 0 0 1
    outer loop
      vertex 44.7689 -38.6682 1.35
      vertex 44.7689 -39.1818 1.35
      vertex 44.7836 -39.2664 1.35
    endloop
  endfacet
  facet normal -0 0 1
    outer loop
      vertex 44.7584 -38.7535 1.35
      vertex 44.7689 -39.1818 1.35
      vertex 44.7689 -38.6682 1.35
    endloop
  endfacet
  facet normal 0 0 1
    outer loop
      vertex 44.7584 -38.7535 1.35
      vertex 44.7584 -39.0965 1.35
      vertex 44.7689 -39.1818 1.35
    endloop
  endfacet
  facet normal -0 0 1
    outer loop
      vertex 44.7521 -38.8391 1.35
      vertex 44.7584 -39.0965 1.35
      vertex 44.7584 -38.7535 1.35
    endloop
  endfacet
  facet normal 0 0 1
    outer loop
      vertex 44.7521 -38.8391 1.35
      vertex 44.7521 -39.0109 1.35
      vertex 44.7584 -39.0965 1.35
    endloop
  endfacet
  facet normal 0 -0 1
    outer loop
      vertex 44.7521 -39.0109 1.35
      vertex 44.7521 -38.8391 1.35
      vertex 44.75 -38.925 1.35
    endloop
  endfacet
  facet normal 0 -1 0
    outer loop
      vertex -40.5 42.925 1.35
      vertex 40.5 42.925 4.8
      vertex -40.5 42.925 4.8
    endloop
  endfacet
  facet normal 0 -1 -0
    outer loop
      vertex 40.5 42.925 4.8
      vertex -40.5 42.925 1.35
      vertex 40.5 42.925 1.35
    endloop
  endfacet
  facet normal 0 -1 0
    outer loop
      vertex -40.5 42.925 4.8
      vertex -50.5 42.925 6.4
      vertex -50.5 42.925 4.8
    endloop
  endfacet
  facet normal 0 -1 0
    outer loop
      vertex -50.5 42.925 6.4
      vertex -40.5 42.925 4.8
      vertex 50.5 42.925 6.4
    endloop
  endfacet
  facet normal 0 -1 0
    outer loop
      vertex 40.5 42.925 4.8
      vertex 50.5 42.925 6.4
      vertex -40.5 42.925 4.8
    endloop
  endfacet
  facet normal 0 -1 -0
    outer loop
      vertex 50.5 42.925 6.4
      vertex 40.5 42.925 4.8
      vertex 50.5 42.925 4.8
    endloop
  endfacet
  facet normal 0 1 -0
    outer loop
      vertex 40.5 -42.925 1.35
      vertex -40.5 -42.925 4.8
      vertex 40.5 -42.925 4.8
    endloop
  endfacet
  facet normal 0 1 0
    outer loop
      vertex -40.5 -42.925 4.8
      vertex 40.5 -42.925 1.35
      vertex -40.5 -42.925 1.35
    endloop
  endfacet
  facet normal 0 1 0
    outer loop
      vertex 40.5 -42.925 4.8
      vertex 50.5 -42.925 6.4
      vertex 50.5 -42.925 4.8
    endloop
  endfacet
  facet normal 0 1 0
    outer loop
      vertex 50.5 -42.925 6.4
      vertex 40.5 -42.925 4.8
      vertex -50.5 -42.925 6.4
    endloop
  endfacet
  facet normal 0 1 -0
    outer loop
      vertex -40.5 -42.925 4.8
      vertex -50.5 -42.925 6.4
      vertex 40.5 -42.925 4.8
    endloop
  endfacet
  facet normal 0 1 0
    outer loop
      vertex -50.5 -42.925 6.4
      vertex -40.5 -42.925 4.8
      vertex -50.5 -42.925 4.8
    endloop
  endfacet
  facet normal -0.264968 1.21703e-20 0.964257
    outer loop
      vertex 11.8107 -27.8 -2.88251
      vertex 11.8226 -44.925 -2.87924
      vertex 11.8226 -27.8 -2.87924
    endloop
  endfacet
  facet normal -0.264968 1.21703e-20 0.964257
    outer loop
      vertex 11.8226 -44.925 -2.87924
      vertex 11.8107 -27.8 -2.88251
      vertex 11.8107 -44.925 -2.88251
    endloop
  endfacet
  facet normal -0.264968 1.66733e-18 0.964257
    outer loop
      vertex 11.8107 18.125 -2.88251
      vertex 11.8226 18 -2.87924
      vertex 11.8226 18.125 -2.87924
    endloop
  endfacet
  facet normal -0.264968 1.66733e-18 0.964257
    outer loop
      vertex 11.8226 18 -2.87924
      vertex 11.8107 18.125 -2.88251
      vertex 11.8107 18 -2.88251
    endloop
  endfacet
  facet normal -0.315 -1.03524e-20 0.949092
    outer loop
      vertex 11.8226 -27.8 -2.87924
      vertex 11.8342 -44.925 -2.87539
      vertex 11.8342 -27.8 -2.87539
    endloop
  endfacet
  facet normal -0.315 -1.03524e-20 0.949092
    outer loop
      vertex 11.8342 -44.925 -2.87539
      vertex 11.8226 -27.8 -2.87924
      vertex 11.8226 -44.925 -2.87924
    endloop
  endfacet
  facet normal -0.315 -1.41828e-18 0.949092
    outer loop
      vertex 11.8226 18.125 -2.87924
      vertex 11.8342 18 -2.87539
      vertex 11.8342 18.125 -2.87539
    endloop
  endfacet
  facet normal -0.315 -1.41828e-18 0.949092
    outer loop
      vertex 11.8342 18 -2.87539
      vertex 11.8226 18.125 -2.87924
      vertex 11.8226 18 -2.87924
    endloop
  endfacet
  facet normal -0.024383 9.00361e-22 0.999703
    outer loop
      vertex 11.75 -27.8 -2.89
      vertex 11.7623 -44.925 -2.8897
      vertex 11.7623 -27.8 -2.8897
    endloop
  endfacet
  facet normal -0.024383 9.00361e-22 0.999703
    outer loop
      vertex 11.7623 -44.925 -2.8897
      vertex 11.75 -27.8 -2.89
      vertex 11.75 -44.925 -2.89
    endloop
  endfacet
  facet normal -0.024383 1.23349e-19 0.999703
    outer loop
      vertex 11.75 18.125 -2.89
      vertex 11.7623 18 -2.8897
      vertex 11.7623 18.125 -2.8897
    endloop
  endfacet
  facet normal -0.024383 1.23349e-19 0.999703
    outer loop
      vertex 11.7623 18 -2.8897
      vertex 11.75 18.125 -2.89
      vertex 11.75 18 -2.89
    endloop
  endfacet
  facet normal 0.358549 3.94094e-21 -0.933511
    outer loop
      vertex -11.8457 -44.925 0.590969
      vertex -11.8342 18.125 0.595386
      vertex -11.8342 -44.925 0.595386
    endloop
  endfacet
  facet normal 0.358549 3.94094e-21 -0.933511
    outer loop
      vertex -11.8342 18.125 0.595386
      vertex -11.8457 -44.925 0.590969
      vertex -11.8457 18.125 0.590969
    endloop
  endfacet
  facet normal -0.614222 -1.55937e-18 0.789133
    outer loop
      vertex 11.8989 18.125 -2.8408
      vertex 11.9086 18 -2.83325
      vertex 11.9086 18.125 -2.83325
    endloop
  endfacet
  facet normal -0.614222 -1.55937e-18 0.789133
    outer loop
      vertex 11.9086 18 -2.83325
      vertex 11.8989 18.125 -2.8408
      vertex 11.8989 18 -2.8408
    endloop
  endfacet
  facet normal -0.614222 -1.13823e-20 0.789133
    outer loop
      vertex 11.8989 -27.8 -2.8408
      vertex 11.9086 -44.925 -2.83325
      vertex 11.9086 -27.8 -2.83325
    endloop
  endfacet
  facet normal -0.614222 -1.13823e-20 0.789133
    outer loop
      vertex 11.9086 -44.925 -2.83325
      vertex 11.8989 -27.8 -2.8408
      vertex 11.8989 -44.925 -2.8408
    endloop
  endfacet
  facet normal -0.57702 -4.86566e-21 -0.81673
    outer loop
      vertex 11.8889 -44.925 0.567867
      vertex 11.8989 18.125 0.560802
      vertex 11.8989 -44.925 0.560802
    endloop
  endfacet
  facet normal -0.57702 -4.86566e-21 -0.81673
    outer loop
      vertex 11.8989 18.125 0.560802
      vertex 11.8889 -44.925 0.567867
      vertex 11.8889 18.125 0.567867
    endloop
  endfacet
  facet normal -0.624695 0 0.780869
    outer loop
      vertex 13.4086 18.125 -1.63325
      vertex 12 -17.8 -2.76013
      vertex 13.4086 -44.925 -1.63325
    endloop
  endfacet
  facet normal -0.624705 6.42992e-07 0.780861
    outer loop
      vertex 13.4086 18.125 -1.63325
      vertex 11.9752 18 -2.78
      vertex 12 -17.8 -2.76013
    endloop
  endfacet
  facet normal -0.624695 -0.000187409 0.780869
    outer loop
      vertex 11.9086 18.125 -2.83325
      vertex 11.9752 18 -2.78
      vertex 13.4086 18.125 -1.63325
    endloop
  endfacet
  facet normal -0.62448 1.25288e-17 0.78104
    outer loop
      vertex 11.9752 18 -2.78
      vertex 11.9086 18.125 -2.83325
      vertex 11.9086 18 -2.83325
    endloop
  endfacet
  facet normal -0.624695 0 0.780869
    outer loop
      vertex 12 -27.8 -2.76013
      vertex 13.4086 -44.925 -1.63325
      vertex 12 -17.8 -2.76013
    endloop
  endfacet
  facet normal -0.624695 0 0.780869
    outer loop
      vertex 11.9086 -44.925 -2.83325
      vertex 12 -27.8 -2.76013
      vertex 11.9086 -27.8 -2.83325
    endloop
  endfacet
  facet normal -0.624695 1.20531e-17 0.780869
    outer loop
      vertex 12 -27.8 -2.76013
      vertex 11.9086 -44.925 -2.83325
      vertex 13.4086 -44.925 -1.63325
    endloop
  endfacet
  facet normal -0.625271 3.56766e-20 0.780408
    outer loop
      vertex 12 -17.8 -2.76013
      vertex 11.9752 18 -2.78
      vertex 11.9752 -17.8 -2.78
    endloop
  endfacet
  facet normal 0.358762 -1.79943e-18 0.933429
    outer loop
      vertex -11.8457 18.125 -2.87097
      vertex -11.8342 18 -2.87539
      vertex -11.8342 18.125 -2.87539
    endloop
  endfacet
  facet normal 0.358762 -1.79943e-18 0.933429
    outer loop
      vertex -11.8342 18 -2.87539
      vertex -11.8457 18.125 -2.87097
      vertex -11.8457 18 -2.87097
    endloop
  endfacet
  facet normal 0.358762 -1.31345e-20 0.933429
    outer loop
      vertex -11.8457 -27.8 -2.87097
      vertex -11.8342 -44.925 -2.87539
      vertex -11.8342 -27.8 -2.87539
    endloop
  endfacet
  facet normal 0.358762 -1.31345e-20 0.933429
    outer loop
      vertex -11.8342 -44.925 -2.87539
      vertex -11.8457 -27.8 -2.87097
      vertex -11.8457 -44.925 -2.87097
    endloop
  endfacet
  facet normal -0.913381 0 -0.407105
    outer loop
      vertex 13.481 -44.925 -0.74433
      vertex 13.476 18.125 -0.733112
      vertex 13.481 18.125 -0.74433
    endloop
  endfacet
  facet normal -0.913381 -0 -0.407105
    outer loop
      vertex 13.476 18.125 -0.733112
      vertex 13.481 -44.925 -0.74433
      vertex 13.476 -44.925 -0.733112
    endloop
  endfacet
  facet normal 0.57702 4.86566e-21 -0.81673
    outer loop
      vertex -11.8989 -44.925 0.560802
      vertex -11.8889 18.125 0.567867
      vertex -11.8889 -44.925 0.567867
    endloop
  endfacet
  facet normal 0.57702 4.86566e-21 -0.81673
    outer loop
      vertex -11.8889 18.125 0.567867
      vertex -11.8989 -44.925 0.560802
      vertex -11.8989 18.125 0.560802
    endloop
  endfacet
  facet normal -0.893774 0 0.448518
    outer loop
      vertex 13.4705 -44.925 -1.55785
      vertex 13.476 18.125 -1.54689
      vertex 13.4705 18.125 -1.55785
    endloop
  endfacet
  facet normal -0.893774 0 0.448518
    outer loop
      vertex 13.476 18.125 -1.54689
      vertex 13.4705 -44.925 -1.55785
      vertex 13.476 -44.925 -1.54689
    endloop
  endfacet
  facet normal -0.999701 0 -0.0244485
    outer loop
      vertex 13.5 -44.925 -0.840001
      vertex 13.4997 18.125 -0.827734
      vertex 13.5 18.125 -0.840001
    endloop
  endfacet
  facet normal -0.999701 -0 -0.0244485
    outer loop
      vertex 13.4997 18.125 -0.827734
      vertex 13.5 -44.925 -0.840001
      vertex 13.4997 -44.925 -0.827734
    endloop
  endfacet
  facet normal 0.122833 -3.07207e-21 0.992427
    outer loop
      vertex -11.7867 -27.8 -2.88729
      vertex -11.7745 -44.925 -2.8888
      vertex -11.7745 -27.8 -2.8888
    endloop
  endfacet
  facet normal 0.122833 -3.07207e-21 0.992427
    outer loop
      vertex -11.7745 -44.925 -2.8888
      vertex -11.7867 -27.8 -2.88729
      vertex -11.7867 -44.925 -2.88729
    endloop
  endfacet
  facet normal 0.122833 -4.20873e-19 0.992427
    outer loop
      vertex -11.7867 18.125 -2.88729
      vertex -11.7745 18 -2.8888
      vertex -11.7745 18.125 -2.8888
    endloop
  endfacet
  facet normal 0.122833 -4.20873e-19 0.992427
    outer loop
      vertex -11.7745 18 -2.8888
      vertex -11.7867 18.125 -2.88729
      vertex -11.7867 18 -2.88729
    endloop
  endfacet
  facet normal -0.614172 3.27114e-21 -0.789173
    outer loop
      vertex 11.8989 -44.925 0.560802
      vertex 11.9086 18.125 0.553253
      vertex 11.9086 -44.925 0.553253
    endloop
  endfacet
  facet normal -0.614172 3.27114e-21 -0.789173
    outer loop
      vertex 11.9086 18.125 0.553253
      vertex 11.8989 -44.925 0.560802
      vertex 11.8989 18.125 0.560802
    endloop
  endfacet
  facet normal 0.533503 -3.86939e-21 0.845798
    outer loop
      vertex -11.8889 -27.8 -2.84787
      vertex -11.8785 -44.925 -2.85443
      vertex -11.8785 -27.8 -2.85443
    endloop
  endfacet
  facet normal 0.533503 -3.86939e-21 0.845798
    outer loop
      vertex -11.8785 -44.925 -2.85443
      vertex -11.8889 -27.8 -2.84787
      vertex -11.8889 -44.925 -2.84787
    endloop
  endfacet
  facet normal 0.533503 -5.30106e-19 0.845798
    outer loop
      vertex -11.8889 18.125 -2.84787
      vertex -11.8785 18 -2.85443
      vertex -11.8785 18.125 -2.85443
    endloop
  endfacet
  facet normal 0.533503 -5.30106e-19 0.845798
    outer loop
      vertex -11.8785 18 -2.85443
      vertex -11.8889 18.125 -2.84787
      vertex -11.8889 18 -2.84787
    endloop
  endfacet
  facet normal 0.264968 -1.66733e-18 0.964257
    outer loop
      vertex -11.8226 18.125 -2.87924
      vertex -11.8107 18 -2.88251
      vertex -11.8107 18.125 -2.88251
    endloop
  endfacet
  facet normal 0.264968 -1.66733e-18 0.964257
    outer loop
      vertex -11.8107 18 -2.88251
      vertex -11.8226 18.125 -2.87924
      vertex -11.8226 18 -2.87924
    endloop
  endfacet
  facet normal 0.264968 -1.21703e-20 0.964257
    outer loop
      vertex -11.8226 -27.8 -2.87924
      vertex -11.8107 -44.925 -2.88251
      vertex -11.8107 -27.8 -2.88251
    endloop
  endfacet
  facet normal 0.264968 -1.21703e-20 0.964257
    outer loop
      vertex -11.8107 -44.925 -2.88251
      vertex -11.8226 -27.8 -2.87924
      vertex -11.8226 -44.925 -2.87924
    endloop
  endfacet
  facet normal -0 0 1
    outer loop
      vertex -11.75 -27.8 -2.89
      vertex 11.75 -44.925 -2.89
      vertex 11.75 -27.8 -2.89
    endloop
  endfacet
  facet normal 0 0 1
    outer loop
      vertex 11.75 -44.925 -2.89
      vertex -11.75 -27.8 -2.89
      vertex -11.75 -44.925 -2.89
    endloop
  endfacet
  facet normal -0 0 1
    outer loop
      vertex -11.75 18.125 -2.89
      vertex 11.75 18 -2.89
      vertex 11.75 18.125 -2.89
    endloop
  endfacet
  facet normal 0 0 1
    outer loop
      vertex 11.75 18 -2.89
      vertex -11.75 18.125 -2.89
      vertex -11.75 18 -2.89
    endloop
  endfacet
  facet normal -0.847309 0 0.5311
    outer loop
      vertex 13.4579 -44.925 -1.57889
      vertex 13.4644 18.125 -1.56852
      vertex 13.4579 18.125 -1.57889
    endloop
  endfacet
  facet normal -0.847309 0 0.5311
    outer loop
      vertex 13.4644 18.125 -1.56852
      vertex 13.4579 -44.925 -1.57889
      vertex 13.4644 -44.925 -1.56852
    endloop
  endfacet
  facet normal 0.220487 -8.38082e-21 0.97539
    outer loop
      vertex -11.8107 -27.8 -2.88251
      vertex -11.7988 -44.925 -2.8852
      vertex -11.7988 -27.8 -2.8852
    endloop
  endfacet
  facet normal 0.220487 -8.38082e-21 0.97539
    outer loop
      vertex -11.7988 -44.925 -2.8852
      vertex -11.8107 -27.8 -2.88251
      vertex -11.8107 -44.925 -2.88251
    endloop
  endfacet
  facet normal 0.220487 -1.14817e-18 0.97539
    outer loop
      vertex -11.8107 18.125 -2.88251
      vertex -11.7988 18 -2.8852
      vertex -11.7988 18.125 -2.8852
    endloop
  endfacet
  facet normal 0.220487 -1.14817e-18 0.97539
    outer loop
      vertex -11.7988 18 -2.8852
      vertex -11.8107 18.125 -2.88251
      vertex -11.8107 18 -2.88251
    endloop
  endfacet
  facet normal -0.816255 0 -0.577692
    outer loop
      vertex 13.4579 -44.925 -0.701108
      vertex 13.4508 18.125 -0.691076
      vertex 13.4579 18.125 -0.701108
    endloop
  endfacet
  facet normal -0.816255 -0 -0.577692
    outer loop
      vertex 13.4508 18.125 -0.691076
      vertex 13.4579 -44.925 -0.701108
      vertex 13.4508 -44.925 -0.691076
    endloop
  endfacet
  facet normal 0.024383 -1.23349e-19 0.999703
    outer loop
      vertex -11.7623 18.125 -2.8897
      vertex -11.75 18 -2.89
      vertex -11.75 18.125 -2.89
    endloop
  endfacet
  facet normal 0.024383 -1.23349e-19 0.999703
    outer loop
      vertex -11.75 18 -2.89
      vertex -11.7623 18.125 -2.8897
      vertex -11.7623 18 -2.8897
    endloop
  endfacet
  facet normal 0.024383 -9.00361e-22 0.999703
    outer loop
      vertex -11.7623 -27.8 -2.8897
      vertex -11.75 -44.925 -2.89
      vertex -11.75 -27.8 -2.89
    endloop
  endfacet
  facet normal 0.024383 -9.00361e-22 0.999703
    outer loop
      vertex -11.75 -44.925 -2.89
      vertex -11.7623 -27.8 -2.8897
      vertex -11.7623 -44.925 -2.8897
    endloop
  endfacet
  facet normal 0.170207 -6.66228e-21 0.985408
    outer loop
      vertex -11.7988 -27.8 -2.8852
      vertex -11.7867 -44.925 -2.88729
      vertex -11.7867 -27.8 -2.88729
    endloop
  endfacet
  facet normal 0.170207 -6.66228e-21 0.985408
    outer loop
      vertex -11.7867 -44.925 -2.88729
      vertex -11.7988 -27.8 -2.8852
      vertex -11.7988 -44.925 -2.8852
    endloop
  endfacet
  facet normal 0.170207 -9.12733e-19 0.985408
    outer loop
      vertex -11.7988 18.125 -2.8852
      vertex -11.7867 18 -2.88729
      vertex -11.7867 18.125 -2.88729
    endloop
  endfacet
  facet normal 0.170207 -9.12733e-19 0.985408
    outer loop
      vertex -11.7867 18 -2.88729
      vertex -11.7988 18.125 -2.8852
      vertex -11.7988 18 -2.8852
    endloop
  endfacet
  facet normal -0.170207 9.12733e-19 0.985408
    outer loop
      vertex 11.7867 18.125 -2.88729
      vertex 11.7988 18 -2.8852
      vertex 11.7988 18.125 -2.8852
    endloop
  endfacet
  facet normal -0.170207 9.12733e-19 0.985408
    outer loop
      vertex 11.7988 18 -2.8852
      vertex 11.7867 18.125 -2.88729
      vertex 11.7867 18 -2.88729
    endloop
  endfacet
  facet normal -0.170207 6.66228e-21 0.985408
    outer loop
      vertex 11.7867 -27.8 -2.88729
      vertex 11.7988 -44.925 -2.8852
      vertex 11.7988 -27.8 -2.8852
    endloop
  endfacet
  facet normal -0.170207 6.66228e-21 0.985408
    outer loop
      vertex 11.7988 -44.925 -2.8852
      vertex 11.7867 -27.8 -2.88729
      vertex 11.7867 -44.925 -2.88729
    endloop
  endfacet
  facet normal 0.726854 -0 0.686792
    outer loop
      vertex -13.4352 -44.925 -1.60789
      vertex -13.4268 18.125 -1.61678
      vertex -13.4352 18.125 -1.60789
    endloop
  endfacet
  facet normal 0.726854 0 0.686792
    outer loop
      vertex -13.4268 18.125 -1.61678
      vertex -13.4352 -44.925 -1.60789
      vertex -13.4268 -44.925 -1.61678
    endloop
  endfacet
  facet normal -0.220331 1.58397e-21 -0.975425
    outer loop
      vertex 11.7988 -44.925 0.605195
      vertex 11.8107 18.125 0.602507
      vertex 11.8107 -44.925 0.602507
    endloop
  endfacet
  facet normal -0.220331 1.58397e-21 -0.975425
    outer loop
      vertex 11.8107 18.125 0.602507
      vertex 11.7988 -44.925 0.605195
      vertex 11.7988 18.125 0.605195
    endloop
  endfacet
  facet normal -0.170839 5.98012e-22 -0.985299
    outer loop
      vertex 11.7867 -44.925 0.607293
      vertex 11.7988 18.125 0.605195
      vertex 11.7988 -44.925 0.605195
    endloop
  endfacet
  facet normal -0.170839 5.98012e-22 -0.985299
    outer loop
      vertex 11.7988 18.125 0.605195
      vertex 11.7867 -44.925 0.607293
      vertex 11.7867 18.125 0.607293
    endloop
  endfacet
  facet normal 0.999701 0 -0.0244485
    outer loop
      vertex -13.4997 -44.925 -0.827734
      vertex -13.5 18.125 -0.840001
      vertex -13.4997 18.125 -0.827734
    endloop
  endfacet
  facet normal 0.999701 0 -0.0244485
    outer loop
      vertex -13.5 18.125 -0.840001
      vertex -13.4997 -44.925 -0.827734
      vertex -13.5 -44.925 -0.840001
    endloop
  endfacet
  facet normal -0.9755 0 -0.220001
    outer loop
      vertex 13.4952 -44.925 -0.791228
      vertex 13.4925 18.125 -0.779256
      vertex 13.4952 18.125 -0.791228
    endloop
  endfacet
  facet normal -0.9755 -0 -0.220001
    outer loop
      vertex 13.4925 18.125 -0.779256
      vertex 13.4952 -44.925 -0.791228
      vertex 13.4925 -44.925 -0.779256
    endloop
  endfacet
  facet normal -0.688963 -8.10655e-21 0.724796
    outer loop
      vertex 13.4179 18.125 -1.62524
      vertex 13.4268 -44.925 -1.61678
      vertex 13.4268 18.125 -1.61678
    endloop
  endfacet
  facet normal -0.688963 -8.10655e-21 0.724796
    outer loop
      vertex 13.4268 -44.925 -1.61678
      vertex 13.4179 18.125 -1.62524
      vertex 13.4179 -44.925 -1.62524
    endloop
  endfacet
  facet normal 0.950712 0 -0.310077
    outer loop
      vertex -13.4854 -44.925 -0.755778
      vertex -13.4892 18.125 -0.767429
      vertex -13.4854 18.125 -0.755778
    endloop
  endfacet
  facet normal 0.950712 0 -0.310077
    outer loop
      vertex -13.4892 18.125 -0.767429
      vertex -13.4854 -44.925 -0.755778
      vertex -13.4892 -44.925 -0.767429
    endloop
  endfacet
  facet normal 0.533794 -7.73294e-21 -0.845614
    outer loop
      vertex -11.8889 -44.925 0.567867
      vertex -11.8785 18.125 0.574432
      vertex -11.8785 -44.925 0.574432
    endloop
  endfacet
  facet normal 0.533794 -7.73294e-21 -0.845614
    outer loop
      vertex -11.8785 18.125 0.574432
      vertex -11.8889 -44.925 0.567867
      vertex -11.8889 18.125 0.567867
    endloop
  endfacet
  facet normal 0.8162 -0 0.577769
    outer loop
      vertex -13.4579 -44.925 -1.57889
      vertex -13.4508 18.125 -1.58892
      vertex -13.4579 18.125 -1.57889
    endloop
  endfacet
  facet normal 0.8162 0 0.577769
    outer loop
      vertex -13.4508 18.125 -1.58892
      vertex -13.4579 -44.925 -1.57889
      vertex -13.4508 -44.925 -1.58892
    endloop
  endfacet
  facet normal 0.847309 -0 0.5311
    outer loop
      vertex -13.4644 -44.925 -1.56852
      vertex -13.4579 18.125 -1.57889
      vertex -13.4644 18.125 -1.56852
    endloop
  endfacet
  facet normal 0.847309 0 0.5311
    outer loop
      vertex -13.4579 18.125 -1.57889
      vertex -13.4644 -44.925 -1.56852
      vertex -13.4579 -44.925 -1.57889
    endloop
  endfacet
  facet normal -0.265119 -3.34998e-21 -0.964216
    outer loop
      vertex 11.8107 -44.925 0.602507
      vertex 11.8226 18.125 0.599235
      vertex 11.8226 -44.925 0.599235
    endloop
  endfacet
  facet normal -0.265119 -3.34998e-21 -0.964216
    outer loop
      vertex 11.8226 18.125 0.599235
      vertex 11.8107 -44.925 0.602507
      vertex 11.8107 18.125 0.602507
    endloop
  endfacet
  facet normal 0.314927 2.81481e-21 -0.949116
    outer loop
      vertex -11.8342 -44.925 0.595386
      vertex -11.8226 18.125 0.599235
      vertex -11.8226 -44.925 0.599235
    endloop
  endfacet
  facet normal 0.314927 2.81481e-21 -0.949116
    outer loop
      vertex -11.8226 18.125 0.599235
      vertex -11.8342 -44.925 0.595386
      vertex -11.8342 18.125 0.595386
    endloop
  endfacet
  facet normal -0.220487 8.38082e-21 0.97539
    outer loop
      vertex 11.7988 -27.8 -2.8852
      vertex 11.8107 -44.925 -2.88251
      vertex 11.8107 -27.8 -2.88251
    endloop
  endfacet
  facet normal -0.220487 8.38082e-21 0.97539
    outer loop
      vertex 11.8107 -44.925 -2.88251
      vertex 11.7988 -27.8 -2.8852
      vertex 11.7988 -44.925 -2.8852
    endloop
  endfacet
  facet normal -0.220487 1.14817e-18 0.97539
    outer loop
      vertex 11.7988 18.125 -2.8852
      vertex 11.8107 18 -2.88251
      vertex 11.8107 18.125 -2.88251
    endloop
  endfacet
  facet normal -0.220487 1.14817e-18 0.97539
    outer loop
      vertex 11.8107 18 -2.88251
      vertex 11.7988 18.125 -2.8852
      vertex 11.7988 18 -2.8852
    endloop
  endfacet
  facet normal 0.933451 -0 0.358706
    outer loop
      vertex -13.4854 -44.925 -1.52422
      vertex -13.481 18.125 -1.53567
      vertex -13.4854 18.125 -1.52422
    endloop
  endfacet
  facet normal 0.933451 0 0.358706
    outer loop
      vertex -13.481 18.125 -1.53567
      vertex -13.4854 -44.925 -1.52422
      vertex -13.481 -44.925 -1.53567
    endloop
  endfacet
  facet normal 0 0 -1
    outer loop
      vertex -11.75 -44.925 0.61
      vertex 11.75 18.125 0.61
      vertex 11.75 -44.925 0.61
    endloop
  endfacet
  facet normal -0 0 -1
    outer loop
      vertex 11.75 18.125 0.61
      vertex -11.75 -44.925 0.61
      vertex -11.75 18.125 0.61
    endloop
  endfacet
  facet normal 0.265119 3.34998e-21 -0.964216
    outer loop
      vertex -11.8226 -44.925 0.599235
      vertex -11.8107 18.125 0.602507
      vertex -11.8107 -44.925 0.602507
    endloop
  endfacet
  facet normal 0.265119 3.34998e-21 -0.964216
    outer loop
      vertex -11.8107 18.125 0.602507
      vertex -11.8226 -44.925 0.599235
      vertex -11.8226 18.125 0.599235
    endloop
  endfacet
  facet normal -0.689006 -7.5628e-21 -0.724755
    outer loop
      vertex 13.4179 -44.925 -0.654763
      vertex 13.4268 18.125 -0.663224
      vertex 13.4268 -44.925 -0.663224
    endloop
  endfacet
  facet normal -0.689006 -7.5628e-21 -0.724755
    outer loop
      vertex 13.4268 18.125 -0.663224
      vertex 13.4179 -44.925 -0.654763
      vertex 13.4179 18.125 -0.654763
    endloop
  endfacet
  facet normal 0.868143 -0 0.496314
    outer loop
      vertex -13.4705 -44.925 -1.55785
      vertex -13.4644 18.125 -1.56852
      vertex -13.4705 18.125 -1.55785
    endloop
  endfacet
  facet normal 0.868143 0 0.496314
    outer loop
      vertex -13.4644 18.125 -1.56852
      vertex -13.4705 -44.925 -1.55785
      vertex -13.4644 -44.925 -1.56852
    endloop
  endfacet
  facet normal 0.9755 0 -0.220001
    outer loop
      vertex -13.4925 -44.925 -0.779256
      vertex -13.4952 18.125 -0.791228
      vertex -13.4925 18.125 -0.779256
    endloop
  endfacet
  facet normal 0.9755 0 -0.220001
    outer loop
      vertex -13.4952 18.125 -0.791228
      vertex -13.4925 -44.925 -0.779256
      vertex -13.4952 -44.925 -0.791228
    endloop
  endfacet
  facet normal 0.868263 0 -0.496104
    outer loop
      vertex -13.4644 -44.925 -0.711475
      vertex -13.4705 18.125 -0.722151
      vertex -13.4644 18.125 -0.711475
    endloop
  endfacet
  facet normal 0.868263 0 -0.496104
    outer loop
      vertex -13.4705 18.125 -0.722151
      vertex -13.4644 -44.925 -0.711475
      vertex -13.4705 -44.925 -0.722151
    endloop
  endfacet
  facet normal -0.358549 -3.94094e-21 -0.933511
    outer loop
      vertex 11.8342 -44.925 0.595386
      vertex 11.8457 18.125 0.590969
      vertex 11.8457 -44.925 0.590969
    endloop
  endfacet
  facet normal -0.358549 -3.94094e-21 -0.933511
    outer loop
      vertex 11.8457 18.125 0.590969
      vertex 11.8342 -44.925 0.595386
      vertex 11.8342 18.125 0.595386
    endloop
  endfacet
  facet normal 0.624695 0 -0.780869
    outer loop
      vertex -13.4086 -44.925 -0.646748
      vertex -11.9086 18.125 0.553253
      vertex -11.9086 -44.925 0.553253
    endloop
  endfacet
  facet normal 0.624695 0 -0.780869
    outer loop
      vertex -11.9086 18.125 0.553253
      vertex -13.4086 -44.925 -0.646748
      vertex -13.4086 18.125 -0.646748
    endloop
  endfacet
  facet normal 0.122272 -2.07054e-21 -0.992497
    outer loop
      vertex -11.7867 -44.925 0.607293
      vertex -11.7745 18.125 0.608796
      vertex -11.7745 -44.925 0.608796
    endloop
  endfacet
  facet normal 0.122272 -2.07054e-21 -0.992497
    outer loop
      vertex -11.7745 18.125 0.608796
      vertex -11.7867 -44.925 0.607293
      vertex -11.7867 18.125 0.607293
    endloop
  endfacet
  facet normal -0.451791 3.99267e-19 0.892124
    outer loop
      vertex 11.8569 18.125 -2.866
      vertex 11.8678 18 -2.86048
      vertex 11.8678 18.125 -2.86048
    endloop
  endfacet
  facet normal -0.451791 3.99267e-19 0.892124
    outer loop
      vertex 11.8678 18 -2.86048
      vertex 11.8569 18.125 -2.866
      vertex 11.8569 18 -2.866
    endloop
  endfacet
  facet normal -0.451791 2.91436e-21 0.892124
    outer loop
      vertex 11.8569 -27.8 -2.866
      vertex 11.8678 -44.925 -2.86048
      vertex 11.8678 -27.8 -2.86048
    endloop
  endfacet
  facet normal -0.451791 2.91436e-21 0.892124
    outer loop
      vertex 11.8678 -44.925 -2.86048
      vertex 11.8569 -27.8 -2.866
      vertex 11.8569 -44.925 -2.866
    endloop
  endfacet
  facet normal -0.975492 0 0.220036
    outer loop
      vertex 13.4925 -44.925 -1.50074
      vertex 13.4952 18.125 -1.48877
      vertex 13.4925 18.125 -1.50074
    endloop
  endfacet
  facet normal -0.975492 0 0.220036
    outer loop
      vertex 13.4952 18.125 -1.48877
      vertex 13.4925 -44.925 -1.50074
      vertex 13.4952 -44.925 -1.48877
    endloop
  endfacet
  facet normal 0.753732 -0 0.657182
    outer loop
      vertex -13.4433 -44.925 -1.5986
      vertex -13.4352 18.125 -1.60789
      vertex -13.4433 18.125 -1.5986
    endloop
  endfacet
  facet normal 0.753732 0 0.657182
    outer loop
      vertex -13.4352 18.125 -1.60789
      vertex -13.4433 -44.925 -1.5986
      vertex -13.4352 -44.925 -1.60789
    endloop
  endfacet
  facet normal -0.997307 0 -0.0733434
    outer loop
      vertex 13.4997 -44.925 -0.827734
      vertex 13.4988 18.125 -0.815496
      vertex 13.4997 18.125 -0.827734
    endloop
  endfacet
  facet normal -0.997307 -0 -0.0733434
    outer loop
      vertex 13.4988 18.125 -0.815496
      vertex 13.4997 -44.925 -0.827734
      vertex 13.4988 -44.925 -0.815496
    endloop
  endfacet
  facet normal 0.790494 -0 0.61247
    outer loop
      vertex -13.4508 -44.925 -1.58892
      vertex -13.4433 18.125 -1.5986
      vertex -13.4508 18.125 -1.58892
    endloop
  endfacet
  facet normal 0.790494 0 0.61247
    outer loop
      vertex -13.4433 18.125 -1.5986
      vertex -13.4508 -44.925 -1.58892
      vertex -13.4433 -44.925 -1.5986
    endloop
  endfacet
  facet normal -0.8162 0 0.577769
    outer loop
      vertex 13.4508 -44.925 -1.58892
      vertex 13.4579 18.125 -1.57889
      vertex 13.4508 18.125 -1.58892
    endloop
  endfacet
  facet normal -0.8162 0 0.577769
    outer loop
      vertex 13.4579 18.125 -1.57889
      vertex 13.4508 -44.925 -1.58892
      vertex 13.4579 -44.925 -1.57889
    endloop
  endfacet
  facet normal -0.913408 0 0.407045
    outer loop
      vertex 13.476 -44.925 -1.54689
      vertex 13.481 18.125 -1.53567
      vertex 13.476 18.125 -1.54689
    endloop
  endfacet
  facet normal -0.913408 0 0.407045
    outer loop
      vertex 13.481 18.125 -1.53567
      vertex 13.476 -44.925 -1.54689
      vertex 13.481 -44.925 -1.53567
    endloop
  endfacet
  facet normal -0.89379 0 -0.448485
    outer loop
      vertex 13.476 -44.925 -0.733112
      vertex 13.4705 18.125 -0.722151
      vertex 13.476 18.125 -0.733112
    endloop
  endfacet
  facet normal -0.89379 -0 -0.448485
    outer loop
      vertex 13.4705 18.125 -0.722151
      vertex 13.476 -44.925 -0.733112
      vertex 13.4705 -44.925 -0.722151
    endloop
  endfacet
  facet normal 0.985248 0 -0.171135
    outer loop
      vertex -13.4952 -44.925 -0.791228
      vertex -13.4973 18.125 -0.803318
      vertex -13.4952 18.125 -0.791228
    endloop
  endfacet
  facet normal 0.985248 0 -0.171135
    outer loop
      vertex -13.4973 18.125 -0.803318
      vertex -13.4952 -44.925 -0.791228
      vertex -13.4973 -44.925 -0.803318
    endloop
  endfacet
  facet normal 0.999701 -0 0.0244426
    outer loop
      vertex -13.5 -44.925 -1.44
      vertex -13.4997 18.125 -1.45227
      vertex -13.5 18.125 -1.44
    endloop
  endfacet
  facet normal 0.999701 0 0.0244426
    outer loop
      vertex -13.4997 18.125 -1.45227
      vertex -13.5 -44.925 -1.44
      vertex -13.4997 -44.925 -1.45227
    endloop
  endfacet
  facet normal -0.93343 0 -0.358761
    outer loop
      vertex 13.4854 -44.925 -0.755778
      vertex 13.481 18.125 -0.74433
      vertex 13.4854 18.125 -0.755778
    endloop
  endfacet
  facet normal -0.93343 -0 -0.358761
    outer loop
      vertex 13.481 18.125 -0.74433
      vertex 13.4854 -44.925 -0.755778
      vertex 13.481 -44.925 -0.74433
    endloop
  endfacet
  facet normal -0.624695 0 -0.780869
    outer loop
      vertex 11.9086 -44.925 0.553253
      vertex 13.4086 18.125 -0.646748
      vertex 13.4086 -44.925 -0.646748
    endloop
  endfacet
  facet normal -0.624695 0 -0.780869
    outer loop
      vertex 13.4086 18.125 -0.646748
      vertex 11.9086 -44.925 0.553253
      vertex 11.9086 18.125 0.553253
    endloop
  endfacet
  facet normal 0.577292 3.11135e-20 0.816538
    outer loop
      vertex -11.8989 -27.8 -2.8408
      vertex -11.8889 -44.925 -2.84787
      vertex -11.8889 -27.8 -2.84787
    endloop
  endfacet
  facet normal 0.577292 3.11135e-20 0.816538
    outer loop
      vertex -11.8889 -44.925 -2.84787
      vertex -11.8989 -27.8 -2.8408
      vertex -11.8989 -44.925 -2.8408
    endloop
  endfacet
  facet normal 0.577292 4.26255e-18 0.816538
    outer loop
      vertex -11.8989 18.125 -2.8408
      vertex -11.8889 18 -2.84787
      vertex -11.8889 18.125 -2.84787
    endloop
  endfacet
  facet normal 0.577292 4.26255e-18 0.816538
    outer loop
      vertex -11.8889 18 -2.84787
      vertex -11.8989 18.125 -2.8408
      vertex -11.8989 18 -2.8408
    endloop
  endfacet
  facet normal 0.451596 -2.01886e-21 -0.892223
    outer loop
      vertex -11.8678 -44.925 0.58048
      vertex -11.8569 18.125 0.585997
      vertex -11.8569 -44.925 0.585997
    endloop
  endfacet
  facet normal 0.451596 -2.01886e-21 -0.892223
    outer loop
      vertex -11.8569 18.125 0.585997
      vertex -11.8678 -44.925 0.58048
      vertex -11.8678 18.125 0.58048
    endloop
  endfacet
  facet normal -0.652835 3.06185e-21 -0.7575
    outer loop
      vertex 13.4086 -44.925 -0.646748
      vertex 13.4179 18.125 -0.654763
      vertex 13.4179 -44.925 -0.654763
    endloop
  endfacet
  facet normal -0.652835 3.06185e-21 -0.7575
    outer loop
      vertex 13.4179 18.125 -0.654763
      vertex 13.4086 -44.925 -0.646748
      vertex 13.4086 18.125 -0.646748
    endloop
  endfacet
  facet normal 0.0244642 -2.26898e-22 -0.999701
    outer loop
      vertex -11.7623 -44.925 0.609699
      vertex -11.75 18.125 0.61
      vertex -11.75 -44.925 0.61
    endloop
  endfacet
  facet normal 0.0244642 -2.26898e-22 -0.999701
    outer loop
      vertex -11.75 18.125 0.61
      vertex -11.7623 -44.925 0.609699
      vertex -11.7623 18.125 0.609699
    endloop
  endfacet
  facet normal -0.753767 0 -0.657142
    outer loop
      vertex 13.4433 -44.925 -0.681402
      vertex 13.4352 18.125 -0.672111
      vertex 13.4433 18.125 -0.681402
    endloop
  endfacet
  facet normal -0.753767 -0 -0.657142
    outer loop
      vertex 13.4352 18.125 -0.672111
      vertex 13.4433 -44.925 -0.681402
      vertex 13.4352 -44.925 -0.672111
    endloop
  endfacet
  facet normal 0.84724 0 -0.53121
    outer loop
      vertex -13.4579 -44.925 -0.701108
      vertex -13.4644 18.125 -0.711475
      vertex -13.4579 18.125 -0.701108
    endloop
  endfacet
  facet normal 0.84724 0 -0.53121
    outer loop
      vertex -13.4644 18.125 -0.711475
      vertex -13.4579 -44.925 -0.701108
      vertex -13.4644 -44.925 -0.711475
    endloop
  endfacet
  facet normal 1 -0 0
    outer loop
      vertex -13.5 -44.925 -0.840001
      vertex -13.5 18.125 -1.44
      vertex -13.5 18.125 -0.840001
    endloop
  endfacet
  facet normal 1 0 0
    outer loop
      vertex -13.5 18.125 -1.44
      vertex -13.5 -44.925 -0.840001
      vertex -13.5 -44.925 -1.44
    endloop
  endfacet
  facet normal 0.913381 0 -0.407105
    outer loop
      vertex -13.476 -44.925 -0.733112
      vertex -13.481 18.125 -0.74433
      vertex -13.476 18.125 -0.733112
    endloop
  endfacet
  facet normal 0.913381 0 -0.407105
    outer loop
      vertex -13.481 18.125 -0.74433
      vertex -13.476 -44.925 -0.733112
      vertex -13.481 -44.925 -0.74433
    endloop
  endfacet
  facet normal -0.726739 0 -0.686914
    outer loop
      vertex 13.4352 -44.925 -0.672111
      vertex 13.4268 18.125 -0.663224
      vertex 13.4352 18.125 -0.672111
    endloop
  endfacet
  facet normal -0.726739 -0 -0.686914
    outer loop
      vertex 13.4268 18.125 -0.663224
      vertex 13.4352 -44.925 -0.672111
      vertex 13.4268 -44.925 -0.663224
    endloop
  endfacet
  facet normal -0.0244642 2.26898e-22 -0.999701
    outer loop
      vertex 11.75 -44.925 0.61
      vertex 11.7623 18.125 0.609699
      vertex 11.7623 -44.925 0.609699
    endloop
  endfacet
  facet normal -0.0244642 2.26898e-22 -0.999701
    outer loop
      vertex 11.7623 18.125 0.609699
      vertex 11.75 -44.925 0.61
      vertex 11.75 18.125 0.61
    endloop
  endfacet
  facet normal 0.315 1.41828e-18 0.949092
    outer loop
      vertex -11.8342 18.125 -2.87539
      vertex -11.8226 18 -2.87924
      vertex -11.8226 18.125 -2.87924
    endloop
  endfacet
  facet normal 0.315 1.41828e-18 0.949092
    outer loop
      vertex -11.8226 18 -2.87924
      vertex -11.8342 18.125 -2.87539
      vertex -11.8342 18 -2.87539
    endloop
  endfacet
  facet normal 0.315 1.03524e-20 0.949092
    outer loop
      vertex -11.8342 -27.8 -2.87539
      vertex -11.8226 -44.925 -2.87924
      vertex -11.8226 -27.8 -2.87924
    endloop
  endfacet
  facet normal 0.315 1.03524e-20 0.949092
    outer loop
      vertex -11.8226 -44.925 -2.87924
      vertex -11.8342 -27.8 -2.87539
      vertex -11.8342 -44.925 -2.87539
    endloop
  endfacet
  facet normal 0.89379 0 -0.448485
    outer loop
      vertex -13.4705 -44.925 -0.722151
      vertex -13.476 18.125 -0.733112
      vertex -13.4705 18.125 -0.722151
    endloop
  endfacet
  facet normal 0.89379 0 -0.448485
    outer loop
      vertex -13.476 18.125 -0.733112
      vertex -13.4705 -44.925 -0.722151
      vertex -13.476 -44.925 -0.733112
    endloop
  endfacet
  facet normal 0.992499 0 -0.122249
    outer loop
      vertex -13.4973 -44.925 -0.803318
      vertex -13.4988 18.125 -0.815496
      vertex -13.4973 18.125 -0.803318
    endloop
  endfacet
  facet normal 0.992499 0 -0.122249
    outer loop
      vertex -13.4988 18.125 -0.815496
      vertex -13.4973 -44.925 -0.803318
      vertex -13.4988 -44.925 -0.815496
    endloop
  endfacet
  facet normal -0.314927 -2.81481e-21 -0.949116
    outer loop
      vertex 11.8226 -44.925 0.599235
      vertex 11.8342 18.125 0.595386
      vertex 11.8342 -44.925 0.595386
    endloop
  endfacet
  facet normal -0.314927 -2.81481e-21 -0.949116
    outer loop
      vertex 11.8342 18.125 0.595386
      vertex 11.8226 -44.925 0.599235
      vertex 11.8226 18.125 0.599235
    endloop
  endfacet
  facet normal -0.84724 0 -0.53121
    outer loop
      vertex 13.4644 -44.925 -0.711475
      vertex 13.4579 18.125 -0.701108
      vertex 13.4644 18.125 -0.711475
    endloop
  endfacet
  facet normal -0.84724 -0 -0.53121
    outer loop
      vertex 13.4579 18.125 -0.701108
      vertex 13.4644 -44.925 -0.711475
      vertex 13.4579 -44.925 -0.701108
    endloop
  endfacet
  facet normal 0.963208 0 -0.268757
    outer loop
      vertex -13.4892 -44.925 -0.767429
      vertex -13.4925 18.125 -0.779256
      vertex -13.4892 18.125 -0.767429
    endloop
  endfacet
  facet normal 0.963208 0 -0.268757
    outer loop
      vertex -13.4925 18.125 -0.779256
      vertex -13.4892 -44.925 -0.767429
      vertex -13.4925 -44.925 -0.779256
    endloop
  endfacet
  facet normal 0.963226 -0 0.268694
    outer loop
      vertex -13.4925 -44.925 -1.50074
      vertex -13.4892 18.125 -1.51257
      vertex -13.4925 18.125 -1.50074
    endloop
  endfacet
  facet normal 0.963226 0 0.268694
    outer loop
      vertex -13.4892 18.125 -1.51257
      vertex -13.4925 -44.925 -1.50074
      vertex -13.4892 -44.925 -1.51257
    endloop
  endfacet
  facet normal 0.492191 -3.16611e-18 0.870487
    outer loop
      vertex -11.8785 18.125 -2.85443
      vertex -11.8678 18 -2.86048
      vertex -11.8678 18.125 -2.86048
    endloop
  endfacet
  facet normal 0.492191 -3.16611e-18 0.870487
    outer loop
      vertex -11.8678 18 -2.86048
      vertex -11.8785 18.125 -2.85443
      vertex -11.8785 18 -2.85443
    endloop
  endfacet
  facet normal 0.492191 -2.31103e-20 0.870487
    outer loop
      vertex -11.8785 -27.8 -2.85443
      vertex -11.8678 -44.925 -2.86048
      vertex -11.8678 -27.8 -2.86048
    endloop
  endfacet
  facet normal 0.492191 -2.31103e-20 0.870487
    outer loop
      vertex -11.8678 -44.925 -2.86048
      vertex -11.8785 -27.8 -2.85443
      vertex -11.8785 -44.925 -2.85443
    endloop
  endfacet
  facet normal 0.220331 -1.58397e-21 -0.975425
    outer loop
      vertex -11.8107 -44.925 0.602507
      vertex -11.7988 18.125 0.605195
      vertex -11.7988 -44.925 0.605195
    endloop
  endfacet
  facet normal 0.220331 -1.58397e-21 -0.975425
    outer loop
      vertex -11.7988 18.125 0.605195
      vertex -11.8107 -44.925 0.602507
      vertex -11.8107 18.125 0.602507
    endloop
  endfacet
  facet normal 0.93343 0 -0.358761
    outer loop
      vertex -13.481 -44.925 -0.74433
      vertex -13.4854 18.125 -0.755778
      vertex -13.481 18.125 -0.74433
    endloop
  endfacet
  facet normal 0.93343 0 -0.358761
    outer loop
      vertex -13.4854 18.125 -0.755778
      vertex -13.481 -44.925 -0.74433
      vertex -13.4854 -44.925 -0.755778
    endloop
  endfacet
  facet normal -0.492068 4.01149e-21 -0.870557
    outer loop
      vertex 11.8678 -44.925 0.58048
      vertex 11.8785 18.125 0.574432
      vertex 11.8785 -44.925 0.574432
    endloop
  endfacet
  facet normal -0.492068 4.01149e-21 -0.870557
    outer loop
      vertex 11.8785 18.125 0.574432
      vertex 11.8678 -44.925 0.58048
      vertex 11.8678 18.125 0.58048
    endloop
  endfacet
  facet normal -0.79031 0 -0.612707
    outer loop
      vertex 13.4508 -44.925 -0.691076
      vertex 13.4433 18.125 -0.681402
      vertex 13.4508 18.125 -0.691076
    endloop
  endfacet
  facet normal -0.79031 -0 -0.612707
    outer loop
      vertex 13.4433 18.125 -0.681402
      vertex 13.4508 -44.925 -0.691076
      vertex 13.4433 -44.925 -0.681402
    endloop
  endfacet
  facet normal 0.614172 -3.27114e-21 -0.789173
    outer loop
      vertex -11.9086 -44.925 0.553253
      vertex -11.8989 18.125 0.560802
      vertex -11.8989 -44.925 0.560802
    endloop
  endfacet
  facet normal 0.614172 -3.27114e-21 -0.789173
    outer loop
      vertex -11.8989 18.125 0.560802
      vertex -11.9086 -44.925 0.553253
      vertex -11.9086 18.125 0.553253
    endloop
  endfacet
  facet normal -0.868263 0 -0.496104
    outer loop
      vertex 13.4705 -44.925 -0.722151
      vertex 13.4644 18.125 -0.711475
      vertex 13.4705 18.125 -0.722151
    endloop
  endfacet
  facet normal -0.868263 -0 -0.496104
    outer loop
      vertex 13.4644 18.125 -0.711475
      vertex 13.4705 -44.925 -0.722151
      vertex 13.4644 -44.925 -0.711475
    endloop
  endfacet
  facet normal 0.893774 -0 0.448518
    outer loop
      vertex -13.476 -44.925 -1.54689
      vertex -13.4705 18.125 -1.55785
      vertex -13.476 18.125 -1.54689
    endloop
  endfacet
  facet normal 0.893774 0 0.448518
    outer loop
      vertex -13.4705 18.125 -1.55785
      vertex -13.476 -44.925 -1.54689
      vertex -13.4705 -44.925 -1.55785
    endloop
  endfacet
  facet normal 0.170839 -5.98012e-22 -0.985299
    outer loop
      vertex -11.7988 -44.925 0.605195
      vertex -11.7867 18.125 0.607293
      vertex -11.7867 -44.925 0.607293
    endloop
  endfacet
  facet normal 0.170839 -5.98012e-22 -0.985299
    outer loop
      vertex -11.7867 18.125 0.607293
      vertex -11.7988 -44.925 0.605195
      vertex -11.7988 18.125 0.605195
    endloop
  endfacet
  facet normal -0.868143 0 0.496314
    outer loop
      vertex 13.4644 -44.925 -1.56852
      vertex 13.4705 18.125 -1.55785
      vertex 13.4644 18.125 -1.56852
    endloop
  endfacet
  facet normal -0.868143 0 0.496314
    outer loop
      vertex 13.4705 18.125 -1.55785
      vertex 13.4644 -44.925 -1.56852
      vertex 13.4705 -44.925 -1.55785
    endloop
  endfacet
  facet normal -0.405608 6.41573e-19 0.914047
    outer loop
      vertex 11.8457 18.125 -2.87097
      vertex 11.8569 18 -2.866
      vertex 11.8569 18.125 -2.866
    endloop
  endfacet
  facet normal -0.405608 6.41573e-19 0.914047
    outer loop
      vertex 11.8569 18 -2.866
      vertex 11.8457 18.125 -2.87097
      vertex 11.8457 18 -2.87097
    endloop
  endfacet
  facet normal -0.405608 4.68302e-21 0.914047
    outer loop
      vertex 11.8457 -27.8 -2.87097
      vertex 11.8569 -44.925 -2.866
      vertex 11.8569 -27.8 -2.866
    endloop
  endfacet
  facet normal -0.405608 4.68302e-21 0.914047
    outer loop
      vertex 11.8569 -44.925 -2.866
      vertex 11.8457 -27.8 -2.87097
      vertex 11.8457 -44.925 -2.87097
    endloop
  endfacet
  facet normal -0.753732 0 0.657182
    outer loop
      vertex 13.4352 -44.925 -1.60789
      vertex 13.4433 18.125 -1.5986
      vertex 13.4352 18.125 -1.60789
    endloop
  endfacet
  facet normal -0.753732 0 0.657182
    outer loop
      vertex 13.4433 18.125 -1.5986
      vertex 13.4352 -44.925 -1.60789
      vertex 13.4433 -44.925 -1.5986
    endloop
  endfacet
  facet normal -0.122272 2.07054e-21 -0.992497
    outer loop
      vertex 11.7745 -44.925 0.608796
      vertex 11.7867 18.125 0.607293
      vertex 11.7867 -44.925 0.607293
    endloop
  endfacet
  facet normal -0.122272 2.07054e-21 -0.992497
    outer loop
      vertex 11.7867 18.125 0.607293
      vertex 11.7745 -44.925 0.608796
      vertex 11.7745 18.125 0.608796
    endloop
  endfacet
  facet normal -0.992502 0 0.122229
    outer loop
      vertex 13.4973 -44.925 -1.47668
      vertex 13.4988 18.125 -1.4645
      vertex 13.4973 18.125 -1.47668
    endloop
  endfacet
  facet normal -0.992502 0 0.122229
    outer loop
      vertex 13.4988 18.125 -1.4645
      vertex 13.4973 -44.925 -1.47668
      vertex 13.4988 -44.925 -1.4645
    endloop
  endfacet
  facet normal -0.0738145 -1.21391e-22 -0.997272
    outer loop
      vertex 11.7623 -44.925 0.609699
      vertex 11.7745 18.125 0.608796
      vertex 11.7745 -44.925 0.608796
    endloop
  endfacet
  facet normal -0.0738145 -1.21391e-22 -0.997272
    outer loop
      vertex 11.7745 18.125 0.608796
      vertex 11.7623 -44.925 0.609699
      vertex 11.7623 18.125 0.609699
    endloop
  endfacet
  facet normal 0.689006 7.5628e-21 -0.724755
    outer loop
      vertex -13.4268 -44.925 -0.663224
      vertex -13.4179 18.125 -0.654763
      vertex -13.4179 -44.925 -0.654763
    endloop
  endfacet
  facet normal 0.689006 7.5628e-21 -0.724755
    outer loop
      vertex -13.4179 18.125 -0.654763
      vertex -13.4268 -44.925 -0.663224
      vertex -13.4268 18.125 -0.663224
    endloop
  endfacet
  facet normal 0.62448 0 0.78104
    outer loop
      vertex -11.9086 18.125 -2.83325
      vertex -11.9752 18 -2.78
      vertex -11.9086 18 -2.83325
    endloop
  endfacet
  facet normal 0.625271 0 0.780408
    outer loop
      vertex -11.9752 18 -2.78
      vertex -12 -17.8 -2.76013
      vertex -11.9752 -17.8 -2.78
    endloop
  endfacet
  facet normal 0.624695 -0 0.780869
    outer loop
      vertex -13.4086 -44.925 -1.63325
      vertex -12 -17.8 -2.76013
      vertex -13.4086 18.125 -1.63325
    endloop
  endfacet
  facet normal 0.624705 6.42992e-07 0.780861
    outer loop
      vertex -11.9752 18 -2.78
      vertex -13.4086 18.125 -1.63325
      vertex -12 -17.8 -2.76013
    endloop
  endfacet
  facet normal 0.624695 -0.000187409 0.780869
    outer loop
      vertex -13.4086 18.125 -1.63325
      vertex -11.9752 18 -2.78
      vertex -11.9086 18.125 -2.83325
    endloop
  endfacet
  facet normal 0.624695 -5.67635e-20 0.780869
    outer loop
      vertex -12 -27.8 -2.76013
      vertex -11.9086 -44.925 -2.83325
      vertex -11.9086 -27.8 -2.83325
    endloop
  endfacet
  facet normal 0.624695 0 0.780869
    outer loop
      vertex -12 -17.8 -2.76013
      vertex -13.4086 -44.925 -1.63325
      vertex -12 -27.8 -2.76013
    endloop
  endfacet
  facet normal 0.624695 1.22075e-17 0.780869
    outer loop
      vertex -12 -27.8 -2.76013
      vertex -13.4086 -44.925 -1.63325
      vertex -11.9086 -44.925 -2.83325
    endloop
  endfacet
  facet normal 0.688963 8.10655e-21 0.724796
    outer loop
      vertex -13.4268 18.125 -1.61678
      vertex -13.4179 -44.925 -1.62524
      vertex -13.4179 18.125 -1.62524
    endloop
  endfacet
  facet normal 0.688963 8.10655e-21 0.724796
    outer loop
      vertex -13.4179 -44.925 -1.62524
      vertex -13.4268 18.125 -1.61678
      vertex -13.4268 -44.925 -1.61678
    endloop
  endfacet
  facet normal -0.992499 0 -0.122249
    outer loop
      vertex 13.4988 -44.925 -0.815496
      vertex 13.4973 18.125 -0.803318
      vertex 13.4988 18.125 -0.815496
    endloop
  endfacet
  facet normal -0.992499 -0 -0.122249
    outer loop
      vertex 13.4973 18.125 -0.803318
      vertex 13.4988 -44.925 -0.815496
      vertex 13.4973 -44.925 -0.803318
    endloop
  endfacet
  facet normal -0.933451 0 0.358706
    outer loop
      vertex 13.481 -44.925 -1.53567
      vertex 13.4854 18.125 -1.52422
      vertex 13.481 18.125 -1.53567
    endloop
  endfacet
  facet normal -0.933451 0 0.358706
    outer loop
      vertex 13.4854 18.125 -1.52422
      vertex 13.481 -44.925 -1.53567
      vertex 13.4854 -44.925 -1.52422
    endloop
  endfacet
  facet normal -0.963226 0 0.268694
    outer loop
      vertex 13.4892 -44.925 -1.51257
      vertex 13.4925 18.125 -1.50074
      vertex 13.4892 18.125 -1.51257
    endloop
  endfacet
  facet normal -0.963226 0 0.268694
    outer loop
      vertex 13.4925 18.125 -1.50074
      vertex 13.4892 -44.925 -1.51257
      vertex 13.4925 -44.925 -1.50074
    endloop
  endfacet
  facet normal 0.614222 1.13823e-20 0.789133
    outer loop
      vertex -11.9086 -27.8 -2.83325
      vertex -11.8989 -44.925 -2.8408
      vertex -11.8989 -27.8 -2.8408
    endloop
  endfacet
  facet normal 0.614222 1.13823e-20 0.789133
    outer loop
      vertex -11.8989 -44.925 -2.8408
      vertex -11.9086 -27.8 -2.83325
      vertex -11.9086 -44.925 -2.83325
    endloop
  endfacet
  facet normal 0.614222 1.55937e-18 0.789133
    outer loop
      vertex -11.9086 18.125 -2.83325
      vertex -11.8989 18 -2.8408
      vertex -11.8989 18.125 -2.8408
    endloop
  endfacet
  facet normal 0.614222 1.55937e-18 0.789133
    outer loop
      vertex -11.8989 18 -2.8408
      vertex -11.9086 18.125 -2.83325
      vertex -11.9086 18 -2.83325
    endloop
  endfacet
  facet normal -0.652601 -5.45627e-21 0.757702
    outer loop
      vertex 13.4086 18.125 -1.63325
      vertex 13.4179 -44.925 -1.62524
      vertex 13.4179 18.125 -1.62524
    endloop
  endfacet
  facet normal -0.652601 -5.45627e-21 0.757702
    outer loop
      vertex 13.4179 -44.925 -1.62524
      vertex 13.4086 18.125 -1.63325
      vertex 13.4086 -44.925 -1.63325
    endloop
  endfacet
  facet normal -0.122833 4.20873e-19 0.992427
    outer loop
      vertex 11.7745 18.125 -2.8888
      vertex 11.7867 18 -2.88729
      vertex 11.7867 18.125 -2.88729
    endloop
  endfacet
  facet normal -0.122833 4.20873e-19 0.992427
    outer loop
      vertex 11.7867 18 -2.88729
      vertex 11.7745 18.125 -2.8888
      vertex 11.7745 18 -2.8888
    endloop
  endfacet
  facet normal -0.122833 3.07207e-21 0.992427
    outer loop
      vertex 11.7745 -27.8 -2.8888
      vertex 11.7867 -44.925 -2.88729
      vertex 11.7867 -27.8 -2.88729
    endloop
  endfacet
  facet normal -0.122833 3.07207e-21 0.992427
    outer loop
      vertex 11.7867 -44.925 -2.88729
      vertex 11.7745 -27.8 -2.8888
      vertex 11.7745 -44.925 -2.8888
    endloop
  endfacet
  facet normal 0.451791 -3.99267e-19 0.892124
    outer loop
      vertex -11.8678 18.125 -2.86048
      vertex -11.8569 18 -2.866
      vertex -11.8569 18.125 -2.866
    endloop
  endfacet
  facet normal 0.451791 -3.99267e-19 0.892124
    outer loop
      vertex -11.8569 18 -2.866
      vertex -11.8678 18.125 -2.86048
      vertex -11.8678 18 -2.86048
    endloop
  endfacet
  facet normal 0.451791 -2.91436e-21 0.892124
    outer loop
      vertex -11.8678 -27.8 -2.86048
      vertex -11.8569 -44.925 -2.866
      vertex -11.8569 -27.8 -2.866
    endloop
  endfacet
  facet normal 0.451791 -2.91436e-21 0.892124
    outer loop
      vertex -11.8569 -44.925 -2.866
      vertex -11.8678 -27.8 -2.86048
      vertex -11.8678 -44.925 -2.86048
    endloop
  endfacet
  facet normal -0.985248 0 -0.171135
    outer loop
      vertex 13.4973 -44.925 -0.803318
      vertex 13.4952 18.125 -0.791228
      vertex 13.4973 18.125 -0.803318
    endloop
  endfacet
  facet normal -0.985248 -0 -0.171135
    outer loop
      vertex 13.4952 18.125 -0.791228
      vertex 13.4973 -44.925 -0.803318
      vertex 13.4952 -44.925 -0.791228
    endloop
  endfacet
  facet normal 0.997307 0 -0.0733434
    outer loop
      vertex -13.4988 -44.925 -0.815496
      vertex -13.4997 18.125 -0.827734
      vertex -13.4988 18.125 -0.815496
    endloop
  endfacet
  facet normal 0.997307 0 -0.0733434
    outer loop
      vertex -13.4997 18.125 -0.827734
      vertex -13.4988 -44.925 -0.815496
      vertex -13.4997 -44.925 -0.827734
    endloop
  endfacet
  facet normal -0.997303 0 0.0733911
    outer loop
      vertex 13.4988 -44.925 -1.4645
      vertex 13.4997 18.125 -1.45227
      vertex 13.4988 18.125 -1.4645
    endloop
  endfacet
  facet normal -0.997303 0 0.0733911
    outer loop
      vertex 13.4997 18.125 -1.45227
      vertex 13.4988 -44.925 -1.4645
      vertex 13.4997 -44.925 -1.45227
    endloop
  endfacet
  facet normal 0.405608 -4.68302e-21 0.914047
    outer loop
      vertex -11.8569 -27.8 -2.866
      vertex -11.8457 -44.925 -2.87097
      vertex -11.8457 -27.8 -2.87097
    endloop
  endfacet
  facet normal 0.405608 -4.68302e-21 0.914047
    outer loop
      vertex -11.8457 -44.925 -2.87097
      vertex -11.8569 -27.8 -2.866
      vertex -11.8569 -44.925 -2.866
    endloop
  endfacet
  facet normal 0.405608 -6.41573e-19 0.914047
    outer loop
      vertex -11.8569 18.125 -2.866
      vertex -11.8457 18 -2.87097
      vertex -11.8457 18.125 -2.87097
    endloop
  endfacet
  facet normal 0.405608 -6.41573e-19 0.914047
    outer loop
      vertex -11.8457 18 -2.87097
      vertex -11.8569 18.125 -2.866
      vertex -11.8569 18 -2.866
    endloop
  endfacet
  facet normal 0.652601 5.45627e-21 0.757702
    outer loop
      vertex -13.4179 18.125 -1.62524
      vertex -13.4086 -44.925 -1.63325
      vertex -13.4086 18.125 -1.63325
    endloop
  endfacet
  facet normal 0.652601 5.45627e-21 0.757702
    outer loop
      vertex -13.4086 -44.925 -1.63325
      vertex -13.4179 18.125 -1.62524
      vertex -13.4179 -44.925 -1.62524
    endloop
  endfacet
  facet normal -0.985248 0 0.171135
    outer loop
      vertex 13.4952 -44.925 -1.48877
      vertex 13.4973 18.125 -1.47668
      vertex 13.4952 18.125 -1.48877
    endloop
  endfacet
  facet normal -0.985248 0 0.171135
    outer loop
      vertex 13.4973 18.125 -1.47668
      vertex 13.4952 -44.925 -1.48877
      vertex 13.4973 -44.925 -1.47668
    endloop
  endfacet
  facet normal 0.0735706 -2.14941e-21 0.99729
    outer loop
      vertex -11.7745 -27.8 -2.8888
      vertex -11.7623 -44.925 -2.8897
      vertex -11.7623 -27.8 -2.8897
    endloop
  endfacet
  facet normal 0.0735706 -2.14941e-21 0.99729
    outer loop
      vertex -11.7623 -44.925 -2.8897
      vertex -11.7745 -27.8 -2.8888
      vertex -11.7745 -44.925 -2.8888
    endloop
  endfacet
  facet normal 0.0735706 -2.9447e-19 0.99729
    outer loop
      vertex -11.7745 18.125 -2.8888
      vertex -11.7623 18 -2.8897
      vertex -11.7623 18.125 -2.8897
    endloop
  endfacet
  facet normal 0.0735706 -2.9447e-19 0.99729
    outer loop
      vertex -11.7623 18 -2.8897
      vertex -11.7745 18.125 -2.8888
      vertex -11.7745 18 -2.8888
    endloop
  endfacet
  facet normal 0.913408 -0 0.407045
    outer loop
      vertex -13.481 -44.925 -1.53567
      vertex -13.476 18.125 -1.54689
      vertex -13.481 18.125 -1.53567
    endloop
  endfacet
  facet normal 0.913408 0 0.407045
    outer loop
      vertex -13.476 18.125 -1.54689
      vertex -13.481 -44.925 -1.53567
      vertex -13.476 -44.925 -1.54689
    endloop
  endfacet
  facet normal 0.0738145 1.21391e-22 -0.997272
    outer loop
      vertex -11.7745 -44.925 0.608796
      vertex -11.7623 18.125 0.609699
      vertex -11.7623 -44.925 0.609699
    endloop
  endfacet
  facet normal 0.0738145 1.21391e-22 -0.997272
    outer loop
      vertex -11.7623 18.125 0.609699
      vertex -11.7745 -44.925 0.608796
      vertex -11.7745 18.125 0.608796
    endloop
  endfacet
  facet normal -0.451596 2.01886e-21 -0.892223
    outer loop
      vertex 11.8569 -44.925 0.585997
      vertex 11.8678 18.125 0.58048
      vertex 11.8678 -44.925 0.58048
    endloop
  endfacet
  facet normal -0.451596 2.01886e-21 -0.892223
    outer loop
      vertex 11.8678 18.125 0.58048
      vertex 11.8569 -44.925 0.585997
      vertex 11.8569 18.125 0.585997
    endloop
  endfacet
  facet normal 0.79031 0 -0.612707
    outer loop
      vertex -13.4433 -44.925 -0.681402
      vertex -13.4508 18.125 -0.691076
      vertex -13.4433 18.125 -0.681402
    endloop
  endfacet
  facet normal 0.79031 0 -0.612707
    outer loop
      vertex -13.4508 18.125 -0.691076
      vertex -13.4433 -44.925 -0.681402
      vertex -13.4508 -44.925 -0.691076
    endloop
  endfacet
  facet normal 0.726739 0 -0.686914
    outer loop
      vertex -13.4268 -44.925 -0.663224
      vertex -13.4352 18.125 -0.672111
      vertex -13.4268 18.125 -0.663224
    endloop
  endfacet
  facet normal 0.726739 0 -0.686914
    outer loop
      vertex -13.4352 18.125 -0.672111
      vertex -13.4268 -44.925 -0.663224
      vertex -13.4352 -44.925 -0.672111
    endloop
  endfacet
  facet normal 0.753767 0 -0.657142
    outer loop
      vertex -13.4352 -44.925 -0.672111
      vertex -13.4433 18.125 -0.681402
      vertex -13.4352 18.125 -0.672111
    endloop
  endfacet
  facet normal 0.753767 0 -0.657142
    outer loop
      vertex -13.4433 18.125 -0.681402
      vertex -13.4352 -44.925 -0.672111
      vertex -13.4433 -44.925 -0.681402
    endloop
  endfacet
  facet normal 0.992502 -0 0.122229
    outer loop
      vertex -13.4988 -44.925 -1.4645
      vertex -13.4973 18.125 -1.47668
      vertex -13.4988 18.125 -1.4645
    endloop
  endfacet
  facet normal 0.992502 0 0.122229
    outer loop
      vertex -13.4973 18.125 -1.47668
      vertex -13.4988 -44.925 -1.4645
      vertex -13.4973 -44.925 -1.47668
    endloop
  endfacet
  facet normal 0.652835 -3.06185e-21 -0.7575
    outer loop
      vertex -13.4179 -44.925 -0.654763
      vertex -13.4086 18.125 -0.646748
      vertex -13.4086 -44.925 -0.646748
    endloop
  endfacet
  facet normal 0.652835 -3.06185e-21 -0.7575
    outer loop
      vertex -13.4086 18.125 -0.646748
      vertex -13.4179 -44.925 -0.654763
      vertex -13.4179 18.125 -0.654763
    endloop
  endfacet
  facet normal 0.816255 0 -0.577692
    outer loop
      vertex -13.4508 -44.925 -0.691076
      vertex -13.4579 18.125 -0.701108
      vertex -13.4508 18.125 -0.691076
    endloop
  endfacet
  facet normal 0.816255 0 -0.577692
    outer loop
      vertex -13.4579 18.125 -0.701108
      vertex -13.4508 -44.925 -0.691076
      vertex -13.4579 -44.925 -0.701108
    endloop
  endfacet
  facet normal -0.999701 0 0.0244426
    outer loop
      vertex 13.4997 -44.925 -1.45227
      vertex 13.5 18.125 -1.44
      vertex 13.4997 18.125 -1.45227
    endloop
  endfacet
  facet normal -0.999701 0 0.0244426
    outer loop
      vertex 13.5 18.125 -1.44
      vertex 13.4997 -44.925 -1.45227
      vertex 13.5 -44.925 -1.44
    endloop
  endfacet
  facet normal -1 0 0
    outer loop
      vertex 13.5 -44.925 -1.44
      vertex 13.5 18.125 -0.840001
      vertex 13.5 18.125 -1.44
    endloop
  endfacet
  facet normal -1 -0 0
    outer loop
      vertex 13.5 18.125 -0.840001
      vertex 13.5 -44.925 -1.44
      vertex 13.5 -44.925 -0.840001
    endloop
  endfacet
  facet normal -0.790494 0 0.61247
    outer loop
      vertex 13.4433 -44.925 -1.5986
      vertex 13.4508 18.125 -1.58892
      vertex 13.4433 18.125 -1.5986
    endloop
  endfacet
  facet normal -0.790494 0 0.61247
    outer loop
      vertex 13.4508 18.125 -1.58892
      vertex 13.4433 -44.925 -1.5986
      vertex 13.4508 -44.925 -1.58892
    endloop
  endfacet
  facet normal 0.492068 -4.01149e-21 -0.870557
    outer loop
      vertex -11.8785 -44.925 0.574432
      vertex -11.8678 18.125 0.58048
      vertex -11.8678 -44.925 0.58048
    endloop
  endfacet
  facet normal 0.492068 -4.01149e-21 -0.870557
    outer loop
      vertex -11.8678 18.125 0.58048
      vertex -11.8785 -44.925 0.574432
      vertex -11.8785 18.125 0.574432
    endloop
  endfacet
  facet normal 0.975492 -0 0.220036
    outer loop
      vertex -13.4952 -44.925 -1.48877
      vertex -13.4925 18.125 -1.50074
      vertex -13.4952 18.125 -1.48877
    endloop
  endfacet
  facet normal 0.975492 0 0.220036
    outer loop
      vertex -13.4925 18.125 -1.50074
      vertex -13.4952 -44.925 -1.48877
      vertex -13.4925 -44.925 -1.50074
    endloop
  endfacet
  facet normal -0.405745 3.5911e-21 -0.913986
    outer loop
      vertex 11.8457 -44.925 0.590969
      vertex 11.8569 18.125 0.585997
      vertex 11.8569 -44.925 0.585997
    endloop
  endfacet
  facet normal -0.405745 3.5911e-21 -0.913986
    outer loop
      vertex 11.8569 18.125 0.585997
      vertex 11.8457 -44.925 0.590969
      vertex 11.8457 18.125 0.590969
    endloop
  endfacet
  facet normal -0.577292 -3.11135e-20 0.816538
    outer loop
      vertex 11.8889 -27.8 -2.84787
      vertex 11.8989 -44.925 -2.8408
      vertex 11.8989 -27.8 -2.8408
    endloop
  endfacet
  facet normal -0.577292 -3.11135e-20 0.816538
    outer loop
      vertex 11.8989 -44.925 -2.8408
      vertex 11.8889 -27.8 -2.84787
      vertex 11.8889 -44.925 -2.84787
    endloop
  endfacet
  facet normal -0.577292 -4.26255e-18 0.816538
    outer loop
      vertex 11.8889 18.125 -2.84787
      vertex 11.8989 18 -2.8408
      vertex 11.8989 18.125 -2.8408
    endloop
  endfacet
  facet normal -0.577292 -4.26255e-18 0.816538
    outer loop
      vertex 11.8989 18 -2.8408
      vertex 11.8889 18.125 -2.84787
      vertex 11.8889 18 -2.84787
    endloop
  endfacet
  facet normal -0.950704 0 0.310101
    outer loop
      vertex 13.4854 -44.925 -1.52422
      vertex 13.4892 18.125 -1.51257
      vertex 13.4854 18.125 -1.52422
    endloop
  endfacet
  facet normal -0.950704 0 0.310101
    outer loop
      vertex 13.4892 18.125 -1.51257
      vertex 13.4854 -44.925 -1.52422
      vertex 13.4892 -44.925 -1.51257
    endloop
  endfacet
  facet normal -0.0735706 2.9447e-19 0.99729
    outer loop
      vertex 11.7623 18.125 -2.8897
      vertex 11.7745 18 -2.8888
      vertex 11.7745 18.125 -2.8888
    endloop
  endfacet
  facet normal -0.0735706 2.9447e-19 0.99729
    outer loop
      vertex 11.7745 18 -2.8888
      vertex 11.7623 18.125 -2.8897
      vertex 11.7623 18 -2.8897
    endloop
  endfacet
  facet normal -0.0735706 2.14941e-21 0.99729
    outer loop
      vertex 11.7623 -27.8 -2.8897
      vertex 11.7745 -44.925 -2.8888
      vertex 11.7745 -27.8 -2.8888
    endloop
  endfacet
  facet normal -0.0735706 2.14941e-21 0.99729
    outer loop
      vertex 11.7745 -44.925 -2.8888
      vertex 11.7623 -27.8 -2.8897
      vertex 11.7623 -44.925 -2.8897
    endloop
  endfacet
  facet normal -0.358762 1.79943e-18 0.933429
    outer loop
      vertex 11.8342 18.125 -2.87539
      vertex 11.8457 18 -2.87097
      vertex 11.8457 18.125 -2.87097
    endloop
  endfacet
  facet normal -0.358762 1.79943e-18 0.933429
    outer loop
      vertex 11.8457 18 -2.87097
      vertex 11.8342 18.125 -2.87539
      vertex 11.8342 18 -2.87539
    endloop
  endfacet
  facet normal -0.358762 1.31345e-20 0.933429
    outer loop
      vertex 11.8342 -27.8 -2.87539
      vertex 11.8457 -44.925 -2.87097
      vertex 11.8457 -27.8 -2.87097
    endloop
  endfacet
  facet normal -0.358762 1.31345e-20 0.933429
    outer loop
      vertex 11.8457 -44.925 -2.87097
      vertex 11.8342 -27.8 -2.87539
      vertex 11.8342 -44.925 -2.87539
    endloop
  endfacet
  facet normal 0.997303 -0 0.0733911
    outer loop
      vertex -13.4997 -44.925 -1.45227
      vertex -13.4988 18.125 -1.4645
      vertex -13.4997 18.125 -1.45227
    endloop
  endfacet
  facet normal 0.997303 0 0.0733911
    outer loop
      vertex -13.4988 18.125 -1.4645
      vertex -13.4997 -44.925 -1.45227
      vertex -13.4988 -44.925 -1.4645
    endloop
  endfacet
  facet normal 0 -1 0
    outer loop
      vertex -2.02584 18.125 -1.6
      vertex 2.02584 18.125 -0.6
      vertex -2.02584 18.125 -0.6
    endloop
  endfacet
  facet normal 0 -1 -0
    outer loop
      vertex 2.02584 18.125 -0.6
      vertex -2.02584 18.125 -1.6
      vertex 2.02584 18.125 -1.6
    endloop
  endfacet
  facet normal 0 -1 0
    outer loop
      vertex -11.9086 18.125 0.553253
      vertex -11.75 18.125 0.61
      vertex -11.7623 18.125 0.609699
    endloop
  endfacet
  facet normal 0 -1 0
    outer loop
      vertex -11.75 18.125 0.61
      vertex -2.02584 18.125 -0.6
      vertex 11.75 18.125 0.61
    endloop
  endfacet
  facet normal 0 -1 0
    outer loop
      vertex -11.9086 18.125 0.553253
      vertex -11.7623 18.125 0.609699
      vertex -11.7745 18.125 0.608796
    endloop
  endfacet
  facet normal 0 -1 0
    outer loop
      vertex 2.02584 18.125 -0.6
      vertex 11.75 18.125 0.61
      vertex -2.02584 18.125 -0.6
    endloop
  endfacet
  facet normal 0 -1 0
    outer loop
      vertex -11.9086 18.125 0.553253
      vertex -11.7745 18.125 0.608796
      vertex -11.7867 18.125 0.607293
    endloop
  endfacet
  facet normal 0 -1 0
    outer loop
      vertex 3.52584 18.125 -0.6
      vertex 11.75 18.125 0.61
      vertex 2.02584 18.125 -0.6
    endloop
  endfacet
  facet normal 0 -1 0
    outer loop
      vertex -11.9086 18.125 0.553253
      vertex -11.7867 18.125 0.607293
      vertex -11.7988 18.125 0.605195
    endloop
  endfacet
  facet normal 0 -1 0
    outer loop
      vertex 11.75 18.125 -2.89
      vertex 11.75 18.125 0.61
      vertex 3.52584 18.125 -0.6
    endloop
  endfacet
  facet normal 0 -1 0
    outer loop
      vertex -11.9086 18.125 0.553253
      vertex -11.7988 18.125 0.605195
      vertex -11.8107 18.125 0.602507
    endloop
  endfacet
  facet normal -0 -1 0
    outer loop
      vertex 11.9086 18.125 0.553253
      vertex 11.75 18.125 0.61
      vertex 11.75 18.125 -2.89
    endloop
  endfacet
  facet normal 0 -1 0
    outer loop
      vertex -11.9086 18.125 0.553253
      vertex -11.8107 18.125 0.602507
      vertex -11.8226 18.125 0.599235
    endloop
  endfacet
  facet normal 0 -1 0
    outer loop
      vertex 11.75 18.125 0.61
      vertex 11.9086 18.125 0.553253
      vertex 11.7623 18.125 0.609699
    endloop
  endfacet
  facet normal 0 -1 0
    outer loop
      vertex -11.9086 18.125 0.553253
      vertex -11.8226 18.125 0.599235
      vertex -11.8342 18.125 0.595386
    endloop
  endfacet
  facet normal 0 -1 0
    outer loop
      vertex 11.7623 18.125 0.609699
      vertex 11.9086 18.125 0.553253
      vertex 11.7745 18.125 0.608796
    endloop
  endfacet
  facet normal 0 -1 0
    outer loop
      vertex -11.9086 18.125 0.553253
      vertex -11.8342 18.125 0.595386
      vertex -11.8457 18.125 0.590969
    endloop
  endfacet
  facet normal 0 -1 0
    outer loop
      vertex 11.7745 18.125 0.608796
      vertex 11.9086 18.125 0.553253
      vertex 11.7867 18.125 0.607293
    endloop
  endfacet
  facet normal 0 -1 0
    outer loop
      vertex -11.9086 18.125 0.553253
      vertex -11.8457 18.125 0.590969
      vertex -11.8569 18.125 0.585997
    endloop
  endfacet
  facet normal 0 -1 0
    outer loop
      vertex 11.7867 18.125 0.607293
      vertex 11.9086 18.125 0.553253
      vertex 11.7988 18.125 0.605195
    endloop
  endfacet
  facet normal 0 -1 0
    outer loop
      vertex -11.9086 18.125 0.553253
      vertex -11.8569 18.125 0.585997
      vertex -11.8678 18.125 0.58048
    endloop
  endfacet
  facet normal 0 -1 0
    outer loop
      vertex 11.7988 18.125 0.605195
      vertex 11.9086 18.125 0.553253
      vertex 11.8107 18.125 0.602507
    endloop
  endfacet
  facet normal 0 -1 0
    outer loop
      vertex -11.9086 18.125 0.553253
      vertex -11.8678 18.125 0.58048
      vertex -11.8785 18.125 0.574432
    endloop
  endfacet
  facet normal 0 -1 0
    outer loop
      vertex 11.8107 18.125 0.602507
      vertex 11.9086 18.125 0.553253
      vertex 11.8226 18.125 0.599235
    endloop
  endfacet
  facet normal 0 -1 0
    outer loop
      vertex -11.9086 18.125 0.553253
      vertex -11.8785 18.125 0.574432
      vertex -11.8889 18.125 0.567867
    endloop
  endfacet
  facet normal 0 -1 0
    outer loop
      vertex 11.8226 18.125 0.599235
      vertex 11.9086 18.125 0.553253
      vertex 11.8342 18.125 0.595386
    endloop
  endfacet
  facet normal 0 -1 0
    outer loop
      vertex -11.9086 18.125 0.553253
      vertex -11.8889 18.125 0.567867
      vertex -11.8989 18.125 0.560802
    endloop
  endfacet
  facet normal 0 -1 0
    outer loop
      vertex 11.8342 18.125 0.595386
      vertex 11.9086 18.125 0.553253
      vertex 11.8457 18.125 0.590969
    endloop
  endfacet
  facet normal 0 -1 -0
    outer loop
      vertex -11.75 18.125 0.61
      vertex -11.9086 18.125 0.553253
      vertex -11.75 18.125 -2.89
    endloop
  endfacet
  facet normal 0 -1 0
    outer loop
      vertex 11.8457 18.125 0.590969
      vertex 11.9086 18.125 0.553253
      vertex 11.8569 18.125 0.585997
    endloop
  endfacet
  facet normal 0 -1 0
    outer loop
      vertex -11.75 18.125 0.61
      vertex -3.52584 18.125 -0.6
      vertex -2.02584 18.125 -0.6
    endloop
  endfacet
  facet normal 0 -1 0
    outer loop
      vertex -11.9086 18.125 -2.83325
      vertex -11.9086 18.125 0.553253
      vertex -13.4086 18.125 -0.646748
    endloop
  endfacet
  facet normal 0 -1 0
    outer loop
      vertex -13.5 18.125 -0.840001
      vertex -13.4086 18.125 -0.646748
      vertex -13.4179 18.125 -0.654763
    endloop
  endfacet
  facet normal 0 -1 0
    outer loop
      vertex -13.5 18.125 -0.840001
      vertex -13.4179 18.125 -0.654763
      vertex -13.4268 18.125 -0.663224
    endloop
  endfacet
  facet normal 0 -1 0
    outer loop
      vertex -13.5 18.125 -0.840001
      vertex -13.4268 18.125 -0.663224
      vertex -13.4352 18.125 -0.672111
    endloop
  endfacet
  facet normal 0 -1 0
    outer loop
      vertex -13.5 18.125 -0.840001
      vertex -13.4352 18.125 -0.672111
      vertex -13.4433 18.125 -0.681402
    endloop
  endfacet
  facet normal 0 -1 0
    outer loop
      vertex -13.5 18.125 -0.840001
      vertex -13.4433 18.125 -0.681402
      vertex -13.4508 18.125 -0.691076
    endloop
  endfacet
  facet normal 0 -1 0
    outer loop
      vertex -13.5 18.125 -0.840001
      vertex -13.4508 18.125 -0.691076
      vertex -13.4579 18.125 -0.701108
    endloop
  endfacet
  facet normal 0 -1 0
    outer loop
      vertex -13.5 18.125 -0.840001
      vertex -13.4579 18.125 -0.701108
      vertex -13.4644 18.125 -0.711475
    endloop
  endfacet
  facet normal 0 -1 0
    outer loop
      vertex -13.5 18.125 -0.840001
      vertex -13.4644 18.125 -0.711475
      vertex -13.4705 18.125 -0.722151
    endloop
  endfacet
  facet normal 0 -1 0
    outer loop
      vertex -13.5 18.125 -0.840001
      vertex -13.4705 18.125 -0.722151
      vertex -13.476 18.125 -0.733112
    endloop
  endfacet
  facet normal 0 -1 0
    outer loop
      vertex -13.5 18.125 -0.840001
      vertex -13.476 18.125 -0.733112
      vertex -13.481 18.125 -0.74433
    endloop
  endfacet
  facet normal 0 -1 0
    outer loop
      vertex -13.5 18.125 -0.840001
      vertex -13.481 18.125 -0.74433
      vertex -13.4854 18.125 -0.755778
    endloop
  endfacet
  facet normal 0 -1 0
    outer loop
      vertex -13.5 18.125 -0.840001
      vertex -13.4854 18.125 -0.755778
      vertex -13.4892 18.125 -0.767429
    endloop
  endfacet
  facet normal 0 -1 0
    outer loop
      vertex -13.5 18.125 -0.840001
      vertex -13.4892 18.125 -0.767429
      vertex -13.4925 18.125 -0.779256
    endloop
  endfacet
  facet normal 0 -1 0
    outer loop
      vertex -13.5 18.125 -0.840001
      vertex -13.4925 18.125 -0.779256
      vertex -13.4952 18.125 -0.791228
    endloop
  endfacet
  facet normal 0 -1 0
    outer loop
      vertex -13.5 18.125 -0.840001
      vertex -13.4952 18.125 -0.791228
      vertex -13.4973 18.125 -0.803318
    endloop
  endfacet
  facet normal 0 -1 0
    outer loop
      vertex -13.5 18.125 -0.840001
      vertex -13.4973 18.125 -0.803318
      vertex -13.4988 18.125 -0.815496
    endloop
  endfacet
  facet normal 0 -1 0
    outer loop
      vertex -13.5 18.125 -0.840001
      vertex -13.4988 18.125 -0.815496
      vertex -13.4997 18.125 -0.827734
    endloop
  endfacet
  facet normal 0 -1 -0
    outer loop
      vertex -13.4086 18.125 -0.646748
      vertex -13.5 18.125 -0.840001
      vertex -13.4086 18.125 -1.63325
    endloop
  endfacet
  facet normal 0 -1 0
    outer loop
      vertex -13.4086 18.125 -1.63325
      vertex -13.5 18.125 -0.840001
      vertex -13.5 18.125 -1.44
    endloop
  endfacet
  facet normal 0 -1 0
    outer loop
      vertex -13.4086 18.125 -1.63325
      vertex -13.5 18.125 -1.44
      vertex -13.4997 18.125 -1.45227
    endloop
  endfacet
  facet normal 0 -1 0
    outer loop
      vertex -13.4086 18.125 -1.63325
      vertex -13.4997 18.125 -1.45227
      vertex -13.4988 18.125 -1.4645
    endloop
  endfacet
  facet normal 0 -1 0
    outer loop
      vertex -13.4086 18.125 -1.63325
      vertex -13.4988 18.125 -1.4645
      vertex -13.4973 18.125 -1.47668
    endloop
  endfacet
  facet normal 0 -1 0
    outer loop
      vertex -13.4086 18.125 -1.63325
      vertex -13.4973 18.125 -1.47668
      vertex -13.4952 18.125 -1.48877
    endloop
  endfacet
  facet normal 0 -1 0
    outer loop
      vertex -13.4086 18.125 -1.63325
      vertex -13.4952 18.125 -1.48877
      vertex -13.4925 18.125 -1.50074
    endloop
  endfacet
  facet normal 0 -1 0
    outer loop
      vertex -13.4086 18.125 -1.63325
      vertex -13.4925 18.125 -1.50074
      vertex -13.4892 18.125 -1.51257
    endloop
  endfacet
  facet normal 0 -1 0
    outer loop
      vertex -13.4086 18.125 -1.63325
      vertex -13.4892 18.125 -1.51257
      vertex -13.4854 18.125 -1.52422
    endloop
  endfacet
  facet normal 0 -1 0
    outer loop
      vertex -13.4086 18.125 -1.63325
      vertex -13.4854 18.125 -1.52422
      vertex -13.481 18.125 -1.53567
    endloop
  endfacet
  facet normal 0 -1 0
    outer loop
      vertex -13.4086 18.125 -1.63325
      vertex -13.481 18.125 -1.53567
      vertex -13.476 18.125 -1.54689
    endloop
  endfacet
  facet normal 0 -1 0
    outer loop
      vertex -13.4086 18.125 -1.63325
      vertex -13.476 18.125 -1.54689
      vertex -13.4705 18.125 -1.55785
    endloop
  endfacet
  facet normal 0 -1 0
    outer loop
      vertex -13.4086 18.125 -1.63325
      vertex -13.4705 18.125 -1.55785
      vertex -13.4644 18.125 -1.56852
    endloop
  endfacet
  facet normal 0 -1 0
    outer loop
      vertex -13.4086 18.125 -1.63325
      vertex -13.4644 18.125 -1.56852
      vertex -13.4579 18.125 -1.57889
    endloop
  endfacet
  facet normal 0 -1 0
    outer loop
      vertex -13.4086 18.125 -1.63325
      vertex -13.4579 18.125 -1.57889
      vertex -13.4508 18.125 -1.58892
    endloop
  endfacet
  facet normal 0 -1 0
    outer loop
      vertex -13.4086 18.125 -1.63325
      vertex -13.4508 18.125 -1.58892
      vertex -13.4433 18.125 -1.5986
    endloop
  endfacet
  facet normal 0 -1 0
    outer loop
      vertex -13.4086 18.125 -0.646748
      vertex -13.4086 18.125 -1.63325
      vertex -11.9086 18.125 -2.83325
    endloop
  endfacet
  facet normal 0 -1 0
    outer loop
      vertex -11.75 18.125 -2.89
      vertex -2.02584 18.125 -1.6
      vertex -3.52584 18.125 -1.6
    endloop
  endfacet
  facet normal 0 -1 -0
    outer loop
      vertex -2.02584 18.125 -1.6
      vertex -11.75 18.125 -2.89
      vertex 2.02584 18.125 -1.6
    endloop
  endfacet
  facet normal 0 -1 0
    outer loop
      vertex -11.75 18.125 0.61
      vertex -11.75 18.125 -2.89
      vertex -3.52584 18.125 -0.6
    endloop
  endfacet
  facet normal 0 -1 0
    outer loop
      vertex -13.4086 18.125 -1.63325
      vertex -13.4433 18.125 -1.5986
      vertex -13.4352 18.125 -1.60789
    endloop
  endfacet
  facet normal 0 -1 0
    outer loop
      vertex 11.8569 18.125 0.585997
      vertex 11.9086 18.125 0.553253
      vertex 11.8678 18.125 0.58048
    endloop
  endfacet
  facet normal 0 -1 0
    outer loop
      vertex 11.8678 18.125 0.58048
      vertex 11.9086 18.125 0.553253
      vertex 11.8785 18.125 0.574432
    endloop
  endfacet
  facet normal 0 -1 0
    outer loop
      vertex 11.8785 18.125 0.574432
      vertex 11.9086 18.125 0.553253
      vertex 11.8889 18.125 0.567867
    endloop
  endfacet
  facet normal 0 -1 0
    outer loop
      vertex 11.8889 18.125 0.567867
      vertex 11.9086 18.125 0.553253
      vertex 11.8989 18.125 0.560802
    endloop
  endfacet
  facet normal -0 -1 0
    outer loop
      vertex 11.9086 18.125 -2.83325
      vertex 11.9086 18.125 0.553253
      vertex 11.75 18.125 -2.89
    endloop
  endfacet
  facet normal 0 -1 0
    outer loop
      vertex 11.9086 18.125 0.553253
      vertex 11.9086 18.125 -2.83325
      vertex 13.4086 18.125 -0.646748
    endloop
  endfacet
  facet normal -0 -1 0
    outer loop
      vertex 13.4086 18.125 -1.63325
      vertex 13.4086 18.125 -0.646748
      vertex 11.9086 18.125 -2.83325
    endloop
  endfacet
  facet normal -0 -1 0
    outer loop
      vertex 13.5 18.125 -0.840001
      vertex 13.4086 18.125 -0.646748
      vertex 13.4086 18.125 -1.63325
    endloop
  endfacet
  facet normal 0 -1 0
    outer loop
      vertex 13.4086 18.125 -0.646748
      vertex 13.5 18.125 -0.840001
      vertex 13.4179 18.125 -0.654763
    endloop
  endfacet
  facet normal 0 -1 0
    outer loop
      vertex 13.4179 18.125 -0.654763
      vertex 13.5 18.125 -0.840001
      vertex 13.4268 18.125 -0.663224
    endloop
  endfacet
  facet normal 0 -1 0
    outer loop
      vertex 13.4268 18.125 -0.663224
      vertex 13.5 18.125 -0.840001
      vertex 13.4352 18.125 -0.672111
    endloop
  endfacet
  facet normal 0 -1 0
    outer loop
      vertex 13.4352 18.125 -0.672111
      vertex 13.5 18.125 -0.840001
      vertex 13.4433 18.125 -0.681402
    endloop
  endfacet
  facet normal 0 -1 0
    outer loop
      vertex 13.4433 18.125 -0.681402
      vertex 13.5 18.125 -0.840001
      vertex 13.4508 18.125 -0.691076
    endloop
  endfacet
  facet normal 0 -1 0
    outer loop
      vertex 13.4508 18.125 -0.691076
      vertex 13.5 18.125 -0.840001
      vertex 13.4579 18.125 -0.701108
    endloop
  endfacet
  facet normal 0 -1 0
    outer loop
      vertex 13.4579 18.125 -0.701108
      vertex 13.5 18.125 -0.840001
      vertex 13.4644 18.125 -0.711475
    endloop
  endfacet
  facet normal 0 -1 0
    outer loop
      vertex 13.4644 18.125 -0.711475
      vertex 13.5 18.125 -0.840001
      vertex 13.4705 18.125 -0.722151
    endloop
  endfacet
  facet normal 0 -1 0
    outer loop
      vertex 13.4705 18.125 -0.722151
      vertex 13.5 18.125 -0.840001
      vertex 13.476 18.125 -0.733112
    endloop
  endfacet
  facet normal 0 -1 0
    outer loop
      vertex 13.476 18.125 -0.733112
      vertex 13.5 18.125 -0.840001
      vertex 13.481 18.125 -0.74433
    endloop
  endfacet
  facet normal 0 -1 0
    outer loop
      vertex 13.481 18.125 -0.74433
      vertex 13.5 18.125 -0.840001
      vertex 13.4854 18.125 -0.755778
    endloop
  endfacet
  facet normal 0 -1 0
    outer loop
      vertex 13.4892 18.125 -0.767429
      vertex 13.5 18.125 -0.840001
      vertex 13.4925 18.125 -0.779256
    endloop
  endfacet
  facet normal 0 -1 0
    outer loop
      vertex 13.4925 18.125 -0.779256
      vertex 13.5 18.125 -0.840001
      vertex 13.4952 18.125 -0.791228
    endloop
  endfacet
  facet normal 0 -1 0
    outer loop
      vertex 13.4952 18.125 -0.791228
      vertex 13.5 18.125 -0.840001
      vertex 13.4973 18.125 -0.803318
    endloop
  endfacet
  facet normal 0 -1 0
    outer loop
      vertex 13.4973 18.125 -0.803318
      vertex 13.5 18.125 -0.840001
      vertex 13.4988 18.125 -0.815496
    endloop
  endfacet
  facet normal 0 -1 0
    outer loop
      vertex 13.4988 18.125 -0.815496
      vertex 13.5 18.125 -0.840001
      vertex 13.4997 18.125 -0.827734
    endloop
  endfacet
  facet normal 0 -1 0
    outer loop
      vertex 13.4854 18.125 -0.755778
      vertex 13.5 18.125 -0.840001
      vertex 13.4892 18.125 -0.767429
    endloop
  endfacet
  facet normal 0 -1 -0
    outer loop
      vertex 13.5 18.125 -0.840001
      vertex 13.4086 18.125 -1.63325
      vertex 13.5 18.125 -1.44
    endloop
  endfacet
  facet normal 0 -1 0
    outer loop
      vertex 13.5 18.125 -1.44
      vertex 13.4086 18.125 -1.63325
      vertex 13.4997 18.125 -1.45227
    endloop
  endfacet
  facet normal 0 -1 0
    outer loop
      vertex 13.4997 18.125 -1.45227
      vertex 13.4086 18.125 -1.63325
      vertex 13.4988 18.125 -1.4645
    endloop
  endfacet
  facet normal 0 -1 0
    outer loop
      vertex 13.4988 18.125 -1.4645
      vertex 13.4086 18.125 -1.63325
      vertex 13.4973 18.125 -1.47668
    endloop
  endfacet
  facet normal 0 -1 0
    outer loop
      vertex 13.4952 18.125 -1.48877
      vertex 13.4086 18.125 -1.63325
      vertex 13.4925 18.125 -1.50074
    endloop
  endfacet
  facet normal 0 -1 0
    outer loop
      vertex 13.4925 18.125 -1.50074
      vertex 13.4086 18.125 -1.63325
      vertex 13.4892 18.125 -1.51257
    endloop
  endfacet
  facet normal 0 -1 0
    outer loop
      vertex 13.4892 18.125 -1.51257
      vertex 13.4086 18.125 -1.63325
      vertex 13.4854 18.125 -1.52422
    endloop
  endfacet
  facet normal 0 -1 0
    outer loop
      vertex 13.4854 18.125 -1.52422
      vertex 13.4086 18.125 -1.63325
      vertex 13.481 18.125 -1.53567
    endloop
  endfacet
  facet normal 0 -1 0
    outer loop
      vertex 13.481 18.125 -1.53567
      vertex 13.4086 18.125 -1.63325
      vertex 13.476 18.125 -1.54689
    endloop
  endfacet
  facet normal 0 -1 0
    outer loop
      vertex 13.476 18.125 -1.54689
      vertex 13.4086 18.125 -1.63325
      vertex 13.4705 18.125 -1.55785
    endloop
  endfacet
  facet normal 0 -1 0
    outer loop
      vertex 13.4705 18.125 -1.55785
      vertex 13.4086 18.125 -1.63325
      vertex 13.4644 18.125 -1.56852
    endloop
  endfacet
  facet normal 0 -1 0
    outer loop
      vertex 13.4579 18.125 -1.57889
      vertex 13.4086 18.125 -1.63325
      vertex 13.4508 18.125 -1.58892
    endloop
  endfacet
  facet normal 0 -1 0
    outer loop
      vertex 11.75 18.125 -2.89
      vertex 3.52584 18.125 -0.6
      vertex 3.52584 18.125 -1.6
    endloop
  endfacet
  facet normal 0 -1 0
    outer loop
      vertex 11.75 18.125 -2.89
      vertex 2.02584 18.125 -1.6
      vertex -11.75 18.125 -2.89
    endloop
  endfacet
  facet normal 0 -1 0
    outer loop
      vertex 2.02584 18.125 -1.6
      vertex 11.75 18.125 -2.89
      vertex 3.52584 18.125 -1.6
    endloop
  endfacet
  facet normal 0 -1 0
    outer loop
      vertex -13.4086 18.125 -1.63325
      vertex -13.4352 18.125 -1.60789
      vertex -13.4268 18.125 -1.61678
    endloop
  endfacet
  facet normal 0 -1 0
    outer loop
      vertex 13.4644 18.125 -1.56852
      vertex 13.4086 18.125 -1.63325
      vertex 13.4579 18.125 -1.57889
    endloop
  endfacet
  facet normal 0 -1 0
    outer loop
      vertex -13.4086 18.125 -1.63325
      vertex -13.4268 18.125 -1.61678
      vertex -13.4179 18.125 -1.62524
    endloop
  endfacet
  facet normal 0 -1 0
    outer loop
      vertex 13.4508 18.125 -1.58892
      vertex 13.4086 18.125 -1.63325
      vertex 13.4433 18.125 -1.5986
    endloop
  endfacet
  facet normal 0 -1 -0
    outer loop
      vertex -3.52584 18.125 -0.6
      vertex -11.75 18.125 -2.89
      vertex -3.52584 18.125 -1.6
    endloop
  endfacet
  facet normal 0 -1 0
    outer loop
      vertex 13.4433 18.125 -1.5986
      vertex 13.4086 18.125 -1.63325
      vertex 13.4352 18.125 -1.60789
    endloop
  endfacet
  facet normal 0 -1 0
    outer loop
      vertex -11.9086 18.125 0.553253
      vertex -11.9086 18.125 -2.83325
      vertex -11.75 18.125 -2.89
    endloop
  endfacet
  facet normal 0 -1 0
    outer loop
      vertex 13.4352 18.125 -1.60789
      vertex 13.4086 18.125 -1.63325
      vertex 13.4268 18.125 -1.61678
    endloop
  endfacet
  facet normal 0 -1 0
    outer loop
      vertex -11.75 18.125 -2.89
      vertex -11.9086 18.125 -2.83325
      vertex -11.8989 18.125 -2.8408
    endloop
  endfacet
  facet normal 0 -1 0
    outer loop
      vertex 13.4268 18.125 -1.61678
      vertex 13.4086 18.125 -1.63325
      vertex 13.4179 18.125 -1.62524
    endloop
  endfacet
  facet normal 0 -1 0
    outer loop
      vertex -11.75 18.125 -2.89
      vertex -11.8989 18.125 -2.8408
      vertex -11.8889 18.125 -2.84787
    endloop
  endfacet
  facet normal 0 -1 0
    outer loop
      vertex 13.4973 18.125 -1.47668
      vertex 13.4086 18.125 -1.63325
      vertex 13.4952 18.125 -1.48877
    endloop
  endfacet
  facet normal 0 -1 0
    outer loop
      vertex -11.75 18.125 -2.89
      vertex -11.8889 18.125 -2.84787
      vertex -11.8785 18.125 -2.85443
    endloop
  endfacet
  facet normal 0 -1 0
    outer loop
      vertex 11.9086 18.125 -2.83325
      vertex 11.75 18.125 -2.89
      vertex 11.8989 18.125 -2.8408
    endloop
  endfacet
  facet normal 0 -1 0
    outer loop
      vertex -11.75 18.125 -2.89
      vertex -11.8785 18.125 -2.85443
      vertex -11.8678 18.125 -2.86048
    endloop
  endfacet
  facet normal 0 -1 0
    outer loop
      vertex 11.8989 18.125 -2.8408
      vertex 11.75 18.125 -2.89
      vertex 11.8889 18.125 -2.84787
    endloop
  endfacet
  facet normal 0 -1 0
    outer loop
      vertex -11.75 18.125 -2.89
      vertex -11.8678 18.125 -2.86048
      vertex -11.8569 18.125 -2.866
    endloop
  endfacet
  facet normal 0 -1 0
    outer loop
      vertex 11.8889 18.125 -2.84787
      vertex 11.75 18.125 -2.89
      vertex 11.8785 18.125 -2.85443
    endloop
  endfacet
  facet normal 0 -1 0
    outer loop
      vertex -11.75 18.125 -2.89
      vertex -11.8569 18.125 -2.866
      vertex -11.8457 18.125 -2.87097
    endloop
  endfacet
  facet normal 0 -1 0
    outer loop
      vertex 11.8785 18.125 -2.85443
      vertex 11.75 18.125 -2.89
      vertex 11.8678 18.125 -2.86048
    endloop
  endfacet
  facet normal 0 -1 0
    outer loop
      vertex -11.75 18.125 -2.89
      vertex -11.8457 18.125 -2.87097
      vertex -11.8342 18.125 -2.87539
    endloop
  endfacet
  facet normal 0 -1 0
    outer loop
      vertex 11.8678 18.125 -2.86048
      vertex 11.75 18.125 -2.89
      vertex 11.8569 18.125 -2.866
    endloop
  endfacet
  facet normal 0 -1 0
    outer loop
      vertex -11.75 18.125 -2.89
      vertex -11.8342 18.125 -2.87539
      vertex -11.8226 18.125 -2.87924
    endloop
  endfacet
  facet normal 0 -1 0
    outer loop
      vertex 11.8569 18.125 -2.866
      vertex 11.75 18.125 -2.89
      vertex 11.8457 18.125 -2.87097
    endloop
  endfacet
  facet normal 0 -1 0
    outer loop
      vertex -11.75 18.125 -2.89
      vertex -11.8226 18.125 -2.87924
      vertex -11.8107 18.125 -2.88251
    endloop
  endfacet
  facet normal 0 -1 0
    outer loop
      vertex 11.8457 18.125 -2.87097
      vertex 11.75 18.125 -2.89
      vertex 11.8342 18.125 -2.87539
    endloop
  endfacet
  facet normal 0 -1 0
    outer loop
      vertex -11.75 18.125 -2.89
      vertex -11.8107 18.125 -2.88251
      vertex -11.7988 18.125 -2.8852
    endloop
  endfacet
  facet normal 0 -1 0
    outer loop
      vertex 11.8342 18.125 -2.87539
      vertex 11.75 18.125 -2.89
      vertex 11.8226 18.125 -2.87924
    endloop
  endfacet
  facet normal 0 -1 0
    outer loop
      vertex -11.75 18.125 -2.89
      vertex -11.7988 18.125 -2.8852
      vertex -11.7867 18.125 -2.88729
    endloop
  endfacet
  facet normal 0 -1 0
    outer loop
      vertex 11.8226 18.125 -2.87924
      vertex 11.75 18.125 -2.89
      vertex 11.8107 18.125 -2.88251
    endloop
  endfacet
  facet normal 0 -1 0
    outer loop
      vertex -11.75 18.125 -2.89
      vertex -11.7867 18.125 -2.88729
      vertex -11.7745 18.125 -2.8888
    endloop
  endfacet
  facet normal 0 -1 0
    outer loop
      vertex 11.8107 18.125 -2.88251
      vertex 11.75 18.125 -2.89
      vertex 11.7988 18.125 -2.8852
    endloop
  endfacet
  facet normal 0 -1 0
    outer loop
      vertex -11.75 18.125 -2.89
      vertex -11.7745 18.125 -2.8888
      vertex -11.7623 18.125 -2.8897
    endloop
  endfacet
  facet normal 0 -1 0
    outer loop
      vertex 11.7988 18.125 -2.8852
      vertex 11.75 18.125 -2.89
      vertex 11.7867 18.125 -2.88729
    endloop
  endfacet
  facet normal 0 -1 0
    outer loop
      vertex 11.7867 18.125 -2.88729
      vertex 11.75 18.125 -2.89
      vertex 11.7745 18.125 -2.8888
    endloop
  endfacet
  facet normal 0 -1 0
    outer loop
      vertex 11.7745 18.125 -2.8888
      vertex 11.75 18.125 -2.89
      vertex 11.7623 18.125 -2.8897
    endloop
  endfacet
  facet normal 0.985248 -0 0.171135
    outer loop
      vertex -13.4973 -44.925 -1.47668
      vertex -13.4952 18.125 -1.48877
      vertex -13.4973 18.125 -1.47668
    endloop
  endfacet
  facet normal 0.985248 0 0.171135
    outer loop
      vertex -13.4952 18.125 -1.48877
      vertex -13.4973 -44.925 -1.47668
      vertex -13.4952 -44.925 -1.48877
    endloop
  endfacet
  facet normal -0.726854 0 0.686792
    outer loop
      vertex 13.4268 -44.925 -1.61678
      vertex 13.4352 18.125 -1.60789
      vertex 13.4268 18.125 -1.61678
    endloop
  endfacet
  facet normal -0.726854 0 0.686792
    outer loop
      vertex 13.4352 18.125 -1.60789
      vertex 13.4268 -44.925 -1.61678
      vertex 13.4352 -44.925 -1.60789
    endloop
  endfacet
  facet normal 0.405745 -3.5911e-21 -0.913986
    outer loop
      vertex -11.8569 -44.925 0.585997
      vertex -11.8457 18.125 0.590969
      vertex -11.8457 -44.925 0.590969
    endloop
  endfacet
  facet normal 0.405745 -3.5911e-21 -0.913986
    outer loop
      vertex -11.8457 18.125 0.590969
      vertex -11.8569 -44.925 0.585997
      vertex -11.8569 18.125 0.585997
    endloop
  endfacet
  facet normal -0.533794 7.73294e-21 -0.845614
    outer loop
      vertex 11.8785 -44.925 0.574432
      vertex 11.8889 18.125 0.567867
      vertex 11.8889 -44.925 0.567867
    endloop
  endfacet
  facet normal -0.533794 7.73294e-21 -0.845614
    outer loop
      vertex 11.8889 18.125 0.567867
      vertex 11.8785 -44.925 0.574432
      vertex 11.8785 18.125 0.574432
    endloop
  endfacet
  facet normal -0.492191 2.31103e-20 0.870487
    outer loop
      vertex 11.8678 -27.8 -2.86048
      vertex 11.8785 -44.925 -2.85443
      vertex 11.8785 -27.8 -2.85443
    endloop
  endfacet
  facet normal -0.492191 2.31103e-20 0.870487
    outer loop
      vertex 11.8785 -44.925 -2.85443
      vertex 11.8678 -27.8 -2.86048
      vertex 11.8678 -44.925 -2.86048
    endloop
  endfacet
  facet normal -0.492191 3.16611e-18 0.870487
    outer loop
      vertex 11.8678 18.125 -2.86048
      vertex 11.8785 18 -2.85443
      vertex 11.8785 18.125 -2.85443
    endloop
  endfacet
  facet normal -0.492191 3.16611e-18 0.870487
    outer loop
      vertex 11.8785 18 -2.85443
      vertex 11.8678 18.125 -2.86048
      vertex 11.8678 18 -2.86048
    endloop
  endfacet
  facet normal -0.963208 0 -0.268757
    outer loop
      vertex 13.4925 -44.925 -0.779256
      vertex 13.4892 18.125 -0.767429
      vertex 13.4925 18.125 -0.779256
    endloop
  endfacet
  facet normal -0.963208 -0 -0.268757
    outer loop
      vertex 13.4892 18.125 -0.767429
      vertex 13.4925 -44.925 -0.779256
      vertex 13.4892 -44.925 -0.767429
    endloop
  endfacet
  facet normal 0.950704 -0 0.310101
    outer loop
      vertex -13.4892 -44.925 -1.51257
      vertex -13.4854 18.125 -1.52422
      vertex -13.4892 18.125 -1.51257
    endloop
  endfacet
  facet normal 0.950704 0 0.310101
    outer loop
      vertex -13.4854 18.125 -1.52422
      vertex -13.4892 -44.925 -1.51257
      vertex -13.4854 -44.925 -1.52422
    endloop
  endfacet
  facet normal -0.533503 3.86939e-21 0.845798
    outer loop
      vertex 11.8785 -27.8 -2.85443
      vertex 11.8889 -44.925 -2.84787
      vertex 11.8889 -27.8 -2.84787
    endloop
  endfacet
  facet normal -0.533503 3.86939e-21 0.845798
    outer loop
      vertex 11.8889 -44.925 -2.84787
      vertex 11.8785 -27.8 -2.85443
      vertex 11.8785 -44.925 -2.85443
    endloop
  endfacet
  facet normal -0.533503 5.30106e-19 0.845798
    outer loop
      vertex 11.8785 18.125 -2.85443
      vertex 11.8889 18 -2.84787
      vertex 11.8889 18.125 -2.84787
    endloop
  endfacet
  facet normal -0.533503 5.30106e-19 0.845798
    outer loop
      vertex 11.8889 18 -2.84787
      vertex 11.8785 18.125 -2.85443
      vertex 11.8785 18 -2.85443
    endloop
  endfacet
  facet normal -0.950712 0 -0.310077
    outer loop
      vertex 13.4892 -44.925 -0.767429
      vertex 13.4854 18.125 -0.755778
      vertex 13.4892 18.125 -0.767429
    endloop
  endfacet
  facet normal -0.950712 -0 -0.310077
    outer loop
      vertex 13.4854 18.125 -0.755778
      vertex 13.4892 -44.925 -0.767429
      vertex 13.4854 -44.925 -0.755778
    endloop
  endfacet
  facet normal -1 0 0
    outer loop
      vertex 12 -18 -6.4
      vertex 12 -27.8 -6.4
      vertex 12 -18 -2.78
    endloop
  endfacet
  facet normal -1 0 0
    outer loop
      vertex 12 -18 -2.78
      vertex 12 -17.8 -2.76013
      vertex 12 -17.8 -2.78
    endloop
  endfacet
  facet normal -1 0 0
    outer loop
      vertex 12 -18 -2.78
      vertex 12 -27.8 -2.76013
      vertex 12 -17.8 -2.76013
    endloop
  endfacet
  facet normal -1 0 0
    outer loop
      vertex 12 -27.8 -2.76013
      vertex 12 -18 -2.78
      vertex 12 -27.8 -6.4
    endloop
  endfacet
  facet normal 1 0 0
    outer loop
      vertex -12 -17.8 -2.76013
      vertex -12 -18 -2.78
      vertex -12 -17.8 -2.78
    endloop
  endfacet
  facet normal 1 -0 0
    outer loop
      vertex -12 -27.8 -2.76013
      vertex -12 -18 -2.78
      vertex -12 -17.8 -2.76013
    endloop
  endfacet
  facet normal 1 0 0
    outer loop
      vertex -12 -27.8 -2.76013
      vertex -12 -18 -6.4
      vertex -12 -18 -2.78
    endloop
  endfacet
  facet normal 1 0 0
    outer loop
      vertex -12 -18 -6.4
      vertex -12 -27.8 -2.76013
      vertex -12 -27.8 -6.4
    endloop
  endfacet
  facet normal 0 -1 0
    outer loop
      vertex -11.9752 -17.8 -2.78
      vertex -12 -17.8 -2.76013
      vertex -12 -17.8 -2.78
    endloop
  endfacet
  facet normal 0 -1 0
    outer loop
      vertex 12 -17.8 -2.78
      vertex 12 -17.8 -2.76013
      vertex 11.9752 -17.8 -2.78
    endloop
  endfacet
  facet normal 0 1 0
    outer loop
      vertex 11.75 -27.8 -2.89
      vertex 12 -27.8 -6.4
      vertex -11.75 -27.8 -2.89
    endloop
  endfacet
  facet normal 0 1 0
    outer loop
      vertex 11.7623 -27.8 -2.8897
      vertex 12 -27.8 -6.4
      vertex 11.75 -27.8 -2.89
    endloop
  endfacet
  facet normal 0 1 0
    outer loop
      vertex 11.7745 -27.8 -2.8888
      vertex 12 -27.8 -6.4
      vertex 11.7623 -27.8 -2.8897
    endloop
  endfacet
  facet normal 0 1 0
    outer loop
      vertex 11.7867 -27.8 -2.88729
      vertex 12 -27.8 -6.4
      vertex 11.7745 -27.8 -2.8888
    endloop
  endfacet
  facet normal 0 1 0
    outer loop
      vertex 11.7988 -27.8 -2.8852
      vertex 12 -27.8 -6.4
      vertex 11.7867 -27.8 -2.88729
    endloop
  endfacet
  facet normal 0 1 0
    outer loop
      vertex 11.8107 -27.8 -2.88251
      vertex 12 -27.8 -6.4
      vertex 11.7988 -27.8 -2.8852
    endloop
  endfacet
  facet normal 0 1 0
    outer loop
      vertex 11.8226 -27.8 -2.87924
      vertex 12 -27.8 -6.4
      vertex 11.8107 -27.8 -2.88251
    endloop
  endfacet
  facet normal 0 1 0
    outer loop
      vertex 11.8342 -27.8 -2.87539
      vertex 12 -27.8 -6.4
      vertex 11.8226 -27.8 -2.87924
    endloop
  endfacet
  facet normal 0 1 0
    outer loop
      vertex 11.8457 -27.8 -2.87097
      vertex 12 -27.8 -6.4
      vertex 11.8342 -27.8 -2.87539
    endloop
  endfacet
  facet normal 0 1 0
    outer loop
      vertex 11.8569 -27.8 -2.866
      vertex 12 -27.8 -6.4
      vertex 11.8457 -27.8 -2.87097
    endloop
  endfacet
  facet normal 0 1 0
    outer loop
      vertex 11.8678 -27.8 -2.86048
      vertex 12 -27.8 -6.4
      vertex 11.8569 -27.8 -2.866
    endloop
  endfacet
  facet normal 0 1 0
    outer loop
      vertex 11.8785 -27.8 -2.85443
      vertex 12 -27.8 -6.4
      vertex 11.8678 -27.8 -2.86048
    endloop
  endfacet
  facet normal 0 1 0
    outer loop
      vertex 11.8889 -27.8 -2.84787
      vertex 12 -27.8 -6.4
      vertex 11.8785 -27.8 -2.85443
    endloop
  endfacet
  facet normal 0 1 0
    outer loop
      vertex 11.8989 -27.8 -2.8408
      vertex 12 -27.8 -6.4
      vertex 11.8889 -27.8 -2.84787
    endloop
  endfacet
  facet normal 0 1 0
    outer loop
      vertex 11.9086 -27.8 -2.83325
      vertex 12 -27.8 -6.4
      vertex 11.8989 -27.8 -2.8408
    endloop
  endfacet
  facet normal 0 1 -0
    outer loop
      vertex 12 -27.8 -6.4
      vertex 11.9086 -27.8 -2.83325
      vertex 12 -27.8 -2.76013
    endloop
  endfacet
  facet normal 0 1 0
    outer loop
      vertex -12 -27.8 -6.4
      vertex -11.75 -27.8 -2.89
      vertex 12 -27.8 -6.4
    endloop
  endfacet
  facet normal 0 1 0
    outer loop
      vertex -11.75 -27.8 -2.89
      vertex -12 -27.8 -6.4
      vertex -11.7623 -27.8 -2.8897
    endloop
  endfacet
  facet normal 0 1 0
    outer loop
      vertex -11.7623 -27.8 -2.8897
      vertex -12 -27.8 -6.4
      vertex -11.7745 -27.8 -2.8888
    endloop
  endfacet
  facet normal 0 1 0
    outer loop
      vertex -11.9086 -27.8 -2.83325
      vertex -12 -27.8 -6.4
      vertex -12 -27.8 -2.76013
    endloop
  endfacet
  facet normal 0 1 0
    outer loop
      vertex -11.8989 -27.8 -2.8408
      vertex -12 -27.8 -6.4
      vertex -11.9086 -27.8 -2.83325
    endloop
  endfacet
  facet normal 0 1 0
    outer loop
      vertex -11.8889 -27.8 -2.84787
      vertex -12 -27.8 -6.4
      vertex -11.8989 -27.8 -2.8408
    endloop
  endfacet
  facet normal 0 1 0
    outer loop
      vertex -11.8785 -27.8 -2.85443
      vertex -12 -27.8 -6.4
      vertex -11.8889 -27.8 -2.84787
    endloop
  endfacet
  facet normal 0 1 0
    outer loop
      vertex -11.8678 -27.8 -2.86048
      vertex -12 -27.8 -6.4
      vertex -11.8785 -27.8 -2.85443
    endloop
  endfacet
  facet normal 0 1 0
    outer loop
      vertex -11.8569 -27.8 -2.866
      vertex -12 -27.8 -6.4
      vertex -11.8678 -27.8 -2.86048
    endloop
  endfacet
  facet normal 0 1 0
    outer loop
      vertex -11.8457 -27.8 -2.87097
      vertex -12 -27.8 -6.4
      vertex -11.8569 -27.8 -2.866
    endloop
  endfacet
  facet normal 0 1 0
    outer loop
      vertex -11.8342 -27.8 -2.87539
      vertex -12 -27.8 -6.4
      vertex -11.8457 -27.8 -2.87097
    endloop
  endfacet
  facet normal 0 1 0
    outer loop
      vertex -11.8226 -27.8 -2.87924
      vertex -12 -27.8 -6.4
      vertex -11.8342 -27.8 -2.87539
    endloop
  endfacet
  facet normal 0 1 0
    outer loop
      vertex -11.8107 -27.8 -2.88251
      vertex -12 -27.8 -6.4
      vertex -11.8226 -27.8 -2.87924
    endloop
  endfacet
  facet normal 0 1 0
    outer loop
      vertex -11.7988 -27.8 -2.8852
      vertex -12 -27.8 -6.4
      vertex -11.8107 -27.8 -2.88251
    endloop
  endfacet
  facet normal 0 1 0
    outer loop
      vertex -11.7867 -27.8 -2.88729
      vertex -12 -27.8 -6.4
      vertex -11.7988 -27.8 -2.8852
    endloop
  endfacet
  facet normal 0 1 0
    outer loop
      vertex -11.7745 -27.8 -2.8888
      vertex -12 -27.8 -6.4
      vertex -11.7867 -27.8 -2.88729
    endloop
  endfacet
  facet normal -1 0 0
    outer loop
      vertex 8.25 18 -6.4
      vertex 8.25 14.955 -6.4
      vertex 8.25 18 -3.79
    endloop
  endfacet
  facet normal 0 -1 0
    outer loop
      vertex 31.75 18 -6.4
      vertex 48.25 18 -3.79
      vertex 31.75 18 -3.79
    endloop
  endfacet
  facet normal 0 -1 -0
    outer loop
      vertex 48.25 18 -3.79
      vertex 31.75 18 -6.4
      vertex 48.25 18 -6.4
    endloop
  endfacet
  facet normal 0 -1 0
    outer loop
      vertex 11.75 18 -6.4
      vertex 28.25 18 -3.79
      vertex 11.75 18 -3.79
    endloop
  endfacet
  facet normal 0 -1 -0
    outer loop
      vertex 28.25 18 -3.79
      vertex 11.75 18 -6.4
      vertex 28.25 18 -6.4
    endloop
  endfacet
  facet normal 0 -1 0
    outer loop
      vertex -8.25 18 -6.4
      vertex 8.25 18 -3.79
      vertex -8.25 18 -3.79
    endloop
  endfacet
  facet normal 0 -1 -0
    outer loop
      vertex 8.25 18 -3.79
      vertex -8.25 18 -6.4
      vertex 8.25 18 -6.4
    endloop
  endfacet
  facet normal 0 -1 0
    outer loop
      vertex -28.25 18 -6.4
      vertex -11.75 18 -3.79
      vertex -28.25 18 -3.79
    endloop
  endfacet
  facet normal 0 -1 -0
    outer loop
      vertex -11.75 18 -3.79
      vertex -28.25 18 -6.4
      vertex -11.75 18 -6.4
    endloop
  endfacet
  facet normal 0 -1 0
    outer loop
      vertex -48.25 18 -6.4
      vertex -31.75 18 -3.79
      vertex -48.25 18 -3.79
    endloop
  endfacet
  facet normal 0 -1 -0
    outer loop
      vertex -31.75 18 -3.79
      vertex -48.25 18 -6.4
      vertex -31.75 18 -6.4
    endloop
  endfacet
  facet normal 0 -1 0
    outer loop
      vertex -31.75 18 -3.79
      vertex -11.9752 18 -2.78
      vertex -52.705 18 -2.78
    endloop
  endfacet
  facet normal 0 -1 0
    outer loop
      vertex -28.25 18 -3.79
      vertex -11.9752 18 -2.78
      vertex -31.75 18 -3.79
    endloop
  endfacet
  facet normal 0 -1 0
    outer loop
      vertex -11.75 18 -3.79
      vertex -11.9752 18 -2.78
      vertex -28.25 18 -3.79
    endloop
  endfacet
  facet normal 0 -1 0
    outer loop
      vertex -11.9752 18 -2.78
      vertex -11.75 18 -3.79
      vertex -11.9086 18 -2.83325
    endloop
  endfacet
  facet normal 0 -1 0
    outer loop
      vertex -11.9086 18 -2.83325
      vertex -11.75 18 -3.79
      vertex -11.8989 18 -2.8408
    endloop
  endfacet
  facet normal 0 -1 0
    outer loop
      vertex -11.8989 18 -2.8408
      vertex -11.75 18 -3.79
      vertex -11.8889 18 -2.84787
    endloop
  endfacet
  facet normal 0 -1 0
    outer loop
      vertex -11.8889 18 -2.84787
      vertex -11.75 18 -3.79
      vertex -11.8785 18 -2.85443
    endloop
  endfacet
  facet normal 0 -1 0
    outer loop
      vertex -11.8785 18 -2.85443
      vertex -11.75 18 -3.79
      vertex -11.8678 18 -2.86048
    endloop
  endfacet
  facet normal 0 -1 0
    outer loop
      vertex -11.8678 18 -2.86048
      vertex -11.75 18 -3.79
      vertex -11.8569 18 -2.866
    endloop
  endfacet
  facet normal 0 -1 0
    outer loop
      vertex -11.8569 18 -2.866
      vertex -11.75 18 -3.79
      vertex -11.8457 18 -2.87097
    endloop
  endfacet
  facet normal 0 -1 0
    outer loop
      vertex -11.8457 18 -2.87097
      vertex -11.75 18 -3.79
      vertex -11.8342 18 -2.87539
    endloop
  endfacet
  facet normal 0 -1 0
    outer loop
      vertex -11.8342 18 -2.87539
      vertex -11.75 18 -3.79
      vertex -11.8226 18 -2.87924
    endloop
  endfacet
  facet normal 0 -1 0
    outer loop
      vertex -11.8226 18 -2.87924
      vertex -11.75 18 -3.79
      vertex -11.8107 18 -2.88251
    endloop
  endfacet
  facet normal 0 -1 0
    outer loop
      vertex -11.8107 18 -2.88251
      vertex -11.75 18 -3.79
      vertex -11.7988 18 -2.8852
    endloop
  endfacet
  facet normal 0 -1 0
    outer loop
      vertex -11.7988 18 -2.8852
      vertex -11.75 18 -3.79
      vertex -11.7867 18 -2.88729
    endloop
  endfacet
  facet normal 0 -1 0
    outer loop
      vertex -31.75 18 -3.79
      vertex -52.705 18 -2.78
      vertex -48.25 18 -3.79
    endloop
  endfacet
  facet normal 0 -1 0
    outer loop
      vertex -48.25 18 -3.79
      vertex -52.705 18 -2.78
      vertex -51.75 18 -3.79
    endloop
  endfacet
  facet normal 0 -1 0
    outer loop
      vertex -52.705 18 -6.4
      vertex -51.75 18 -3.79
      vertex -52.705 18 -2.78
    endloop
  endfacet
  facet normal 0 -1 -0
    outer loop
      vertex -51.75 18 -3.79
      vertex -52.705 18 -6.4
      vertex -51.75 18 -6.4
    endloop
  endfacet
  facet normal 0 -1 0
    outer loop
      vertex 11.75 18 -3.79
      vertex 11.9752 18 -2.78
      vertex 11.9086 18 -2.83325
    endloop
  endfacet
  facet normal 0 -1 0
    outer loop
      vertex 11.75 18 -3.79
      vertex 11.9086 18 -2.83325
      vertex 11.8989 18 -2.8408
    endloop
  endfacet
  facet normal 0 -1 0
    outer loop
      vertex 11.75 18 -3.79
      vertex 11.8989 18 -2.8408
      vertex 11.8889 18 -2.84787
    endloop
  endfacet
  facet normal 0 -1 0
    outer loop
      vertex 11.75 18 -3.79
      vertex 11.8889 18 -2.84787
      vertex 11.8785 18 -2.85443
    endloop
  endfacet
  facet normal 0 -1 0
    outer loop
      vertex 11.75 18 -3.79
      vertex 11.8785 18 -2.85443
      vertex 11.8678 18 -2.86048
    endloop
  endfacet
  facet normal 0 -1 0
    outer loop
      vertex 11.75 18 -3.79
      vertex 11.8678 18 -2.86048
      vertex 11.8569 18 -2.866
    endloop
  endfacet
  facet normal 0 -1 0
    outer loop
      vertex 11.75 18 -3.79
      vertex 11.8569 18 -2.866
      vertex 11.8457 18 -2.87097
    endloop
  endfacet
  facet normal 0 -1 0
    outer loop
      vertex 11.75 18 -3.79
      vertex 11.8457 18 -2.87097
      vertex 11.8342 18 -2.87539
    endloop
  endfacet
  facet normal 0 -1 0
    outer loop
      vertex 11.75 18 -3.79
      vertex 11.8342 18 -2.87539
      vertex 11.8226 18 -2.87924
    endloop
  endfacet
  facet normal 0 -1 0
    outer loop
      vertex 11.75 18 -3.79
      vertex 11.8226 18 -2.87924
      vertex 11.8107 18 -2.88251
    endloop
  endfacet
  facet normal 0 -1 0
    outer loop
      vertex 11.75 18 -3.79
      vertex 11.8107 18 -2.88251
      vertex 11.7988 18 -2.8852
    endloop
  endfacet
  facet normal 0 -1 0
    outer loop
      vertex 11.75 18 -3.79
      vertex 11.7988 18 -2.8852
      vertex 11.7867 18 -2.88729
    endloop
  endfacet
  facet normal 0 -1 0
    outer loop
      vertex 11.75 18 -3.79
      vertex 11.7867 18 -2.88729
      vertex 11.7745 18 -2.8888
    endloop
  endfacet
  facet normal 0 -1 0
    outer loop
      vertex 11.75 18 -3.79
      vertex 11.7745 18 -2.8888
      vertex 11.7623 18 -2.8897
    endloop
  endfacet
  facet normal 0 -1 0
    outer loop
      vertex 11.75 18 -3.79
      vertex 11.7623 18 -2.8897
      vertex 11.75 18 -2.89
    endloop
  endfacet
  facet normal 0 -1 0
    outer loop
      vertex -11.7867 18 -2.88729
      vertex -11.75 18 -3.79
      vertex -11.7745 18 -2.8888
    endloop
  endfacet
  facet normal 0 -1 0
    outer loop
      vertex -11.7745 18 -2.8888
      vertex -11.75 18 -3.79
      vertex -11.7623 18 -2.8897
    endloop
  endfacet
  facet normal 0 -1 0
    outer loop
      vertex -11.7623 18 -2.8897
      vertex -11.75 18 -3.79
      vertex -11.75 18 -2.89
    endloop
  endfacet
  facet normal 0 -1 0
    outer loop
      vertex -8.25 18 -3.79
      vertex -11.75 18 -2.89
      vertex -11.75 18 -3.79
    endloop
  endfacet
  facet normal 0 -1 0
    outer loop
      vertex -11.75 18 -2.89
      vertex -8.25 18 -3.79
      vertex 11.75 18 -2.89
    endloop
  endfacet
  facet normal 0 -1 0
    outer loop
      vertex 8.25 18 -3.79
      vertex 11.75 18 -2.89
      vertex -8.25 18 -3.79
    endloop
  endfacet
  facet normal 0 -1 0
    outer loop
      vertex 11.75 18 -3.79
      vertex 11.75 18 -2.89
      vertex 8.25 18 -3.79
    endloop
  endfacet
  facet normal 0 -1 -0
    outer loop
      vertex 11.9752 18 -2.78
      vertex 11.75 18 -3.79
      vertex 28.25 18 -3.79
    endloop
  endfacet
  facet normal 0 -1 0
    outer loop
      vertex 11.9752 18 -2.78
      vertex 28.25 18 -3.79
      vertex 31.75 18 -3.79
    endloop
  endfacet
  facet normal 0 -1 0
    outer loop
      vertex 11.9752 18 -2.78
      vertex 31.75 18 -3.79
      vertex 52.705 18 -2.78
    endloop
  endfacet
  facet normal 0 -1 0
    outer loop
      vertex 48.25 18 -3.79
      vertex 52.705 18 -2.78
      vertex 31.75 18 -3.79
    endloop
  endfacet
  facet normal 0 -1 0
    outer loop
      vertex 51.75 18 -3.79
      vertex 52.705 18 -2.78
      vertex 48.25 18 -3.79
    endloop
  endfacet
  facet normal 0 -1 0
    outer loop
      vertex 52.705 18 -6.4
      vertex 51.75 18 -3.79
      vertex 51.75 18 -6.4
    endloop
  endfacet
  facet normal 0 -1 0
    outer loop
      vertex 51.75 18 -3.79
      vertex 52.705 18 -6.4
      vertex 52.705 18 -2.78
    endloop
  endfacet
  facet normal 0 -0.650791 0.759257
    outer loop
      vertex 8.25 18 -3.79
      vertex 11.75 14.955 -6.4
      vertex 11.75 18 -3.79
    endloop
  endfacet
  facet normal 0 -0.650791 0.759257
    outer loop
      vertex 11.75 14.955 -6.4
      vertex 8.25 18 -3.79
      vertex 8.25 14.955 -6.4
    endloop
  endfacet
  facet normal 1 0 0
    outer loop
      vertex 11.75 18 -3.79
      vertex 11.75 14.955 -6.4
      vertex 11.75 18 -6.4
    endloop
  endfacet
  facet normal -1 0 0
    outer loop
      vertex 28.25 18 -6.4
      vertex 28.25 14.955 -6.4
      vertex 28.25 18 -3.79
    endloop
  endfacet
  facet normal 0 -0.650791 0.759257
    outer loop
      vertex 28.25 18 -3.79
      vertex 31.75 14.955 -6.4
      vertex 31.75 18 -3.79
    endloop
  endfacet
  facet normal 0 -0.650791 0.759257
    outer loop
      vertex 31.75 14.955 -6.4
      vertex 28.25 18 -3.79
      vertex 28.25 14.955 -6.4
    endloop
  endfacet
  facet normal 1 0 0
    outer loop
      vertex 31.75 18 -3.79
      vertex 31.75 14.955 -6.4
      vertex 31.75 18 -6.4
    endloop
  endfacet
  facet normal -1 0 0
    outer loop
      vertex 48.25 18 -6.4
      vertex 48.25 14.955 -6.4
      vertex 48.25 18 -3.79
    endloop
  endfacet
  facet normal 0 -0.650791 0.759257
    outer loop
      vertex 48.25 18 -3.79
      vertex 51.75 14.955 -6.4
      vertex 51.75 18 -3.79
    endloop
  endfacet
  facet normal 0 -0.650791 0.759257
    outer loop
      vertex 51.75 14.955 -6.4
      vertex 48.25 18 -3.79
      vertex 48.25 14.955 -6.4
    endloop
  endfacet
  facet normal 1 0 0
    outer loop
      vertex 51.75 18 -3.79
      vertex 51.75 14.955 -6.4
      vertex 51.75 18 -6.4
    endloop
  endfacet
  facet normal 1 0 -0
    outer loop
      vertex -8.25 18 -6.4
      vertex -8.25 18 -3.79
      vertex -8.25 14.955 -6.4
    endloop
  endfacet
  facet normal 0 -0.650791 0.759257
    outer loop
      vertex -11.75 18 -3.79
      vertex -8.25 14.955 -6.4
      vertex -8.25 18 -3.79
    endloop
  endfacet
  facet normal 0 -0.650791 0.759257
    outer loop
      vertex -8.25 14.955 -6.4
      vertex -11.75 18 -3.79
      vertex -11.75 14.955 -6.4
    endloop
  endfacet
  facet normal -1 0 -0
    outer loop
      vertex -11.75 18 -3.79
      vertex -11.75 18 -6.4
      vertex -11.75 14.955 -6.4
    endloop
  endfacet
  facet normal 1 0 -0
    outer loop
      vertex -28.25 18 -6.4
      vertex -28.25 18 -3.79
      vertex -28.25 14.955 -6.4
    endloop
  endfacet
  facet normal 0 -0.650791 0.759257
    outer loop
      vertex -31.75 18 -3.79
      vertex -28.25 14.955 -6.4
      vertex -28.25 18 -3.79
    endloop
  endfacet
  facet normal 0 -0.650791 0.759257
    outer loop
      vertex -28.25 14.955 -6.4
      vertex -31.75 18 -3.79
      vertex -31.75 14.955 -6.4
    endloop
  endfacet
  facet normal -1 0 -0
    outer loop
      vertex -31.75 18 -3.79
      vertex -31.75 18 -6.4
      vertex -31.75 14.955 -6.4
    endloop
  endfacet
  facet normal 1 0 -0
    outer loop
      vertex -48.25 18 -6.4
      vertex -48.25 18 -3.79
      vertex -48.25 14.955 -6.4
    endloop
  endfacet
  facet normal 0 -0.650791 0.759257
    outer loop
      vertex -51.75 18 -3.79
      vertex -48.25 14.955 -6.4
      vertex -48.25 18 -3.79
    endloop
  endfacet
  facet normal 0 -0.650791 0.759257
    outer loop
      vertex -48.25 14.955 -6.4
      vertex -51.75 18 -3.79
      vertex -51.75 14.955 -6.4
    endloop
  endfacet
  facet normal -1 0 -0
    outer loop
      vertex -51.75 18 -3.79
      vertex -51.75 18 -6.4
      vertex -51.75 14.955 -6.4
    endloop
  endfacet
  facet normal 0 0 -1
    outer loop
      vertex -12 -18 -2.78
      vertex -52.705 -18 -2.78
      vertex -12 -17.8 -2.78
    endloop
  endfacet
  facet normal 0 0 -1
    outer loop
      vertex -12 -17.8 -2.78
      vertex -11.9752 18 -2.78
      vertex -11.9752 -17.8 -2.78
    endloop
  endfacet
  facet normal 0 0 -1
    outer loop
      vertex -52.705 -18 -2.78
      vertex -11.9752 18 -2.78
      vertex -12 -17.8 -2.78
    endloop
  endfacet
  facet normal -0 0 -1
    outer loop
      vertex -11.9752 18 -2.78
      vertex -52.705 -18 -2.78
      vertex -52.705 18 -2.78
    endloop
  endfacet
  facet normal 0 0 -1
    outer loop
      vertex 12 -17.8 -2.78
      vertex 52.705 -18 -2.78
      vertex 12 -18 -2.78
    endloop
  endfacet
  facet normal 0 0 -1
    outer loop
      vertex 52.705 -18 -2.78
      vertex 12 -17.8 -2.78
      vertex 52.705 18 -2.78
    endloop
  endfacet
  facet normal 0 0 -1
    outer loop
      vertex 11.9752 18 -2.78
      vertex 12 -17.8 -2.78
      vertex 11.9752 -17.8 -2.78
    endloop
  endfacet
  facet normal 0 0 -1
    outer loop
      vertex 12 -17.8 -2.78
      vertex 11.9752 18 -2.78
      vertex 52.705 18 -2.78
    endloop
  endfacet
  facet normal 0 1 -0
    outer loop
      vertex -12 -18 -6.4
      vertex -52.705 -18 -2.78
      vertex -12 -18 -2.78
    endloop
  endfacet
  facet normal 0 1 0
    outer loop
      vertex -52.705 -18 -2.78
      vertex -12 -18 -6.4
      vertex -52.705 -18 -6.4
    endloop
  endfacet
  facet normal 0 1 -0
    outer loop
      vertex 52.705 -18 -6.4
      vertex 12 -18 -2.78
      vertex 52.705 -18 -2.78
    endloop
  endfacet
  facet normal 0 1 0
    outer loop
      vertex 12 -18 -2.78
      vertex 52.705 -18 -6.4
      vertex 12 -18 -6.4
    endloop
  endfacet
  facet normal -0.624695 0 -0.780869
    outer loop
      vertex -13.0336 -45.0625 -1.54325
      vertex -11.7836 17.8625 -2.54325
      vertex -11.7836 -45.0625 -2.54325
    endloop
  endfacet
  facet normal -0.624695 0 -0.780869
    outer loop
      vertex -11.7836 17.8625 -2.54325
      vertex -13.0336 -45.0625 -1.54325
      vertex -13.0336 17.8625 -1.54325
    endloop
  endfacet
  facet normal 0.220331 1.58712e-21 0.975425
    outer loop
      vertex 11.6738 17.8625 0.395195
      vertex 11.6857 -45.0625 0.392507
      vertex 11.6857 17.8625 0.392507
    endloop
  endfacet
  facet normal 0.220331 1.58712e-21 0.975425
    outer loop
      vertex 11.6857 -45.0625 0.392507
      vertex 11.6738 17.8625 0.395195
      vertex 11.6738 -45.0625 0.395195
    endloop
  endfacet
  facet normal 0.122833 1.17945e-21 -0.992427
    outer loop
      vertex 11.6495 -45.0625 -2.5988
      vertex 11.6617 17.8625 -2.59729
      vertex 11.6617 -45.0625 -2.59729
    endloop
  endfacet
  facet normal 0.122833 1.17945e-21 -0.992427
    outer loop
      vertex 11.6617 17.8625 -2.59729
      vertex 11.6495 -45.0625 -2.5988
      vertex 11.6495 17.8625 -2.5988
    endloop
  endfacet
  facet normal -0.624695 0 0.780869
    outer loop
      vertex -13.0336 17.8625 -0.656747
      vertex -11.7836 -45.0625 0.343253
      vertex -11.7836 17.8625 0.343253
    endloop
  endfacet
  facet normal -0.624695 0 0.780869
    outer loop
      vertex -11.7836 -45.0625 0.343253
      vertex -13.0336 17.8625 -0.656747
      vertex -13.0336 -45.0625 -0.656747
    endloop
  endfacet
  facet normal -0.0735706 -2.39886e-22 -0.99729
    outer loop
      vertex -11.6495 -45.0625 -2.5988
      vertex -11.6373 17.8625 -2.5997
      vertex -11.6373 -45.0625 -2.5997
    endloop
  endfacet
  facet normal -0.0735706 -2.39886e-22 -0.99729
    outer loop
      vertex -11.6373 17.8625 -2.5997
      vertex -11.6495 -45.0625 -2.5988
      vertex -11.6495 17.8625 -2.5988
    endloop
  endfacet
  facet normal 0.753802 -0 0.657102
    outer loop
      vertex 13.0602 -45.0625 -0.68211
      vertex 13.0683 17.8625 -0.691402
      vertex 13.0602 17.8625 -0.68211
    endloop
  endfacet
  facet normal 0.753802 0 0.657102
    outer loop
      vertex 13.0683 17.8625 -0.691402
      vertex 13.0602 -45.0625 -0.68211
      vertex 13.0683 -45.0625 -0.691402
    endloop
  endfacet
  facet normal 0.652601 -5.46711e-21 -0.757702
    outer loop
      vertex 13.0336 -45.0625 -1.54325
      vertex 13.0429 17.8625 -1.53524
      vertex 13.0429 -45.0625 -1.53524
    endloop
  endfacet
  facet normal 0.652601 -5.46711e-21 -0.757702
    outer loop
      vertex 13.0429 17.8625 -1.53524
      vertex 13.0336 -45.0625 -1.54325
      vertex 13.0336 17.8625 -1.54325
    endloop
  endfacet
  facet normal 0.492191 -4.53193e-21 -0.870487
    outer loop
      vertex 11.7428 -45.0625 -2.57048
      vertex 11.7535 17.8625 -2.56443
      vertex 11.7535 -45.0625 -2.56443
    endloop
  endfacet
  facet normal 0.492191 -4.53193e-21 -0.870487
    outer loop
      vertex 11.7535 17.8625 -2.56443
      vertex 11.7428 -45.0625 -2.57048
      vertex 11.7428 17.8625 -2.57048
    endloop
  endfacet
  facet normal -0.170207 -1.81314e-21 -0.985408
    outer loop
      vertex -11.6738 -45.0625 -2.5952
      vertex -11.6617 17.8625 -2.59729
      vertex -11.6617 -45.0625 -2.59729
    endloop
  endfacet
  facet normal -0.170207 -1.81314e-21 -0.985408
    outer loop
      vertex -11.6617 17.8625 -2.59729
      vertex -11.6738 -45.0625 -2.5952
      vertex -11.6738 17.8625 -2.5952
    endloop
  endfacet
  facet normal 0.992502 0 -0.122229
    outer loop
      vertex 13.1238 -45.0625 -1.3745
      vertex 13.1223 17.8625 -1.38668
      vertex 13.1238 17.8625 -1.3745
    endloop
  endfacet
  facet normal 0.992502 0 -0.122229
    outer loop
      vertex 13.1223 17.8625 -1.38668
      vertex 13.1238 -45.0625 -1.3745
      vertex 13.1223 -45.0625 -1.38668
    endloop
  endfacet
  facet normal -0.0244642 -2.27349e-22 0.999701
    outer loop
      vertex -11.6373 17.8625 0.399699
      vertex -11.625 -45.0625 0.4
      vertex -11.625 17.8625 0.4
    endloop
  endfacet
  facet normal -0.0244642 -2.27349e-22 0.999701
    outer loop
      vertex -11.625 -45.0625 0.4
      vertex -11.6373 17.8625 0.399699
      vertex -11.6373 -45.0625 0.399699
    endloop
  endfacet
  facet normal 0.024383 2.45033e-22 -0.999703
    outer loop
      vertex 11.625 -45.0625 -2.6
      vertex 11.6373 17.8625 -2.5997
      vertex 11.6373 -45.0625 -2.5997
    endloop
  endfacet
  facet normal 0.024383 2.45033e-22 -0.999703
    outer loop
      vertex 11.6373 17.8625 -2.5997
      vertex 11.625 -45.0625 -2.6
      vertex 11.625 17.8625 -2.6
    endloop
  endfacet
  facet normal -0.963208 0 0.268757
    outer loop
      vertex -13.1175 -45.0625 -0.789256
      vertex -13.1142 17.8625 -0.777429
      vertex -13.1175 17.8625 -0.789256
    endloop
  endfacet
  facet normal -0.963208 0 0.268757
    outer loop
      vertex -13.1142 17.8625 -0.777429
      vertex -13.1175 -45.0625 -0.789256
      vertex -13.1142 -45.0625 -0.777429
    endloop
  endfacet
  facet normal 0.624695 0 -0.780869
    outer loop
      vertex 11.7836 -45.0625 -2.54325
      vertex 13.0336 17.8625 -1.54325
      vertex 13.0336 -45.0625 -1.54325
    endloop
  endfacet
  facet normal 0.624695 0 -0.780869
    outer loop
      vertex 13.0336 17.8625 -1.54325
      vertex 11.7836 -45.0625 -2.54325
      vertex 11.7836 17.8625 -2.54325
    endloop
  endfacet
  facet normal 0.170839 -4.8114e-22 0.985299
    outer loop
      vertex 11.6617 17.8625 0.397293
      vertex 11.6738 -45.0625 0.395195
      vertex 11.6738 17.8625 0.395195
    endloop
  endfacet
  facet normal 0.170839 -4.8114e-22 0.985299
    outer loop
      vertex 11.6738 -45.0625 0.395195
      vertex 11.6617 17.8625 0.397293
      vertex 11.6617 -45.0625 0.397293
    endloop
  endfacet
  facet normal -0.451596 5.58109e-22 0.892223
    outer loop
      vertex -11.7428 17.8625 0.37048
      vertex -11.7319 -45.0625 0.375997
      vertex -11.7319 17.8625 0.375997
    endloop
  endfacet
  facet normal -0.451596 5.58109e-22 0.892223
    outer loop
      vertex -11.7319 -45.0625 0.375997
      vertex -11.7428 17.8625 0.37048
      vertex -11.7428 -45.0625 0.37048
    endloop
  endfacet
  facet normal 0.614222 -3.09768e-21 -0.789133
    outer loop
      vertex 11.7739 -45.0625 -2.5508
      vertex 11.7836 17.8625 -2.54325
      vertex 11.7836 -45.0625 -2.54325
    endloop
  endfacet
  facet normal 0.614222 -3.09768e-21 -0.789133
    outer loop
      vertex 11.7836 17.8625 -2.54325
      vertex 11.7739 -45.0625 -2.5508
      vertex 11.7739 17.8625 -2.5508
    endloop
  endfacet
  facet normal -0.024383 -2.45033e-22 -0.999703
    outer loop
      vertex -11.6373 -45.0625 -2.5997
      vertex -11.625 17.8625 -2.6
      vertex -11.625 -45.0625 -2.6
    endloop
  endfacet
  facet normal -0.024383 -2.45033e-22 -0.999703
    outer loop
      vertex -11.625 17.8625 -2.6
      vertex -11.6373 -45.0625 -2.5997
      vertex -11.6373 17.8625 -2.5997
    endloop
  endfacet
  facet normal -0.492191 4.53193e-21 -0.870487
    outer loop
      vertex -11.7535 -45.0625 -2.56443
      vertex -11.7428 17.8625 -2.57048
      vertex -11.7428 -45.0625 -2.57048
    endloop
  endfacet
  facet normal -0.492191 4.53193e-21 -0.870487
    outer loop
      vertex -11.7428 17.8625 -2.57048
      vertex -11.7535 -45.0625 -2.56443
      vertex -11.7535 17.8625 -2.56443
    endloop
  endfacet
  facet normal -0.451791 -7.93142e-22 -0.892124
    outer loop
      vertex -11.7428 -45.0625 -2.57048
      vertex -11.7319 17.8625 -2.576
      vertex -11.7319 -45.0625 -2.576
    endloop
  endfacet
  facet normal -0.451791 -7.93142e-22 -0.892124
    outer loop
      vertex -11.7319 17.8625 -2.576
      vertex -11.7428 -45.0625 -2.57048
      vertex -11.7428 17.8625 -2.57048
    endloop
  endfacet
  facet normal -0.405608 -1.3026e-21 -0.914047
    outer loop
      vertex -11.7319 -45.0625 -2.576
      vertex -11.7207 17.8625 -2.58097
      vertex -11.7207 -45.0625 -2.58097
    endloop
  endfacet
  facet normal -0.405608 -1.3026e-21 -0.914047
    outer loop
      vertex -11.7207 17.8625 -2.58097
      vertex -11.7319 -45.0625 -2.576
      vertex -11.7319 17.8625 -2.576
    endloop
  endfacet
  facet normal 0.79031 -0 0.612707
    outer loop
      vertex 13.0683 -45.0625 -0.691402
      vertex 13.0758 17.8625 -0.701076
      vertex 13.0683 17.8625 -0.691402
    endloop
  endfacet
  facet normal 0.79031 0 0.612707
    outer loop
      vertex 13.0758 17.8625 -0.701076
      vertex 13.0683 -45.0625 -0.691402
      vertex 13.0758 -45.0625 -0.701076
    endloop
  endfacet
  facet normal -0.79031 0 0.612707
    outer loop
      vertex -13.0758 -45.0625 -0.701076
      vertex -13.0683 17.8625 -0.691402
      vertex -13.0758 17.8625 -0.701076
    endloop
  endfacet
  facet normal -0.79031 0 0.612707
    outer loop
      vertex -13.0683 17.8625 -0.691402
      vertex -13.0758 -45.0625 -0.701076
      vertex -13.0683 -45.0625 -0.691402
    endloop
  endfacet
  facet normal 0.790494 0 -0.61247
    outer loop
      vertex 13.0758 -45.0625 -1.49892
      vertex 13.0683 17.8625 -1.5086
      vertex 13.0758 17.8625 -1.49892
    endloop
  endfacet
  facet normal 0.790494 0 -0.61247
    outer loop
      vertex 13.0683 17.8625 -1.5086
      vertex 13.0758 -45.0625 -1.49892
      vertex 13.0683 -45.0625 -1.5086
    endloop
  endfacet
  facet normal 0.533503 -2.67431e-21 -0.845798
    outer loop
      vertex 11.7535 -45.0625 -2.56443
      vertex 11.7639 17.8625 -2.55787
      vertex 11.7639 -45.0625 -2.55787
    endloop
  endfacet
  facet normal 0.533503 -2.67431e-21 -0.845798
    outer loop
      vertex 11.7639 17.8625 -2.55787
      vertex 11.7535 -45.0625 -2.56443
      vertex 11.7535 17.8625 -2.56443
    endloop
  endfacet
  facet normal -0.614172 -3.27763e-21 0.789173
    outer loop
      vertex -11.7836 17.8625 0.343253
      vertex -11.7739 -45.0625 0.350802
      vertex -11.7739 17.8625 0.350802
    endloop
  endfacet
  facet normal -0.614172 -3.27763e-21 0.789173
    outer loop
      vertex -11.7739 -45.0625 0.350802
      vertex -11.7836 17.8625 0.343253
      vertex -11.7836 -45.0625 0.343253
    endloop
  endfacet
  facet normal -0.816255 0 0.577692
    outer loop
      vertex -13.0829 -45.0625 -0.711108
      vertex -13.0758 17.8625 -0.701076
      vertex -13.0829 17.8625 -0.711108
    endloop
  endfacet
  facet normal -0.816255 0 0.577692
    outer loop
      vertex -13.0758 17.8625 -0.701076
      vertex -13.0829 -45.0625 -0.711108
      vertex -13.0758 -45.0625 -0.701076
    endloop
  endfacet
  facet normal -0.753802 0 0.657102
    outer loop
      vertex -13.0683 -45.0625 -0.691402
      vertex -13.0602 17.8625 -0.68211
      vertex -13.0683 17.8625 -0.691402
    endloop
  endfacet
  facet normal -0.753802 0 0.657102
    outer loop
      vertex -13.0602 17.8625 -0.68211
      vertex -13.0683 -45.0625 -0.691402
      vertex -13.0602 -45.0625 -0.68211
    endloop
  endfacet
  facet normal -0.122833 -1.17945e-21 -0.992427
    outer loop
      vertex -11.6617 -45.0625 -2.59729
      vertex -11.6495 17.8625 -2.5988
      vertex -11.6495 -45.0625 -2.5988
    endloop
  endfacet
  facet normal -0.122833 -1.17945e-21 -0.992427
    outer loop
      vertex -11.6495 17.8625 -2.5988
      vertex -11.6617 -45.0625 -2.59729
      vertex -11.6617 17.8625 -2.59729
    endloop
  endfacet
  facet normal 1 -0 0
    outer loop
      vertex 13.125 -45.0625 -0.85
      vertex 13.125 17.8625 -1.35
      vertex 13.125 17.8625 -0.85
    endloop
  endfacet
  facet normal 1 0 0
    outer loop
      vertex 13.125 17.8625 -1.35
      vertex 13.125 -45.0625 -0.85
      vertex 13.125 -45.0625 -1.35
    endloop
  endfacet
  facet normal -0.8162 0 -0.577769
    outer loop
      vertex -13.0758 -45.0625 -1.49892
      vertex -13.0829 17.8625 -1.48889
      vertex -13.0758 17.8625 -1.49892
    endloop
  endfacet
  facet normal -0.8162 -0 -0.577769
    outer loop
      vertex -13.0829 17.8625 -1.48889
      vertex -13.0758 -45.0625 -1.49892
      vertex -13.0829 -45.0625 -1.48889
    endloop
  endfacet
  facet normal 0.577292 -8.46751e-21 -0.816538
    outer loop
      vertex 11.7639 -45.0625 -2.55787
      vertex 11.7739 17.8625 -2.5508
      vertex 11.7739 -45.0625 -2.5508
    endloop
  endfacet
  facet normal 0.577292 -8.46751e-21 -0.816538
    outer loop
      vertex 11.7739 17.8625 -2.5508
      vertex 11.7639 -45.0625 -2.55787
      vertex 11.7639 17.8625 -2.55787
    endloop
  endfacet
  facet normal -0.265119 -8.73526e-22 0.964216
    outer loop
      vertex -11.6976 17.8625 0.389235
      vertex -11.6857 -45.0625 0.392507
      vertex -11.6857 17.8625 0.392507
    endloop
  endfacet
  facet normal -0.265119 -8.73526e-22 0.964216
    outer loop
      vertex -11.6857 -45.0625 0.392507
      vertex -11.6976 17.8625 0.389235
      vertex -11.6976 -45.0625 0.389235
    endloop
  endfacet
  facet normal 0.992499 -0 0.122249
    outer loop
      vertex 13.1223 -45.0625 -0.813318
      vertex 13.1238 17.8625 -0.825496
      vertex 13.1223 17.8625 -0.813318
    endloop
  endfacet
  facet normal 0.992499 0 0.122249
    outer loop
      vertex 13.1238 17.8625 -0.825496
      vertex 13.1223 -45.0625 -0.813318
      vertex 13.1238 -45.0625 -0.825496
    endloop
  endfacet
  facet normal 0.314263 -1.22277e-21 -0.949336
    outer loop
      vertex 11.6976 -45.0625 -2.58923
      vertex 11.7092 17.8625 -2.58539
      vertex 11.7092 -45.0625 -2.58539
    endloop
  endfacet
  facet normal 0.314263 -1.22277e-21 -0.949336
    outer loop
      vertex 11.7092 17.8625 -2.58539
      vertex 11.6976 -45.0625 -2.58923
      vertex 11.6976 17.8625 -2.58923
    endloop
  endfacet
  facet normal -0.314927 2.8204e-21 0.949116
    outer loop
      vertex -11.7092 17.8625 0.385386
      vertex -11.6976 -45.0625 0.389235
      vertex -11.6976 17.8625 0.389235
    endloop
  endfacet
  facet normal -0.314927 2.8204e-21 0.949116
    outer loop
      vertex -11.6976 -45.0625 0.389235
      vertex -11.7092 17.8625 0.385386
      vertex -11.7092 -45.0625 0.385386
    endloop
  endfacet
  facet normal -0.999701 0 0.0244505
    outer loop
      vertex -13.125 -45.0625 -0.85
      vertex -13.1247 17.8625 -0.837734
      vertex -13.125 17.8625 -0.85
    endloop
  endfacet
  facet normal -0.999701 0 0.0244505
    outer loop
      vertex -13.1247 17.8625 -0.837734
      vertex -13.125 -45.0625 -0.85
      vertex -13.1247 -45.0625 -0.837734
    endloop
  endfacet
  facet normal -0.992499 0 0.122249
    outer loop
      vertex -13.1238 -45.0625 -0.825496
      vertex -13.1223 17.8625 -0.813318
      vertex -13.1238 17.8625 -0.825496
    endloop
  endfacet
  facet normal -0.992499 0 0.122249
    outer loop
      vertex -13.1223 17.8625 -0.813318
      vertex -13.1238 -45.0625 -0.825496
      vertex -13.1223 -45.0625 -0.813318
    endloop
  endfacet
  facet normal 0.950704 0 -0.310101
    outer loop
      vertex 13.1142 -45.0625 -1.42257
      vertex 13.1104 17.8625 -1.43422
      vertex 13.1142 17.8625 -1.42257
    endloop
  endfacet
  facet normal 0.950704 0 -0.310101
    outer loop
      vertex 13.1104 17.8625 -1.43422
      vertex 13.1142 -45.0625 -1.42257
      vertex 13.1104 -45.0625 -1.43422
    endloop
  endfacet
  facet normal -0.533503 2.67431e-21 -0.845798
    outer loop
      vertex -11.7639 -45.0625 -2.55787
      vertex -11.7535 17.8625 -2.56443
      vertex -11.7535 -45.0625 -2.56443
    endloop
  endfacet
  facet normal -0.533503 2.67431e-21 -0.845798
    outer loop
      vertex -11.7535 17.8625 -2.56443
      vertex -11.7639 -45.0625 -2.55787
      vertex -11.7639 17.8625 -2.55787
    endloop
  endfacet
  facet normal -0.0738145 -3.8541e-22 0.997272
    outer loop
      vertex -11.6495 17.8625 0.398796
      vertex -11.6373 -45.0625 0.399699
      vertex -11.6373 17.8625 0.399699
    endloop
  endfacet
  facet normal -0.0738145 -3.8541e-22 0.997272
    outer loop
      vertex -11.6373 -45.0625 0.399699
      vertex -11.6495 17.8625 0.398796
      vertex -11.6495 -45.0625 0.398796
    endloop
  endfacet
  facet normal 0.847309 0 -0.5311
    outer loop
      vertex 13.0894 -45.0625 -1.47852
      vertex 13.0829 17.8625 -1.48889
      vertex 13.0894 17.8625 -1.47852
    endloop
  endfacet
  facet normal 0.847309 0 -0.5311
    outer loop
      vertex 13.0829 17.8625 -1.48889
      vertex 13.0894 -45.0625 -1.47852
      vertex 13.0829 -45.0625 -1.48889
    endloop
  endfacet
  facet normal -0.950712 0 0.310077
    outer loop
      vertex -13.1142 -45.0625 -0.777429
      vertex -13.1104 17.8625 -0.765778
      vertex -13.1142 17.8625 -0.777429
    endloop
  endfacet
  facet normal -0.950712 0 0.310077
    outer loop
      vertex -13.1104 17.8625 -0.765778
      vertex -13.1142 -45.0625 -0.777429
      vertex -13.1104 -45.0625 -0.765778
    endloop
  endfacet
  facet normal -0.577292 8.46751e-21 -0.816538
    outer loop
      vertex -11.7739 -45.0625 -2.5508
      vertex -11.7639 17.8625 -2.55787
      vertex -11.7639 -45.0625 -2.55787
    endloop
  endfacet
  facet normal -0.577292 8.46751e-21 -0.816538
    outer loop
      vertex -11.7639 17.8625 -2.55787
      vertex -11.7739 -45.0625 -2.5508
      vertex -11.7739 17.8625 -2.5508
    endloop
  endfacet
  facet normal -0.868143 0 -0.496314
    outer loop
      vertex -13.0894 -45.0625 -1.47852
      vertex -13.0955 17.8625 -1.46785
      vertex -13.0894 17.8625 -1.47852
    endloop
  endfacet
  facet normal -0.868143 -0 -0.496314
    outer loop
      vertex -13.0955 17.8625 -1.46785
      vertex -13.0894 -45.0625 -1.47852
      vertex -13.0955 -45.0625 -1.46785
    endloop
  endfacet
  facet normal -0.265721 -3.79981e-21 -0.96405
    outer loop
      vertex -11.6976 -45.0625 -2.58923
      vertex -11.6857 17.8625 -2.59251
      vertex -11.6857 -45.0625 -2.59251
    endloop
  endfacet
  facet normal -0.265721 -3.79981e-21 -0.96405
    outer loop
      vertex -11.6857 17.8625 -2.59251
      vertex -11.6976 -45.0625 -2.58923
      vertex -11.6976 17.8625 -2.58923
    endloop
  endfacet
  facet normal 0.985248 -0 0.171135
    outer loop
      vertex 13.1202 -45.0625 -0.801228
      vertex 13.1223 17.8625 -0.813318
      vertex 13.1202 17.8625 -0.801228
    endloop
  endfacet
  facet normal 0.985248 0 0.171135
    outer loop
      vertex 13.1223 17.8625 -0.813318
      vertex 13.1202 -45.0625 -0.801228
      vertex 13.1223 -45.0625 -0.813318
    endloop
  endfacet
  facet normal 0.492068 7.04744e-21 0.870557
    outer loop
      vertex 11.7428 17.8625 0.37048
      vertex 11.7535 -45.0625 0.364432
      vertex 11.7535 17.8625 0.364432
    endloop
  endfacet
  facet normal 0.492068 7.04744e-21 0.870557
    outer loop
      vertex 11.7535 -45.0625 0.364432
      vertex 11.7428 17.8625 0.37048
      vertex 11.7428 -45.0625 0.37048
    endloop
  endfacet
  facet normal -0.975492 0 -0.220036
    outer loop
      vertex -13.1175 -45.0625 -1.41074
      vertex -13.1202 17.8625 -1.39877
      vertex -13.1175 17.8625 -1.41074
    endloop
  endfacet
  facet normal -0.975492 -0 -0.220036
    outer loop
      vertex -13.1202 17.8625 -1.39877
      vertex -13.1175 -45.0625 -1.41074
      vertex -13.1202 -45.0625 -1.39877
    endloop
  endfacet
  facet normal -0.220487 -2.28083e-21 -0.97539
    outer loop
      vertex -11.6857 -45.0625 -2.59251
      vertex -11.6738 17.8625 -2.5952
      vertex -11.6738 -45.0625 -2.5952
    endloop
  endfacet
  facet normal -0.220487 -2.28083e-21 -0.97539
    outer loop
      vertex -11.6738 17.8625 -2.5952
      vertex -11.6857 -45.0625 -2.59251
      vertex -11.6857 17.8625 -2.59251
    endloop
  endfacet
  facet normal -0.84724 0 0.53121
    outer loop
      vertex -13.0894 -45.0625 -0.721475
      vertex -13.0829 17.8625 -0.711108
      vertex -13.0894 17.8625 -0.721475
    endloop
  endfacet
  facet normal -0.84724 0 0.53121
    outer loop
      vertex -13.0829 17.8625 -0.711108
      vertex -13.0894 -45.0625 -0.721475
      vertex -13.0829 -45.0625 -0.711108
    endloop
  endfacet
  facet normal 0.0244642 2.27349e-22 0.999701
    outer loop
      vertex 11.625 17.8625 0.4
      vertex 11.6373 -45.0625 0.399699
      vertex 11.6373 17.8625 0.399699
    endloop
  endfacet
  facet normal 0.0244642 2.27349e-22 0.999701
    outer loop
      vertex 11.6373 -45.0625 0.399699
      vertex 11.625 17.8625 0.4
      vertex 11.625 -45.0625 0.4
    endloop
  endfacet
  facet normal 0 0 1
    outer loop
      vertex -9.75 17.8625 0.4
      vertex -11.625 17.8625 0.4
      vertex -9.75 -7.1375 0.4
    endloop
  endfacet
  facet normal 0 0 1
    outer loop
      vertex 9.75 -7.1375 0.4
      vertex 11.625 17.8625 0.4
      vertex 9.75 17.8625 0.4
    endloop
  endfacet
  facet normal 0 0 1
    outer loop
      vertex 11.625 17.8625 0.4
      vertex 9.75 -7.1375 0.4
      vertex 11.625 -45.0625 0.4
    endloop
  endfacet
  facet normal -0 0 1
    outer loop
      vertex -9.75 -7.1375 0.4
      vertex 11.625 -45.0625 0.4
      vertex 9.75 -7.1375 0.4
    endloop
  endfacet
  facet normal 0 0 1
    outer loop
      vertex -9.75 -7.1375 0.4
      vertex -11.625 -45.0625 0.4
      vertex 11.625 -45.0625 0.4
    endloop
  endfacet
  facet normal 0 0 1
    outer loop
      vertex -11.625 -45.0625 0.4
      vertex -9.75 -7.1375 0.4
      vertex -11.625 17.8625 0.4
    endloop
  endfacet
  facet normal 0.451791 7.93142e-22 -0.892124
    outer loop
      vertex 11.7319 -45.0625 -2.576
      vertex 11.7428 17.8625 -2.57048
      vertex 11.7428 -45.0625 -2.57048
    endloop
  endfacet
  facet normal 0.451791 7.93142e-22 -0.892124
    outer loop
      vertex 11.7428 17.8625 -2.57048
      vertex 11.7319 -45.0625 -2.576
      vertex 11.7319 17.8625 -2.576
    endloop
  endfacet
  facet normal 0.999701 0 -0.0244426
    outer loop
      vertex 13.125 -45.0625 -1.35
      vertex 13.1247 17.8625 -1.36227
      vertex 13.125 17.8625 -1.35
    endloop
  endfacet
  facet normal 0.999701 0 -0.0244426
    outer loop
      vertex 13.1247 17.8625 -1.36227
      vertex 13.125 -45.0625 -1.35
      vertex 13.1247 -45.0625 -1.36227
    endloop
  endfacet
  facet normal 0.614172 3.27763e-21 0.789173
    outer loop
      vertex 11.7739 17.8625 0.350802
      vertex 11.7836 -45.0625 0.343253
      vertex 11.7836 17.8625 0.343253
    endloop
  endfacet
  facet normal 0.614172 3.27763e-21 0.789173
    outer loop
      vertex 11.7836 -45.0625 0.343253
      vertex 11.7739 17.8625 0.350802
      vertex 11.7739 -45.0625 0.350802
    endloop
  endfacet
  facet normal -0.614222 3.09768e-21 -0.789133
    outer loop
      vertex -11.7836 -45.0625 -2.54325
      vertex -11.7739 17.8625 -2.5508
      vertex -11.7739 -45.0625 -2.5508
    endloop
  endfacet
  facet normal -0.614222 3.09768e-21 -0.789133
    outer loop
      vertex -11.7739 17.8625 -2.5508
      vertex -11.7836 -45.0625 -2.54325
      vertex -11.7836 17.8625 -2.54325
    endloop
  endfacet
  facet normal -0.314263 1.22277e-21 -0.949336
    outer loop
      vertex -11.7092 -45.0625 -2.58539
      vertex -11.6976 17.8625 -2.58923
      vertex -11.6976 -45.0625 -2.58923
    endloop
  endfacet
  facet normal -0.314263 1.22277e-21 -0.949336
    outer loop
      vertex -11.6976 17.8625 -2.58923
      vertex -11.7092 -45.0625 -2.58539
      vertex -11.7092 17.8625 -2.58539
    endloop
  endfacet
  facet normal 0.913408 0 -0.407045
    outer loop
      vertex 13.106 -45.0625 -1.44567
      vertex 13.101 17.8625 -1.45689
      vertex 13.106 17.8625 -1.44567
    endloop
  endfacet
  facet normal 0.913408 0 -0.407045
    outer loop
      vertex 13.101 17.8625 -1.45689
      vertex 13.106 -45.0625 -1.44567
      vertex 13.101 -45.0625 -1.45689
    endloop
  endfacet
  facet normal -0.992502 0 -0.122229
    outer loop
      vertex -13.1223 -45.0625 -1.38668
      vertex -13.1238 17.8625 -1.3745
      vertex -13.1223 17.8625 -1.38668
    endloop
  endfacet
  facet normal -0.992502 -0 -0.122229
    outer loop
      vertex -13.1238 17.8625 -1.3745
      vertex -13.1223 -45.0625 -1.38668
      vertex -13.1238 -45.0625 -1.3745
    endloop
  endfacet
  facet normal 0.975492 0 -0.220036
    outer loop
      vertex 13.1202 -45.0625 -1.39877
      vertex 13.1175 17.8625 -1.41074
      vertex 13.1202 17.8625 -1.39877
    endloop
  endfacet
  facet normal 0.975492 0 -0.220036
    outer loop
      vertex 13.1175 17.8625 -1.41074
      vertex 13.1202 -45.0625 -1.39877
      vertex 13.1175 -45.0625 -1.41074
    endloop
  endfacet
  facet normal -0.492068 -7.04744e-21 0.870557
    outer loop
      vertex -11.7535 17.8625 0.364432
      vertex -11.7428 -45.0625 0.37048
      vertex -11.7428 17.8625 0.37048
    endloop
  endfacet
  facet normal -0.492068 -7.04744e-21 0.870557
    outer loop
      vertex -11.7428 -45.0625 0.37048
      vertex -11.7535 17.8625 0.364432
      vertex -11.7535 -45.0625 0.364432
    endloop
  endfacet
  facet normal 0.533794 7.15472e-22 0.845614
    outer loop
      vertex 11.7535 17.8625 0.364432
      vertex 11.7639 -45.0625 0.357867
      vertex 11.7639 17.8625 0.357867
    endloop
  endfacet
  facet normal 0.533794 7.15472e-22 0.845614
    outer loop
      vertex 11.7639 -45.0625 0.357867
      vertex 11.7535 17.8625 0.364432
      vertex 11.7535 -45.0625 0.364432
    endloop
  endfacet
  facet normal 0.624695 0 0.780869
    outer loop
      vertex 11.7836 17.8625 0.343253
      vertex 13.0336 -45.0625 -0.656747
      vertex 13.0336 17.8625 -0.656747
    endloop
  endfacet
  facet normal 0.624695 0 0.780869
    outer loop
      vertex 13.0336 -45.0625 -0.656747
      vertex 11.7836 17.8625 0.343253
      vertex 11.7836 -45.0625 0.343253
    endloop
  endfacet
  facet normal 0.84724 -0 0.53121
    outer loop
      vertex 13.0829 -45.0625 -0.711108
      vertex 13.0894 17.8625 -0.721475
      vertex 13.0829 17.8625 -0.711108
    endloop
  endfacet
  facet normal 0.84724 0 0.53121
    outer loop
      vertex 13.0894 17.8625 -0.721475
      vertex 13.0829 -45.0625 -0.711108
      vertex 13.0894 -45.0625 -0.721475
    endloop
  endfacet
  facet normal -0.122272 -1.57004e-21 0.992497
    outer loop
      vertex -11.6617 17.8625 0.397293
      vertex -11.6495 -45.0625 0.398796
      vertex -11.6495 17.8625 0.398796
    endloop
  endfacet
  facet normal -0.122272 -1.57004e-21 0.992497
    outer loop
      vertex -11.6495 -45.0625 0.398796
      vertex -11.6617 17.8625 0.397293
      vertex -11.6617 -45.0625 0.397293
    endloop
  endfacet
  facet normal 0.265119 8.73526e-22 0.964216
    outer loop
      vertex 11.6857 17.8625 0.392507
      vertex 11.6976 -45.0625 0.389235
      vertex 11.6976 17.8625 0.389235
    endloop
  endfacet
  facet normal 0.265119 8.73526e-22 0.964216
    outer loop
      vertex 11.6976 -45.0625 0.389235
      vertex 11.6857 17.8625 0.392507
      vertex 11.6857 -45.0625 0.392507
    endloop
  endfacet
  facet normal 0.451596 -5.58109e-22 0.892223
    outer loop
      vertex 11.7319 17.8625 0.375997
      vertex 11.7428 -45.0625 0.37048
      vertex 11.7428 17.8625 0.37048
    endloop
  endfacet
  facet normal 0.451596 -5.58109e-22 0.892223
    outer loop
      vertex 11.7428 -45.0625 0.37048
      vertex 11.7319 17.8625 0.375997
      vertex 11.7319 -45.0625 0.375997
    endloop
  endfacet
  facet normal -0.7267 0 0.686955
    outer loop
      vertex -13.0602 -45.0625 -0.68211
      vertex -13.0518 17.8625 -0.673224
      vertex -13.0602 17.8625 -0.68211
    endloop
  endfacet
  facet normal -0.7267 0 0.686955
    outer loop
      vertex -13.0518 17.8625 -0.673224
      vertex -13.0602 -45.0625 -0.68211
      vertex -13.0518 -45.0625 -0.673224
    endloop
  endfacet
  facet normal -0.688963 8.12266e-21 -0.724796
    outer loop
      vertex -13.0518 -45.0625 -1.52678
      vertex -13.0429 17.8625 -1.53524
      vertex -13.0429 -45.0625 -1.53524
    endloop
  endfacet
  facet normal -0.688963 8.12266e-21 -0.724796
    outer loop
      vertex -13.0429 17.8625 -1.53524
      vertex -13.0518 -45.0625 -1.52678
      vertex -13.0518 17.8625 -1.52678
    endloop
  endfacet
  facet normal 0.689006 -7.57783e-21 0.724755
    outer loop
      vertex 13.0429 17.8625 -0.664763
      vertex 13.0518 -45.0625 -0.673224
      vertex 13.0518 17.8625 -0.673224
    endloop
  endfacet
  facet normal 0.689006 -7.57783e-21 0.724755
    outer loop
      vertex 13.0518 -45.0625 -0.673224
      vertex 13.0429 17.8625 -0.664763
      vertex 13.0429 -45.0625 -0.664763
    endloop
  endfacet
  facet normal 0.8162 0 -0.577769
    outer loop
      vertex 13.0829 -45.0625 -1.48889
      vertex 13.0758 17.8625 -1.49892
      vertex 13.0829 17.8625 -1.48889
    endloop
  endfacet
  facet normal 0.8162 0 -0.577769
    outer loop
      vertex 13.0758 17.8625 -1.49892
      vertex 13.0829 -45.0625 -1.48889
      vertex 13.0758 -45.0625 -1.49892
    endloop
  endfacet
  facet normal -0.652882 -8.30266e-21 0.75746
    outer loop
      vertex -13.0429 17.8625 -0.664763
      vertex -13.0336 -45.0625 -0.656747
      vertex -13.0336 17.8625 -0.656747
    endloop
  endfacet
  facet normal -0.652882 -8.30266e-21 0.75746
    outer loop
      vertex -13.0336 -45.0625 -0.656747
      vertex -13.0429 17.8625 -0.664763
      vertex -13.0429 -45.0625 -0.664763
    endloop
  endfacet
  facet normal 0.893757 -0 0.448551
    outer loop
      vertex 13.0955 -45.0625 -0.732152
      vertex 13.101 17.8625 -0.743111
      vertex 13.0955 17.8625 -0.732152
    endloop
  endfacet
  facet normal 0.893757 0 0.448551
    outer loop
      vertex 13.101 17.8625 -0.743111
      vertex 13.0955 -45.0625 -0.732152
      vertex 13.101 -45.0625 -0.743111
    endloop
  endfacet
  facet normal 0 0 -1
    outer loop
      vertex -9.75 -18.1 -2.6
      vertex 9.75 -7.1375 -2.6
      vertex 9.75 -18.1 -2.6
    endloop
  endfacet
  facet normal -0 0 -1
    outer loop
      vertex 9.75 -7.1375 -2.6
      vertex -9.75 -18.1 -2.6
      vertex -9.75 -7.1375 -2.6
    endloop
  endfacet
  facet normal 0 0 -1
    outer loop
      vertex 9.75 -18.1 -2.6
      vertex 11.625 -45.0625 -2.6
      vertex 9.75 -20.1 -2.6
    endloop
  endfacet
  facet normal 0 0 -1
    outer loop
      vertex 11.625 -45.0625 -2.6
      vertex -9.75 -20.1 -2.6
      vertex 9.75 -20.1 -2.6
    endloop
  endfacet
  facet normal 0 0 -1
    outer loop
      vertex -11.625 -45.0625 -2.6
      vertex -9.75 -18.1 -2.6
      vertex -9.75 -20.1 -2.6
    endloop
  endfacet
  facet normal 0 0 -1
    outer loop
      vertex -9.75 -18.1 -2.6
      vertex -11.625 17.8625 -2.6
      vertex -9.75 -7.1375 -2.6
    endloop
  endfacet
  facet normal 0 0 -1
    outer loop
      vertex -11.625 -45.0625 -2.6
      vertex -9.75 -20.1 -2.6
      vertex 11.625 -45.0625 -2.6
    endloop
  endfacet
  facet normal -0 0 -1
    outer loop
      vertex -9.75 -18.1 -2.6
      vertex -11.625 -45.0625 -2.6
      vertex -11.625 17.8625 -2.6
    endloop
  endfacet
  facet normal 0 0 -1
    outer loop
      vertex -9.75 -7.1375 -2.6
      vertex -11.625 17.8625 -2.6
      vertex -9.75 17.8625 -2.6
    endloop
  endfacet
  facet normal 0 0 -1
    outer loop
      vertex 11.625 -45.0625 -2.6
      vertex 9.75 -18.1 -2.6
      vertex 11.625 17.8625 -2.6
    endloop
  endfacet
  facet normal 0 0 -1
    outer loop
      vertex 9.75 -7.1375 -2.6
      vertex 11.625 17.8625 -2.6
      vertex 9.75 -18.1 -2.6
    endloop
  endfacet
  facet normal -0 0 -1
    outer loop
      vertex 11.625 17.8625 -2.6
      vertex 9.75 -7.1375 -2.6
      vertex 9.75 17.8625 -2.6
    endloop
  endfacet
  facet normal 0.868283 -0 0.496069
    outer loop
      vertex 13.0894 -45.0625 -0.721475
      vertex 13.0955 17.8625 -0.732152
      vertex 13.0894 17.8625 -0.721475
    endloop
  endfacet
  facet normal 0.868283 0 0.496069
    outer loop
      vertex 13.0955 17.8625 -0.732152
      vertex 13.0894 -45.0625 -0.721475
      vertex 13.0955 -45.0625 -0.732152
    endloop
  endfacet
  facet normal -0.405745 -3.59823e-21 0.913986
    outer loop
      vertex -11.7319 17.8625 0.375997
      vertex -11.7207 -45.0625 0.380969
      vertex -11.7207 17.8625 0.380969
    endloop
  endfacet
  facet normal -0.405745 -3.59823e-21 0.913986
    outer loop
      vertex -11.7207 -45.0625 0.380969
      vertex -11.7319 17.8625 0.375997
      vertex -11.7319 -45.0625 0.375997
    endloop
  endfacet
  facet normal 0.9755 -0 0.220001
    outer loop
      vertex 13.1175 -45.0625 -0.789256
      vertex 13.1202 17.8625 -0.801228
      vertex 13.1175 17.8625 -0.789256
    endloop
  endfacet
  facet normal 0.9755 0 0.220001
    outer loop
      vertex 13.1202 17.8625 -0.801228
      vertex 13.1175 -45.0625 -0.789256
      vertex 13.1202 -45.0625 -0.801228
    endloop
  endfacet
  facet normal 0.893774 0 -0.448518
    outer loop
      vertex 13.101 -45.0625 -1.45689
      vertex 13.0955 17.8625 -1.46785
      vertex 13.101 17.8625 -1.45689
    endloop
  endfacet
  facet normal 0.893774 0 -0.448518
    outer loop
      vertex 13.0955 17.8625 -1.46785
      vertex 13.101 -45.0625 -1.45689
      vertex 13.0955 -45.0625 -1.46785
    endloop
  endfacet
  facet normal 0.963208 -0 0.268757
    outer loop
      vertex 13.1142 -45.0625 -0.777429
      vertex 13.1175 17.8625 -0.789256
      vertex 13.1142 17.8625 -0.777429
    endloop
  endfacet
  facet normal 0.963208 0 0.268757
    outer loop
      vertex 13.1175 17.8625 -0.789256
      vertex 13.1142 -45.0625 -0.777429
      vertex 13.1175 -45.0625 -0.789256
    endloop
  endfacet
  facet normal 0.933451 0 -0.358706
    outer loop
      vertex 13.1104 -45.0625 -1.43422
      vertex 13.106 17.8625 -1.44567
      vertex 13.1104 17.8625 -1.43422
    endloop
  endfacet
  facet normal 0.933451 0 -0.358706
    outer loop
      vertex 13.106 17.8625 -1.44567
      vertex 13.1104 -45.0625 -1.43422
      vertex 13.106 -45.0625 -1.44567
    endloop
  endfacet
  facet normal -1 0 0
    outer loop
      vertex -13.125 -45.0625 -1.35
      vertex -13.125 17.8625 -0.85
      vertex -13.125 17.8625 -1.35
    endloop
  endfacet
  facet normal -1 -0 0
    outer loop
      vertex -13.125 17.8625 -0.85
      vertex -13.125 -45.0625 -1.35
      vertex -13.125 -45.0625 -0.85
    endloop
  endfacet
  facet normal 0.985248 0 -0.171135
    outer loop
      vertex 13.1223 -45.0625 -1.38668
      vertex 13.1202 17.8625 -1.39877
      vertex 13.1223 17.8625 -1.38668
    endloop
  endfacet
  facet normal 0.985248 0 -0.171135
    outer loop
      vertex 13.1202 17.8625 -1.39877
      vertex 13.1223 -45.0625 -1.38668
      vertex 13.1202 -45.0625 -1.39877
    endloop
  endfacet
  facet normal -0.170839 4.8114e-22 0.985299
    outer loop
      vertex -11.6738 17.8625 0.395195
      vertex -11.6617 -45.0625 0.397293
      vertex -11.6617 17.8625 0.397293
    endloop
  endfacet
  facet normal -0.170839 4.8114e-22 0.985299
    outer loop
      vertex -11.6617 -45.0625 0.397293
      vertex -11.6738 17.8625 0.395195
      vertex -11.6738 -45.0625 0.395195
    endloop
  endfacet
  facet normal 0.170207 1.81314e-21 -0.985408
    outer loop
      vertex 11.6617 -45.0625 -2.59729
      vertex 11.6738 17.8625 -2.5952
      vertex 11.6738 -45.0625 -2.5952
    endloop
  endfacet
  facet normal 0.170207 1.81314e-21 -0.985408
    outer loop
      vertex 11.6738 17.8625 -2.5952
      vertex 11.6617 -45.0625 -2.59729
      vertex 11.6617 17.8625 -2.59729
    endloop
  endfacet
  facet normal 0.999701 -0 0.0244505
    outer loop
      vertex 13.1247 -45.0625 -0.837734
      vertex 13.125 17.8625 -0.85
      vertex 13.1247 17.8625 -0.837734
    endloop
  endfacet
  facet normal 0.999701 0 0.0244505
    outer loop
      vertex 13.125 17.8625 -0.85
      vertex 13.1247 -45.0625 -0.837734
      vertex 13.125 -45.0625 -0.85
    endloop
  endfacet
  facet normal -0.933451 0 -0.358706
    outer loop
      vertex -13.106 -45.0625 -1.44567
      vertex -13.1104 17.8625 -1.43422
      vertex -13.106 17.8625 -1.44567
    endloop
  endfacet
  facet normal -0.933451 -0 -0.358706
    outer loop
      vertex -13.1104 17.8625 -1.43422
      vertex -13.106 -45.0625 -1.44567
      vertex -13.1104 -45.0625 -1.43422
    endloop
  endfacet
  facet normal 0.314927 -2.8204e-21 0.949116
    outer loop
      vertex 11.6976 17.8625 0.389235
      vertex 11.7092 -45.0625 0.385386
      vertex 11.7092 17.8625 0.385386
    endloop
  endfacet
  facet normal 0.314927 -2.8204e-21 0.949116
    outer loop
      vertex 11.7092 -45.0625 0.385386
      vertex 11.6976 17.8625 0.389235
      vertex 11.6976 -45.0625 0.389235
    endloop
  endfacet
  facet normal -0.999701 0 -0.0244426
    outer loop
      vertex -13.1247 -45.0625 -1.36227
      vertex -13.125 17.8625 -1.35
      vertex -13.1247 17.8625 -1.36227
    endloop
  endfacet
  facet normal -0.999701 -0 -0.0244426
    outer loop
      vertex -13.125 17.8625 -1.35
      vertex -13.1247 -45.0625 -1.36227
      vertex -13.125 -45.0625 -1.35
    endloop
  endfacet
  facet normal 0.753732 0 -0.657182
    outer loop
      vertex 13.0683 -45.0625 -1.5086
      vertex 13.0602 17.8625 -1.51789
      vertex 13.0683 17.8625 -1.5086
    endloop
  endfacet
  facet normal 0.753732 0 -0.657182
    outer loop
      vertex 13.0602 17.8625 -1.51789
      vertex 13.0683 -45.0625 -1.5086
      vertex 13.0602 -45.0625 -1.51789
    endloop
  endfacet
  facet normal 0.652882 8.30266e-21 0.75746
    outer loop
      vertex 13.0336 17.8625 -0.656747
      vertex 13.0429 -45.0625 -0.664763
      vertex 13.0429 17.8625 -0.664763
    endloop
  endfacet
  facet normal 0.652882 8.30266e-21 0.75746
    outer loop
      vertex 13.0429 -45.0625 -0.664763
      vertex 13.0336 17.8625 -0.656747
      vertex 13.0336 -45.0625 -0.656747
    endloop
  endfacet
  facet normal -0.913408 0 -0.407045
    outer loop
      vertex -13.101 -45.0625 -1.45689
      vertex -13.106 17.8625 -1.44567
      vertex -13.101 17.8625 -1.45689
    endloop
  endfacet
  facet normal -0.913408 -0 -0.407045
    outer loop
      vertex -13.106 17.8625 -1.44567
      vertex -13.101 -45.0625 -1.45689
      vertex -13.106 -45.0625 -1.44567
    endloop
  endfacet
  facet normal 0.868143 0 -0.496314
    outer loop
      vertex 13.0955 -45.0625 -1.46785
      vertex 13.0894 17.8625 -1.47852
      vertex 13.0955 17.8625 -1.46785
    endloop
  endfacet
  facet normal 0.868143 0 -0.496314
    outer loop
      vertex 13.0894 17.8625 -1.47852
      vertex 13.0955 -45.0625 -1.46785
      vertex 13.0894 -45.0625 -1.47852
    endloop
  endfacet
  facet normal -0.358549 3.94877e-21 0.933511
    outer loop
      vertex -11.7207 17.8625 0.380969
      vertex -11.7092 -45.0625 0.385386
      vertex -11.7092 17.8625 0.385386
    endloop
  endfacet
  facet normal -0.358549 3.94877e-21 0.933511
    outer loop
      vertex -11.7092 -45.0625 0.385386
      vertex -11.7207 17.8625 0.380969
      vertex -11.7207 -45.0625 0.380969
    endloop
  endfacet
  facet normal 0.950712 -0 0.310077
    outer loop
      vertex 13.1104 -45.0625 -0.765778
      vertex 13.1142 17.8625 -0.777429
      vertex 13.1104 17.8625 -0.765778
    endloop
  endfacet
  facet normal 0.950712 0 0.310077
    outer loop
      vertex 13.1142 17.8625 -0.777429
      vertex 13.1104 -45.0625 -0.765778
      vertex 13.1142 -45.0625 -0.777429
    endloop
  endfacet
  facet normal -0.893774 0 -0.448518
    outer loop
      vertex -13.0955 -45.0625 -1.46785
      vertex -13.101 17.8625 -1.45689
      vertex -13.0955 17.8625 -1.46785
    endloop
  endfacet
  facet normal -0.893774 -0 -0.448518
    outer loop
      vertex -13.101 17.8625 -1.45689
      vertex -13.0955 -45.0625 -1.46785
      vertex -13.101 -45.0625 -1.45689
    endloop
  endfacet
  facet normal 0.220487 2.28083e-21 -0.97539
    outer loop
      vertex 11.6738 -45.0625 -2.5952
      vertex 11.6857 17.8625 -2.59251
      vertex 11.6857 -45.0625 -2.59251
    endloop
  endfacet
  facet normal 0.220487 2.28083e-21 -0.97539
    outer loop
      vertex 11.6857 17.8625 -2.59251
      vertex 11.6738 -45.0625 -2.5952
      vertex 11.6738 17.8625 -2.5952
    endloop
  endfacet
  facet normal -0.997303 0 -0.0733911
    outer loop
      vertex -13.1238 -45.0625 -1.3745
      vertex -13.1247 17.8625 -1.36227
      vertex -13.1238 17.8625 -1.3745
    endloop
  endfacet
  facet normal -0.997303 -0 -0.0733911
    outer loop
      vertex -13.1247 17.8625 -1.36227
      vertex -13.1238 -45.0625 -1.3745
      vertex -13.1247 -45.0625 -1.36227
    endloop
  endfacet
  facet normal 0.913381 -0 0.407105
    outer loop
      vertex 13.101 -45.0625 -0.743111
      vertex 13.106 17.8625 -0.754329
      vertex 13.101 17.8625 -0.743111
    endloop
  endfacet
  facet normal 0.913381 0 0.407105
    outer loop
      vertex 13.106 17.8625 -0.754329
      vertex 13.101 -45.0625 -0.743111
      vertex 13.106 -45.0625 -0.754329
    endloop
  endfacet
  facet normal -0.358762 2.22934e-21 -0.933429
    outer loop
      vertex -11.7207 -45.0625 -2.58097
      vertex -11.7092 17.8625 -2.58539
      vertex -11.7092 -45.0625 -2.58539
    endloop
  endfacet
  facet normal -0.358762 2.22934e-21 -0.933429
    outer loop
      vertex -11.7092 17.8625 -2.58539
      vertex -11.7207 -45.0625 -2.58097
      vertex -11.7207 17.8625 -2.58097
    endloop
  endfacet
  facet normal -0.950704 0 -0.310101
    outer loop
      vertex -13.1104 -45.0625 -1.43422
      vertex -13.1142 17.8625 -1.42257
      vertex -13.1104 17.8625 -1.43422
    endloop
  endfacet
  facet normal -0.950704 -0 -0.310101
    outer loop
      vertex -13.1142 17.8625 -1.42257
      vertex -13.1104 -45.0625 -1.43422
      vertex -13.1142 -45.0625 -1.42257
    endloop
  endfacet
  facet normal -0.689006 7.57783e-21 0.724755
    outer loop
      vertex -13.0518 17.8625 -0.673224
      vertex -13.0429 -45.0625 -0.664763
      vertex -13.0429 17.8625 -0.664763
    endloop
  endfacet
  facet normal -0.689006 7.57783e-21 0.724755
    outer loop
      vertex -13.0429 -45.0625 -0.664763
      vertex -13.0518 17.8625 -0.673224
      vertex -13.0518 -45.0625 -0.673224
    endloop
  endfacet
  facet normal 0.93344 -0 0.358733
    outer loop
      vertex 13.106 -45.0625 -0.754329
      vertex 13.1104 17.8625 -0.765778
      vertex 13.106 17.8625 -0.754329
    endloop
  endfacet
  facet normal 0.93344 0 0.358733
    outer loop
      vertex 13.1104 17.8625 -0.765778
      vertex 13.106 -45.0625 -0.754329
      vertex 13.1104 -45.0625 -0.765778
    endloop
  endfacet
  facet normal -0.57702 4.87533e-21 0.81673
    outer loop
      vertex -11.7739 17.8625 0.350802
      vertex -11.7639 -45.0625 0.357867
      vertex -11.7639 17.8625 0.357867
    endloop
  endfacet
  facet normal -0.57702 4.87533e-21 0.81673
    outer loop
      vertex -11.7639 -45.0625 0.357867
      vertex -11.7739 17.8625 0.350802
      vertex -11.7739 -45.0625 0.350802
    endloop
  endfacet
  facet normal -0.913381 0 0.407105
    outer loop
      vertex -13.106 -45.0625 -0.754329
      vertex -13.101 17.8625 -0.743111
      vertex -13.106 17.8625 -0.754329
    endloop
  endfacet
  facet normal -0.913381 0 0.407105
    outer loop
      vertex -13.101 17.8625 -0.743111
      vertex -13.106 -45.0625 -0.754329
      vertex -13.101 -45.0625 -0.743111
    endloop
  endfacet
  facet normal -0.533794 -7.15472e-22 0.845614
    outer loop
      vertex -11.7639 17.8625 0.357867
      vertex -11.7535 -45.0625 0.364432
      vertex -11.7535 17.8625 0.364432
    endloop
  endfacet
  facet normal -0.533794 -7.15472e-22 0.845614
    outer loop
      vertex -11.7535 -45.0625 0.364432
      vertex -11.7639 17.8625 0.357867
      vertex -11.7639 -45.0625 0.357867
    endloop
  endfacet
  facet normal -0.847309 0 -0.5311
    outer loop
      vertex -13.0829 -45.0625 -1.48889
      vertex -13.0894 17.8625 -1.47852
      vertex -13.0829 17.8625 -1.48889
    endloop
  endfacet
  facet normal -0.847309 -0 -0.5311
    outer loop
      vertex -13.0894 17.8625 -1.47852
      vertex -13.0829 -45.0625 -1.48889
      vertex -13.0894 -45.0625 -1.47852
    endloop
  endfacet
  facet normal 0.816255 -0 0.577692
    outer loop
      vertex 13.0758 -45.0625 -0.701076
      vertex 13.0829 17.8625 -0.711108
      vertex 13.0758 17.8625 -0.701076
    endloop
  endfacet
  facet normal 0.816255 0 0.577692
    outer loop
      vertex 13.0829 17.8625 -0.711108
      vertex 13.0758 -45.0625 -0.701076
      vertex 13.0829 -45.0625 -0.711108
    endloop
  endfacet
  facet normal 0.57702 -4.87533e-21 0.81673
    outer loop
      vertex 11.7639 17.8625 0.357867
      vertex 11.7739 -45.0625 0.350802
      vertex 11.7739 17.8625 0.350802
    endloop
  endfacet
  facet normal 0.57702 -4.87533e-21 0.81673
    outer loop
      vertex 11.7739 -45.0625 0.350802
      vertex 11.7639 17.8625 0.357867
      vertex 11.7639 -45.0625 0.357867
    endloop
  endfacet
  facet normal 0.265721 3.79981e-21 -0.96405
    outer loop
      vertex 11.6857 -45.0625 -2.59251
      vertex 11.6976 17.8625 -2.58923
      vertex 11.6976 -45.0625 -2.58923
    endloop
  endfacet
  facet normal 0.265721 3.79981e-21 -0.96405
    outer loop
      vertex 11.6976 17.8625 -2.58923
      vertex 11.6857 -45.0625 -2.59251
      vertex 11.6857 17.8625 -2.59251
    endloop
  endfacet
  facet normal 0 -1 0
    outer loop
      vertex -11.7836 -45.0625 0.343253
      vertex -11.625 -45.0625 0.4
      vertex -11.6373 -45.0625 0.399699
    endloop
  endfacet
  facet normal 0 -1 0
    outer loop
      vertex -11.625 -45.0625 0.4
      vertex -6.5 -45.0625 -0.1
      vertex 11.625 -45.0625 0.4
    endloop
  endfacet
  facet normal 0 -1 0
    outer loop
      vertex -11.7836 -45.0625 0.343253
      vertex -11.6373 -45.0625 0.399699
      vertex -11.6495 -45.0625 0.398796
    endloop
  endfacet
  facet normal 0 -1 0
    outer loop
      vertex 6.5 -45.0625 -0.1
      vertex 11.625 -45.0625 0.4
      vertex -6.5 -45.0625 -0.1
    endloop
  endfacet
  facet normal 0 -1 0
    outer loop
      vertex -11.7836 -45.0625 0.343253
      vertex -11.6495 -45.0625 0.398796
      vertex -11.6617 -45.0625 0.397293
    endloop
  endfacet
  facet normal 0 -1 0
    outer loop
      vertex 11.625 -45.0625 -2.6
      vertex 11.625 -45.0625 0.4
      vertex 6.5 -45.0625 -0.1
    endloop
  endfacet
  facet normal 0 -1 0
    outer loop
      vertex -11.7836 -45.0625 0.343253
      vertex -11.6617 -45.0625 0.397293
      vertex -11.6738 -45.0625 0.395195
    endloop
  endfacet
  facet normal -0 -1 0
    outer loop
      vertex 11.7836 -45.0625 0.343253
      vertex 11.625 -45.0625 0.4
      vertex 11.625 -45.0625 -2.6
    endloop
  endfacet
  facet normal 0 -1 0
    outer loop
      vertex -11.7836 -45.0625 0.343253
      vertex -11.6738 -45.0625 0.395195
      vertex -11.6857 -45.0625 0.392507
    endloop
  endfacet
  facet normal 0 -1 0
    outer loop
      vertex 11.625 -45.0625 0.4
      vertex 11.7836 -45.0625 0.343253
      vertex 11.6373 -45.0625 0.399699
    endloop
  endfacet
  facet normal 0 -1 0
    outer loop
      vertex -11.7836 -45.0625 0.343253
      vertex -11.6857 -45.0625 0.392507
      vertex -11.6976 -45.0625 0.389235
    endloop
  endfacet
  facet normal 0 -1 0
    outer loop
      vertex 11.6373 -45.0625 0.399699
      vertex 11.7836 -45.0625 0.343253
      vertex 11.6495 -45.0625 0.398796
    endloop
  endfacet
  facet normal 0 -1 0
    outer loop
      vertex -11.7836 -45.0625 0.343253
      vertex -11.6976 -45.0625 0.389235
      vertex -11.7092 -45.0625 0.385386
    endloop
  endfacet
  facet normal 0 -1 0
    outer loop
      vertex 11.6495 -45.0625 0.398796
      vertex 11.7836 -45.0625 0.343253
      vertex 11.6617 -45.0625 0.397293
    endloop
  endfacet
  facet normal 0 -1 0
    outer loop
      vertex -11.7836 -45.0625 0.343253
      vertex -11.7092 -45.0625 0.385386
      vertex -11.7207 -45.0625 0.380969
    endloop
  endfacet
  facet normal 0 -1 0
    outer loop
      vertex 11.6617 -45.0625 0.397293
      vertex 11.7836 -45.0625 0.343253
      vertex 11.6738 -45.0625 0.395195
    endloop
  endfacet
  facet normal 0 -1 0
    outer loop
      vertex -11.7836 -45.0625 0.343253
      vertex -11.7207 -45.0625 0.380969
      vertex -11.7319 -45.0625 0.375997
    endloop
  endfacet
  facet normal 0 -1 0
    outer loop
      vertex 11.6738 -45.0625 0.395195
      vertex 11.7836 -45.0625 0.343253
      vertex 11.6857 -45.0625 0.392507
    endloop
  endfacet
  facet normal 0 -1 0
    outer loop
      vertex -11.7836 -45.0625 0.343253
      vertex -11.7319 -45.0625 0.375997
      vertex -11.7428 -45.0625 0.37048
    endloop
  endfacet
  facet normal 0 -1 0
    outer loop
      vertex 11.6857 -45.0625 0.392507
      vertex 11.7836 -45.0625 0.343253
      vertex 11.6976 -45.0625 0.389235
    endloop
  endfacet
  facet normal 0 -1 0
    outer loop
      vertex -11.7836 -45.0625 0.343253
      vertex -11.7428 -45.0625 0.37048
      vertex -11.7535 -45.0625 0.364432
    endloop
  endfacet
  facet normal 0 -1 0
    outer loop
      vertex 11.6976 -45.0625 0.389235
      vertex 11.7836 -45.0625 0.343253
      vertex 11.7092 -45.0625 0.385386
    endloop
  endfacet
  facet normal 0 -1 0
    outer loop
      vertex -11.7836 -45.0625 0.343253
      vertex -11.7535 -45.0625 0.364432
      vertex -11.7639 -45.0625 0.357867
    endloop
  endfacet
  facet normal 0 -1 0
    outer loop
      vertex 11.7092 -45.0625 0.385386
      vertex 11.7836 -45.0625 0.343253
      vertex 11.7207 -45.0625 0.380969
    endloop
  endfacet
  facet normal 0 -1 0
    outer loop
      vertex -11.7836 -45.0625 0.343253
      vertex -11.7639 -45.0625 0.357867
      vertex -11.7739 -45.0625 0.350802
    endloop
  endfacet
  facet normal 0 -1 0
    outer loop
      vertex 11.7207 -45.0625 0.380969
      vertex 11.7836 -45.0625 0.343253
      vertex 11.7319 -45.0625 0.375997
    endloop
  endfacet
  facet normal 0 -1 -0
    outer loop
      vertex -11.625 -45.0625 0.4
      vertex -11.7836 -45.0625 0.343253
      vertex -11.625 -45.0625 -2.6
    endloop
  endfacet
  facet normal 0 -1 0
    outer loop
      vertex 11.7319 -45.0625 0.375997
      vertex 11.7836 -45.0625 0.343253
      vertex 11.7428 -45.0625 0.37048
    endloop
  endfacet
  facet normal 0 -1 0
    outer loop
      vertex 11.7428 -45.0625 0.37048
      vertex 11.7836 -45.0625 0.343253
      vertex 11.7535 -45.0625 0.364432
    endloop
  endfacet
  facet normal 0 -1 0
    outer loop
      vertex -11.7836 -45.0625 -2.54325
      vertex -11.7836 -45.0625 0.343253
      vertex -13.0336 -45.0625 -0.656747
    endloop
  endfacet
  facet normal 0 -1 0
    outer loop
      vertex -13.125 -45.0625 -0.85
      vertex -13.0336 -45.0625 -0.656747
      vertex -13.0429 -45.0625 -0.664763
    endloop
  endfacet
  facet normal 0 -1 0
    outer loop
      vertex -13.125 -45.0625 -0.85
      vertex -13.0429 -45.0625 -0.664763
      vertex -13.0518 -45.0625 -0.673224
    endloop
  endfacet
  facet normal 0 -1 0
    outer loop
      vertex -13.125 -45.0625 -0.85
      vertex -13.0518 -45.0625 -0.673224
      vertex -13.0602 -45.0625 -0.68211
    endloop
  endfacet
  facet normal 0 -1 0
    outer loop
      vertex -13.125 -45.0625 -0.85
      vertex -13.0602 -45.0625 -0.68211
      vertex -13.0683 -45.0625 -0.691402
    endloop
  endfacet
  facet normal 0 -1 0
    outer loop
      vertex -13.125 -45.0625 -0.85
      vertex -13.0683 -45.0625 -0.691402
      vertex -13.0758 -45.0625 -0.701076
    endloop
  endfacet
  facet normal 0 -1 0
    outer loop
      vertex -13.125 -45.0625 -0.85
      vertex -13.0758 -45.0625 -0.701076
      vertex -13.0829 -45.0625 -0.711108
    endloop
  endfacet
  facet normal 0 -1 0
    outer loop
      vertex -13.125 -45.0625 -0.85
      vertex -13.0829 -45.0625 -0.711108
      vertex -13.0894 -45.0625 -0.721475
    endloop
  endfacet
  facet normal 0 -1 0
    outer loop
      vertex -13.125 -45.0625 -0.85
      vertex -13.0894 -45.0625 -0.721475
      vertex -13.0955 -45.0625 -0.732152
    endloop
  endfacet
  facet normal 0 -1 0
    outer loop
      vertex -13.125 -45.0625 -0.85
      vertex -13.0955 -45.0625 -0.732152
      vertex -13.101 -45.0625 -0.743111
    endloop
  endfacet
  facet normal 0 -1 0
    outer loop
      vertex -13.125 -45.0625 -0.85
      vertex -13.101 -45.0625 -0.743111
      vertex -13.106 -45.0625 -0.754329
    endloop
  endfacet
  facet normal 0 -1 0
    outer loop
      vertex -13.125 -45.0625 -0.85
      vertex -13.106 -45.0625 -0.754329
      vertex -13.1104 -45.0625 -0.765778
    endloop
  endfacet
  facet normal 0 -1 0
    outer loop
      vertex -13.125 -45.0625 -0.85
      vertex -13.1104 -45.0625 -0.765778
      vertex -13.1142 -45.0625 -0.777429
    endloop
  endfacet
  facet normal 0 -1 0
    outer loop
      vertex -13.125 -45.0625 -0.85
      vertex -13.1142 -45.0625 -0.777429
      vertex -13.1175 -45.0625 -0.789256
    endloop
  endfacet
  facet normal 0 -1 0
    outer loop
      vertex -13.125 -45.0625 -0.85
      vertex -13.1175 -45.0625 -0.789256
      vertex -13.1202 -45.0625 -0.801228
    endloop
  endfacet
  facet normal 0 -1 0
    outer loop
      vertex -13.125 -45.0625 -0.85
      vertex -13.1202 -45.0625 -0.801228
      vertex -13.1223 -45.0625 -0.813318
    endloop
  endfacet
  facet normal 0 -1 0
    outer loop
      vertex -13.125 -45.0625 -0.85
      vertex -13.1223 -45.0625 -0.813318
      vertex -13.1238 -45.0625 -0.825496
    endloop
  endfacet
  facet normal 0 -1 0
    outer loop
      vertex -13.125 -45.0625 -0.85
      vertex -13.1238 -45.0625 -0.825496
      vertex -13.1247 -45.0625 -0.837734
    endloop
  endfacet
  facet normal 0 -1 -0
    outer loop
      vertex -13.0336 -45.0625 -0.656747
      vertex -13.125 -45.0625 -0.85
      vertex -13.0336 -45.0625 -1.54325
    endloop
  endfacet
  facet normal 0 -1 0
    outer loop
      vertex -13.0336 -45.0625 -1.54325
      vertex -13.125 -45.0625 -0.85
      vertex -13.125 -45.0625 -1.35
    endloop
  endfacet
  facet normal 0 -1 0
    outer loop
      vertex -13.0336 -45.0625 -1.54325
      vertex -13.125 -45.0625 -1.35
      vertex -13.1247 -45.0625 -1.36227
    endloop
  endfacet
  facet normal 0 -1 0
    outer loop
      vertex -13.0336 -45.0625 -1.54325
      vertex -13.1247 -45.0625 -1.36227
      vertex -13.1238 -45.0625 -1.3745
    endloop
  endfacet
  facet normal 0 -1 0
    outer loop
      vertex -13.0336 -45.0625 -1.54325
      vertex -13.1238 -45.0625 -1.3745
      vertex -13.1223 -45.0625 -1.38668
    endloop
  endfacet
  facet normal 0 -1 0
    outer loop
      vertex -13.0336 -45.0625 -1.54325
      vertex -13.1223 -45.0625 -1.38668
      vertex -13.1202 -45.0625 -1.39877
    endloop
  endfacet
  facet normal 0 -1 0
    outer loop
      vertex -13.0336 -45.0625 -1.54325
      vertex -13.1202 -45.0625 -1.39877
      vertex -13.1175 -45.0625 -1.41074
    endloop
  endfacet
  facet normal 0 -1 0
    outer loop
      vertex -13.0336 -45.0625 -1.54325
      vertex -13.1175 -45.0625 -1.41074
      vertex -13.1142 -45.0625 -1.42257
    endloop
  endfacet
  facet normal 0 -1 0
    outer loop
      vertex -13.0336 -45.0625 -1.54325
      vertex -13.1142 -45.0625 -1.42257
      vertex -13.1104 -45.0625 -1.43422
    endloop
  endfacet
  facet normal 0 -1 0
    outer loop
      vertex -13.0336 -45.0625 -1.54325
      vertex -13.1104 -45.0625 -1.43422
      vertex -13.106 -45.0625 -1.44567
    endloop
  endfacet
  facet normal 0 -1 0
    outer loop
      vertex -13.0336 -45.0625 -1.54325
      vertex -13.106 -45.0625 -1.44567
      vertex -13.101 -45.0625 -1.45689
    endloop
  endfacet
  facet normal 0 -1 0
    outer loop
      vertex -13.0336 -45.0625 -1.54325
      vertex -13.101 -45.0625 -1.45689
      vertex -13.0955 -45.0625 -1.46785
    endloop
  endfacet
  facet normal 0 -1 0
    outer loop
      vertex -13.0336 -45.0625 -1.54325
      vertex -13.0955 -45.0625 -1.46785
      vertex -13.0894 -45.0625 -1.47852
    endloop
  endfacet
  facet normal 0 -1 0
    outer loop
      vertex -13.0336 -45.0625 -1.54325
      vertex -13.0894 -45.0625 -1.47852
      vertex -13.0829 -45.0625 -1.48889
    endloop
  endfacet
  facet normal 0 -1 0
    outer loop
      vertex -13.0336 -45.0625 -1.54325
      vertex -13.0829 -45.0625 -1.48889
      vertex -13.0758 -45.0625 -1.49892
    endloop
  endfacet
  facet normal 0 -1 0
    outer loop
      vertex -13.0336 -45.0625 -1.54325
      vertex -13.0758 -45.0625 -1.49892
      vertex -13.0683 -45.0625 -1.5086
    endloop
  endfacet
  facet normal 0 -1 0
    outer loop
      vertex -13.0336 -45.0625 -1.54325
      vertex -13.0683 -45.0625 -1.5086
      vertex -13.0602 -45.0625 -1.51789
    endloop
  endfacet
  facet normal 0 -1 0
    outer loop
      vertex -13.0336 -45.0625 -1.54325
      vertex -13.0602 -45.0625 -1.51789
      vertex -13.0518 -45.0625 -1.52678
    endloop
  endfacet
  facet normal 0 -1 0
    outer loop
      vertex -13.0336 -45.0625 -1.54325
      vertex -13.0518 -45.0625 -1.52678
      vertex -13.0429 -45.0625 -1.53524
    endloop
  endfacet
  facet normal 0 -1 0
    outer loop
      vertex -13.0336 -45.0625 -0.656747
      vertex -13.0336 -45.0625 -1.54325
      vertex -11.7836 -45.0625 -2.54325
    endloop
  endfacet
  facet normal 0 -1 0
    outer loop
      vertex -11.625 -45.0625 0.4
      vertex -11.625 -45.0625 -2.6
      vertex -6.5 -45.0625 -0.1
    endloop
  endfacet
  facet normal 0 -1 -0
    outer loop
      vertex -6.5 -45.0625 -0.1
      vertex -11.625 -45.0625 -2.6
      vertex -6.5 -45.0625 -2.1
    endloop
  endfacet
  facet normal 0 -1 0
    outer loop
      vertex -11.7836 -45.0625 0.343253
      vertex -11.7836 -45.0625 -2.54325
      vertex -11.625 -45.0625 -2.6
    endloop
  endfacet
  facet normal 0 -1 0
    outer loop
      vertex 11.7535 -45.0625 0.364432
      vertex 11.7836 -45.0625 0.343253
      vertex 11.7639 -45.0625 0.357867
    endloop
  endfacet
  facet normal 0 -1 0
    outer loop
      vertex 11.7639 -45.0625 0.357867
      vertex 11.7836 -45.0625 0.343253
      vertex 11.7739 -45.0625 0.350802
    endloop
  endfacet
  facet normal -0 -1 0
    outer loop
      vertex 11.7836 -45.0625 -2.54325
      vertex 11.7836 -45.0625 0.343253
      vertex 11.625 -45.0625 -2.6
    endloop
  endfacet
  facet normal 0 -1 0
    outer loop
      vertex 11.7836 -45.0625 0.343253
      vertex 11.7836 -45.0625 -2.54325
      vertex 13.0336 -45.0625 -0.656747
    endloop
  endfacet
  facet normal -0 -1 0
    outer loop
      vertex 13.0336 -45.0625 -1.54325
      vertex 13.0336 -45.0625 -0.656747
      vertex 11.7836 -45.0625 -2.54325
    endloop
  endfacet
  facet normal -0 -1 0
    outer loop
      vertex 13.125 -45.0625 -0.85
      vertex 13.0336 -45.0625 -0.656747
      vertex 13.0336 -45.0625 -1.54325
    endloop
  endfacet
  facet normal 0 -1 0
    outer loop
      vertex 13.0336 -45.0625 -0.656747
      vertex 13.125 -45.0625 -0.85
      vertex 13.0429 -45.0625 -0.664763
    endloop
  endfacet
  facet normal 0 -1 0
    outer loop
      vertex 13.0429 -45.0625 -0.664763
      vertex 13.125 -45.0625 -0.85
      vertex 13.0518 -45.0625 -0.673224
    endloop
  endfacet
  facet normal 0 -1 0
    outer loop
      vertex 13.0518 -45.0625 -0.673224
      vertex 13.125 -45.0625 -0.85
      vertex 13.0602 -45.0625 -0.68211
    endloop
  endfacet
  facet normal 0 -1 0
    outer loop
      vertex 13.0602 -45.0625 -0.68211
      vertex 13.125 -45.0625 -0.85
      vertex 13.0683 -45.0625 -0.691402
    endloop
  endfacet
  facet normal 0 -1 0
    outer loop
      vertex 13.0683 -45.0625 -0.691402
      vertex 13.125 -45.0625 -0.85
      vertex 13.0758 -45.0625 -0.701076
    endloop
  endfacet
  facet normal 0 -1 0
    outer loop
      vertex 13.0758 -45.0625 -0.701076
      vertex 13.125 -45.0625 -0.85
      vertex 13.0829 -45.0625 -0.711108
    endloop
  endfacet
  facet normal 0 -1 0
    outer loop
      vertex 13.0829 -45.0625 -0.711108
      vertex 13.125 -45.0625 -0.85
      vertex 13.0894 -45.0625 -0.721475
    endloop
  endfacet
  facet normal 0 -1 0
    outer loop
      vertex 13.0894 -45.0625 -0.721475
      vertex 13.125 -45.0625 -0.85
      vertex 13.0955 -45.0625 -0.732152
    endloop
  endfacet
  facet normal 0 -1 0
    outer loop
      vertex 13.0955 -45.0625 -0.732152
      vertex 13.125 -45.0625 -0.85
      vertex 13.101 -45.0625 -0.743111
    endloop
  endfacet
  facet normal 0 -1 0
    outer loop
      vertex 13.101 -45.0625 -0.743111
      vertex 13.125 -45.0625 -0.85
      vertex 13.106 -45.0625 -0.754329
    endloop
  endfacet
  facet normal 0 -1 0
    outer loop
      vertex 13.106 -45.0625 -0.754329
      vertex 13.125 -45.0625 -0.85
      vertex 13.1104 -45.0625 -0.765778
    endloop
  endfacet
  facet normal 0 -1 0
    outer loop
      vertex 13.1142 -45.0625 -0.777429
      vertex 13.125 -45.0625 -0.85
      vertex 13.1175 -45.0625 -0.789256
    endloop
  endfacet
  facet normal 0 -1 0
    outer loop
      vertex 13.1175 -45.0625 -0.789256
      vertex 13.125 -45.0625 -0.85
      vertex 13.1202 -45.0625 -0.801228
    endloop
  endfacet
  facet normal 0 -1 0
    outer loop
      vertex 13.1202 -45.0625 -0.801228
      vertex 13.125 -45.0625 -0.85
      vertex 13.1223 -45.0625 -0.813318
    endloop
  endfacet
  facet normal 0 -1 0
    outer loop
      vertex 13.1223 -45.0625 -0.813318
      vertex 13.125 -45.0625 -0.85
      vertex 13.1238 -45.0625 -0.825496
    endloop
  endfacet
  facet normal 0 -1 0
    outer loop
      vertex 13.1238 -45.0625 -0.825496
      vertex 13.125 -45.0625 -0.85
      vertex 13.1247 -45.0625 -0.837734
    endloop
  endfacet
  facet normal 0 -1 0
    outer loop
      vertex 13.1104 -45.0625 -0.765778
      vertex 13.125 -45.0625 -0.85
      vertex 13.1142 -45.0625 -0.777429
    endloop
  endfacet
  facet normal 0 -1 -0
    outer loop
      vertex 13.125 -45.0625 -0.85
      vertex 13.0336 -45.0625 -1.54325
      vertex 13.125 -45.0625 -1.35
    endloop
  endfacet
  facet normal 0 -1 0
    outer loop
      vertex 13.125 -45.0625 -1.35
      vertex 13.0336 -45.0625 -1.54325
      vertex 13.1247 -45.0625 -1.36227
    endloop
  endfacet
  facet normal 0 -1 0
    outer loop
      vertex 13.1247 -45.0625 -1.36227
      vertex 13.0336 -45.0625 -1.54325
      vertex 13.1238 -45.0625 -1.3745
    endloop
  endfacet
  facet normal 0 -1 0
    outer loop
      vertex 13.1238 -45.0625 -1.3745
      vertex 13.0336 -45.0625 -1.54325
      vertex 13.1223 -45.0625 -1.38668
    endloop
  endfacet
  facet normal 0 -1 0
    outer loop
      vertex 13.1202 -45.0625 -1.39877
      vertex 13.0336 -45.0625 -1.54325
      vertex 13.1175 -45.0625 -1.41074
    endloop
  endfacet
  facet normal 0 -1 0
    outer loop
      vertex 13.1175 -45.0625 -1.41074
      vertex 13.0336 -45.0625 -1.54325
      vertex 13.1142 -45.0625 -1.42257
    endloop
  endfacet
  facet normal 0 -1 0
    outer loop
      vertex 13.1142 -45.0625 -1.42257
      vertex 13.0336 -45.0625 -1.54325
      vertex 13.1104 -45.0625 -1.43422
    endloop
  endfacet
  facet normal 0 -1 0
    outer loop
      vertex 13.1104 -45.0625 -1.43422
      vertex 13.0336 -45.0625 -1.54325
      vertex 13.106 -45.0625 -1.44567
    endloop
  endfacet
  facet normal 0 -1 0
    outer loop
      vertex 13.101 -45.0625 -1.45689
      vertex 13.0336 -45.0625 -1.54325
      vertex 13.0955 -45.0625 -1.46785
    endloop
  endfacet
  facet normal 0 -1 0
    outer loop
      vertex 13.0955 -45.0625 -1.46785
      vertex 13.0336 -45.0625 -1.54325
      vertex 13.0894 -45.0625 -1.47852
    endloop
  endfacet
  facet normal 0 -1 0
    outer loop
      vertex 13.0894 -45.0625 -1.47852
      vertex 13.0336 -45.0625 -1.54325
      vertex 13.0829 -45.0625 -1.48889
    endloop
  endfacet
  facet normal 0 -1 0
    outer loop
      vertex 13.0829 -45.0625 -1.48889
      vertex 13.0336 -45.0625 -1.54325
      vertex 13.0758 -45.0625 -1.49892
    endloop
  endfacet
  facet normal 0 -1 0
    outer loop
      vertex 13.0758 -45.0625 -1.49892
      vertex 13.0336 -45.0625 -1.54325
      vertex 13.0683 -45.0625 -1.5086
    endloop
  endfacet
  facet normal 0 -1 0
    outer loop
      vertex 13.0683 -45.0625 -1.5086
      vertex 13.0336 -45.0625 -1.54325
      vertex 13.0602 -45.0625 -1.51789
    endloop
  endfacet
  facet normal 0 -1 0
    outer loop
      vertex 13.0602 -45.0625 -1.51789
      vertex 13.0336 -45.0625 -1.54325
      vertex 13.0518 -45.0625 -1.52678
    endloop
  endfacet
  facet normal 0 -1 0
    outer loop
      vertex 13.0518 -45.0625 -1.52678
      vertex 13.0336 -45.0625 -1.54325
      vertex 13.0429 -45.0625 -1.53524
    endloop
  endfacet
  facet normal 0 -1 0
    outer loop
      vertex 11.625 -45.0625 -2.6
      vertex 6.5 -45.0625 -0.1
      vertex 6.5 -45.0625 -2.1
    endloop
  endfacet
  facet normal 0 -1 0
    outer loop
      vertex 13.106 -45.0625 -1.44567
      vertex 13.0336 -45.0625 -1.54325
      vertex 13.101 -45.0625 -1.45689
    endloop
  endfacet
  facet normal 0 -1 -0
    outer loop
      vertex -6.5 -45.0625 -2.1
      vertex -11.625 -45.0625 -2.6
      vertex 6.5 -45.0625 -2.1
    endloop
  endfacet
  facet normal 0 -1 0
    outer loop
      vertex -11.625 -45.0625 -2.6
      vertex -11.7836 -45.0625 -2.54325
      vertex -11.7739 -45.0625 -2.5508
    endloop
  endfacet
  facet normal 0 -1 0
    outer loop
      vertex 11.625 -45.0625 -2.6
      vertex 6.5 -45.0625 -2.1
      vertex -11.625 -45.0625 -2.6
    endloop
  endfacet
  facet normal 0 -1 0
    outer loop
      vertex -11.625 -45.0625 -2.6
      vertex -11.7739 -45.0625 -2.5508
      vertex -11.7639 -45.0625 -2.55787
    endloop
  endfacet
  facet normal 0 -1 0
    outer loop
      vertex 13.1223 -45.0625 -1.38668
      vertex 13.0336 -45.0625 -1.54325
      vertex 13.1202 -45.0625 -1.39877
    endloop
  endfacet
  facet normal 0 -1 0
    outer loop
      vertex -11.625 -45.0625 -2.6
      vertex -11.7639 -45.0625 -2.55787
      vertex -11.7535 -45.0625 -2.56443
    endloop
  endfacet
  facet normal 0 -1 0
    outer loop
      vertex 11.7836 -45.0625 -2.54325
      vertex 11.625 -45.0625 -2.6
      vertex 11.7739 -45.0625 -2.5508
    endloop
  endfacet
  facet normal 0 -1 0
    outer loop
      vertex -11.625 -45.0625 -2.6
      vertex -11.7535 -45.0625 -2.56443
      vertex -11.7428 -45.0625 -2.57048
    endloop
  endfacet
  facet normal 0 -1 0
    outer loop
      vertex 11.7739 -45.0625 -2.5508
      vertex 11.625 -45.0625 -2.6
      vertex 11.7639 -45.0625 -2.55787
    endloop
  endfacet
  facet normal 0 -1 0
    outer loop
      vertex -11.625 -45.0625 -2.6
      vertex -11.7428 -45.0625 -2.57048
      vertex -11.7319 -45.0625 -2.576
    endloop
  endfacet
  facet normal 0 -1 0
    outer loop
      vertex 11.7639 -45.0625 -2.55787
      vertex 11.625 -45.0625 -2.6
      vertex 11.7535 -45.0625 -2.56443
    endloop
  endfacet
  facet normal 0 -1 0
    outer loop
      vertex -11.625 -45.0625 -2.6
      vertex -11.7319 -45.0625 -2.576
      vertex -11.7207 -45.0625 -2.58097
    endloop
  endfacet
  facet normal 0 -1 0
    outer loop
      vertex 11.7535 -45.0625 -2.56443
      vertex 11.625 -45.0625 -2.6
      vertex 11.7428 -45.0625 -2.57048
    endloop
  endfacet
  facet normal 0 -1 0
    outer loop
      vertex -11.625 -45.0625 -2.6
      vertex -11.7207 -45.0625 -2.58097
      vertex -11.7092 -45.0625 -2.58539
    endloop
  endfacet
  facet normal 0 -1 0
    outer loop
      vertex 11.7428 -45.0625 -2.57048
      vertex 11.625 -45.0625 -2.6
      vertex 11.7319 -45.0625 -2.576
    endloop
  endfacet
  facet normal 0 -1 0
    outer loop
      vertex -11.625 -45.0625 -2.6
      vertex -11.7092 -45.0625 -2.58539
      vertex -11.6976 -45.0625 -2.58923
    endloop
  endfacet
  facet normal 0 -1 0
    outer loop
      vertex 11.7319 -45.0625 -2.576
      vertex 11.625 -45.0625 -2.6
      vertex 11.7207 -45.0625 -2.58097
    endloop
  endfacet
  facet normal 0 -1 0
    outer loop
      vertex -11.625 -45.0625 -2.6
      vertex -11.6976 -45.0625 -2.58923
      vertex -11.6857 -45.0625 -2.59251
    endloop
  endfacet
  facet normal 0 -1 0
    outer loop
      vertex 11.7207 -45.0625 -2.58097
      vertex 11.625 -45.0625 -2.6
      vertex 11.7092 -45.0625 -2.58539
    endloop
  endfacet
  facet normal 0 -1 0
    outer loop
      vertex -11.625 -45.0625 -2.6
      vertex -11.6857 -45.0625 -2.59251
      vertex -11.6738 -45.0625 -2.5952
    endloop
  endfacet
  facet normal 0 -1 0
    outer loop
      vertex 11.7092 -45.0625 -2.58539
      vertex 11.625 -45.0625 -2.6
      vertex 11.6976 -45.0625 -2.58923
    endloop
  endfacet
  facet normal 0 -1 0
    outer loop
      vertex -11.625 -45.0625 -2.6
      vertex -11.6738 -45.0625 -2.5952
      vertex -11.6617 -45.0625 -2.59729
    endloop
  endfacet
  facet normal 0 -1 0
    outer loop
      vertex 11.6976 -45.0625 -2.58923
      vertex 11.625 -45.0625 -2.6
      vertex 11.6857 -45.0625 -2.59251
    endloop
  endfacet
  facet normal 0 -1 0
    outer loop
      vertex -11.625 -45.0625 -2.6
      vertex -11.6617 -45.0625 -2.59729
      vertex -11.6495 -45.0625 -2.5988
    endloop
  endfacet
  facet normal 0 -1 0
    outer loop
      vertex 11.6857 -45.0625 -2.59251
      vertex 11.625 -45.0625 -2.6
      vertex 11.6738 -45.0625 -2.5952
    endloop
  endfacet
  facet normal 0 -1 0
    outer loop
      vertex -11.625 -45.0625 -2.6
      vertex -11.6495 -45.0625 -2.5988
      vertex -11.6373 -45.0625 -2.5997
    endloop
  endfacet
  facet normal 0 -1 0
    outer loop
      vertex 11.6738 -45.0625 -2.5952
      vertex 11.625 -45.0625 -2.6
      vertex 11.6617 -45.0625 -2.59729
    endloop
  endfacet
  facet normal 0 -1 0
    outer loop
      vertex 11.6617 -45.0625 -2.59729
      vertex 11.625 -45.0625 -2.6
      vertex 11.6495 -45.0625 -2.5988
    endloop
  endfacet
  facet normal 0 -1 0
    outer loop
      vertex 11.6495 -45.0625 -2.5988
      vertex 11.625 -45.0625 -2.6
      vertex 11.6373 -45.0625 -2.5997
    endloop
  endfacet
  facet normal 0.963226 0 -0.268694
    outer loop
      vertex 13.1175 -45.0625 -1.41074
      vertex 13.1142 17.8625 -1.42257
      vertex 13.1175 17.8625 -1.41074
    endloop
  endfacet
  facet normal 0.963226 0 -0.268694
    outer loop
      vertex 13.1142 17.8625 -1.42257
      vertex 13.1175 -45.0625 -1.41074
      vertex 13.1142 -45.0625 -1.42257
    endloop
  endfacet
  facet normal 0.7267 -0 0.686955
    outer loop
      vertex 13.0518 -45.0625 -0.673224
      vertex 13.0602 17.8625 -0.68211
      vertex 13.0518 17.8625 -0.673224
    endloop
  endfacet
  facet normal 0.7267 0 0.686955
    outer loop
      vertex 13.0602 17.8625 -0.68211
      vertex 13.0518 -45.0625 -0.673224
      vertex 13.0602 -45.0625 -0.68211
    endloop
  endfacet
  facet normal 0.997303 0 -0.0733911
    outer loop
      vertex 13.1247 -45.0625 -1.36227
      vertex 13.1238 17.8625 -1.3745
      vertex 13.1247 17.8625 -1.36227
    endloop
  endfacet
  facet normal 0.997303 0 -0.0733911
    outer loop
      vertex 13.1238 17.8625 -1.3745
      vertex 13.1247 -45.0625 -1.36227
      vertex 13.1238 -45.0625 -1.3745
    endloop
  endfacet
  facet normal -0.9755 0 0.220001
    outer loop
      vertex -13.1202 -45.0625 -0.801228
      vertex -13.1175 17.8625 -0.789256
      vertex -13.1202 17.8625 -0.801228
    endloop
  endfacet
  facet normal -0.9755 0 0.220001
    outer loop
      vertex -13.1175 17.8625 -0.789256
      vertex -13.1202 -45.0625 -0.801228
      vertex -13.1175 -45.0625 -0.789256
    endloop
  endfacet
  facet normal 0.405745 3.59823e-21 0.913986
    outer loop
      vertex 11.7207 17.8625 0.380969
      vertex 11.7319 -45.0625 0.375997
      vertex 11.7319 17.8625 0.375997
    endloop
  endfacet
  facet normal 0.405745 3.59823e-21 0.913986
    outer loop
      vertex 11.7319 -45.0625 0.375997
      vertex 11.7207 17.8625 0.380969
      vertex 11.7207 -45.0625 0.380969
    endloop
  endfacet
  facet normal 0.122272 1.57004e-21 0.992497
    outer loop
      vertex 11.6495 17.8625 0.398796
      vertex 11.6617 -45.0625 0.397293
      vertex 11.6617 17.8625 0.397293
    endloop
  endfacet
  facet normal 0.122272 1.57004e-21 0.992497
    outer loop
      vertex 11.6617 -45.0625 0.397293
      vertex 11.6495 17.8625 0.398796
      vertex 11.6495 -45.0625 0.398796
    endloop
  endfacet
  facet normal 0.0738145 3.8541e-22 0.997272
    outer loop
      vertex 11.6373 17.8625 0.399699
      vertex 11.6495 -45.0625 0.398796
      vertex 11.6495 17.8625 0.398796
    endloop
  endfacet
  facet normal 0.0738145 3.8541e-22 0.997272
    outer loop
      vertex 11.6495 -45.0625 0.398796
      vertex 11.6373 17.8625 0.399699
      vertex 11.6373 -45.0625 0.399699
    endloop
  endfacet
  facet normal 0.405608 1.3026e-21 -0.914047
    outer loop
      vertex 11.7207 -45.0625 -2.58097
      vertex 11.7319 17.8625 -2.576
      vertex 11.7319 -45.0625 -2.576
    endloop
  endfacet
  facet normal 0.405608 1.3026e-21 -0.914047
    outer loop
      vertex 11.7319 17.8625 -2.576
      vertex 11.7207 -45.0625 -2.58097
      vertex 11.7207 17.8625 -2.58097
    endloop
  endfacet
  facet normal -0.985248 0 0.171135
    outer loop
      vertex -13.1223 -45.0625 -0.813318
      vertex -13.1202 17.8625 -0.801228
      vertex -13.1223 17.8625 -0.813318
    endloop
  endfacet
  facet normal -0.985248 0 0.171135
    outer loop
      vertex -13.1202 17.8625 -0.801228
      vertex -13.1223 -45.0625 -0.813318
      vertex -13.1202 -45.0625 -0.801228
    endloop
  endfacet
  facet normal 0.358762 -2.22934e-21 -0.933429
    outer loop
      vertex 11.7092 -45.0625 -2.58539
      vertex 11.7207 17.8625 -2.58097
      vertex 11.7207 -45.0625 -2.58097
    endloop
  endfacet
  facet normal 0.358762 -2.22934e-21 -0.933429
    outer loop
      vertex 11.7207 17.8625 -2.58097
      vertex 11.7092 -45.0625 -2.58539
      vertex 11.7092 17.8625 -2.58539
    endloop
  endfacet
  facet normal -0.652601 5.46711e-21 -0.757702
    outer loop
      vertex -13.0429 -45.0625 -1.53524
      vertex -13.0336 17.8625 -1.54325
      vertex -13.0336 -45.0625 -1.54325
    endloop
  endfacet
  facet normal -0.652601 5.46711e-21 -0.757702
    outer loop
      vertex -13.0336 17.8625 -1.54325
      vertex -13.0429 -45.0625 -1.53524
      vertex -13.0429 17.8625 -1.53524
    endloop
  endfacet
  facet normal -0.790494 0 -0.61247
    outer loop
      vertex -13.0683 -45.0625 -1.5086
      vertex -13.0758 17.8625 -1.49892
      vertex -13.0683 17.8625 -1.5086
    endloop
  endfacet
  facet normal -0.790494 -0 -0.61247
    outer loop
      vertex -13.0758 17.8625 -1.49892
      vertex -13.0683 -45.0625 -1.5086
      vertex -13.0758 -45.0625 -1.49892
    endloop
  endfacet
  facet normal -0.985248 0 -0.171135
    outer loop
      vertex -13.1202 -45.0625 -1.39877
      vertex -13.1223 17.8625 -1.38668
      vertex -13.1202 17.8625 -1.39877
    endloop
  endfacet
  facet normal -0.985248 -0 -0.171135
    outer loop
      vertex -13.1223 17.8625 -1.38668
      vertex -13.1202 -45.0625 -1.39877
      vertex -13.1223 -45.0625 -1.38668
    endloop
  endfacet
  facet normal -0.893757 0 0.448551
    outer loop
      vertex -13.101 -45.0625 -0.743111
      vertex -13.0955 17.8625 -0.732152
      vertex -13.101 17.8625 -0.743111
    endloop
  endfacet
  facet normal -0.893757 0 0.448551
    outer loop
      vertex -13.0955 17.8625 -0.732152
      vertex -13.101 -45.0625 -0.743111
      vertex -13.0955 -45.0625 -0.732152
    endloop
  endfacet
  facet normal 0 1 0
    outer loop
      vertex -11.625 17.8625 -2.6
      vertex -11.625 17.8625 0.4
      vertex -9.75 17.8625 0.4
    endloop
  endfacet
  facet normal -0 1 0
    outer loop
      vertex -11.7836 17.8625 0.343253
      vertex -11.625 17.8625 0.4
      vertex -11.625 17.8625 -2.6
    endloop
  endfacet
  facet normal 0 1 0
    outer loop
      vertex -11.625 17.8625 0.4
      vertex -11.7836 17.8625 0.343253
      vertex -11.6373 17.8625 0.399699
    endloop
  endfacet
  facet normal 0 1 0
    outer loop
      vertex -11.6373 17.8625 0.399699
      vertex -11.7836 17.8625 0.343253
      vertex -11.6495 17.8625 0.398796
    endloop
  endfacet
  facet normal 0 1 0
    outer loop
      vertex -11.6495 17.8625 0.398796
      vertex -11.7836 17.8625 0.343253
      vertex -11.6617 17.8625 0.397293
    endloop
  endfacet
  facet normal 0 1 0
    outer loop
      vertex -11.6617 17.8625 0.397293
      vertex -11.7836 17.8625 0.343253
      vertex -11.6738 17.8625 0.395195
    endloop
  endfacet
  facet normal 0 1 0
    outer loop
      vertex -11.6738 17.8625 0.395195
      vertex -11.7836 17.8625 0.343253
      vertex -11.6857 17.8625 0.392507
    endloop
  endfacet
  facet normal 0 1 0
    outer loop
      vertex -11.6857 17.8625 0.392507
      vertex -11.7836 17.8625 0.343253
      vertex -11.6976 17.8625 0.389235
    endloop
  endfacet
  facet normal 0 1 0
    outer loop
      vertex -11.6976 17.8625 0.389235
      vertex -11.7836 17.8625 0.343253
      vertex -11.7092 17.8625 0.385386
    endloop
  endfacet
  facet normal 0 1 0
    outer loop
      vertex -11.7092 17.8625 0.385386
      vertex -11.7836 17.8625 0.343253
      vertex -11.7207 17.8625 0.380969
    endloop
  endfacet
  facet normal 0 1 0
    outer loop
      vertex -11.7207 17.8625 0.380969
      vertex -11.7836 17.8625 0.343253
      vertex -11.7319 17.8625 0.375997
    endloop
  endfacet
  facet normal 0 1 0
    outer loop
      vertex -11.7319 17.8625 0.375997
      vertex -11.7836 17.8625 0.343253
      vertex -11.7428 17.8625 0.37048
    endloop
  endfacet
  facet normal 0 1 0
    outer loop
      vertex -11.7535 17.8625 0.364432
      vertex -11.7836 17.8625 0.343253
      vertex -11.7639 17.8625 0.357867
    endloop
  endfacet
  facet normal 0 1 0
    outer loop
      vertex -11.7639 17.8625 0.357867
      vertex -11.7836 17.8625 0.343253
      vertex -11.7739 17.8625 0.350802
    endloop
  endfacet
  facet normal 0 1 0
    outer loop
      vertex -11.7428 17.8625 0.37048
      vertex -11.7836 17.8625 0.343253
      vertex -11.7535 17.8625 0.364432
    endloop
  endfacet
  facet normal 0 1 0
    outer loop
      vertex -11.7836 17.8625 0.343253
      vertex -11.7836 17.8625 -2.54325
      vertex -13.0336 17.8625 -0.656747
    endloop
  endfacet
  facet normal -0 1 0
    outer loop
      vertex -13.0336 17.8625 -1.54325
      vertex -13.0336 17.8625 -0.656747
      vertex -11.7836 17.8625 -2.54325
    endloop
  endfacet
  facet normal -0 1 0
    outer loop
      vertex -13.125 17.8625 -0.85
      vertex -13.0336 17.8625 -0.656747
      vertex -13.0336 17.8625 -1.54325
    endloop
  endfacet
  facet normal 0 1 0
    outer loop
      vertex -13.0336 17.8625 -0.656747
      vertex -13.125 17.8625 -0.85
      vertex -13.0429 17.8625 -0.664763
    endloop
  endfacet
  facet normal 0 1 0
    outer loop
      vertex -13.0429 17.8625 -0.664763
      vertex -13.125 17.8625 -0.85
      vertex -13.0518 17.8625 -0.673224
    endloop
  endfacet
  facet normal 0 1 0
    outer loop
      vertex -13.0518 17.8625 -0.673224
      vertex -13.125 17.8625 -0.85
      vertex -13.0602 17.8625 -0.68211
    endloop
  endfacet
  facet normal 0 1 0
    outer loop
      vertex -13.0602 17.8625 -0.68211
      vertex -13.125 17.8625 -0.85
      vertex -13.0683 17.8625 -0.691402
    endloop
  endfacet
  facet normal 0 1 0
    outer loop
      vertex -13.0683 17.8625 -0.691402
      vertex -13.125 17.8625 -0.85
      vertex -13.0758 17.8625 -0.701076
    endloop
  endfacet
  facet normal 0 1 0
    outer loop
      vertex -13.0758 17.8625 -0.701076
      vertex -13.125 17.8625 -0.85
      vertex -13.0829 17.8625 -0.711108
    endloop
  endfacet
  facet normal 0 1 0
    outer loop
      vertex -13.0829 17.8625 -0.711108
      vertex -13.125 17.8625 -0.85
      vertex -13.0894 17.8625 -0.721475
    endloop
  endfacet
  facet normal 0 1 0
    outer loop
      vertex -13.0894 17.8625 -0.721475
      vertex -13.125 17.8625 -0.85
      vertex -13.0955 17.8625 -0.732152
    endloop
  endfacet
  facet normal 0 1 0
    outer loop
      vertex -13.0955 17.8625 -0.732152
      vertex -13.125 17.8625 -0.85
      vertex -13.101 17.8625 -0.743111
    endloop
  endfacet
  facet normal 0 1 0
    outer loop
      vertex -13.101 17.8625 -0.743111
      vertex -13.125 17.8625 -0.85
      vertex -13.106 17.8625 -0.754329
    endloop
  endfacet
  facet normal 0 1 0
    outer loop
      vertex -13.106 17.8625 -0.754329
      vertex -13.125 17.8625 -0.85
      vertex -13.1104 17.8625 -0.765778
    endloop
  endfacet
  facet normal 0 1 0
    outer loop
      vertex -13.1142 17.8625 -0.777429
      vertex -13.125 17.8625 -0.85
      vertex -13.1175 17.8625 -0.789256
    endloop
  endfacet
  facet normal 0 1 0
    outer loop
      vertex -13.1175 17.8625 -0.789256
      vertex -13.125 17.8625 -0.85
      vertex -13.1202 17.8625 -0.801228
    endloop
  endfacet
  facet normal 0 1 0
    outer loop
      vertex -13.1202 17.8625 -0.801228
      vertex -13.125 17.8625 -0.85
      vertex -13.1223 17.8625 -0.813318
    endloop
  endfacet
  facet normal 0 1 0
    outer loop
      vertex -13.1223 17.8625 -0.813318
      vertex -13.125 17.8625 -0.85
      vertex -13.1238 17.8625 -0.825496
    endloop
  endfacet
  facet normal 0 1 0
    outer loop
      vertex -13.1238 17.8625 -0.825496
      vertex -13.125 17.8625 -0.85
      vertex -13.1247 17.8625 -0.837734
    endloop
  endfacet
  facet normal 0 1 0
    outer loop
      vertex -13.125 17.8625 -0.85
      vertex -13.0336 17.8625 -1.54325
      vertex -13.125 17.8625 -1.35
    endloop
  endfacet
  facet normal 0 1 0
    outer loop
      vertex -13.125 17.8625 -1.35
      vertex -13.0336 17.8625 -1.54325
      vertex -13.1247 17.8625 -1.36227
    endloop
  endfacet
  facet normal 0 1 0
    outer loop
      vertex -13.1247 17.8625 -1.36227
      vertex -13.0336 17.8625 -1.54325
      vertex -13.1238 17.8625 -1.3745
    endloop
  endfacet
  facet normal 0 1 0
    outer loop
      vertex -13.1238 17.8625 -1.3745
      vertex -13.0336 17.8625 -1.54325
      vertex -13.1223 17.8625 -1.38668
    endloop
  endfacet
  facet normal 0 1 0
    outer loop
      vertex -13.1223 17.8625 -1.38668
      vertex -13.0336 17.8625 -1.54325
      vertex -13.1202 17.8625 -1.39877
    endloop
  endfacet
  facet normal 0 1 0
    outer loop
      vertex -13.1202 17.8625 -1.39877
      vertex -13.0336 17.8625 -1.54325
      vertex -13.1175 17.8625 -1.41074
    endloop
  endfacet
  facet normal 0 1 0
    outer loop
      vertex -13.1175 17.8625 -1.41074
      vertex -13.0336 17.8625 -1.54325
      vertex -13.1142 17.8625 -1.42257
    endloop
  endfacet
  facet normal 0 1 0
    outer loop
      vertex -13.1142 17.8625 -1.42257
      vertex -13.0336 17.8625 -1.54325
      vertex -13.1104 17.8625 -1.43422
    endloop
  endfacet
  facet normal 0 1 0
    outer loop
      vertex -13.1104 17.8625 -1.43422
      vertex -13.0336 17.8625 -1.54325
      vertex -13.106 17.8625 -1.44567
    endloop
  endfacet
  facet normal 0 1 0
    outer loop
      vertex -13.106 17.8625 -1.44567
      vertex -13.0336 17.8625 -1.54325
      vertex -13.101 17.8625 -1.45689
    endloop
  endfacet
  facet normal 0 1 0
    outer loop
      vertex -13.101 17.8625 -1.45689
      vertex -13.0336 17.8625 -1.54325
      vertex -13.0955 17.8625 -1.46785
    endloop
  endfacet
  facet normal 0 1 0
    outer loop
      vertex -13.0955 17.8625 -1.46785
      vertex -13.0336 17.8625 -1.54325
      vertex -13.0894 17.8625 -1.47852
    endloop
  endfacet
  facet normal 0 1 0
    outer loop
      vertex -13.0894 17.8625 -1.47852
      vertex -13.0336 17.8625 -1.54325
      vertex -13.0829 17.8625 -1.48889
    endloop
  endfacet
  facet normal 0 1 0
    outer loop
      vertex -13.0829 17.8625 -1.48889
      vertex -13.0336 17.8625 -1.54325
      vertex -13.0758 17.8625 -1.49892
    endloop
  endfacet
  facet normal 0 1 0
    outer loop
      vertex -13.0758 17.8625 -1.49892
      vertex -13.0336 17.8625 -1.54325
      vertex -13.0683 17.8625 -1.5086
    endloop
  endfacet
  facet normal 0 1 0
    outer loop
      vertex -13.0683 17.8625 -1.5086
      vertex -13.0336 17.8625 -1.54325
      vertex -13.0602 17.8625 -1.51789
    endloop
  endfacet
  facet normal 0 1 0
    outer loop
      vertex -13.0602 17.8625 -1.51789
      vertex -13.0336 17.8625 -1.54325
      vertex -13.0518 17.8625 -1.52678
    endloop
  endfacet
  facet normal 0 1 0
    outer loop
      vertex -13.0518 17.8625 -1.52678
      vertex -13.0336 17.8625 -1.54325
      vertex -13.0429 17.8625 -1.53524
    endloop
  endfacet
  facet normal 0 1 0
    outer loop
      vertex -13.1104 17.8625 -0.765778
      vertex -13.125 17.8625 -0.85
      vertex -13.1142 17.8625 -0.777429
    endloop
  endfacet
  facet normal 0 1 0
    outer loop
      vertex -11.7836 17.8625 0.343253
      vertex -11.625 17.8625 -2.6
      vertex -11.7836 17.8625 -2.54325
    endloop
  endfacet
  facet normal 0 1 0
    outer loop
      vertex -11.7836 17.8625 -2.54325
      vertex -11.625 17.8625 -2.6
      vertex -11.7739 17.8625 -2.5508
    endloop
  endfacet
  facet normal 0 1 0
    outer loop
      vertex -11.7739 17.8625 -2.5508
      vertex -11.625 17.8625 -2.6
      vertex -11.7639 17.8625 -2.55787
    endloop
  endfacet
  facet normal 0 1 0
    outer loop
      vertex -11.7639 17.8625 -2.55787
      vertex -11.625 17.8625 -2.6
      vertex -11.7535 17.8625 -2.56443
    endloop
  endfacet
  facet normal 0 1 0
    outer loop
      vertex -11.7535 17.8625 -2.56443
      vertex -11.625 17.8625 -2.6
      vertex -11.7428 17.8625 -2.57048
    endloop
  endfacet
  facet normal 0 1 0
    outer loop
      vertex -11.7428 17.8625 -2.57048
      vertex -11.625 17.8625 -2.6
      vertex -11.7319 17.8625 -2.576
    endloop
  endfacet
  facet normal 0 1 0
    outer loop
      vertex -11.7319 17.8625 -2.576
      vertex -11.625 17.8625 -2.6
      vertex -11.7207 17.8625 -2.58097
    endloop
  endfacet
  facet normal 0 1 0
    outer loop
      vertex -11.7207 17.8625 -2.58097
      vertex -11.625 17.8625 -2.6
      vertex -11.7092 17.8625 -2.58539
    endloop
  endfacet
  facet normal 0 1 0
    outer loop
      vertex -11.7092 17.8625 -2.58539
      vertex -11.625 17.8625 -2.6
      vertex -11.6976 17.8625 -2.58923
    endloop
  endfacet
  facet normal 0 1 0
    outer loop
      vertex -11.6976 17.8625 -2.58923
      vertex -11.625 17.8625 -2.6
      vertex -11.6857 17.8625 -2.59251
    endloop
  endfacet
  facet normal 0 1 0
    outer loop
      vertex -11.6857 17.8625 -2.59251
      vertex -11.625 17.8625 -2.6
      vertex -11.6738 17.8625 -2.5952
    endloop
  endfacet
  facet normal 0 1 0
    outer loop
      vertex -11.6738 17.8625 -2.5952
      vertex -11.625 17.8625 -2.6
      vertex -11.6617 17.8625 -2.59729
    endloop
  endfacet
  facet normal 0 1 0
    outer loop
      vertex -11.6617 17.8625 -2.59729
      vertex -11.625 17.8625 -2.6
      vertex -11.6495 17.8625 -2.5988
    endloop
  endfacet
  facet normal 0 1 0
    outer loop
      vertex -11.625 17.8625 -2.6
      vertex -9.75 17.8625 0.4
      vertex -9.75 17.8625 -2.6
    endloop
  endfacet
  facet normal 0 1 0
    outer loop
      vertex -11.6495 17.8625 -2.5988
      vertex -11.625 17.8625 -2.6
      vertex -11.6373 17.8625 -2.5997
    endloop
  endfacet
  facet normal 0 1 0
    outer loop
      vertex 11.7836 17.8625 0.343253
      vertex 11.625 17.8625 0.4
      vertex 11.6373 17.8625 0.399699
    endloop
  endfacet
  facet normal 0 1 0
    outer loop
      vertex 11.7836 17.8625 0.343253
      vertex 11.6373 17.8625 0.399699
      vertex 11.6495 17.8625 0.398796
    endloop
  endfacet
  facet normal 0 1 0
    outer loop
      vertex 11.7836 17.8625 0.343253
      vertex 11.6495 17.8625 0.398796
      vertex 11.6617 17.8625 0.397293
    endloop
  endfacet
  facet normal 0 1 0
    outer loop
      vertex 11.7836 17.8625 0.343253
      vertex 11.6617 17.8625 0.397293
      vertex 11.6738 17.8625 0.395195
    endloop
  endfacet
  facet normal 0 1 0
    outer loop
      vertex 11.7836 17.8625 0.343253
      vertex 11.6738 17.8625 0.395195
      vertex 11.6857 17.8625 0.392507
    endloop
  endfacet
  facet normal 0 1 0
    outer loop
      vertex 11.7836 17.8625 0.343253
      vertex 11.6857 17.8625 0.392507
      vertex 11.6976 17.8625 0.389235
    endloop
  endfacet
  facet normal 0 1 0
    outer loop
      vertex 11.7836 17.8625 0.343253
      vertex 11.6976 17.8625 0.389235
      vertex 11.7092 17.8625 0.385386
    endloop
  endfacet
  facet normal 0 1 0
    outer loop
      vertex 11.7836 17.8625 0.343253
      vertex 11.7092 17.8625 0.385386
      vertex 11.7207 17.8625 0.380969
    endloop
  endfacet
  facet normal 0 1 0
    outer loop
      vertex 11.7836 17.8625 0.343253
      vertex 11.7207 17.8625 0.380969
      vertex 11.7319 17.8625 0.375997
    endloop
  endfacet
  facet normal 0 1 0
    outer loop
      vertex 11.7836 17.8625 0.343253
      vertex 11.7319 17.8625 0.375997
      vertex 11.7428 17.8625 0.37048
    endloop
  endfacet
  facet normal 0 1 0
    outer loop
      vertex 11.7836 17.8625 0.343253
      vertex 11.7428 17.8625 0.37048
      vertex 11.7535 17.8625 0.364432
    endloop
  endfacet
  facet normal 0 1 0
    outer loop
      vertex 11.7836 17.8625 0.343253
      vertex 11.7535 17.8625 0.364432
      vertex 11.7639 17.8625 0.357867
    endloop
  endfacet
  facet normal 0 1 0
    outer loop
      vertex 11.7836 17.8625 0.343253
      vertex 11.7639 17.8625 0.357867
      vertex 11.7739 17.8625 0.350802
    endloop
  endfacet
  facet normal 0 1 0
    outer loop
      vertex 11.625 17.8625 0.4
      vertex 11.7836 17.8625 0.343253
      vertex 11.625 17.8625 -2.6
    endloop
  endfacet
  facet normal 0 1 0
    outer loop
      vertex 11.7836 17.8625 -2.54325
      vertex 11.7836 17.8625 0.343253
      vertex 13.0336 17.8625 -0.656747
    endloop
  endfacet
  facet normal 0 1 0
    outer loop
      vertex 13.125 17.8625 -0.85
      vertex 13.0336 17.8625 -0.656747
      vertex 13.0429 17.8625 -0.664763
    endloop
  endfacet
  facet normal 0 1 0
    outer loop
      vertex 13.125 17.8625 -0.85
      vertex 13.0429 17.8625 -0.664763
      vertex 13.0518 17.8625 -0.673224
    endloop
  endfacet
  facet normal 0 1 0
    outer loop
      vertex 13.125 17.8625 -0.85
      vertex 13.0518 17.8625 -0.673224
      vertex 13.0602 17.8625 -0.68211
    endloop
  endfacet
  facet normal 0 1 0
    outer loop
      vertex 13.125 17.8625 -0.85
      vertex 13.0602 17.8625 -0.68211
      vertex 13.0683 17.8625 -0.691402
    endloop
  endfacet
  facet normal 0 1 0
    outer loop
      vertex 13.125 17.8625 -0.85
      vertex 13.0683 17.8625 -0.691402
      vertex 13.0758 17.8625 -0.701076
    endloop
  endfacet
  facet normal 0 1 0
    outer loop
      vertex 13.125 17.8625 -0.85
      vertex 13.0758 17.8625 -0.701076
      vertex 13.0829 17.8625 -0.711108
    endloop
  endfacet
  facet normal 0 1 0
    outer loop
      vertex 13.125 17.8625 -0.85
      vertex 13.0829 17.8625 -0.711108
      vertex 13.0894 17.8625 -0.721475
    endloop
  endfacet
  facet normal 0 1 0
    outer loop
      vertex 13.125 17.8625 -0.85
      vertex 13.0894 17.8625 -0.721475
      vertex 13.0955 17.8625 -0.732152
    endloop
  endfacet
  facet normal 0 1 0
    outer loop
      vertex 13.125 17.8625 -0.85
      vertex 13.0955 17.8625 -0.732152
      vertex 13.101 17.8625 -0.743111
    endloop
  endfacet
  facet normal 0 1 0
    outer loop
      vertex 13.125 17.8625 -0.85
      vertex 13.101 17.8625 -0.743111
      vertex 13.106 17.8625 -0.754329
    endloop
  endfacet
  facet normal 0 1 0
    outer loop
      vertex 13.125 17.8625 -0.85
      vertex 13.106 17.8625 -0.754329
      vertex 13.1104 17.8625 -0.765778
    endloop
  endfacet
  facet normal 0 1 0
    outer loop
      vertex 13.125 17.8625 -0.85
      vertex 13.1104 17.8625 -0.765778
      vertex 13.1142 17.8625 -0.777429
    endloop
  endfacet
  facet normal 0 1 0
    outer loop
      vertex 13.125 17.8625 -0.85
      vertex 13.1142 17.8625 -0.777429
      vertex 13.1175 17.8625 -0.789256
    endloop
  endfacet
  facet normal 0 1 0
    outer loop
      vertex 13.125 17.8625 -0.85
      vertex 13.1175 17.8625 -0.789256
      vertex 13.1202 17.8625 -0.801228
    endloop
  endfacet
  facet normal 0 1 0
    outer loop
      vertex 13.125 17.8625 -0.85
      vertex 13.1202 17.8625 -0.801228
      vertex 13.1223 17.8625 -0.813318
    endloop
  endfacet
  facet normal 0 1 0
    outer loop
      vertex 13.125 17.8625 -0.85
      vertex 13.1223 17.8625 -0.813318
      vertex 13.1238 17.8625 -0.825496
    endloop
  endfacet
  facet normal 0 1 0
    outer loop
      vertex 13.125 17.8625 -0.85
      vertex 13.1238 17.8625 -0.825496
      vertex 13.1247 17.8625 -0.837734
    endloop
  endfacet
  facet normal 0 1 0
    outer loop
      vertex 13.0336 17.8625 -0.656747
      vertex 13.125 17.8625 -0.85
      vertex 13.0336 17.8625 -1.54325
    endloop
  endfacet
  facet normal 0 1 0
    outer loop
      vertex 13.0336 17.8625 -1.54325
      vertex 13.125 17.8625 -0.85
      vertex 13.125 17.8625 -1.35
    endloop
  endfacet
  facet normal 0 1 0
    outer loop
      vertex 13.0336 17.8625 -1.54325
      vertex 13.125 17.8625 -1.35
      vertex 13.1247 17.8625 -1.36227
    endloop
  endfacet
  facet normal 0 1 0
    outer loop
      vertex 13.0336 17.8625 -1.54325
      vertex 13.1247 17.8625 -1.36227
      vertex 13.1238 17.8625 -1.3745
    endloop
  endfacet
  facet normal 0 1 0
    outer loop
      vertex 13.0336 17.8625 -1.54325
      vertex 13.1238 17.8625 -1.3745
      vertex 13.1223 17.8625 -1.38668
    endloop
  endfacet
  facet normal 0 1 0
    outer loop
      vertex 13.0336 17.8625 -1.54325
      vertex 13.1223 17.8625 -1.38668
      vertex 13.1202 17.8625 -1.39877
    endloop
  endfacet
  facet normal 0 1 0
    outer loop
      vertex 13.0336 17.8625 -1.54325
      vertex 13.1202 17.8625 -1.39877
      vertex 13.1175 17.8625 -1.41074
    endloop
  endfacet
  facet normal 0 1 0
    outer loop
      vertex 13.0336 17.8625 -1.54325
      vertex 13.1175 17.8625 -1.41074
      vertex 13.1142 17.8625 -1.42257
    endloop
  endfacet
  facet normal 0 1 0
    outer loop
      vertex 13.0336 17.8625 -1.54325
      vertex 13.1142 17.8625 -1.42257
      vertex 13.1104 17.8625 -1.43422
    endloop
  endfacet
  facet normal 0 1 0
    outer loop
      vertex 13.0336 17.8625 -1.54325
      vertex 13.1104 17.8625 -1.43422
      vertex 13.106 17.8625 -1.44567
    endloop
  endfacet
  facet normal 0 1 0
    outer loop
      vertex 13.0336 17.8625 -1.54325
      vertex 13.106 17.8625 -1.44567
      vertex 13.101 17.8625 -1.45689
    endloop
  endfacet
  facet normal 0 1 0
    outer loop
      vertex 13.0336 17.8625 -1.54325
      vertex 13.101 17.8625 -1.45689
      vertex 13.0955 17.8625 -1.46785
    endloop
  endfacet
  facet normal 0 1 0
    outer loop
      vertex 13.0336 17.8625 -1.54325
      vertex 13.0955 17.8625 -1.46785
      vertex 13.0894 17.8625 -1.47852
    endloop
  endfacet
  facet normal 0 1 0
    outer loop
      vertex 13.0336 17.8625 -1.54325
      vertex 13.0894 17.8625 -1.47852
      vertex 13.0829 17.8625 -1.48889
    endloop
  endfacet
  facet normal 0 1 0
    outer loop
      vertex 13.0336 17.8625 -1.54325
      vertex 13.0829 17.8625 -1.48889
      vertex 13.0758 17.8625 -1.49892
    endloop
  endfacet
  facet normal 0 1 0
    outer loop
      vertex 13.0336 17.8625 -1.54325
      vertex 13.0758 17.8625 -1.49892
      vertex 13.0683 17.8625 -1.5086
    endloop
  endfacet
  facet normal 0 1 0
    outer loop
      vertex 13.0336 17.8625 -1.54325
      vertex 13.0683 17.8625 -1.5086
      vertex 13.0602 17.8625 -1.51789
    endloop
  endfacet
  facet normal 0 1 0
    outer loop
      vertex 13.0336 17.8625 -1.54325
      vertex 13.0602 17.8625 -1.51789
      vertex 13.0518 17.8625 -1.52678
    endloop
  endfacet
  facet normal 0 1 0
    outer loop
      vertex 13.0336 17.8625 -1.54325
      vertex 13.0518 17.8625 -1.52678
      vertex 13.0429 17.8625 -1.53524
    endloop
  endfacet
  facet normal 0 1 0
    outer loop
      vertex 13.0336 17.8625 -0.656747
      vertex 13.0336 17.8625 -1.54325
      vertex 11.7836 17.8625 -2.54325
    endloop
  endfacet
  facet normal 0 1 0
    outer loop
      vertex 11.625 17.8625 -2.6
      vertex 11.7836 17.8625 0.343253
      vertex 11.7836 17.8625 -2.54325
    endloop
  endfacet
  facet normal 0 1 0
    outer loop
      vertex 11.625 17.8625 -2.6
      vertex 11.7836 17.8625 -2.54325
      vertex 11.7739 17.8625 -2.5508
    endloop
  endfacet
  facet normal 0 1 0
    outer loop
      vertex 11.625 17.8625 -2.6
      vertex 11.7739 17.8625 -2.5508
      vertex 11.7639 17.8625 -2.55787
    endloop
  endfacet
  facet normal 0 1 0
    outer loop
      vertex 11.625 17.8625 -2.6
      vertex 11.7639 17.8625 -2.55787
      vertex 11.7535 17.8625 -2.56443
    endloop
  endfacet
  facet normal 0 1 0
    outer loop
      vertex 11.625 17.8625 -2.6
      vertex 11.7535 17.8625 -2.56443
      vertex 11.7428 17.8625 -2.57048
    endloop
  endfacet
  facet normal 0 1 0
    outer loop
      vertex 11.625 17.8625 -2.6
      vertex 11.7428 17.8625 -2.57048
      vertex 11.7319 17.8625 -2.576
    endloop
  endfacet
  facet normal 0 1 0
    outer loop
      vertex 11.625 17.8625 -2.6
      vertex 11.7319 17.8625 -2.576
      vertex 11.7207 17.8625 -2.58097
    endloop
  endfacet
  facet normal 0 1 0
    outer loop
      vertex 11.625 17.8625 -2.6
      vertex 11.7207 17.8625 -2.58097
      vertex 11.7092 17.8625 -2.58539
    endloop
  endfacet
  facet normal 0 1 0
    outer loop
      vertex 11.625 17.8625 -2.6
      vertex 11.7092 17.8625 -2.58539
      vertex 11.6976 17.8625 -2.58923
    endloop
  endfacet
  facet normal 0 1 0
    outer loop
      vertex 11.625 17.8625 -2.6
      vertex 11.6976 17.8625 -2.58923
      vertex 11.6857 17.8625 -2.59251
    endloop
  endfacet
  facet normal 0 1 0
    outer loop
      vertex 11.625 17.8625 -2.6
      vertex 11.6857 17.8625 -2.59251
      vertex 11.6738 17.8625 -2.5952
    endloop
  endfacet
  facet normal 0 1 0
    outer loop
      vertex 11.625 17.8625 -2.6
      vertex 11.6738 17.8625 -2.5952
      vertex 11.6617 17.8625 -2.59729
    endloop
  endfacet
  facet normal 0 1 0
    outer loop
      vertex 11.625 17.8625 -2.6
      vertex 11.6617 17.8625 -2.59729
      vertex 11.6495 17.8625 -2.5988
    endloop
  endfacet
  facet normal 0 1 0
    outer loop
      vertex 11.625 17.8625 -2.6
      vertex 11.6495 17.8625 -2.5988
      vertex 11.6373 17.8625 -2.5997
    endloop
  endfacet
  facet normal 0 1 0
    outer loop
      vertex 11.625 17.8625 0.4
      vertex 11.625 17.8625 -2.6
      vertex 9.75 17.8625 0.4
    endloop
  endfacet
  facet normal 0 1 0
    outer loop
      vertex 9.75 17.8625 0.4
      vertex 11.625 17.8625 -2.6
      vertex 9.75 17.8625 -2.6
    endloop
  endfacet
  facet normal 0.997307 -0 0.0733434
    outer loop
      vertex 13.1238 -45.0625 -0.825496
      vertex 13.1247 17.8625 -0.837734
      vertex 13.1238 17.8625 -0.825496
    endloop
  endfacet
  facet normal 0.997307 0 0.0733434
    outer loop
      vertex 13.1247 17.8625 -0.837734
      vertex 13.1238 -45.0625 -0.825496
      vertex 13.1247 -45.0625 -0.837734
    endloop
  endfacet
  facet normal -0.753732 0 -0.657182
    outer loop
      vertex -13.0602 -45.0625 -1.51789
      vertex -13.0683 17.8625 -1.5086
      vertex -13.0602 17.8625 -1.51789
    endloop
  endfacet
  facet normal -0.753732 -0 -0.657182
    outer loop
      vertex -13.0683 17.8625 -1.5086
      vertex -13.0602 -45.0625 -1.51789
      vertex -13.0683 -45.0625 -1.5086
    endloop
  endfacet
  facet normal -0.963226 0 -0.268694
    outer loop
      vertex -13.1142 -45.0625 -1.42257
      vertex -13.1175 17.8625 -1.41074
      vertex -13.1142 17.8625 -1.42257
    endloop
  endfacet
  facet normal -0.963226 -0 -0.268694
    outer loop
      vertex -13.1175 17.8625 -1.41074
      vertex -13.1142 -45.0625 -1.42257
      vertex -13.1175 -45.0625 -1.41074
    endloop
  endfacet
  facet normal -0.220331 -1.58712e-21 0.975425
    outer loop
      vertex -11.6857 17.8625 0.392507
      vertex -11.6738 -45.0625 0.395195
      vertex -11.6738 17.8625 0.395195
    endloop
  endfacet
  facet normal -0.220331 -1.58712e-21 0.975425
    outer loop
      vertex -11.6738 -45.0625 0.395195
      vertex -11.6857 17.8625 0.392507
      vertex -11.6857 -45.0625 0.392507
    endloop
  endfacet
  facet normal -0.997307 0 0.0733434
    outer loop
      vertex -13.1247 -45.0625 -0.837734
      vertex -13.1238 17.8625 -0.825496
      vertex -13.1247 17.8625 -0.837734
    endloop
  endfacet
  facet normal -0.997307 0 0.0733434
    outer loop
      vertex -13.1238 17.8625 -0.825496
      vertex -13.1247 -45.0625 -0.837734
      vertex -13.1238 -45.0625 -0.825496
    endloop
  endfacet
  facet normal -0.726854 0 -0.686792
    outer loop
      vertex -13.0518 -45.0625 -1.52678
      vertex -13.0602 17.8625 -1.51789
      vertex -13.0518 17.8625 -1.52678
    endloop
  endfacet
  facet normal -0.726854 -0 -0.686792
    outer loop
      vertex -13.0602 17.8625 -1.51789
      vertex -13.0518 -45.0625 -1.52678
      vertex -13.0602 -45.0625 -1.51789
    endloop
  endfacet
  facet normal -0.93344 0 0.358733
    outer loop
      vertex -13.1104 -45.0625 -0.765778
      vertex -13.106 17.8625 -0.754329
      vertex -13.1104 17.8625 -0.765778
    endloop
  endfacet
  facet normal -0.93344 0 0.358733
    outer loop
      vertex -13.106 17.8625 -0.754329
      vertex -13.1104 -45.0625 -0.765778
      vertex -13.106 -45.0625 -0.754329
    endloop
  endfacet
  facet normal 0.0735706 2.39886e-22 -0.99729
    outer loop
      vertex 11.6373 -45.0625 -2.5997
      vertex 11.6495 17.8625 -2.5988
      vertex 11.6495 -45.0625 -2.5988
    endloop
  endfacet
  facet normal 0.0735706 2.39886e-22 -0.99729
    outer loop
      vertex 11.6495 17.8625 -2.5988
      vertex 11.6373 -45.0625 -2.5997
      vertex 11.6373 17.8625 -2.5997
    endloop
  endfacet
  facet normal 0.726854 0 -0.686792
    outer loop
      vertex 13.0602 -45.0625 -1.51789
      vertex 13.0518 17.8625 -1.52678
      vertex 13.0602 17.8625 -1.51789
    endloop
  endfacet
  facet normal 0.726854 0 -0.686792
    outer loop
      vertex 13.0518 17.8625 -1.52678
      vertex 13.0602 -45.0625 -1.51789
      vertex 13.0518 -45.0625 -1.52678
    endloop
  endfacet
  facet normal 0.688963 -8.12266e-21 -0.724796
    outer loop
      vertex 13.0429 -45.0625 -1.53524
      vertex 13.0518 17.8625 -1.52678
      vertex 13.0518 -45.0625 -1.52678
    endloop
  endfacet
  facet normal 0.688963 -8.12266e-21 -0.724796
    outer loop
      vertex 13.0518 17.8625 -1.52678
      vertex 13.0429 -45.0625 -1.53524
      vertex 13.0429 17.8625 -1.53524
    endloop
  endfacet
  facet normal 0.358549 -3.94877e-21 0.933511
    outer loop
      vertex 11.7092 17.8625 0.385386
      vertex 11.7207 -45.0625 0.380969
      vertex 11.7207 17.8625 0.380969
    endloop
  endfacet
  facet normal 0.358549 -3.94877e-21 0.933511
    outer loop
      vertex 11.7207 -45.0625 0.380969
      vertex 11.7092 17.8625 0.385386
      vertex 11.7092 -45.0625 0.385386
    endloop
  endfacet
  facet normal -0.868283 0 0.496069
    outer loop
      vertex -13.0955 -45.0625 -0.732152
      vertex -13.0894 17.8625 -0.721475
      vertex -13.0955 17.8625 -0.732152
    endloop
  endfacet
  facet normal -0.868283 0 0.496069
    outer loop
      vertex -13.0894 17.8625 -0.721475
      vertex -13.0955 -45.0625 -0.732152
      vertex -13.0894 -45.0625 -0.721475
    endloop
  endfacet
  facet normal 0 1 -0
    outer loop
      vertex 2.14785 -7.1375 -1.6
      vertex -2.14785 -7.1375 -0.6
      vertex 2.14785 -7.1375 -0.6
    endloop
  endfacet
  facet normal 0 1 0
    outer loop
      vertex -2.14785 -7.1375 -0.6
      vertex 2.14785 -7.1375 -1.6
      vertex -2.14785 -7.1375 -1.6
    endloop
  endfacet
  facet normal 0 1 0
    outer loop
      vertex 2.14785 -7.1375 -0.6
      vertex 9.75 -7.1375 0.4
      vertex 3.64785 -7.1375 -0.6
    endloop
  endfacet
  facet normal 0 1 0
    outer loop
      vertex 9.75 -7.1375 0.4
      vertex 3.64785 -7.1375 -1.6
      vertex 3.64785 -7.1375 -0.6
    endloop
  endfacet
  facet normal 0 1 0
    outer loop
      vertex 9.75 -7.1375 -2.6
      vertex 2.14785 -7.1375 -1.6
      vertex 3.64785 -7.1375 -1.6
    endloop
  endfacet
  facet normal 0 1 0
    outer loop
      vertex 2.14785 -7.1375 -1.6
      vertex 9.75 -7.1375 -2.6
      vertex -2.14785 -7.1375 -1.6
    endloop
  endfacet
  facet normal 0 1 0
    outer loop
      vertex -9.75 -7.1375 -2.6
      vertex -2.14785 -7.1375 -1.6
      vertex 9.75 -7.1375 -2.6
    endloop
  endfacet
  facet normal 0 1 -0
    outer loop
      vertex 9.75 -7.1375 -2.6
      vertex 3.64785 -7.1375 -1.6
      vertex 9.75 -7.1375 0.4
    endloop
  endfacet
  facet normal 0 1 0
    outer loop
      vertex 9.75 -7.1375 0.4
      vertex 2.14785 -7.1375 -0.6
      vertex -9.75 -7.1375 0.4
    endloop
  endfacet
  facet normal 0 1 -0
    outer loop
      vertex -2.14785 -7.1375 -0.6
      vertex -9.75 -7.1375 0.4
      vertex 2.14785 -7.1375 -0.6
    endloop
  endfacet
  facet normal 0 1 -0
    outer loop
      vertex -3.64785 -7.1375 -0.6
      vertex -9.75 -7.1375 0.4
      vertex -2.14785 -7.1375 -0.6
    endloop
  endfacet
  facet normal 0 1 -0
    outer loop
      vertex -3.64785 -7.1375 -1.6
      vertex -9.75 -7.1375 0.4
      vertex -3.64785 -7.1375 -0.6
    endloop
  endfacet
  facet normal 0 1 0
    outer loop
      vertex -3.64785 -7.1375 -1.6
      vertex -9.75 -7.1375 -2.6
      vertex -9.75 -7.1375 0.4
    endloop
  endfacet
  facet normal 0 1 0
    outer loop
      vertex -2.14785 -7.1375 -1.6
      vertex -9.75 -7.1375 -2.6
      vertex -3.64785 -7.1375 -1.6
    endloop
  endfacet
  facet normal -1 0 0
    outer loop
      vertex 9.75 -7.1375 -2.6
      vertex 9.75 17.8625 0.4
      vertex 9.75 17.8625 -2.6
    endloop
  endfacet
  facet normal -1 -0 0
    outer loop
      vertex 9.75 17.8625 0.4
      vertex 9.75 -7.1375 -2.6
      vertex 9.75 -7.1375 0.4
    endloop
  endfacet
  facet normal 1 -0 0
    outer loop
      vertex -9.75 -7.1375 0.4
      vertex -9.75 17.8625 -2.6
      vertex -9.75 17.8625 0.4
    endloop
  endfacet
  facet normal 1 0 0
    outer loop
      vertex -9.75 17.8625 -2.6
      vertex -9.75 -7.1375 0.4
      vertex -9.75 -7.1375 -2.6
    endloop
  endfacet
  facet normal 0 0 -1
    outer loop
      vertex -3.64785 -7.1375 -1.6
      vertex -2.22432 -7.02 -1.6
      vertex -2.14785 -7.1375 -1.6
    endloop
  endfacet
  facet normal -0 0 -1
    outer loop
      vertex -2.22432 -7.02 -1.6
      vertex -3.64785 -7.1375 -1.6
      vertex -2.7549 -6.47999 -1.6
    endloop
  endfacet
  facet normal 0 0 -1
    outer loop
      vertex -3.72432 -7.02 -1.6
      vertex -2.7549 -6.47999 -1.6
      vertex -3.64785 -7.1375 -1.6
    endloop
  endfacet
  facet normal -0 0 -1
    outer loop
      vertex -2.7549 -6.47999 -1.6
      vertex -3.72432 -7.02 -1.6
      vertex -3.39012 -5.94 -1.6
    endloop
  endfacet
  facet normal 0 0 -1
    outer loop
      vertex -4.25488 -6.47999 -1.6
      vertex -3.39012 -5.94 -1.6
      vertex -3.72432 -7.02 -1.6
    endloop
  endfacet
  facet normal -0 0 -1
    outer loop
      vertex -3.39012 -5.94 -1.6
      vertex -4.25488 -6.47999 -1.6
      vertex -4.04079 -5.39999 -1.6
    endloop
  endfacet
  facet normal 0 0 -1
    outer loop
      vertex -4.89011 -5.94 -1.6
      vertex -4.04079 -5.39999 -1.6
      vertex -4.25488 -6.47999 -1.6
    endloop
  endfacet
  facet normal -0 0 -1
    outer loop
      vertex -4.04079 -5.39999 -1.6
      vertex -4.89011 -5.94 -1.6
      vertex -4.61548 -4.85999 -1.6
    endloop
  endfacet
  facet normal 0 0 -1
    outer loop
      vertex -5.54077 -5.39999 -1.6
      vertex -4.61548 -4.85999 -1.6
      vertex -4.89011 -5.94 -1.6
    endloop
  endfacet
  facet normal -0 0 -1
    outer loop
      vertex -4.61548 -4.85999 -1.6
      vertex -5.54077 -5.39999 -1.6
      vertex -5.03352 -4.31999 -1.6
    endloop
  endfacet
  facet normal 0 0 -1
    outer loop
      vertex -6.11548 -4.85999 -1.6
      vertex -5.03352 -4.31999 -1.6
      vertex -5.54077 -5.39999 -1.6
    endloop
  endfacet
  facet normal -0 0 -1
    outer loop
      vertex -5.03352 -4.31999 -1.6
      vertex -6.11548 -4.85999 -1.6
      vertex -5.23619 -3.77999 -1.6
    endloop
  endfacet
  facet normal 0 0 -1
    outer loop
      vertex -5.23619 -3.77999 -1.6
      vertex -5.93768 -2.16 -1.6
      vertex -5.32791 -1.61999 -1.6
    endloop
  endfacet
  facet normal 0 0 -1
    outer loop
      vertex -6.53352 -4.31999 -1.6
      vertex -5.23619 -3.77999 -1.6
      vertex -6.11548 -4.85999 -1.6
    endloop
  endfacet
  facet normal 0 0 -1
    outer loop
      vertex -5.23619 -3.77999 -1.6
      vertex -6.41577 -2.69999 -1.6
      vertex -5.93768 -2.16 -1.6
    endloop
  endfacet
  facet normal 0 0 -1
    outer loop
      vertex -6.73619 -3.77999 -1.6
      vertex -5.23619 -3.77999 -1.6
      vertex -6.53352 -4.31999 -1.6
    endloop
  endfacet
  facet normal 0 0 -1
    outer loop
      vertex -5.23619 -3.77999 -1.6
      vertex -6.69501 -3.24 -1.6
      vertex -6.41577 -2.69999 -1.6
    endloop
  endfacet
  facet normal 0 0 -1
    outer loop
      vertex -5.23619 -3.77999 -1.6
      vertex -6.73619 -3.77999 -1.6
      vertex -6.69501 -3.24 -1.6
    endloop
  endfacet
  facet normal 0 0 -1
    outer loop
      vertex -1.80499 0.540015 -1.6
      vertex -3.30499 0.540015 -1.6
      vertex -3.26381 1.08001 -1.6
    endloop
  endfacet
  facet normal 0 0 -1
    outer loop
      vertex -2.56232 -0.539987 -1.6
      vertex -3.58423 6.10352e-06 -1.6
      vertex -3.30499 0.540015 -1.6
    endloop
  endfacet
  facet normal 0 0 -1
    outer loop
      vertex -4.06232 -0.539987 -1.6
      vertex -3.17209 -1.08 -1.6
      vertex -3.82793 -1.61999 -1.6
    endloop
  endfacet
  facet normal 0 0 -1
    outer loop
      vertex -3.17209 -1.08 -1.6
      vertex -4.06232 -0.539987 -1.6
      vertex -3.58423 6.10352e-06 -1.6
    endloop
  endfacet
  facet normal 0 0 -1
    outer loop
      vertex -4.67207 -1.08 -1.6
      vertex -3.82793 -1.61999 -1.6
      vertex -4.43768 -2.16 -1.6
    endloop
  endfacet
  facet normal 0 0 -1
    outer loop
      vertex -3.82793 -1.61999 -1.6
      vertex -4.67207 -1.08 -1.6
      vertex -4.06232 -0.539987 -1.6
    endloop
  endfacet
  facet normal 0 0 -1
    outer loop
      vertex -5.32791 -1.61999 -1.6
      vertex -4.43768 -2.16 -1.6
      vertex -4.91577 -2.69999 -1.6
    endloop
  endfacet
  facet normal 0 0 -1
    outer loop
      vertex -5.32791 -1.61999 -1.6
      vertex -4.91577 -2.69999 -1.6
      vertex -5.19501 -3.24 -1.6
    endloop
  endfacet
  facet normal 0 0 -1
    outer loop
      vertex -4.43768 -2.16 -1.6
      vertex -5.32791 -1.61999 -1.6
      vertex -4.67207 -1.08 -1.6
    endloop
  endfacet
  facet normal 0 0 -1
    outer loop
      vertex -5.32791 -1.61999 -1.6
      vertex -5.19501 -3.24 -1.6
      vertex -5.23619 -3.77999 -1.6
    endloop
  endfacet
  facet normal 0 0 -1
    outer loop
      vertex -3.26381 1.08001 -1.6
      vertex -1.76381 1.08001 -1.6
      vertex -1.80499 0.540015 -1.6
    endloop
  endfacet
  facet normal 0 0 -1
    outer loop
      vertex -3.30499 0.540015 -1.6
      vertex -1.80499 0.540015 -1.6
      vertex -2.08423 6.10352e-06 -1.6
    endloop
  endfacet
  facet normal 0 0 -1
    outer loop
      vertex -1.76381 1.08001 -1.6
      vertex -3.26381 1.08001 -1.6
      vertex -1.96648 1.62 -1.6
    endloop
  endfacet
  facet normal 0 0 -1
    outer loop
      vertex -3.30499 0.540015 -1.6
      vertex -2.08423 6.10352e-06 -1.6
      vertex -2.56232 -0.539987 -1.6
    endloop
  endfacet
  facet normal -0 0 -1
    outer loop
      vertex -1.96648 1.62 -1.6
      vertex -3.26381 1.08001 -1.6
      vertex -2.38452 2.16001 -1.6
    endloop
  endfacet
  facet normal 0 0 -1
    outer loop
      vertex -3.58423 6.10352e-06 -1.6
      vertex -2.56232 -0.539987 -1.6
      vertex -3.17209 -1.08 -1.6
    endloop
  endfacet
  facet normal 0 0 -1
    outer loop
      vertex -3.46648 1.62 -1.6
      vertex -2.38452 2.16001 -1.6
      vertex -3.26381 1.08001 -1.6
    endloop
  endfacet
  facet normal -0 0 -1
    outer loop
      vertex -2.38452 2.16001 -1.6
      vertex -3.46648 1.62 -1.6
      vertex -2.95923 2.7 -1.6
    endloop
  endfacet
  facet normal 0 0 -1
    outer loop
      vertex -3.88452 2.16001 -1.6
      vertex -2.95923 2.7 -1.6
      vertex -3.46648 1.62 -1.6
    endloop
  endfacet
  facet normal -0 0 -1
    outer loop
      vertex -2.95923 2.7 -1.6
      vertex -3.88452 2.16001 -1.6
      vertex -3.60989 3.24001 -1.6
    endloop
  endfacet
  facet normal 0 0 -1
    outer loop
      vertex -4.45921 2.7 -1.6
      vertex -3.60989 3.24001 -1.6
      vertex -3.88452 2.16001 -1.6
    endloop
  endfacet
  facet normal -0 0 -1
    outer loop
      vertex -3.60989 3.24001 -1.6
      vertex -4.45921 2.7 -1.6
      vertex -4.24512 3.78 -1.6
    endloop
  endfacet
  facet normal 0 0 -1
    outer loop
      vertex -5.10988 3.24001 -1.6
      vertex -4.24512 3.78 -1.6
      vertex -4.45921 2.7 -1.6
    endloop
  endfacet
  facet normal -0 0 -1
    outer loop
      vertex -4.24512 3.78 -1.6
      vertex -5.10988 3.24001 -1.6
      vertex -4.77568 4.32001 -1.6
    endloop
  endfacet
  facet normal 0 0 -1
    outer loop
      vertex -5.7451 3.78 -1.6
      vertex -4.77568 4.32001 -1.6
      vertex -5.10988 3.24001 -1.6
    endloop
  endfacet
  facet normal -0 0 -1
    outer loop
      vertex -4.77568 4.32001 -1.6
      vertex -5.7451 3.78 -1.6
      vertex -5.12711 4.86001 -1.6
    endloop
  endfacet
  facet normal 0 0 -1
    outer loop
      vertex -6.27568 4.32001 -1.6
      vertex -5.12711 4.86001 -1.6
      vertex -5.7451 3.78 -1.6
    endloop
  endfacet
  facet normal 0 0 -1
    outer loop
      vertex -3.26381 9.72001 -1.6
      vertex -1.76381 9.72001 -1.6
      vertex -1.96648 9.18001 -1.6
    endloop
  endfacet
  facet normal 0 0 -1
    outer loop
      vertex -1.76381 9.72001 -1.6
      vertex -3.26381 9.72001 -1.6
      vertex -1.80499 10.26 -1.6
    endloop
  endfacet
  facet normal 0 0 -1
    outer loop
      vertex -3.26381 9.72001 -1.6
      vertex -1.96648 9.18001 -1.6
      vertex -2.38452 8.64001 -1.6
    endloop
  endfacet
  facet normal 0 0 -1
    outer loop
      vertex -3.30499 10.26 -1.6
      vertex -1.80499 10.26 -1.6
      vertex -3.26381 9.72001 -1.6
    endloop
  endfacet
  facet normal 0 0 -1
    outer loop
      vertex -3.46648 9.18001 -1.6
      vertex -2.38452 8.64001 -1.6
      vertex -2.95923 8.10001 -1.6
    endloop
  endfacet
  facet normal 0 0 -1
    outer loop
      vertex -1.80499 10.26 -1.6
      vertex -3.30499 10.26 -1.6
      vertex -2.08423 10.8 -1.6
    endloop
  endfacet
  facet normal -0 0 -1
    outer loop
      vertex -2.08423 10.8 -1.6
      vertex -3.30499 10.26 -1.6
      vertex -2.56232 11.34 -1.6
    endloop
  endfacet
  facet normal 0 0 -1
    outer loop
      vertex -2.38452 8.64001 -1.6
      vertex -3.46648 9.18001 -1.6
      vertex -3.26381 9.72001 -1.6
    endloop
  endfacet
  facet normal 0 0 -1
    outer loop
      vertex -3.88452 8.64001 -1.6
      vertex -2.95923 8.10001 -1.6
      vertex -3.60989 7.56 -1.6
    endloop
  endfacet
  facet normal 0 0 -1
    outer loop
      vertex -2.95923 8.10001 -1.6
      vertex -3.88452 8.64001 -1.6
      vertex -3.46648 9.18001 -1.6
    endloop
  endfacet
  facet normal 0 0 -1
    outer loop
      vertex -4.45921 8.10001 -1.6
      vertex -3.60989 7.56 -1.6
      vertex -4.24512 7.02001 -1.6
    endloop
  endfacet
  facet normal 0 0 -1
    outer loop
      vertex -3.60989 7.56 -1.6
      vertex -4.45921 8.10001 -1.6
      vertex -3.88452 8.64001 -1.6
    endloop
  endfacet
  facet normal 0 0 -1
    outer loop
      vertex -5.10988 7.56 -1.6
      vertex -4.24512 7.02001 -1.6
      vertex -4.77568 6.48 -1.6
    endloop
  endfacet
  facet normal 0 0 -1
    outer loop
      vertex -4.24512 7.02001 -1.6
      vertex -5.10988 7.56 -1.6
      vertex -4.45921 8.10001 -1.6
    endloop
  endfacet
  facet normal 0 0 -1
    outer loop
      vertex -5.7451 7.02001 -1.6
      vertex -4.77568 6.48 -1.6
      vertex -5.12711 5.94001 -1.6
    endloop
  endfacet
  facet normal 0 0 -1
    outer loop
      vertex -6.62711 5.94001 -1.6
      vertex -5.12711 5.94001 -1.6
      vertex -5.25 5.4 -1.6
    endloop
  endfacet
  facet normal 0 0 -1
    outer loop
      vertex -6.62711 4.86001 -1.6
      vertex -5.12711 4.86001 -1.6
      vertex -6.27568 4.32001 -1.6
    endloop
  endfacet
  facet normal 0 0 -1
    outer loop
      vertex -4.77568 6.48 -1.6
      vertex -5.7451 7.02001 -1.6
      vertex -5.10988 7.56 -1.6
    endloop
  endfacet
  facet normal 0 0 -1
    outer loop
      vertex -5.12711 4.86001 -1.6
      vertex -6.62711 4.86001 -1.6
      vertex -5.25 5.4 -1.6
    endloop
  endfacet
  facet normal 0 0 -1
    outer loop
      vertex -5.12711 5.94001 -1.6
      vertex -6.27568 6.48 -1.6
      vertex -5.7451 7.02001 -1.6
    endloop
  endfacet
  facet normal 0 0 -1
    outer loop
      vertex -6.75 5.4 -1.6
      vertex -5.25 5.4 -1.6
      vertex -6.62711 4.86001 -1.6
    endloop
  endfacet
  facet normal 0 0 -1
    outer loop
      vertex -5.12711 5.94001 -1.6
      vertex -6.62711 5.94001 -1.6
      vertex -6.27568 6.48 -1.6
    endloop
  endfacet
  facet normal 0 0 -1
    outer loop
      vertex -5.25 5.4 -1.6
      vertex -6.75 5.4 -1.6
      vertex -6.62711 5.94001 -1.6
    endloop
  endfacet
  facet normal 0 0 -1
    outer loop
      vertex -3.58423 10.8 -1.6
      vertex -2.56232 11.34 -1.6
      vertex -3.30499 10.26 -1.6
    endloop
  endfacet
  facet normal -0 0 -1
    outer loop
      vertex -2.56232 11.34 -1.6
      vertex -3.58423 10.8 -1.6
      vertex -3.17209 11.88 -1.6
    endloop
  endfacet
  facet normal 0 0 -1
    outer loop
      vertex -4.06232 11.34 -1.6
      vertex -3.17209 11.88 -1.6
      vertex -3.58423 10.8 -1.6
    endloop
  endfacet
  facet normal -0 0 -1
    outer loop
      vertex -3.17209 11.88 -1.6
      vertex -4.06232 11.34 -1.6
      vertex -3.82793 12.42 -1.6
    endloop
  endfacet
  facet normal 0 0 -1
    outer loop
      vertex -4.67207 11.88 -1.6
      vertex -3.82793 12.42 -1.6
      vertex -4.06232 11.34 -1.6
    endloop
  endfacet
  facet normal -0 0 -1
    outer loop
      vertex -3.82793 12.42 -1.6
      vertex -4.67207 11.88 -1.6
      vertex -4.43768 12.96 -1.6
    endloop
  endfacet
  facet normal 0 0 -1
    outer loop
      vertex -5.32791 12.42 -1.6
      vertex -4.43768 12.96 -1.6
      vertex -4.67207 11.88 -1.6
    endloop
  endfacet
  facet normal -0 0 -1
    outer loop
      vertex -4.43768 12.96 -1.6
      vertex -5.32791 12.42 -1.6
      vertex -4.91577 13.5 -1.6
    endloop
  endfacet
  facet normal -0 0 -1
    outer loop
      vertex -4.91577 13.5 -1.6
      vertex -5.93768 12.96 -1.6
      vertex -5.19501 14.04 -1.6
    endloop
  endfacet
  facet normal 0 0 -1
    outer loop
      vertex -5.93768 12.96 -1.6
      vertex -4.91577 13.5 -1.6
      vertex -5.32791 12.42 -1.6
    endloop
  endfacet
  facet normal 0 0 -1
    outer loop
      vertex -3.52584 18.125 -1.6
      vertex -2.22432 17.82 -1.6
      vertex -2.7549 17.28 -1.6
    endloop
  endfacet
  facet normal 0 0 -1
    outer loop
      vertex -3.72432 17.82 -1.6
      vertex -2.7549 17.28 -1.6
      vertex -3.39012 16.74 -1.6
    endloop
  endfacet
  facet normal 0 0 -1
    outer loop
      vertex -2.22432 17.82 -1.6
      vertex -3.52584 18.125 -1.6
      vertex -2.02584 18.125 -1.6
    endloop
  endfacet
  facet normal 0 0 -1
    outer loop
      vertex -2.7549 17.28 -1.6
      vertex -3.72432 17.82 -1.6
      vertex -3.52584 18.125 -1.6
    endloop
  endfacet
  facet normal 0 0 -1
    outer loop
      vertex -4.25488 17.28 -1.6
      vertex -3.39012 16.74 -1.6
      vertex -4.04079 16.2 -1.6
    endloop
  endfacet
  facet normal 0 0 -1
    outer loop
      vertex -3.39012 16.74 -1.6
      vertex -4.25488 17.28 -1.6
      vertex -3.72432 17.82 -1.6
    endloop
  endfacet
  facet normal 0 0 -1
    outer loop
      vertex -4.89011 16.74 -1.6
      vertex -4.04079 16.2 -1.6
      vertex -4.61548 15.66 -1.6
    endloop
  endfacet
  facet normal 0 0 -1
    outer loop
      vertex -4.04079 16.2 -1.6
      vertex -4.89011 16.74 -1.6
      vertex -4.25488 17.28 -1.6
    endloop
  endfacet
  facet normal 0 0 -1
    outer loop
      vertex -5.54077 16.2 -1.6
      vertex -4.61548 15.66 -1.6
      vertex -5.03352 15.12 -1.6
    endloop
  endfacet
  facet normal 0 0 -1
    outer loop
      vertex -6.11548 15.66 -1.6
      vertex -5.03352 15.12 -1.6
      vertex -5.23619 14.58 -1.6
    endloop
  endfacet
  facet normal 0 0 -1
    outer loop
      vertex -4.61548 15.66 -1.6
      vertex -5.54077 16.2 -1.6
      vertex -4.89011 16.74 -1.6
    endloop
  endfacet
  facet normal 0 0 -1
    outer loop
      vertex -6.41577 13.5 -1.6
      vertex -5.19501 14.04 -1.6
      vertex -5.93768 12.96 -1.6
    endloop
  endfacet
  facet normal 0 0 -1
    outer loop
      vertex -6.69501 14.04 -1.6
      vertex -5.19501 14.04 -1.6
      vertex -6.41577 13.5 -1.6
    endloop
  endfacet
  facet normal 0 0 -1
    outer loop
      vertex -5.03352 15.12 -1.6
      vertex -6.11548 15.66 -1.6
      vertex -5.54077 16.2 -1.6
    endloop
  endfacet
  facet normal 0 0 -1
    outer loop
      vertex -5.19501 14.04 -1.6
      vertex -6.69501 14.04 -1.6
      vertex -5.23619 14.58 -1.6
    endloop
  endfacet
  facet normal 0 0 -1
    outer loop
      vertex -5.23619 14.58 -1.6
      vertex -6.53352 15.12 -1.6
      vertex -6.11548 15.66 -1.6
    endloop
  endfacet
  facet normal 0 0 -1
    outer loop
      vertex -6.73619 14.58 -1.6
      vertex -5.23619 14.58 -1.6
      vertex -6.69501 14.04 -1.6
    endloop
  endfacet
  facet normal 0 0 -1
    outer loop
      vertex -5.23619 14.58 -1.6
      vertex -6.73619 14.58 -1.6
      vertex -6.53352 15.12 -1.6
    endloop
  endfacet
  facet normal -0 0 1
    outer loop
      vertex -3.52584 18.125 -0.6
      vertex -2.22432 17.82 -0.6
      vertex -2.02584 18.125 -0.6
    endloop
  endfacet
  facet normal 0 0 1
    outer loop
      vertex -2.22432 17.82 -0.6
      vertex -3.52584 18.125 -0.6
      vertex -2.7549 17.28 -0.6
    endloop
  endfacet
  facet normal -0 0 1
    outer loop
      vertex -3.72432 17.82 -0.6
      vertex -2.7549 17.28 -0.6
      vertex -3.52584 18.125 -0.6
    endloop
  endfacet
  facet normal 0 0 1
    outer loop
      vertex -2.7549 17.28 -0.6
      vertex -3.72432 17.82 -0.6
      vertex -3.39012 16.74 -0.6
    endloop
  endfacet
  facet normal -0 0 1
    outer loop
      vertex -4.25488 17.28 -0.6
      vertex -3.39012 16.74 -0.6
      vertex -3.72432 17.82 -0.6
    endloop
  endfacet
  facet normal 0 0 1
    outer loop
      vertex -3.39012 16.74 -0.6
      vertex -4.25488 17.28 -0.6
      vertex -4.04079 16.2 -0.6
    endloop
  endfacet
  facet normal -0 0 1
    outer loop
      vertex -4.89011 16.74 -0.6
      vertex -4.04079 16.2 -0.6
      vertex -4.25488 17.28 -0.6
    endloop
  endfacet
  facet normal 0 0 1
    outer loop
      vertex -4.04079 16.2 -0.6
      vertex -4.89011 16.74 -0.6
      vertex -4.61548 15.66 -0.6
    endloop
  endfacet
  facet normal -0 0 1
    outer loop
      vertex -5.54077 16.2 -0.6
      vertex -4.61548 15.66 -0.6
      vertex -4.89011 16.74 -0.6
    endloop
  endfacet
  facet normal 0 0 1
    outer loop
      vertex -4.61548 15.66 -0.6
      vertex -5.54077 16.2 -0.6
      vertex -5.03352 15.12 -0.6
    endloop
  endfacet
  facet normal -0 0 1
    outer loop
      vertex -6.11548 15.66 -0.6
      vertex -5.03352 15.12 -0.6
      vertex -5.54077 16.2 -0.6
    endloop
  endfacet
  facet normal 0 0 1
    outer loop
      vertex -5.03352 15.12 -0.6
      vertex -6.11548 15.66 -0.6
      vertex -5.23619 14.58 -0.6
    endloop
  endfacet
  facet normal 0 0 1
    outer loop
      vertex -5.23619 14.58 -0.6
      vertex -5.93768 12.96 -0.6
      vertex -5.32791 12.42 -0.6
    endloop
  endfacet
  facet normal -0 0 1
    outer loop
      vertex -6.53352 15.12 -0.6
      vertex -5.23619 14.58 -0.6
      vertex -6.11548 15.66 -0.6
    endloop
  endfacet
  facet normal 0 0 1
    outer loop
      vertex -5.23619 14.58 -0.6
      vertex -6.41577 13.5 -0.6
      vertex -5.93768 12.96 -0.6
    endloop
  endfacet
  facet normal 0 0 1
    outer loop
      vertex -6.73619 14.58 -0.6
      vertex -5.23619 14.58 -0.6
      vertex -6.53352 15.12 -0.6
    endloop
  endfacet
  facet normal 0 0 1
    outer loop
      vertex -5.23619 14.58 -0.6
      vertex -6.69501 14.04 -0.6
      vertex -6.41577 13.5 -0.6
    endloop
  endfacet
  facet normal 0 0 1
    outer loop
      vertex -5.23619 14.58 -0.6
      vertex -6.73619 14.58 -0.6
      vertex -6.69501 14.04 -0.6
    endloop
  endfacet
  facet normal 0 0 1
    outer loop
      vertex -1.80499 10.26 -0.6
      vertex -3.30499 10.26 -0.6
      vertex -3.26381 9.72001 -0.6
    endloop
  endfacet
  facet normal 0 0 1
    outer loop
      vertex -2.56232 11.34 -0.6
      vertex -3.58423 10.8 -0.6
      vertex -3.30499 10.26 -0.6
    endloop
  endfacet
  facet normal 0 0 1
    outer loop
      vertex -4.06232 11.34 -0.6
      vertex -3.17209 11.88 -0.6
      vertex -3.82793 12.42 -0.6
    endloop
  endfacet
  facet normal 0 0 1
    outer loop
      vertex -3.17209 11.88 -0.6
      vertex -4.06232 11.34 -0.6
      vertex -3.58423 10.8 -0.6
    endloop
  endfacet
  facet normal 0 0 1
    outer loop
      vertex -4.67207 11.88 -0.6
      vertex -3.82793 12.42 -0.6
      vertex -4.43768 12.96 -0.6
    endloop
  endfacet
  facet normal 0 0 1
    outer loop
      vertex -3.82793 12.42 -0.6
      vertex -4.67207 11.88 -0.6
      vertex -4.06232 11.34 -0.6
    endloop
  endfacet
  facet normal 0 0 1
    outer loop
      vertex -5.32791 12.42 -0.6
      vertex -4.43768 12.96 -0.6
      vertex -4.91577 13.5 -0.6
    endloop
  endfacet
  facet normal 0 0 1
    outer loop
      vertex -5.32791 12.42 -0.6
      vertex -4.91577 13.5 -0.6
      vertex -5.19501 14.04 -0.6
    endloop
  endfacet
  facet normal 0 0 1
    outer loop
      vertex -4.43768 12.96 -0.6
      vertex -5.32791 12.42 -0.6
      vertex -4.67207 11.88 -0.6
    endloop
  endfacet
  facet normal 0 0 1
    outer loop
      vertex -5.32791 12.42 -0.6
      vertex -5.19501 14.04 -0.6
      vertex -5.23619 14.58 -0.6
    endloop
  endfacet
  facet normal 0 0 1
    outer loop
      vertex -3.26381 9.72001 -0.6
      vertex -1.76381 9.72001 -0.6
      vertex -1.80499 10.26 -0.6
    endloop
  endfacet
  facet normal 0 0 1
    outer loop
      vertex -3.30499 10.26 -0.6
      vertex -1.80499 10.26 -0.6
      vertex -2.08423 10.8 -0.6
    endloop
  endfacet
  facet normal 0 0 1
    outer loop
      vertex -1.76381 9.72001 -0.6
      vertex -3.26381 9.72001 -0.6
      vertex -1.96648 9.18001 -0.6
    endloop
  endfacet
  facet normal 0 0 1
    outer loop
      vertex -3.30499 10.26 -0.6
      vertex -2.08423 10.8 -0.6
      vertex -2.56232 11.34 -0.6
    endloop
  endfacet
  facet normal 0 0 1
    outer loop
      vertex -1.96648 9.18001 -0.6
      vertex -3.26381 9.72001 -0.6
      vertex -2.38452 8.64001 -0.6
    endloop
  endfacet
  facet normal 0 0 1
    outer loop
      vertex -3.58423 10.8 -0.6
      vertex -2.56232 11.34 -0.6
      vertex -3.17209 11.88 -0.6
    endloop
  endfacet
  facet normal -0 0 1
    outer loop
      vertex -3.46648 9.18001 -0.6
      vertex -2.38452 8.64001 -0.6
      vertex -3.26381 9.72001 -0.6
    endloop
  endfacet
  facet normal 0 0 1
    outer loop
      vertex -2.38452 8.64001 -0.6
      vertex -3.46648 9.18001 -0.6
      vertex -2.95923 8.10001 -0.6
    endloop
  endfacet
  facet normal -0 0 1
    outer loop
      vertex -3.88452 8.64001 -0.6
      vertex -2.95923 8.10001 -0.6
      vertex -3.46648 9.18001 -0.6
    endloop
  endfacet
  facet normal 0 0 1
    outer loop
      vertex -2.95923 8.10001 -0.6
      vertex -3.88452 8.64001 -0.6
      vertex -3.60989 7.56 -0.6
    endloop
  endfacet
  facet normal -0 0 1
    outer loop
      vertex -4.45921 8.10001 -0.6
      vertex -3.60989 7.56 -0.6
      vertex -3.88452 8.64001 -0.6
    endloop
  endfacet
  facet normal 0 0 1
    outer loop
      vertex -3.60989 7.56 -0.6
      vertex -4.45921 8.10001 -0.6
      vertex -4.24512 7.02001 -0.6
    endloop
  endfacet
  facet normal -0 0 1
    outer loop
      vertex -5.10988 7.56 -0.6
      vertex -4.24512 7.02001 -0.6
      vertex -4.45921 8.10001 -0.6
    endloop
  endfacet
  facet normal 0 0 1
    outer loop
      vertex -4.24512 7.02001 -0.6
      vertex -5.10988 7.56 -0.6
      vertex -4.77568 6.48 -0.6
    endloop
  endfacet
  facet normal -0 0 1
    outer loop
      vertex -5.7451 7.02001 -0.6
      vertex -4.77568 6.48 -0.6
      vertex -5.10988 7.56 -0.6
    endloop
  endfacet
  facet normal 0 0 1
    outer loop
      vertex -4.77568 6.48 -0.6
      vertex -5.7451 7.02001 -0.6
      vertex -5.12711 5.94001 -0.6
    endloop
  endfacet
  facet normal -0 0 1
    outer loop
      vertex -6.27568 6.48 -0.6
      vertex -5.12711 5.94001 -0.6
      vertex -5.7451 7.02001 -0.6
    endloop
  endfacet
  facet normal 0 0 1
    outer loop
      vertex -3.26381 1.08001 -0.6
      vertex -1.76381 1.08001 -0.6
      vertex -1.96648 1.62 -0.6
    endloop
  endfacet
  facet normal 0 0 1
    outer loop
      vertex -1.76381 1.08001 -0.6
      vertex -3.26381 1.08001 -0.6
      vertex -1.80499 0.540015 -0.6
    endloop
  endfacet
  facet normal 0 0 1
    outer loop
      vertex -3.26381 1.08001 -0.6
      vertex -1.96648 1.62 -0.6
      vertex -2.38452 2.16001 -0.6
    endloop
  endfacet
  facet normal 0 0 1
    outer loop
      vertex -3.30499 0.540015 -0.6
      vertex -1.80499 0.540015 -0.6
      vertex -3.26381 1.08001 -0.6
    endloop
  endfacet
  facet normal 0 0 1
    outer loop
      vertex -3.46648 1.62 -0.6
      vertex -2.38452 2.16001 -0.6
      vertex -2.95923 2.7 -0.6
    endloop
  endfacet
  facet normal 0 0 1
    outer loop
      vertex -1.80499 0.540015 -0.6
      vertex -3.30499 0.540015 -0.6
      vertex -2.08423 6.10352e-06 -0.6
    endloop
  endfacet
  facet normal 0 0 1
    outer loop
      vertex -2.08423 6.10352e-06 -0.6
      vertex -3.30499 0.540015 -0.6
      vertex -2.56232 -0.539987 -0.6
    endloop
  endfacet
  facet normal 0 0 1
    outer loop
      vertex -2.38452 2.16001 -0.6
      vertex -3.46648 1.62 -0.6
      vertex -3.26381 1.08001 -0.6
    endloop
  endfacet
  facet normal 0 0 1
    outer loop
      vertex -3.88452 2.16001 -0.6
      vertex -2.95923 2.7 -0.6
      vertex -3.60989 3.24001 -0.6
    endloop
  endfacet
  facet normal 0 0 1
    outer loop
      vertex -2.95923 2.7 -0.6
      vertex -3.88452 2.16001 -0.6
      vertex -3.46648 1.62 -0.6
    endloop
  endfacet
  facet normal 0 0 1
    outer loop
      vertex -4.45921 2.7 -0.6
      vertex -3.60989 3.24001 -0.6
      vertex -4.24512 3.78 -0.6
    endloop
  endfacet
  facet normal 0 0 1
    outer loop
      vertex -3.60989 3.24001 -0.6
      vertex -4.45921 2.7 -0.6
      vertex -3.88452 2.16001 -0.6
    endloop
  endfacet
  facet normal 0 0 1
    outer loop
      vertex -5.10988 3.24001 -0.6
      vertex -4.24512 3.78 -0.6
      vertex -4.77568 4.32001 -0.6
    endloop
  endfacet
  facet normal 0 0 1
    outer loop
      vertex -4.24512 3.78 -0.6
      vertex -5.10988 3.24001 -0.6
      vertex -4.45921 2.7 -0.6
    endloop
  endfacet
  facet normal 0 0 1
    outer loop
      vertex -5.7451 3.78 -0.6
      vertex -4.77568 4.32001 -0.6
      vertex -5.12711 4.86001 -0.6
    endloop
  endfacet
  facet normal 0 0 1
    outer loop
      vertex -6.62711 4.86001 -0.6
      vertex -5.12711 4.86001 -0.6
      vertex -5.25 5.4 -0.6
    endloop
  endfacet
  facet normal 0 0 1
    outer loop
      vertex -6.62711 5.94001 -0.6
      vertex -5.12711 5.94001 -0.6
      vertex -6.27568 6.48 -0.6
    endloop
  endfacet
  facet normal 0 0 1
    outer loop
      vertex -4.77568 4.32001 -0.6
      vertex -5.7451 3.78 -0.6
      vertex -5.10988 3.24001 -0.6
    endloop
  endfacet
  facet normal 0 0 1
    outer loop
      vertex -5.12711 5.94001 -0.6
      vertex -6.62711 5.94001 -0.6
      vertex -5.25 5.4 -0.6
    endloop
  endfacet
  facet normal 0 0 1
    outer loop
      vertex -5.12711 4.86001 -0.6
      vertex -6.27568 4.32001 -0.6
      vertex -5.7451 3.78 -0.6
    endloop
  endfacet
  facet normal 0 0 1
    outer loop
      vertex -6.75 5.4 -0.6
      vertex -5.25 5.4 -0.6
      vertex -6.62711 5.94001 -0.6
    endloop
  endfacet
  facet normal 0 0 1
    outer loop
      vertex -5.12711 4.86001 -0.6
      vertex -6.62711 4.86001 -0.6
      vertex -6.27568 4.32001 -0.6
    endloop
  endfacet
  facet normal 0 0 1
    outer loop
      vertex -5.25 5.4 -0.6
      vertex -6.75 5.4 -0.6
      vertex -6.62711 4.86001 -0.6
    endloop
  endfacet
  facet normal -0 0 1
    outer loop
      vertex -3.58423 6.10352e-06 -0.6
      vertex -2.56232 -0.539987 -0.6
      vertex -3.30499 0.540015 -0.6
    endloop
  endfacet
  facet normal 0 0 1
    outer loop
      vertex -2.56232 -0.539987 -0.6
      vertex -3.58423 6.10352e-06 -0.6
      vertex -3.17209 -1.08 -0.6
    endloop
  endfacet
  facet normal -0 0 1
    outer loop
      vertex -4.06232 -0.539987 -0.6
      vertex -3.17209 -1.08 -0.6
      vertex -3.58423 6.10352e-06 -0.6
    endloop
  endfacet
  facet normal 0 0 1
    outer loop
      vertex -3.17209 -1.08 -0.6
      vertex -4.06232 -0.539987 -0.6
      vertex -3.82793 -1.61999 -0.6
    endloop
  endfacet
  facet normal -0 0 1
    outer loop
      vertex -4.67207 -1.08 -0.6
      vertex -3.82793 -1.61999 -0.6
      vertex -4.06232 -0.539987 -0.6
    endloop
  endfacet
  facet normal 0 0 1
    outer loop
      vertex -3.82793 -1.61999 -0.6
      vertex -4.67207 -1.08 -0.6
      vertex -4.43768 -2.16 -0.6
    endloop
  endfacet
  facet normal -0 0 1
    outer loop
      vertex -5.32791 -1.61999 -0.6
      vertex -4.43768 -2.16 -0.6
      vertex -4.67207 -1.08 -0.6
    endloop
  endfacet
  facet normal 0 0 1
    outer loop
      vertex -4.43768 -2.16 -0.6
      vertex -5.32791 -1.61999 -0.6
      vertex -4.91577 -2.69999 -0.6
    endloop
  endfacet
  facet normal 0 0 1
    outer loop
      vertex -4.91577 -2.69999 -0.6
      vertex -5.93768 -2.16 -0.6
      vertex -5.19501 -3.24 -0.6
    endloop
  endfacet
  facet normal -0 0 1
    outer loop
      vertex -5.93768 -2.16 -0.6
      vertex -4.91577 -2.69999 -0.6
      vertex -5.32791 -1.61999 -0.6
    endloop
  endfacet
  facet normal 0 0 1
    outer loop
      vertex -3.64785 -7.1375 -0.6
      vertex -2.22432 -7.02 -0.6
      vertex -2.7549 -6.47999 -0.6
    endloop
  endfacet
  facet normal 0 0 1
    outer loop
      vertex -3.72432 -7.02 -0.6
      vertex -2.7549 -6.47999 -0.6
      vertex -3.39012 -5.94 -0.6
    endloop
  endfacet
  facet normal 0 0 1
    outer loop
      vertex -2.22432 -7.02 -0.6
      vertex -3.64785 -7.1375 -0.6
      vertex -2.14785 -7.1375 -0.6
    endloop
  endfacet
  facet normal 0 0 1
    outer loop
      vertex -2.7549 -6.47999 -0.6
      vertex -3.72432 -7.02 -0.6
      vertex -3.64785 -7.1375 -0.6
    endloop
  endfacet
  facet normal 0 0 1
    outer loop
      vertex -4.25488 -6.47999 -0.6
      vertex -3.39012 -5.94 -0.6
      vertex -4.04079 -5.39999 -0.6
    endloop
  endfacet
  facet normal 0 0 1
    outer loop
      vertex -3.39012 -5.94 -0.6
      vertex -4.25488 -6.47999 -0.6
      vertex -3.72432 -7.02 -0.6
    endloop
  endfacet
  facet normal 0 0 1
    outer loop
      vertex -4.89011 -5.94 -0.6
      vertex -4.04079 -5.39999 -0.6
      vertex -4.61548 -4.85999 -0.6
    endloop
  endfacet
  facet normal 0 0 1
    outer loop
      vertex -4.04079 -5.39999 -0.6
      vertex -4.89011 -5.94 -0.6
      vertex -4.25488 -6.47999 -0.6
    endloop
  endfacet
  facet normal 0 0 1
    outer loop
      vertex -5.54077 -5.39999 -0.6
      vertex -4.61548 -4.85999 -0.6
      vertex -5.03352 -4.31999 -0.6
    endloop
  endfacet
  facet normal 0 0 1
    outer loop
      vertex -6.11548 -4.85999 -0.6
      vertex -5.03352 -4.31999 -0.6
      vertex -5.23619 -3.77999 -0.6
    endloop
  endfacet
  facet normal 0 0 1
    outer loop
      vertex -4.61548 -4.85999 -0.6
      vertex -5.54077 -5.39999 -0.6
      vertex -4.89011 -5.94 -0.6
    endloop
  endfacet
  facet normal -0 0 1
    outer loop
      vertex -6.41577 -2.69999 -0.6
      vertex -5.19501 -3.24 -0.6
      vertex -5.93768 -2.16 -0.6
    endloop
  endfacet
  facet normal 0 0 1
    outer loop
      vertex -6.69501 -3.24 -0.6
      vertex -5.19501 -3.24 -0.6
      vertex -6.41577 -2.69999 -0.6
    endloop
  endfacet
  facet normal 0 0 1
    outer loop
      vertex -5.03352 -4.31999 -0.6
      vertex -6.11548 -4.85999 -0.6
      vertex -5.54077 -5.39999 -0.6
    endloop
  endfacet
  facet normal 0 0 1
    outer loop
      vertex -5.19501 -3.24 -0.6
      vertex -6.69501 -3.24 -0.6
      vertex -5.23619 -3.77999 -0.6
    endloop
  endfacet
  facet normal 0 0 1
    outer loop
      vertex -5.23619 -3.77999 -0.6
      vertex -6.53352 -4.31999 -0.6
      vertex -6.11548 -4.85999 -0.6
    endloop
  endfacet
  facet normal 0 0 1
    outer loop
      vertex -6.73619 -3.77999 -0.6
      vertex -5.23619 -3.77999 -0.6
      vertex -6.69501 -3.24 -0.6
    endloop
  endfacet
  facet normal 0 0 1
    outer loop
      vertex -5.23619 -3.77999 -0.6
      vertex -6.73619 -3.77999 -0.6
      vertex -6.53352 -4.31999 -0.6
    endloop
  endfacet
  facet normal -0.838139 -0.545457 -1.24858e-17
    outer loop
      vertex -6.27568 4.32001 -1.6
      vertex -6.62711 4.86001 -0.6
      vertex -6.62711 4.86001 -1.6
    endloop
  endfacet
  facet normal -0.838139 -0.545457 -1.24858e-17
    outer loop
      vertex -6.62711 4.86001 -0.6
      vertex -6.27568 4.32001 -1.6
      vertex -6.27568 4.32001 -0.6
    endloop
  endfacet
  facet normal -0.713307 -0.700851 1.80817e-18
    outer loop
      vertex -5.7451 3.78 -1.6
      vertex -6.27568 4.32001 -0.6
      vertex -6.27568 4.32001 -1.6
    endloop
  endfacet
  facet normal -0.713307 -0.700851 1.80817e-18
    outer loop
      vertex -6.27568 4.32001 -0.6
      vertex -5.7451 3.78 -1.6
      vertex -5.7451 3.78 -0.6
    endloop
  endfacet
  facet normal -0.647685 -0.761908 0
    outer loop
      vertex -5.7451 3.78 -1.6
      vertex -5.10988 3.24001 -0.6
      vertex -5.7451 3.78 -0.6
    endloop
  endfacet
  facet normal -0.647685 -0.761908 -0
    outer loop
      vertex -5.10988 3.24001 -0.6
      vertex -5.7451 3.78 -1.6
      vertex -5.10988 3.24001 -1.6
    endloop
  endfacet
  facet normal -0.638637 -0.769508 0
    outer loop
      vertex -5.10988 3.24001 -1.6
      vertex -4.45921 2.7 -0.6
      vertex -5.10988 3.24001 -0.6
    endloop
  endfacet
  facet normal -0.638637 -0.769508 -0
    outer loop
      vertex -4.45921 2.7 -0.6
      vertex -5.10988 3.24001 -1.6
      vertex -4.45921 2.7 -1.6
    endloop
  endfacet
  facet normal -0.684763 -0.728766 0
    outer loop
      vertex -4.45921 2.7 -1.6
      vertex -3.88452 2.16001 -0.6
      vertex -4.45921 2.7 -0.6
    endloop
  endfacet
  facet normal -0.684763 -0.728766 -0
    outer loop
      vertex -3.88452 2.16001 -0.6
      vertex -4.45921 2.7 -1.6
      vertex -3.88452 2.16001 -1.6
    endloop
  endfacet
  facet normal -0.790747 -0.612144 -3.20752e-18
    outer loop
      vertex -3.46648 1.62 -1.6
      vertex -3.88452 2.16001 -0.6
      vertex -3.88452 2.16001 -1.6
    endloop
  endfacet
  facet normal -0.790747 -0.612144 -3.20752e-18
    outer loop
      vertex -3.88452 2.16001 -0.6
      vertex -3.46648 1.62 -1.6
      vertex -3.46648 1.62 -0.6
    endloop
  endfacet
  facet normal -0.93623 -0.351388 -1.35568e-18
    outer loop
      vertex -3.26381 1.08001 -1.6
      vertex -3.46648 1.62 -0.6
      vertex -3.46648 1.62 -1.6
    endloop
  endfacet
  facet normal -0.93623 -0.351388 -1.35568e-18
    outer loop
      vertex -3.46648 1.62 -0.6
      vertex -3.26381 1.08001 -1.6
      vertex -3.26381 1.08001 -0.6
    endloop
  endfacet
  facet normal -0.997105 0.0760392 1.00818e-18
    outer loop
      vertex -3.30499 0.540015 -1.6
      vertex -3.26381 1.08001 -0.6
      vertex -3.26381 1.08001 -1.6
    endloop
  endfacet
  facet normal -0.997105 0.0760392 1.00818e-18
    outer loop
      vertex -3.26381 1.08001 -0.6
      vertex -3.30499 0.540015 -1.6
      vertex -3.30499 0.540015 -0.6
    endloop
  endfacet
  facet normal -0.888268 0.459326 9.05324e-18
    outer loop
      vertex -3.58423 6.10352e-06 -1.6
      vertex -3.30499 0.540015 -0.6
      vertex -3.30499 0.540015 -1.6
    endloop
  endfacet
  facet normal -0.888268 0.459326 9.05324e-18
    outer loop
      vertex -3.30499 0.540015 -0.6
      vertex -3.58423 6.10352e-06 -1.6
      vertex -3.58423 6.10352e-06 -0.6
    endloop
  endfacet
  facet normal -0.748719 0.662888 1.08471e-17
    outer loop
      vertex -4.06232 -0.539987 -1.6
      vertex -3.58423 6.10352e-06 -0.6
      vertex -3.58423 6.10352e-06 -1.6
    endloop
  endfacet
  facet normal -0.748719 0.662888 1.08471e-17
    outer loop
      vertex -3.58423 6.10352e-06 -0.6
      vertex -4.06232 -0.539987 -1.6
      vertex -4.06232 -0.539987 -0.6
    endloop
  endfacet
  facet normal -0.663 0.748619 0
    outer loop
      vertex -4.06232 -0.539987 -1.6
      vertex -4.67207 -1.08 -0.6
      vertex -4.06232 -0.539987 -0.6
    endloop
  endfacet
  facet normal -0.663 0.748619 0
    outer loop
      vertex -4.67207 -1.08 -0.6
      vertex -4.06232 -0.539987 -1.6
      vertex -4.67207 -1.08 -1.6
    endloop
  endfacet
  facet normal -0.635628 0.771996 0
    outer loop
      vertex -4.67207 -1.08 -1.6
      vertex -5.32791 -1.61999 -0.6
      vertex -4.67207 -1.08 -0.6
    endloop
  endfacet
  facet normal -0.635628 0.771996 0
    outer loop
      vertex -5.32791 -1.61999 -0.6
      vertex -4.67207 -1.08 -1.6
      vertex -5.32791 -1.61999 -1.6
    endloop
  endfacet
  facet normal -0.662986 0.748632 0
    outer loop
      vertex -5.32791 -1.61999 -1.6
      vertex -5.93768 -2.16 -0.6
      vertex -5.32791 -1.61999 -0.6
    endloop
  endfacet
  facet normal -0.662986 0.748632 0
    outer loop
      vertex -5.93768 -2.16 -0.6
      vertex -5.32791 -1.61999 -1.6
      vertex -5.93768 -2.16 -1.6
    endloop
  endfacet
  facet normal -0.748717 0.66289 2.76589e-17
    outer loop
      vertex -6.41577 -2.69999 -1.6
      vertex -5.93768 -2.16 -0.6
      vertex -5.93768 -2.16 -1.6
    endloop
  endfacet
  facet normal -0.748717 0.66289 2.76589e-17
    outer loop
      vertex -5.93768 -2.16 -0.6
      vertex -6.41577 -2.69999 -1.6
      vertex -6.41577 -2.69999 -0.6
    endloop
  endfacet
  facet normal -0.888268 0.459325 1.33041e-17
    outer loop
      vertex -6.69501 -3.24 -1.6
      vertex -6.41577 -2.69999 -0.6
      vertex -6.41577 -2.69999 -1.6
    endloop
  endfacet
  facet normal -0.888268 0.459325 1.33041e-17
    outer loop
      vertex -6.41577 -2.69999 -0.6
      vertex -6.69501 -3.24 -1.6
      vertex -6.69501 -3.24 -0.6
    endloop
  endfacet
  facet normal -0.997105 0.0760399 2.11322e-18
    outer loop
      vertex -6.73619 -3.77999 -1.6
      vertex -6.69501 -3.24 -0.6
      vertex -6.69501 -3.24 -1.6
    endloop
  endfacet
  facet normal -0.997105 0.0760399 2.11322e-18
    outer loop
      vertex -6.69501 -3.24 -0.6
      vertex -6.73619 -3.77999 -1.6
      vertex -6.73619 -3.77999 -0.6
    endloop
  endfacet
  facet normal -0.936232 -0.351382 7.85837e-18
    outer loop
      vertex -6.53352 -4.31999 -1.6
      vertex -6.73619 -3.77999 -0.6
      vertex -6.73619 -3.77999 -1.6
    endloop
  endfacet
  facet normal -0.936232 -0.351382 7.85837e-18
    outer loop
      vertex -6.73619 -3.77999 -0.6
      vertex -6.53352 -4.31999 -1.6
      vertex -6.53352 -4.31999 -0.6
    endloop
  endfacet
  facet normal -0.790741 -0.612151 -6.13359e-19
    outer loop
      vertex -6.11548 -4.85999 -1.6
      vertex -6.53352 -4.31999 -0.6
      vertex -6.53352 -4.31999 -1.6
    endloop
  endfacet
  facet normal -0.790741 -0.612151 -6.13359e-19
    outer loop
      vertex -6.53352 -4.31999 -0.6
      vertex -6.11548 -4.85999 -1.6
      vertex -6.11548 -4.85999 -0.6
    endloop
  endfacet
  facet normal -0.684757 -0.728772 0
    outer loop
      vertex -6.11548 -4.85999 -1.6
      vertex -5.54077 -5.39999 -0.6
      vertex -6.11548 -4.85999 -0.6
    endloop
  endfacet
  facet normal -0.684757 -0.728772 -0
    outer loop
      vertex -5.54077 -5.39999 -0.6
      vertex -6.11548 -4.85999 -1.6
      vertex -5.54077 -5.39999 -1.6
    endloop
  endfacet
  facet normal -0.638643 -0.769503 0
    outer loop
      vertex -5.54077 -5.39999 -1.6
      vertex -4.89011 -5.94 -0.6
      vertex -5.54077 -5.39999 -0.6
    endloop
  endfacet
  facet normal -0.638643 -0.769503 -0
    outer loop
      vertex -4.89011 -5.94 -0.6
      vertex -5.54077 -5.39999 -1.6
      vertex -4.89011 -5.94 -1.6
    endloop
  endfacet
  facet normal -0.647679 -0.761913 0
    outer loop
      vertex -4.89011 -5.94 -1.6
      vertex -4.25488 -6.47999 -0.6
      vertex -4.89011 -5.94 -0.6
    endloop
  endfacet
  facet normal -0.647679 -0.761913 -0
    outer loop
      vertex -4.25488 -6.47999 -0.6
      vertex -4.89011 -5.94 -1.6
      vertex -4.25488 -6.47999 -1.6
    endloop
  endfacet
  facet normal -0.713321 -0.700838 -2.11358e-18
    outer loop
      vertex -3.72432 -7.02 -1.6
      vertex -4.25488 -6.47999 -0.6
      vertex -4.25488 -6.47999 -1.6
    endloop
  endfacet
  facet normal -0.713321 -0.700838 -2.11358e-18
    outer loop
      vertex -4.25488 -6.47999 -0.6
      vertex -3.72432 -7.02 -1.6
      vertex -3.72432 -7.02 -0.6
    endloop
  endfacet
  facet normal -0.838134 -0.545465 6.13998e-18
    outer loop
      vertex -3.64785 -7.1375 -1.6
      vertex -3.72432 -7.02 -0.6
      vertex -3.72432 -7.02 -1.6
    endloop
  endfacet
  facet normal -0.838134 -0.545465 6.13998e-18
    outer loop
      vertex -3.72432 -7.02 -0.6
      vertex -3.64785 -7.1375 -1.6
      vertex -3.64785 -7.1375 -0.6
    endloop
  endfacet
  facet normal 0.838134 0.545465 6.13998e-18
    outer loop
      vertex -2.14785 -7.1375 -0.6
      vertex -2.22432 -7.02 -1.6
      vertex -2.22432 -7.02 -0.6
    endloop
  endfacet
  facet normal 0.838134 0.545465 6.13998e-18
    outer loop
      vertex -2.22432 -7.02 -1.6
      vertex -2.14785 -7.1375 -0.6
      vertex -2.14785 -7.1375 -1.6
    endloop
  endfacet
  facet normal 0.713307 0.700851 -3.0109e-17
    outer loop
      vertex -2.22432 -7.02 -0.6
      vertex -2.7549 -6.47999 -1.6
      vertex -2.7549 -6.47999 -0.6
    endloop
  endfacet
  facet normal 0.713307 0.700851 -3.0109e-17
    outer loop
      vertex -2.7549 -6.47999 -1.6
      vertex -2.22432 -7.02 -0.6
      vertex -2.22432 -7.02 -1.6
    endloop
  endfacet
  facet normal 0.647685 0.761908 -0
    outer loop
      vertex -2.7549 -6.47999 -1.6
      vertex -3.39012 -5.94 -0.6
      vertex -2.7549 -6.47999 -0.6
    endloop
  endfacet
  facet normal 0.647685 0.761908 0
    outer loop
      vertex -3.39012 -5.94 -0.6
      vertex -2.7549 -6.47999 -1.6
      vertex -3.39012 -5.94 -1.6
    endloop
  endfacet
  facet normal 0.638637 0.769508 -0
    outer loop
      vertex -3.39012 -5.94 -1.6
      vertex -4.04079 -5.39999 -0.6
      vertex -3.39012 -5.94 -0.6
    endloop
  endfacet
  facet normal 0.638637 0.769508 0
    outer loop
      vertex -4.04079 -5.39999 -0.6
      vertex -3.39012 -5.94 -1.6
      vertex -4.04079 -5.39999 -1.6
    endloop
  endfacet
  facet normal 0.68477 0.72876 -0
    outer loop
      vertex -4.04079 -5.39999 -1.6
      vertex -4.61548 -4.85999 -0.6
      vertex -4.04079 -5.39999 -0.6
    endloop
  endfacet
  facet normal 0.68477 0.72876 0
    outer loop
      vertex -4.61548 -4.85999 -0.6
      vertex -4.04079 -5.39999 -1.6
      vertex -4.61548 -4.85999 -1.6
    endloop
  endfacet
  facet normal 0.790741 0.612151 -6.13359e-19
    outer loop
      vertex -4.61548 -4.85999 -0.6
      vertex -5.03352 -4.31999 -1.6
      vertex -5.03352 -4.31999 -0.6
    endloop
  endfacet
  facet normal 0.790741 0.612151 -6.13359e-19
    outer loop
      vertex -5.03352 -4.31999 -1.6
      vertex -4.61548 -4.85999 -0.6
      vertex -4.61548 -4.85999 -1.6
    endloop
  endfacet
  facet normal 0.936232 0.351382 7.85837e-18
    outer loop
      vertex -5.03352 -4.31999 -0.6
      vertex -5.23619 -3.77999 -1.6
      vertex -5.23619 -3.77999 -0.6
    endloop
  endfacet
  facet normal 0.936232 0.351382 7.85837e-18
    outer loop
      vertex -5.23619 -3.77999 -1.6
      vertex -5.03352 -4.31999 -0.6
      vertex -5.03352 -4.31999 -1.6
    endloop
  endfacet
  facet normal 0.997105 -0.0760399 2.11322e-18
    outer loop
      vertex -5.23619 -3.77999 -0.6
      vertex -5.19501 -3.24 -1.6
      vertex -5.19501 -3.24 -0.6
    endloop
  endfacet
  facet normal 0.997105 -0.0760399 2.11322e-18
    outer loop
      vertex -5.19501 -3.24 -1.6
      vertex -5.23619 -3.77999 -0.6
      vertex -5.23619 -3.77999 -1.6
    endloop
  endfacet
  facet normal 0.888268 -0.459325 1.33041e-17
    outer loop
      vertex -5.19501 -3.24 -0.6
      vertex -4.91577 -2.69999 -1.6
      vertex -4.91577 -2.69999 -0.6
    endloop
  endfacet
  facet normal 0.888268 -0.459325 1.33041e-17
    outer loop
      vertex -4.91577 -2.69999 -1.6
      vertex -5.19501 -3.24 -0.6
      vertex -5.19501 -3.24 -1.6
    endloop
  endfacet
  facet normal 0.748717 -0.66289 2.76589e-17
    outer loop
      vertex -4.91577 -2.69999 -0.6
      vertex -4.43768 -2.16 -1.6
      vertex -4.43768 -2.16 -0.6
    endloop
  endfacet
  facet normal 0.748717 -0.66289 2.76589e-17
    outer loop
      vertex -4.43768 -2.16 -1.6
      vertex -4.91577 -2.69999 -0.6
      vertex -4.91577 -2.69999 -1.6
    endloop
  endfacet
  facet normal 0.662998 -0.748621 0
    outer loop
      vertex -4.43768 -2.16 -1.6
      vertex -3.82793 -1.61999 -0.6
      vertex -4.43768 -2.16 -0.6
    endloop
  endfacet
  facet normal 0.662998 -0.748621 0
    outer loop
      vertex -3.82793 -1.61999 -0.6
      vertex -4.43768 -2.16 -1.6
      vertex -3.82793 -1.61999 -1.6
    endloop
  endfacet
  facet normal 0.635628 -0.771996 0
    outer loop
      vertex -3.82793 -1.61999 -1.6
      vertex -3.17209 -1.08 -0.6
      vertex -3.82793 -1.61999 -0.6
    endloop
  endfacet
  facet normal 0.635628 -0.771996 0
    outer loop
      vertex -3.17209 -1.08 -0.6
      vertex -3.82793 -1.61999 -1.6
      vertex -3.17209 -1.08 -1.6
    endloop
  endfacet
  facet normal 0.662988 -0.74863 0
    outer loop
      vertex -3.17209 -1.08 -1.6
      vertex -2.56232 -0.539987 -0.6
      vertex -3.17209 -1.08 -0.6
    endloop
  endfacet
  facet normal 0.662988 -0.74863 0
    outer loop
      vertex -2.56232 -0.539987 -0.6
      vertex -3.17209 -1.08 -1.6
      vertex -2.56232 -0.539987 -1.6
    endloop
  endfacet
  facet normal 0.748719 -0.662888 3.54726e-17
    outer loop
      vertex -2.56232 -0.539987 -0.6
      vertex -2.08423 6.10352e-06 -1.6
      vertex -2.08423 6.10352e-06 -0.6
    endloop
  endfacet
  facet normal 0.748719 -0.662888 3.54726e-17
    outer loop
      vertex -2.08423 6.10352e-06 -1.6
      vertex -2.56232 -0.539987 -0.6
      vertex -2.56232 -0.539987 -1.6
    endloop
  endfacet
  facet normal 0.888268 -0.459326 9.05324e-18
    outer loop
      vertex -2.08423 6.10352e-06 -0.6
      vertex -1.80499 0.540015 -1.6
      vertex -1.80499 0.540015 -0.6
    endloop
  endfacet
  facet normal 0.888268 -0.459326 9.05324e-18
    outer loop
      vertex -1.80499 0.540015 -1.6
      vertex -2.08423 6.10352e-06 -0.6
      vertex -2.08423 6.10352e-06 -1.6
    endloop
  endfacet
  facet normal 0.997105 -0.0760392 -2.57733e-18
    outer loop
      vertex -1.80499 0.540015 -0.6
      vertex -1.76381 1.08001 -1.6
      vertex -1.76381 1.08001 -0.6
    endloop
  endfacet
  facet normal 0.997105 -0.0760392 -2.57733e-18
    outer loop
      vertex -1.76381 1.08001 -1.6
      vertex -1.80499 0.540015 -0.6
      vertex -1.80499 0.540015 -1.6
    endloop
  endfacet
  facet normal 0.93623 0.351388 -1.35568e-18
    outer loop
      vertex -1.76381 1.08001 -0.6
      vertex -1.96648 1.62 -1.6
      vertex -1.96648 1.62 -0.6
    endloop
  endfacet
  facet normal 0.93623 0.351388 -1.35568e-18
    outer loop
      vertex -1.96648 1.62 -1.6
      vertex -1.76381 1.08001 -0.6
      vertex -1.76381 1.08001 -1.6
    endloop
  endfacet
  facet normal 0.790747 0.612144 9.80149e-18
    outer loop
      vertex -1.96648 1.62 -0.6
      vertex -2.38452 2.16001 -1.6
      vertex -2.38452 2.16001 -0.6
    endloop
  endfacet
  facet normal 0.790747 0.612144 9.80149e-18
    outer loop
      vertex -2.38452 2.16001 -1.6
      vertex -1.96648 1.62 -0.6
      vertex -1.96648 1.62 -1.6
    endloop
  endfacet
  facet normal 0.68475 0.728778 -0
    outer loop
      vertex -2.38452 2.16001 -1.6
      vertex -2.95923 2.7 -0.6
      vertex -2.38452 2.16001 -0.6
    endloop
  endfacet
  facet normal 0.68475 0.728778 0
    outer loop
      vertex -2.95923 2.7 -0.6
      vertex -2.38452 2.16001 -1.6
      vertex -2.95923 2.7 -1.6
    endloop
  endfacet
  facet normal 0.638643 0.769503 -0
    outer loop
      vertex -2.95923 2.7 -1.6
      vertex -3.60989 3.24001 -0.6
      vertex -2.95923 2.7 -0.6
    endloop
  endfacet
  facet normal 0.638643 0.769503 0
    outer loop
      vertex -3.60989 3.24001 -0.6
      vertex -2.95923 2.7 -1.6
      vertex -3.60989 3.24001 -1.6
    endloop
  endfacet
  facet normal 0.647679 0.761913 -0
    outer loop
      vertex -3.60989 3.24001 -1.6
      vertex -4.24512 3.78 -0.6
      vertex -3.60989 3.24001 -0.6
    endloop
  endfacet
  facet normal 0.647679 0.761913 0
    outer loop
      vertex -4.24512 3.78 -0.6
      vertex -3.60989 3.24001 -1.6
      vertex -4.24512 3.78 -1.6
    endloop
  endfacet
  facet normal 0.713321 0.700838 2.98159e-17
    outer loop
      vertex -4.24512 3.78 -0.6
      vertex -4.77568 4.32001 -1.6
      vertex -4.77568 4.32001 -0.6
    endloop
  endfacet
  facet normal 0.713321 0.700838 2.98159e-17
    outer loop
      vertex -4.77568 4.32001 -1.6
      vertex -4.24512 3.78 -0.6
      vertex -4.24512 3.78 -1.6
    endloop
  endfacet
  facet normal 0.838139 0.545457 -1.24858e-17
    outer loop
      vertex -4.77568 4.32001 -0.6
      vertex -5.12711 4.86001 -1.6
      vertex -5.12711 4.86001 -0.6
    endloop
  endfacet
  facet normal 0.838139 0.545457 -1.24858e-17
    outer loop
      vertex -5.12711 4.86001 -1.6
      vertex -4.77568 4.32001 -0.6
      vertex -4.77568 4.32001 -1.6
    endloop
  endfacet
  facet normal 0.975068 0.221904 3.57449e-18
    outer loop
      vertex -5.12711 4.86001 -0.6
      vertex -5.25 5.4 -1.6
      vertex -5.25 5.4 -0.6
    endloop
  endfacet
  facet normal 0.975068 0.221904 3.57449e-18
    outer loop
      vertex -5.25 5.4 -1.6
      vertex -5.12711 4.86001 -0.6
      vertex -5.12711 4.86001 -1.6
    endloop
  endfacet
  facet normal 0.97507 -0.221897 -1.07291e-17
    outer loop
      vertex -5.25 5.4 -0.6
      vertex -5.12711 5.94001 -1.6
      vertex -5.12711 5.94001 -0.6
    endloop
  endfacet
  facet normal 0.97507 -0.221897 -1.07291e-17
    outer loop
      vertex -5.12711 5.94001 -1.6
      vertex -5.25 5.4 -0.6
      vertex -5.25 5.4 -1.6
    endloop
  endfacet
  facet normal 0.838134 -0.545465 1.45725e-17
    outer loop
      vertex -5.12711 5.94001 -0.6
      vertex -4.77568 6.48 -1.6
      vertex -4.77568 6.48 -0.6
    endloop
  endfacet
  facet normal 0.838134 -0.545465 1.45725e-17
    outer loop
      vertex -4.77568 6.48 -1.6
      vertex -5.12711 5.94001 -0.6
      vertex -5.12711 5.94001 -1.6
    endloop
  endfacet
  facet normal 0.713321 -0.700838 2.55841e-17
    outer loop
      vertex -4.77568 6.48 -0.6
      vertex -4.24512 7.02001 -1.6
      vertex -4.24512 7.02001 -0.6
    endloop
  endfacet
  facet normal 0.713321 -0.700838 2.55841e-17
    outer loop
      vertex -4.24512 7.02001 -1.6
      vertex -4.77568 6.48 -0.6
      vertex -4.77568 6.48 -1.6
    endloop
  endfacet
  facet normal 0.647679 -0.761913 0
    outer loop
      vertex -4.24512 7.02001 -1.6
      vertex -3.60989 7.56 -0.6
      vertex -4.24512 7.02001 -0.6
    endloop
  endfacet
  facet normal 0.647679 -0.761913 0
    outer loop
      vertex -3.60989 7.56 -0.6
      vertex -4.24512 7.02001 -1.6
      vertex -3.60989 7.56 -1.6
    endloop
  endfacet
  facet normal 0.638643 -0.769503 0
    outer loop
      vertex -3.60989 7.56 -1.6
      vertex -2.95923 8.10001 -0.6
      vertex -3.60989 7.56 -0.6
    endloop
  endfacet
  facet normal 0.638643 -0.769503 0
    outer loop
      vertex -2.95923 8.10001 -0.6
      vertex -3.60989 7.56 -1.6
      vertex -2.95923 8.10001 -1.6
    endloop
  endfacet
  facet normal 0.684757 -0.728772 0
    outer loop
      vertex -2.95923 8.10001 -1.6
      vertex -2.38452 8.64001 -0.6
      vertex -2.95923 8.10001 -0.6
    endloop
  endfacet
  facet normal 0.684757 -0.728772 0
    outer loop
      vertex -2.38452 8.64001 -0.6
      vertex -2.95923 8.10001 -1.6
      vertex -2.38452 8.64001 -1.6
    endloop
  endfacet
  facet normal 0.790741 -0.612151 1.2917e-17
    outer loop
      vertex -2.38452 8.64001 -0.6
      vertex -1.96648 9.18001 -1.6
      vertex -1.96648 9.18001 -0.6
    endloop
  endfacet
  facet normal 0.790741 -0.612151 1.2917e-17
    outer loop
      vertex -1.96648 9.18001 -1.6
      vertex -2.38452 8.64001 -0.6
      vertex -2.38452 8.64001 -1.6
    endloop
  endfacet
  facet normal 0.936232 -0.351382 9.85808e-18
    outer loop
      vertex -1.96648 9.18001 -0.6
      vertex -1.76381 9.72001 -1.6
      vertex -1.76381 9.72001 -0.6
    endloop
  endfacet
  facet normal 0.936232 -0.351382 9.85808e-18
    outer loop
      vertex -1.76381 9.72001 -1.6
      vertex -1.96648 9.18001 -0.6
      vertex -1.96648 9.18001 -1.6
    endloop
  endfacet
  facet normal 0.997105 0.0760399 2.4461e-18
    outer loop
      vertex -1.76381 9.72001 -0.6
      vertex -1.80499 10.26 -1.6
      vertex -1.80499 10.26 -0.6
    endloop
  endfacet
  facet normal 0.997105 0.0760399 2.4461e-18
    outer loop
      vertex -1.80499 10.26 -1.6
      vertex -1.76381 9.72001 -0.6
      vertex -1.76381 9.72001 -1.6
    endloop
  endfacet
  facet normal 0.888265 0.459332 8.5328e-18
    outer loop
      vertex -1.80499 10.26 -0.6
      vertex -2.08423 10.8 -1.6
      vertex -2.08423 10.8 -0.6
    endloop
  endfacet
  facet normal 0.888265 0.459332 8.5328e-18
    outer loop
      vertex -2.08423 10.8 -1.6
      vertex -1.80499 10.26 -0.6
      vertex -1.80499 10.26 -1.6
    endloop
  endfacet
  facet normal 0.748723 0.662883 3.25929e-17
    outer loop
      vertex -2.08423 10.8 -0.6
      vertex -2.56232 11.34 -1.6
      vertex -2.56232 11.34 -0.6
    endloop
  endfacet
  facet normal 0.748723 0.662883 3.25929e-17
    outer loop
      vertex -2.56232 11.34 -1.6
      vertex -2.08423 10.8 -0.6
      vertex -2.08423 10.8 -1.6
    endloop
  endfacet
  facet normal 0.662979 0.748638 -0
    outer loop
      vertex -2.56232 11.34 -1.6
      vertex -3.17209 11.88 -0.6
      vertex -2.56232 11.34 -0.6
    endloop
  endfacet
  facet normal 0.662979 0.748638 0
    outer loop
      vertex -3.17209 11.88 -0.6
      vertex -2.56232 11.34 -1.6
      vertex -3.17209 11.88 -1.6
    endloop
  endfacet
  facet normal 0.635635 0.77199 -0
    outer loop
      vertex -3.17209 11.88 -1.6
      vertex -3.82793 12.42 -0.6
      vertex -3.17209 11.88 -0.6
    endloop
  endfacet
  facet normal 0.635635 0.77199 0
    outer loop
      vertex -3.82793 12.42 -0.6
      vertex -3.17209 11.88 -1.6
      vertex -3.82793 12.42 -1.6
    endloop
  endfacet
  facet normal 0.662991 0.748627 -0
    outer loop
      vertex -3.82793 12.42 -1.6
      vertex -4.43768 12.96 -0.6
      vertex -3.82793 12.42 -0.6
    endloop
  endfacet
  facet normal 0.662991 0.748627 0
    outer loop
      vertex -4.43768 12.96 -0.6
      vertex -3.82793 12.42 -1.6
      vertex -4.43768 12.96 -1.6
    endloop
  endfacet
  facet normal 0.748723 0.662883 -1.97451e-17
    outer loop
      vertex -4.43768 12.96 -0.6
      vertex -4.91577 13.5 -1.6
      vertex -4.91577 13.5 -0.6
    endloop
  endfacet
  facet normal 0.748723 0.662883 -1.97451e-17
    outer loop
      vertex -4.91577 13.5 -1.6
      vertex -4.43768 12.96 -0.6
      vertex -4.43768 12.96 -1.6
    endloop
  endfacet
  facet normal 0.888265 0.459332 2.6596e-18
    outer loop
      vertex -4.91577 13.5 -0.6
      vertex -5.19501 14.04 -1.6
      vertex -5.19501 14.04 -0.6
    endloop
  endfacet
  facet normal 0.888265 0.459332 2.6596e-18
    outer loop
      vertex -5.19501 14.04 -1.6
      vertex -4.91577 13.5 -0.6
      vertex -4.91577 13.5 -1.6
    endloop
  endfacet
  facet normal 0.997105 0.0760385 4.88396e-19
    outer loop
      vertex -5.19501 14.04 -0.6
      vertex -5.23619 14.58 -1.6
      vertex -5.23619 14.58 -0.6
    endloop
  endfacet
  facet normal 0.997105 0.0760385 4.88396e-19
    outer loop
      vertex -5.23619 14.58 -1.6
      vertex -5.19501 14.04 -0.6
      vertex -5.19501 14.04 -1.6
    endloop
  endfacet
  facet normal 0.936232 -0.351382 4.52235e-18
    outer loop
      vertex -5.23619 14.58 -0.6
      vertex -5.03352 15.12 -1.6
      vertex -5.03352 15.12 -0.6
    endloop
  endfacet
  facet normal 0.936232 -0.351382 4.52235e-18
    outer loop
      vertex -5.03352 15.12 -1.6
      vertex -5.23619 14.58 -0.6
      vertex -5.23619 14.58 -1.6
    endloop
  endfacet
  facet normal 0.790741 -0.612151 1.59473e-17
    outer loop
      vertex -5.03352 15.12 -0.6
      vertex -4.61548 15.66 -1.6
      vertex -4.61548 15.66 -0.6
    endloop
  endfacet
  facet normal 0.790741 -0.612151 1.59473e-17
    outer loop
      vertex -4.61548 15.66 -1.6
      vertex -5.03352 15.12 -0.6
      vertex -5.03352 15.12 -1.6
    endloop
  endfacet
  facet normal 0.68477 -0.72876 0
    outer loop
      vertex -4.61548 15.66 -1.6
      vertex -4.04079 16.2 -0.6
      vertex -4.61548 15.66 -0.6
    endloop
  endfacet
  facet normal 0.68477 -0.72876 0
    outer loop
      vertex -4.04079 16.2 -0.6
      vertex -4.61548 15.66 -1.6
      vertex -4.04079 16.2 -1.6
    endloop
  endfacet
  facet normal 0.63863 -0.769514 0
    outer loop
      vertex -4.04079 16.2 -1.6
      vertex -3.39012 16.74 -0.6
      vertex -4.04079 16.2 -0.6
    endloop
  endfacet
  facet normal 0.63863 -0.769514 0
    outer loop
      vertex -3.39012 16.74 -0.6
      vertex -4.04079 16.2 -1.6
      vertex -3.39012 16.74 -1.6
    endloop
  endfacet
  facet normal 0.647692 -0.761902 0
    outer loop
      vertex -3.39012 16.74 -1.6
      vertex -2.7549 17.28 -0.6
      vertex -3.39012 16.74 -0.6
    endloop
  endfacet
  facet normal 0.647692 -0.761902 0
    outer loop
      vertex -2.7549 17.28 -0.6
      vertex -3.39012 16.74 -1.6
      vertex -2.7549 17.28 -1.6
    endloop
  endfacet
  facet normal 0.713301 -0.700858 -5.11148e-18
    outer loop
      vertex -2.7549 17.28 -0.6
      vertex -2.22432 17.82 -1.6
      vertex -2.22432 17.82 -0.6
    endloop
  endfacet
  facet normal 0.713301 -0.700858 -5.11148e-18
    outer loop
      vertex -2.22432 17.82 -1.6
      vertex -2.7549 17.28 -0.6
      vertex -2.7549 17.28 -1.6
    endloop
  endfacet
  facet normal 0.838155 -0.545433 -3.23669e-18
    outer loop
      vertex -2.22432 17.82 -0.6
      vertex -2.02584 18.125 -1.6
      vertex -2.02584 18.125 -0.6
    endloop
  endfacet
  facet normal 0.838155 -0.545433 -3.23669e-18
    outer loop
      vertex -2.02584 18.125 -1.6
      vertex -2.22432 17.82 -0.6
      vertex -2.22432 17.82 -1.6
    endloop
  endfacet
  facet normal -0.838155 0.545433 -3.23669e-18
    outer loop
      vertex -3.72432 17.82 -1.6
      vertex -3.52584 18.125 -0.6
      vertex -3.52584 18.125 -1.6
    endloop
  endfacet
  facet normal -0.838155 0.545433 -3.23669e-18
    outer loop
      vertex -3.52584 18.125 -0.6
      vertex -3.72432 17.82 -1.6
      vertex -3.72432 17.82 -0.6
    endloop
  endfacet
  facet normal -0.713314 0.700844 1.83758e-17
    outer loop
      vertex -4.25488 17.28 -1.6
      vertex -3.72432 17.82 -0.6
      vertex -3.72432 17.82 -1.6
    endloop
  endfacet
  facet normal -0.713314 0.700844 1.83758e-17
    outer loop
      vertex -3.72432 17.82 -0.6
      vertex -4.25488 17.28 -1.6
      vertex -4.25488 17.28 -0.6
    endloop
  endfacet
  facet normal -0.647686 0.761907 0
    outer loop
      vertex -4.25488 17.28 -1.6
      vertex -4.89011 16.74 -0.6
      vertex -4.25488 17.28 -0.6
    endloop
  endfacet
  facet normal -0.647686 0.761907 0
    outer loop
      vertex -4.89011 16.74 -0.6
      vertex -4.25488 17.28 -1.6
      vertex -4.89011 16.74 -1.6
    endloop
  endfacet
  facet normal -0.638636 0.769509 0
    outer loop
      vertex -4.89011 16.74 -1.6
      vertex -5.54077 16.2 -0.6
      vertex -4.89011 16.74 -0.6
    endloop
  endfacet
  facet normal -0.638636 0.769509 0
    outer loop
      vertex -5.54077 16.2 -0.6
      vertex -4.89011 16.74 -1.6
      vertex -5.54077 16.2 -1.6
    endloop
  endfacet
  facet normal -0.684757 0.728772 0
    outer loop
      vertex -5.54077 16.2 -1.6
      vertex -6.11548 15.66 -0.6
      vertex -5.54077 16.2 -0.6
    endloop
  endfacet
  facet normal -0.684757 0.728772 0
    outer loop
      vertex -6.11548 15.66 -0.6
      vertex -5.54077 16.2 -1.6
      vertex -6.11548 15.66 -1.6
    endloop
  endfacet
  facet normal -0.790741 0.612151 1.59473e-17
    outer loop
      vertex -6.53352 15.12 -1.6
      vertex -6.11548 15.66 -0.6
      vertex -6.11548 15.66 -1.6
    endloop
  endfacet
  facet normal -0.790741 0.612151 1.59473e-17
    outer loop
      vertex -6.11548 15.66 -0.6
      vertex -6.53352 15.12 -1.6
      vertex -6.53352 15.12 -0.6
    endloop
  endfacet
  facet normal -0.936232 0.351382 4.52235e-18
    outer loop
      vertex -6.73619 14.58 -1.6
      vertex -6.53352 15.12 -0.6
      vertex -6.53352 15.12 -1.6
    endloop
  endfacet
  facet normal -0.936232 0.351382 4.52235e-18
    outer loop
      vertex -6.53352 15.12 -0.6
      vertex -6.73619 14.58 -1.6
      vertex -6.73619 14.58 -0.6
    endloop
  endfacet
  facet normal -0.997105 -0.0760385 4.88396e-19
    outer loop
      vertex -6.69501 14.04 -1.6
      vertex -6.73619 14.58 -0.6
      vertex -6.73619 14.58 -1.6
    endloop
  endfacet
  facet normal -0.997105 -0.0760385 4.88396e-19
    outer loop
      vertex -6.73619 14.58 -0.6
      vertex -6.69501 14.04 -1.6
      vertex -6.69501 14.04 -0.6
    endloop
  endfacet
  facet normal -0.888265 -0.459332 2.6596e-18
    outer loop
      vertex -6.41577 13.5 -1.6
      vertex -6.69501 14.04 -0.6
      vertex -6.69501 14.04 -1.6
    endloop
  endfacet
  facet normal -0.888265 -0.459332 2.6596e-18
    outer loop
      vertex -6.69501 14.04 -0.6
      vertex -6.41577 13.5 -1.6
      vertex -6.41577 13.5 -0.6
    endloop
  endfacet
  facet normal -0.748723 -0.662883 -1.97451e-17
    outer loop
      vertex -5.93768 12.96 -1.6
      vertex -6.41577 13.5 -0.6
      vertex -6.41577 13.5 -1.6
    endloop
  endfacet
  facet normal -0.748723 -0.662883 -1.97451e-17
    outer loop
      vertex -6.41577 13.5 -0.6
      vertex -5.93768 12.96 -1.6
      vertex -5.93768 12.96 -0.6
    endloop
  endfacet
  facet normal -0.662979 -0.748638 0
    outer loop
      vertex -5.93768 12.96 -1.6
      vertex -5.32791 12.42 -0.6
      vertex -5.93768 12.96 -0.6
    endloop
  endfacet
  facet normal -0.662979 -0.748638 -0
    outer loop
      vertex -5.32791 12.42 -0.6
      vertex -5.93768 12.96 -1.6
      vertex -5.32791 12.42 -1.6
    endloop
  endfacet
  facet normal -0.635635 -0.77199 0
    outer loop
      vertex -5.32791 12.42 -1.6
      vertex -4.67207 11.88 -0.6
      vertex -5.32791 12.42 -0.6
    endloop
  endfacet
  facet normal -0.635635 -0.77199 -0
    outer loop
      vertex -4.67207 11.88 -0.6
      vertex -5.32791 12.42 -1.6
      vertex -4.67207 11.88 -1.6
    endloop
  endfacet
  facet normal -0.662991 -0.748627 0
    outer loop
      vertex -4.67207 11.88 -1.6
      vertex -4.06232 11.34 -0.6
      vertex -4.67207 11.88 -0.6
    endloop
  endfacet
  facet normal -0.662991 -0.748627 -0
    outer loop
      vertex -4.06232 11.34 -0.6
      vertex -4.67207 11.88 -1.6
      vertex -4.06232 11.34 -1.6
    endloop
  endfacet
  facet normal -0.748723 -0.662883 -1.97451e-17
    outer loop
      vertex -3.58423 10.8 -1.6
      vertex -4.06232 11.34 -0.6
      vertex -4.06232 11.34 -1.6
    endloop
  endfacet
  facet normal -0.748723 -0.662883 -1.97451e-17
    outer loop
      vertex -4.06232 11.34 -0.6
      vertex -3.58423 10.8 -1.6
      vertex -3.58423 10.8 -0.6
    endloop
  endfacet
  facet normal -0.888265 -0.459332 8.5328e-18
    outer loop
      vertex -3.30499 10.26 -1.6
      vertex -3.58423 10.8 -0.6
      vertex -3.58423 10.8 -1.6
    endloop
  endfacet
  facet normal -0.888265 -0.459332 8.5328e-18
    outer loop
      vertex -3.58423 10.8 -0.6
      vertex -3.30499 10.26 -1.6
      vertex -3.30499 10.26 -0.6
    endloop
  endfacet
  facet normal -0.997105 -0.0760399 -1.13739e-18
    outer loop
      vertex -3.26381 9.72001 -1.6
      vertex -3.30499 10.26 -0.6
      vertex -3.30499 10.26 -1.6
    endloop
  endfacet
  facet normal -0.997105 -0.0760399 -1.13739e-18
    outer loop
      vertex -3.30499 10.26 -0.6
      vertex -3.26381 9.72001 -1.6
      vertex -3.26381 9.72001 -0.6
    endloop
  endfacet
  facet normal -0.936232 0.351382 9.85808e-18
    outer loop
      vertex -3.46648 9.18001 -1.6
      vertex -3.26381 9.72001 -0.6
      vertex -3.26381 9.72001 -1.6
    endloop
  endfacet
  facet normal -0.936232 0.351382 9.85808e-18
    outer loop
      vertex -3.26381 9.72001 -0.6
      vertex -3.46648 9.18001 -1.6
      vertex -3.46648 9.18001 -0.6
    endloop
  endfacet
  facet normal -0.790741 0.612151 -1.47206e-17
    outer loop
      vertex -3.88452 8.64001 -1.6
      vertex -3.46648 9.18001 -0.6
      vertex -3.46648 9.18001 -1.6
    endloop
  endfacet
  facet normal -0.790741 0.612151 -1.47206e-17
    outer loop
      vertex -3.46648 9.18001 -0.6
      vertex -3.88452 8.64001 -1.6
      vertex -3.88452 8.64001 -0.6
    endloop
  endfacet
  facet normal -0.68477 0.72876 0
    outer loop
      vertex -3.88452 8.64001 -1.6
      vertex -4.45921 8.10001 -0.6
      vertex -3.88452 8.64001 -0.6
    endloop
  endfacet
  facet normal -0.68477 0.72876 0
    outer loop
      vertex -4.45921 8.10001 -0.6
      vertex -3.88452 8.64001 -1.6
      vertex -4.45921 8.10001 -1.6
    endloop
  endfacet
  facet normal -0.638637 0.769508 0
    outer loop
      vertex -4.45921 8.10001 -1.6
      vertex -5.10988 7.56 -0.6
      vertex -4.45921 8.10001 -0.6
    endloop
  endfacet
  facet normal -0.638637 0.769508 0
    outer loop
      vertex -5.10988 7.56 -0.6
      vertex -4.45921 8.10001 -1.6
      vertex -5.10988 7.56 -1.6
    endloop
  endfacet
  facet normal -0.647685 0.761908 0
    outer loop
      vertex -5.10988 7.56 -1.6
      vertex -5.7451 7.02001 -0.6
      vertex -5.10988 7.56 -0.6
    endloop
  endfacet
  facet normal -0.647685 0.761908 0
    outer loop
      vertex -5.7451 7.02001 -0.6
      vertex -5.10988 7.56 -1.6
      vertex -5.7451 7.02001 -1.6
    endloop
  endfacet
  facet normal -0.713307 0.700851 -1.97465e-17
    outer loop
      vertex -6.27568 6.48 -1.6
      vertex -5.7451 7.02001 -0.6
      vertex -5.7451 7.02001 -1.6
    endloop
  endfacet
  facet normal -0.713307 0.700851 -1.97465e-17
    outer loop
      vertex -5.7451 7.02001 -0.6
      vertex -6.27568 6.48 -1.6
      vertex -6.27568 6.48 -0.6
    endloop
  endfacet
  facet normal -0.838134 0.545465 1.45725e-17
    outer loop
      vertex -6.62711 5.94001 -1.6
      vertex -6.27568 6.48 -0.6
      vertex -6.27568 6.48 -1.6
    endloop
  endfacet
  facet normal -0.838134 0.545465 1.45725e-17
    outer loop
      vertex -6.27568 6.48 -0.6
      vertex -6.62711 5.94001 -1.6
      vertex -6.62711 5.94001 -0.6
    endloop
  endfacet
  facet normal -0.97507 0.221897 -1.07291e-17
    outer loop
      vertex -6.75 5.4 -1.6
      vertex -6.62711 5.94001 -0.6
      vertex -6.62711 5.94001 -1.6
    endloop
  endfacet
  facet normal -0.97507 0.221897 -1.07291e-17
    outer loop
      vertex -6.62711 5.94001 -0.6
      vertex -6.75 5.4 -1.6
      vertex -6.75 5.4 -0.6
    endloop
  endfacet
  facet normal -0.975068 -0.221904 3.57449e-18
    outer loop
      vertex -6.62711 4.86001 -1.6
      vertex -6.75 5.4 -0.6
      vertex -6.75 5.4 -1.6
    endloop
  endfacet
  facet normal -0.975068 -0.221904 3.57449e-18
    outer loop
      vertex -6.75 5.4 -0.6
      vertex -6.62711 4.86001 -1.6
      vertex -6.62711 4.86001 -0.6
    endloop
  endfacet
  facet normal 0 0 -1
    outer loop
      vertex 5.23619 -3.77999 -1.6
      vertex 6.73619 -3.77999 -1.6
      vertex 6.53352 -4.31999 -1.6
    endloop
  endfacet
  facet normal 0 0 -1
    outer loop
      vertex 6.73619 -3.77999 -1.6
      vertex 5.23619 -3.77999 -1.6
      vertex 6.69501 -3.24 -1.6
    endloop
  endfacet
  facet normal 0 0 -1
    outer loop
      vertex 5.23619 -3.77999 -1.6
      vertex 6.53352 -4.31999 -1.6
      vertex 6.11548 -4.85999 -1.6
    endloop
  endfacet
  facet normal 0 0 -1
    outer loop
      vertex 5.19501 -3.24 -1.6
      vertex 6.69501 -3.24 -1.6
      vertex 5.23619 -3.77999 -1.6
    endloop
  endfacet
  facet normal 0 0 -1
    outer loop
      vertex 5.03352 -4.31999 -1.6
      vertex 6.11548 -4.85999 -1.6
      vertex 5.54077 -5.39999 -1.6
    endloop
  endfacet
  facet normal 0 0 -1
    outer loop
      vertex 6.69501 -3.24 -1.6
      vertex 5.19501 -3.24 -1.6
      vertex 6.41577 -2.69999 -1.6
    endloop
  endfacet
  facet normal -0 0 -1
    outer loop
      vertex 6.41577 -2.69999 -1.6
      vertex 5.19501 -3.24 -1.6
      vertex 5.93768 -2.16 -1.6
    endloop
  endfacet
  facet normal 0 0 -1
    outer loop
      vertex 6.11548 -4.85999 -1.6
      vertex 5.03352 -4.31999 -1.6
      vertex 5.23619 -3.77999 -1.6
    endloop
  endfacet
  facet normal 0 0 -1
    outer loop
      vertex 4.61548 -4.85999 -1.6
      vertex 5.54077 -5.39999 -1.6
      vertex 4.89011 -5.94 -1.6
    endloop
  endfacet
  facet normal 0 0 -1
    outer loop
      vertex 5.54077 -5.39999 -1.6
      vertex 4.61548 -4.85999 -1.6
      vertex 5.03352 -4.31999 -1.6
    endloop
  endfacet
  facet normal 0 0 -1
    outer loop
      vertex 4.04079 -5.39999 -1.6
      vertex 4.89011 -5.94 -1.6
      vertex 4.25488 -6.47999 -1.6
    endloop
  endfacet
  facet normal 0 0 -1
    outer loop
      vertex 4.89011 -5.94 -1.6
      vertex 4.04079 -5.39999 -1.6
      vertex 4.61548 -4.85999 -1.6
    endloop
  endfacet
  facet normal 0 0 -1
    outer loop
      vertex 3.39012 -5.94 -1.6
      vertex 4.25488 -6.47999 -1.6
      vertex 3.72432 -7.02 -1.6
    endloop
  endfacet
  facet normal 0 0 -1
    outer loop
      vertex 2.7549 -6.47999 -1.6
      vertex 3.72432 -7.02 -1.6
      vertex 3.64785 -7.1375 -1.6
    endloop
  endfacet
  facet normal 0 0 -1
    outer loop
      vertex 4.25488 -6.47999 -1.6
      vertex 3.39012 -5.94 -1.6
      vertex 4.04079 -5.39999 -1.6
    endloop
  endfacet
  facet normal 0 0 -1
    outer loop
      vertex 3.72432 -7.02 -1.6
      vertex 2.7549 -6.47999 -1.6
      vertex 3.39012 -5.94 -1.6
    endloop
  endfacet
  facet normal 0 0 -1
    outer loop
      vertex 3.64785 -7.1375 -1.6
      vertex 2.22432 -7.02 -1.6
      vertex 2.7549 -6.47999 -1.6
    endloop
  endfacet
  facet normal 0 -0 -1
    outer loop
      vertex 2.22432 -7.02 -1.6
      vertex 3.64785 -7.1375 -1.6
      vertex 2.14785 -7.1375 -1.6
    endloop
  endfacet
  facet normal 0 0 -1
    outer loop
      vertex 4.91577 -2.69999 -1.6
      vertex 5.93768 -2.16 -1.6
      vertex 5.19501 -3.24 -1.6
    endloop
  endfacet
  facet normal -0 0 -1
    outer loop
      vertex 5.93768 -2.16 -1.6
      vertex 4.91577 -2.69999 -1.6
      vertex 5.32791 -1.61999 -1.6
    endloop
  endfacet
  facet normal 0 0 -1
    outer loop
      vertex 4.43768 -2.16 -1.6
      vertex 5.32791 -1.61999 -1.6
      vertex 4.91577 -2.69999 -1.6
    endloop
  endfacet
  facet normal -0 0 -1
    outer loop
      vertex 5.32791 -1.61999 -1.6
      vertex 4.43768 -2.16 -1.6
      vertex 4.67207 -1.08 -1.6
    endloop
  endfacet
  facet normal 0 0 -1
    outer loop
      vertex 3.82793 -1.61999 -1.6
      vertex 4.67207 -1.08 -1.6
      vertex 4.43768 -2.16 -1.6
    endloop
  endfacet
  facet normal -0 0 -1
    outer loop
      vertex 4.67207 -1.08 -1.6
      vertex 3.82793 -1.61999 -1.6
      vertex 4.06232 -0.539987 -1.6
    endloop
  endfacet
  facet normal 0 0 -1
    outer loop
      vertex 3.17209 -1.08 -1.6
      vertex 4.06232 -0.539987 -1.6
      vertex 3.82793 -1.61999 -1.6
    endloop
  endfacet
  facet normal -0 0 -1
    outer loop
      vertex 4.06232 -0.539987 -1.6
      vertex 3.17209 -1.08 -1.6
      vertex 3.58423 6.10352e-06 -1.6
    endloop
  endfacet
  facet normal -0 0 -1
    outer loop
      vertex 3.58423 6.10352e-06 -1.6
      vertex 2.56232 -0.539987 -1.6
      vertex 3.30499 0.540015 -1.6
    endloop
  endfacet
  facet normal 0 0 -1
    outer loop
      vertex 2.56232 -0.539987 -1.6
      vertex 3.58423 6.10352e-06 -1.6
      vertex 3.17209 -1.08 -1.6
    endloop
  endfacet
  facet normal 0 0 -1
    outer loop
      vertex 5.25 5.4 -1.6
      vertex 6.75 5.4 -1.6
      vertex 6.62711 4.86001 -1.6
    endloop
  endfacet
  facet normal 0 0 -1
    outer loop
      vertex 5.12711 4.86001 -1.6
      vertex 6.62711 4.86001 -1.6
      vertex 6.27568 4.32001 -1.6
    endloop
  endfacet
  facet normal 0 0 -1
    outer loop
      vertex 6.75 5.4 -1.6
      vertex 5.25 5.4 -1.6
      vertex 6.62711 5.94001 -1.6
    endloop
  endfacet
  facet normal 0 0 -1
    outer loop
      vertex 5.12711 4.86001 -1.6
      vertex 6.27568 4.32001 -1.6
      vertex 5.7451 3.78 -1.6
    endloop
  endfacet
  facet normal 0 0 -1
    outer loop
      vertex 5.12711 5.94001 -1.6
      vertex 6.62711 5.94001 -1.6
      vertex 5.25 5.4 -1.6
    endloop
  endfacet
  facet normal 0 0 -1
    outer loop
      vertex 6.62711 5.94001 -1.6
      vertex 5.12711 5.94001 -1.6
      vertex 6.27568 6.48 -1.6
    endloop
  endfacet
  facet normal 0 0 -1
    outer loop
      vertex 6.62711 4.86001 -1.6
      vertex 5.12711 4.86001 -1.6
      vertex 5.25 5.4 -1.6
    endloop
  endfacet
  facet normal 0 0 -1
    outer loop
      vertex 4.77568 4.32001 -1.6
      vertex 5.7451 3.78 -1.6
      vertex 5.10988 3.24001 -1.6
    endloop
  endfacet
  facet normal 0 0 -1
    outer loop
      vertex 5.7451 3.78 -1.6
      vertex 4.77568 4.32001 -1.6
      vertex 5.12711 4.86001 -1.6
    endloop
  endfacet
  facet normal 0 0 -1
    outer loop
      vertex 4.24512 3.78 -1.6
      vertex 5.10988 3.24001 -1.6
      vertex 4.45921 2.7 -1.6
    endloop
  endfacet
  facet normal 0 0 -1
    outer loop
      vertex 5.10988 3.24001 -1.6
      vertex 4.24512 3.78 -1.6
      vertex 4.77568 4.32001 -1.6
    endloop
  endfacet
  facet normal 0 0 -1
    outer loop
      vertex 3.60989 3.24001 -1.6
      vertex 4.45921 2.7 -1.6
      vertex 3.88452 2.16001 -1.6
    endloop
  endfacet
  facet normal 0 0 -1
    outer loop
      vertex 4.45921 2.7 -1.6
      vertex 3.60989 3.24001 -1.6
      vertex 4.24512 3.78 -1.6
    endloop
  endfacet
  facet normal 0 0 -1
    outer loop
      vertex 2.95923 2.7 -1.6
      vertex 3.88452 2.16001 -1.6
      vertex 3.46648 1.62 -1.6
    endloop
  endfacet
  facet normal 0 0 -1
    outer loop
      vertex 2.38452 2.16001 -1.6
      vertex 3.46648 1.62 -1.6
      vertex 3.26381 1.08001 -1.6
    endloop
  endfacet
  facet normal 0 0 -1
    outer loop
      vertex 3.88452 2.16001 -1.6
      vertex 2.95923 2.7 -1.6
      vertex 3.60989 3.24001 -1.6
    endloop
  endfacet
  facet normal 0 0 -1
    outer loop
      vertex 2.08423 6.10352e-06 -1.6
      vertex 3.30499 0.540015 -1.6
      vertex 2.56232 -0.539987 -1.6
    endloop
  endfacet
  facet normal 0 0 -1
    outer loop
      vertex 1.80499 0.540015 -1.6
      vertex 3.30499 0.540015 -1.6
      vertex 2.08423 6.10352e-06 -1.6
    endloop
  endfacet
  facet normal 0 0 -1
    outer loop
      vertex 3.46648 1.62 -1.6
      vertex 2.38452 2.16001 -1.6
      vertex 2.95923 2.7 -1.6
    endloop
  endfacet
  facet normal 0 0 -1
    outer loop
      vertex 3.30499 0.540015 -1.6
      vertex 1.80499 0.540015 -1.6
      vertex 3.26381 1.08001 -1.6
    endloop
  endfacet
  facet normal 0 0 -1
    outer loop
      vertex 3.26381 1.08001 -1.6
      vertex 1.96648 1.62 -1.6
      vertex 2.38452 2.16001 -1.6
    endloop
  endfacet
  facet normal 0 0 -1
    outer loop
      vertex 1.76381 1.08001 -1.6
      vertex 3.26381 1.08001 -1.6
      vertex 1.80499 0.540015 -1.6
    endloop
  endfacet
  facet normal 0 0 -1
    outer loop
      vertex 3.26381 1.08001 -1.6
      vertex 1.76381 1.08001 -1.6
      vertex 1.96648 1.62 -1.6
    endloop
  endfacet
  facet normal -0 0 -1
    outer loop
      vertex 6.27568 6.48 -1.6
      vertex 5.12711 5.94001 -1.6
      vertex 5.7451 7.02001 -1.6
    endloop
  endfacet
  facet normal 0 0 -1
    outer loop
      vertex 4.77568 6.48 -1.6
      vertex 5.7451 7.02001 -1.6
      vertex 5.12711 5.94001 -1.6
    endloop
  endfacet
  facet normal -0 0 -1
    outer loop
      vertex 5.7451 7.02001 -1.6
      vertex 4.77568 6.48 -1.6
      vertex 5.10988 7.56 -1.6
    endloop
  endfacet
  facet normal 0 0 -1
    outer loop
      vertex 4.24512 7.02001 -1.6
      vertex 5.10988 7.56 -1.6
      vertex 4.77568 6.48 -1.6
    endloop
  endfacet
  facet normal -0 0 -1
    outer loop
      vertex 5.10988 7.56 -1.6
      vertex 4.24512 7.02001 -1.6
      vertex 4.45921 8.10001 -1.6
    endloop
  endfacet
  facet normal 0 0 -1
    outer loop
      vertex 3.60989 7.56 -1.6
      vertex 4.45921 8.10001 -1.6
      vertex 4.24512 7.02001 -1.6
    endloop
  endfacet
  facet normal -0 0 -1
    outer loop
      vertex 4.45921 8.10001 -1.6
      vertex 3.60989 7.56 -1.6
      vertex 3.88452 8.64001 -1.6
    endloop
  endfacet
  facet normal 0 0 -1
    outer loop
      vertex 2.95923 8.10001 -1.6
      vertex 3.88452 8.64001 -1.6
      vertex 3.60989 7.56 -1.6
    endloop
  endfacet
  facet normal -0 0 -1
    outer loop
      vertex 3.88452 8.64001 -1.6
      vertex 2.95923 8.10001 -1.6
      vertex 3.46648 9.18001 -1.6
    endloop
  endfacet
  facet normal 0 0 -1
    outer loop
      vertex 2.38452 8.64001 -1.6
      vertex 3.46648 9.18001 -1.6
      vertex 2.95923 8.10001 -1.6
    endloop
  endfacet
  facet normal -0 0 -1
    outer loop
      vertex 3.46648 9.18001 -1.6
      vertex 2.38452 8.64001 -1.6
      vertex 3.26381 9.72001 -1.6
    endloop
  endfacet
  facet normal 0 0 -1
    outer loop
      vertex 3.26381 9.72001 -1.6
      vertex 2.56232 11.34 -1.6
      vertex 3.17209 11.88 -1.6
    endloop
  endfacet
  facet normal 0 0 -1
    outer loop
      vertex 1.96648 9.18001 -1.6
      vertex 3.26381 9.72001 -1.6
      vertex 2.38452 8.64001 -1.6
    endloop
  endfacet
  facet normal 0 0 -1
    outer loop
      vertex 3.26381 9.72001 -1.6
      vertex 2.08423 10.8 -1.6
      vertex 2.56232 11.34 -1.6
    endloop
  endfacet
  facet normal 0 0 -1
    outer loop
      vertex 1.76381 9.72001 -1.6
      vertex 3.26381 9.72001 -1.6
      vertex 1.96648 9.18001 -1.6
    endloop
  endfacet
  facet normal 0 0 -1
    outer loop
      vertex 3.26381 9.72001 -1.6
      vertex 1.80499 10.26 -1.6
      vertex 2.08423 10.8 -1.6
    endloop
  endfacet
  facet normal 0 0 -1
    outer loop
      vertex 3.26381 9.72001 -1.6
      vertex 1.76381 9.72001 -1.6
      vertex 1.80499 10.26 -1.6
    endloop
  endfacet
  facet normal 0 0 -1
    outer loop
      vertex 6.69501 14.04 -1.6
      vertex 5.19501 14.04 -1.6
      vertex 5.23619 14.58 -1.6
    endloop
  endfacet
  facet normal 0 0 -1
    outer loop
      vertex 5.93768 12.96 -1.6
      vertex 4.91577 13.5 -1.6
      vertex 5.19501 14.04 -1.6
    endloop
  endfacet
  facet normal 0 0 -1
    outer loop
      vertex 4.43768 12.96 -1.6
      vertex 5.32791 12.42 -1.6
      vertex 4.67207 11.88 -1.6
    endloop
  endfacet
  facet normal 0 0 -1
    outer loop
      vertex 5.32791 12.42 -1.6
      vertex 4.43768 12.96 -1.6
      vertex 4.91577 13.5 -1.6
    endloop
  endfacet
  facet normal 0 0 -1
    outer loop
      vertex 3.82793 12.42 -1.6
      vertex 4.67207 11.88 -1.6
      vertex 4.06232 11.34 -1.6
    endloop
  endfacet
  facet normal 0 0 -1
    outer loop
      vertex 4.67207 11.88 -1.6
      vertex 3.82793 12.42 -1.6
      vertex 4.43768 12.96 -1.6
    endloop
  endfacet
  facet normal 0 0 -1
    outer loop
      vertex 3.17209 11.88 -1.6
      vertex 4.06232 11.34 -1.6
      vertex 3.58423 10.8 -1.6
    endloop
  endfacet
  facet normal 0 0 -1
    outer loop
      vertex 3.17209 11.88 -1.6
      vertex 3.58423 10.8 -1.6
      vertex 3.30499 10.26 -1.6
    endloop
  endfacet
  facet normal 0 0 -1
    outer loop
      vertex 4.06232 11.34 -1.6
      vertex 3.17209 11.88 -1.6
      vertex 3.82793 12.42 -1.6
    endloop
  endfacet
  facet normal 0 0 -1
    outer loop
      vertex 3.17209 11.88 -1.6
      vertex 3.30499 10.26 -1.6
      vertex 3.26381 9.72001 -1.6
    endloop
  endfacet
  facet normal 0 0 -1
    outer loop
      vertex 5.23619 14.58 -1.6
      vertex 6.73619 14.58 -1.6
      vertex 6.69501 14.04 -1.6
    endloop
  endfacet
  facet normal 0 0 -1
    outer loop
      vertex 5.19501 14.04 -1.6
      vertex 6.69501 14.04 -1.6
      vertex 6.41577 13.5 -1.6
    endloop
  endfacet
  facet normal 0 0 -1
    outer loop
      vertex 6.73619 14.58 -1.6
      vertex 5.23619 14.58 -1.6
      vertex 6.53352 15.12 -1.6
    endloop
  endfacet
  facet normal 0 0 -1
    outer loop
      vertex 5.19501 14.04 -1.6
      vertex 6.41577 13.5 -1.6
      vertex 5.93768 12.96 -1.6
    endloop
  endfacet
  facet normal -0 0 -1
    outer loop
      vertex 6.53352 15.12 -1.6
      vertex 5.23619 14.58 -1.6
      vertex 6.11548 15.66 -1.6
    endloop
  endfacet
  facet normal 0 0 -1
    outer loop
      vertex 4.91577 13.5 -1.6
      vertex 5.93768 12.96 -1.6
      vertex 5.32791 12.42 -1.6
    endloop
  endfacet
  facet normal 0 0 -1
    outer loop
      vertex 5.03352 15.12 -1.6
      vertex 6.11548 15.66 -1.6
      vertex 5.23619 14.58 -1.6
    endloop
  endfacet
  facet normal -0 0 -1
    outer loop
      vertex 6.11548 15.66 -1.6
      vertex 5.03352 15.12 -1.6
      vertex 5.54077 16.2 -1.6
    endloop
  endfacet
  facet normal 0 0 -1
    outer loop
      vertex 4.61548 15.66 -1.6
      vertex 5.54077 16.2 -1.6
      vertex 5.03352 15.12 -1.6
    endloop
  endfacet
  facet normal -0 0 -1
    outer loop
      vertex 5.54077 16.2 -1.6
      vertex 4.61548 15.66 -1.6
      vertex 4.89011 16.74 -1.6
    endloop
  endfacet
  facet normal 0 0 -1
    outer loop
      vertex 4.04079 16.2 -1.6
      vertex 4.89011 16.74 -1.6
      vertex 4.61548 15.66 -1.6
    endloop
  endfacet
  facet normal -0 0 -1
    outer loop
      vertex 4.89011 16.74 -1.6
      vertex 4.04079 16.2 -1.6
      vertex 4.25488 17.28 -1.6
    endloop
  endfacet
  facet normal 0 0 -1
    outer loop
      vertex 3.39012 16.74 -1.6
      vertex 4.25488 17.28 -1.6
      vertex 4.04079 16.2 -1.6
    endloop
  endfacet
  facet normal -0 0 -1
    outer loop
      vertex 4.25488 17.28 -1.6
      vertex 3.39012 16.74 -1.6
      vertex 3.72432 17.82 -1.6
    endloop
  endfacet
  facet normal 0 0 -1
    outer loop
      vertex 2.7549 17.28 -1.6
      vertex 3.72432 17.82 -1.6
      vertex 3.39012 16.74 -1.6
    endloop
  endfacet
  facet normal -0 0 -1
    outer loop
      vertex 3.72432 17.82 -1.6
      vertex 2.7549 17.28 -1.6
      vertex 3.52584 18.125 -1.6
    endloop
  endfacet
  facet normal 0 0 -1
    outer loop
      vertex 2.22432 17.82 -1.6
      vertex 3.52584 18.125 -1.6
      vertex 2.7549 17.28 -1.6
    endloop
  endfacet
  facet normal -0 0 -1
    outer loop
      vertex 3.52584 18.125 -1.6
      vertex 2.22432 17.82 -1.6
      vertex 2.02584 18.125 -1.6
    endloop
  endfacet
  facet normal 0 0 1
    outer loop
      vertex 5.23619 14.58 -0.6
      vertex 6.73619 14.58 -0.6
      vertex 6.53352 15.12 -0.6
    endloop
  endfacet
  facet normal 0 0 1
    outer loop
      vertex 6.73619 14.58 -0.6
      vertex 5.23619 14.58 -0.6
      vertex 6.69501 14.04 -0.6
    endloop
  endfacet
  facet normal 0 0 1
    outer loop
      vertex 5.23619 14.58 -0.6
      vertex 6.53352 15.12 -0.6
      vertex 6.11548 15.66 -0.6
    endloop
  endfacet
  facet normal 0 0 1
    outer loop
      vertex 5.19501 14.04 -0.6
      vertex 6.69501 14.04 -0.6
      vertex 5.23619 14.58 -0.6
    endloop
  endfacet
  facet normal 0 0 1
    outer loop
      vertex 5.03352 15.12 -0.6
      vertex 6.11548 15.66 -0.6
      vertex 5.54077 16.2 -0.6
    endloop
  endfacet
  facet normal 0 0 1
    outer loop
      vertex 6.69501 14.04 -0.6
      vertex 5.19501 14.04 -0.6
      vertex 6.41577 13.5 -0.6
    endloop
  endfacet
  facet normal 0 0 1
    outer loop
      vertex 6.41577 13.5 -0.6
      vertex 5.19501 14.04 -0.6
      vertex 5.93768 12.96 -0.6
    endloop
  endfacet
  facet normal 0 0 1
    outer loop
      vertex 6.11548 15.66 -0.6
      vertex 5.03352 15.12 -0.6
      vertex 5.23619 14.58 -0.6
    endloop
  endfacet
  facet normal 0 0 1
    outer loop
      vertex 4.61548 15.66 -0.6
      vertex 5.54077 16.2 -0.6
      vertex 4.89011 16.74 -0.6
    endloop
  endfacet
  facet normal 0 0 1
    outer loop
      vertex 5.54077 16.2 -0.6
      vertex 4.61548 15.66 -0.6
      vertex 5.03352 15.12 -0.6
    endloop
  endfacet
  facet normal 0 0 1
    outer loop
      vertex 4.04079 16.2 -0.6
      vertex 4.89011 16.74 -0.6
      vertex 4.25488 17.28 -0.6
    endloop
  endfacet
  facet normal 0 0 1
    outer loop
      vertex 4.89011 16.74 -0.6
      vertex 4.04079 16.2 -0.6
      vertex 4.61548 15.66 -0.6
    endloop
  endfacet
  facet normal 0 0 1
    outer loop
      vertex 3.39012 16.74 -0.6
      vertex 4.25488 17.28 -0.6
      vertex 3.72432 17.82 -0.6
    endloop
  endfacet
  facet normal 0 0 1
    outer loop
      vertex 2.7549 17.28 -0.6
      vertex 3.72432 17.82 -0.6
      vertex 3.52584 18.125 -0.6
    endloop
  endfacet
  facet normal 0 0 1
    outer loop
      vertex 4.25488 17.28 -0.6
      vertex 3.39012 16.74 -0.6
      vertex 4.04079 16.2 -0.6
    endloop
  endfacet
  facet normal 0 0 1
    outer loop
      vertex 3.72432 17.82 -0.6
      vertex 2.7549 17.28 -0.6
      vertex 3.39012 16.74 -0.6
    endloop
  endfacet
  facet normal 0 0 1
    outer loop
      vertex 3.52584 18.125 -0.6
      vertex 2.22432 17.82 -0.6
      vertex 2.7549 17.28 -0.6
    endloop
  endfacet
  facet normal 0 -0 1
    outer loop
      vertex 2.22432 17.82 -0.6
      vertex 3.52584 18.125 -0.6
      vertex 2.02584 18.125 -0.6
    endloop
  endfacet
  facet normal -0 0 1
    outer loop
      vertex 4.91577 13.5 -0.6
      vertex 5.93768 12.96 -0.6
      vertex 5.19501 14.04 -0.6
    endloop
  endfacet
  facet normal 0 0 1
    outer loop
      vertex 5.93768 12.96 -0.6
      vertex 4.91577 13.5 -0.6
      vertex 5.32791 12.42 -0.6
    endloop
  endfacet
  facet normal -0 0 1
    outer loop
      vertex 4.43768 12.96 -0.6
      vertex 5.32791 12.42 -0.6
      vertex 4.91577 13.5 -0.6
    endloop
  endfacet
  facet normal 0 0 1
    outer loop
      vertex 5.32791 12.42 -0.6
      vertex 4.43768 12.96 -0.6
      vertex 4.67207 11.88 -0.6
    endloop
  endfacet
  facet normal -0 0 1
    outer loop
      vertex 3.82793 12.42 -0.6
      vertex 4.67207 11.88 -0.6
      vertex 4.43768 12.96 -0.6
    endloop
  endfacet
  facet normal 0 0 1
    outer loop
      vertex 4.67207 11.88 -0.6
      vertex 3.82793 12.42 -0.6
      vertex 4.06232 11.34 -0.6
    endloop
  endfacet
  facet normal -0 0 1
    outer loop
      vertex 3.17209 11.88 -0.6
      vertex 4.06232 11.34 -0.6
      vertex 3.82793 12.42 -0.6
    endloop
  endfacet
  facet normal 0 0 1
    outer loop
      vertex 4.06232 11.34 -0.6
      vertex 3.17209 11.88 -0.6
      vertex 3.58423 10.8 -0.6
    endloop
  endfacet
  facet normal 0 0 1
    outer loop
      vertex 3.58423 10.8 -0.6
      vertex 2.56232 11.34 -0.6
      vertex 3.30499 10.26 -0.6
    endloop
  endfacet
  facet normal -0 0 1
    outer loop
      vertex 2.56232 11.34 -0.6
      vertex 3.58423 10.8 -0.6
      vertex 3.17209 11.88 -0.6
    endloop
  endfacet
  facet normal 0 0 1
    outer loop
      vertex 5.25 5.4 -0.6
      vertex 6.75 5.4 -0.6
      vertex 6.62711 5.94001 -0.6
    endloop
  endfacet
  facet normal 0 0 1
    outer loop
      vertex 5.12711 5.94001 -0.6
      vertex 6.62711 5.94001 -0.6
      vertex 6.27568 6.48 -0.6
    endloop
  endfacet
  facet normal 0 0 1
    outer loop
      vertex 6.75 5.4 -0.6
      vertex 5.25 5.4 -0.6
      vertex 6.62711 4.86001 -0.6
    endloop
  endfacet
  facet normal 0 0 1
    outer loop
      vertex 5.12711 5.94001 -0.6
      vertex 6.27568 6.48 -0.6
      vertex 5.7451 7.02001 -0.6
    endloop
  endfacet
  facet normal 0 0 1
    outer loop
      vertex 5.12711 4.86001 -0.6
      vertex 6.62711 4.86001 -0.6
      vertex 5.25 5.4 -0.6
    endloop
  endfacet
  facet normal 0 0 1
    outer loop
      vertex 6.62711 4.86001 -0.6
      vertex 5.12711 4.86001 -0.6
      vertex 6.27568 4.32001 -0.6
    endloop
  endfacet
  facet normal 0 0 1
    outer loop
      vertex 6.62711 5.94001 -0.6
      vertex 5.12711 5.94001 -0.6
      vertex 5.25 5.4 -0.6
    endloop
  endfacet
  facet normal 0 0 1
    outer loop
      vertex 4.77568 6.48 -0.6
      vertex 5.7451 7.02001 -0.6
      vertex 5.10988 7.56 -0.6
    endloop
  endfacet
  facet normal 0 0 1
    outer loop
      vertex 5.7451 7.02001 -0.6
      vertex 4.77568 6.48 -0.6
      vertex 5.12711 5.94001 -0.6
    endloop
  endfacet
  facet normal 0 0 1
    outer loop
      vertex 4.24512 7.02001 -0.6
      vertex 5.10988 7.56 -0.6
      vertex 4.45921 8.10001 -0.6
    endloop
  endfacet
  facet normal 0 0 1
    outer loop
      vertex 5.10988 7.56 -0.6
      vertex 4.24512 7.02001 -0.6
      vertex 4.77568 6.48 -0.6
    endloop
  endfacet
  facet normal 0 0 1
    outer loop
      vertex 3.60989 7.56 -0.6
      vertex 4.45921 8.10001 -0.6
      vertex 3.88452 8.64001 -0.6
    endloop
  endfacet
  facet normal 0 0 1
    outer loop
      vertex 4.45921 8.10001 -0.6
      vertex 3.60989 7.56 -0.6
      vertex 4.24512 7.02001 -0.6
    endloop
  endfacet
  facet normal 0 0 1
    outer loop
      vertex 2.95923 8.10001 -0.6
      vertex 3.88452 8.64001 -0.6
      vertex 3.46648 9.18001 -0.6
    endloop
  endfacet
  facet normal 0 0 1
    outer loop
      vertex 2.38452 8.64001 -0.6
      vertex 3.46648 9.18001 -0.6
      vertex 3.26381 9.72001 -0.6
    endloop
  endfacet
  facet normal 0 0 1
    outer loop
      vertex 3.88452 8.64001 -0.6
      vertex 2.95923 8.10001 -0.6
      vertex 3.60989 7.56 -0.6
    endloop
  endfacet
  facet normal -0 0 1
    outer loop
      vertex 2.08423 10.8 -0.6
      vertex 3.30499 10.26 -0.6
      vertex 2.56232 11.34 -0.6
    endloop
  endfacet
  facet normal 0 0 1
    outer loop
      vertex 1.80499 10.26 -0.6
      vertex 3.30499 10.26 -0.6
      vertex 2.08423 10.8 -0.6
    endloop
  endfacet
  facet normal 0 0 1
    outer loop
      vertex 3.46648 9.18001 -0.6
      vertex 2.38452 8.64001 -0.6
      vertex 2.95923 8.10001 -0.6
    endloop
  endfacet
  facet normal 0 0 1
    outer loop
      vertex 3.30499 10.26 -0.6
      vertex 1.80499 10.26 -0.6
      vertex 3.26381 9.72001 -0.6
    endloop
  endfacet
  facet normal 0 0 1
    outer loop
      vertex 3.26381 9.72001 -0.6
      vertex 1.96648 9.18001 -0.6
      vertex 2.38452 8.64001 -0.6
    endloop
  endfacet
  facet normal 0 0 1
    outer loop
      vertex 1.76381 9.72001 -0.6
      vertex 3.26381 9.72001 -0.6
      vertex 1.80499 10.26 -0.6
    endloop
  endfacet
  facet normal 0 0 1
    outer loop
      vertex 3.26381 9.72001 -0.6
      vertex 1.76381 9.72001 -0.6
      vertex 1.96648 9.18001 -0.6
    endloop
  endfacet
  facet normal 0 0 1
    outer loop
      vertex 6.27568 4.32001 -0.6
      vertex 5.12711 4.86001 -0.6
      vertex 5.7451 3.78 -0.6
    endloop
  endfacet
  facet normal -0 0 1
    outer loop
      vertex 4.77568 4.32001 -0.6
      vertex 5.7451 3.78 -0.6
      vertex 5.12711 4.86001 -0.6
    endloop
  endfacet
  facet normal 0 0 1
    outer loop
      vertex 5.7451 3.78 -0.6
      vertex 4.77568 4.32001 -0.6
      vertex 5.10988 3.24001 -0.6
    endloop
  endfacet
  facet normal -0 0 1
    outer loop
      vertex 4.24512 3.78 -0.6
      vertex 5.10988 3.24001 -0.6
      vertex 4.77568 4.32001 -0.6
    endloop
  endfacet
  facet normal 0 0 1
    outer loop
      vertex 5.10988 3.24001 -0.6
      vertex 4.24512 3.78 -0.6
      vertex 4.45921 2.7 -0.6
    endloop
  endfacet
  facet normal -0 0 1
    outer loop
      vertex 3.60989 3.24001 -0.6
      vertex 4.45921 2.7 -0.6
      vertex 4.24512 3.78 -0.6
    endloop
  endfacet
  facet normal 0 0 1
    outer loop
      vertex 4.45921 2.7 -0.6
      vertex 3.60989 3.24001 -0.6
      vertex 3.88452 2.16001 -0.6
    endloop
  endfacet
  facet normal -0 0 1
    outer loop
      vertex 2.95923 2.7 -0.6
      vertex 3.88452 2.16001 -0.6
      vertex 3.60989 3.24001 -0.6
    endloop
  endfacet
  facet normal 0 0 1
    outer loop
      vertex 3.88452 2.16001 -0.6
      vertex 2.95923 2.7 -0.6
      vertex 3.46648 1.62 -0.6
    endloop
  endfacet
  facet normal -0 0 1
    outer loop
      vertex 2.38452 2.16001 -0.6
      vertex 3.46648 1.62 -0.6
      vertex 2.95923 2.7 -0.6
    endloop
  endfacet
  facet normal 0 0 1
    outer loop
      vertex 3.46648 1.62 -0.6
      vertex 2.38452 2.16001 -0.6
      vertex 3.26381 1.08001 -0.6
    endloop
  endfacet
  facet normal 0 0 1
    outer loop
      vertex 3.26381 1.08001 -0.6
      vertex 2.56232 -0.539987 -0.6
      vertex 3.17209 -1.08 -0.6
    endloop
  endfacet
  facet normal -0 0 1
    outer loop
      vertex 1.96648 1.62 -0.6
      vertex 3.26381 1.08001 -0.6
      vertex 2.38452 2.16001 -0.6
    endloop
  endfacet
  facet normal 0 0 1
    outer loop
      vertex 3.26381 1.08001 -0.6
      vertex 2.08423 6.10352e-06 -0.6
      vertex 2.56232 -0.539987 -0.6
    endloop
  endfacet
  facet normal 0 0 1
    outer loop
      vertex 1.76381 1.08001 -0.6
      vertex 3.26381 1.08001 -0.6
      vertex 1.96648 1.62 -0.6
    endloop
  endfacet
  facet normal 0 0 1
    outer loop
      vertex 3.26381 1.08001 -0.6
      vertex 1.80499 0.540015 -0.6
      vertex 2.08423 6.10352e-06 -0.6
    endloop
  endfacet
  facet normal 0 0 1
    outer loop
      vertex 3.26381 1.08001 -0.6
      vertex 1.76381 1.08001 -0.6
      vertex 1.80499 0.540015 -0.6
    endloop
  endfacet
  facet normal 0 0 1
    outer loop
      vertex 6.69501 -3.24 -0.6
      vertex 5.19501 -3.24 -0.6
      vertex 5.23619 -3.77999 -0.6
    endloop
  endfacet
  facet normal 0 0 1
    outer loop
      vertex 5.93768 -2.16 -0.6
      vertex 4.91577 -2.69999 -0.6
      vertex 5.19501 -3.24 -0.6
    endloop
  endfacet
  facet normal 0 0 1
    outer loop
      vertex 4.43768 -2.16 -0.6
      vertex 5.32791 -1.61999 -0.6
      vertex 4.67207 -1.08 -0.6
    endloop
  endfacet
  facet normal 0 0 1
    outer loop
      vertex 5.32791 -1.61999 -0.6
      vertex 4.43768 -2.16 -0.6
      vertex 4.91577 -2.69999 -0.6
    endloop
  endfacet
  facet normal 0 0 1
    outer loop
      vertex 3.82793 -1.61999 -0.6
      vertex 4.67207 -1.08 -0.6
      vertex 4.06232 -0.539987 -0.6
    endloop
  endfacet
  facet normal 0 0 1
    outer loop
      vertex 4.67207 -1.08 -0.6
      vertex 3.82793 -1.61999 -0.6
      vertex 4.43768 -2.16 -0.6
    endloop
  endfacet
  facet normal 0 0 1
    outer loop
      vertex 3.17209 -1.08 -0.6
      vertex 4.06232 -0.539987 -0.6
      vertex 3.58423 6.10352e-06 -0.6
    endloop
  endfacet
  facet normal 0 0 1
    outer loop
      vertex 3.17209 -1.08 -0.6
      vertex 3.58423 6.10352e-06 -0.6
      vertex 3.30499 0.540015 -0.6
    endloop
  endfacet
  facet normal 0 0 1
    outer loop
      vertex 4.06232 -0.539987 -0.6
      vertex 3.17209 -1.08 -0.6
      vertex 3.82793 -1.61999 -0.6
    endloop
  endfacet
  facet normal 0 0 1
    outer loop
      vertex 3.17209 -1.08 -0.6
      vertex 3.30499 0.540015 -0.6
      vertex 3.26381 1.08001 -0.6
    endloop
  endfacet
  facet normal 0 0 1
    outer loop
      vertex 5.23619 -3.77999 -0.6
      vertex 6.73619 -3.77999 -0.6
      vertex 6.69501 -3.24 -0.6
    endloop
  endfacet
  facet normal 0 0 1
    outer loop
      vertex 5.19501 -3.24 -0.6
      vertex 6.69501 -3.24 -0.6
      vertex 6.41577 -2.69999 -0.6
    endloop
  endfacet
  facet normal 0 0 1
    outer loop
      vertex 6.73619 -3.77999 -0.6
      vertex 5.23619 -3.77999 -0.6
      vertex 6.53352 -4.31999 -0.6
    endloop
  endfacet
  facet normal 0 0 1
    outer loop
      vertex 5.19501 -3.24 -0.6
      vertex 6.41577 -2.69999 -0.6
      vertex 5.93768 -2.16 -0.6
    endloop
  endfacet
  facet normal 0 0 1
    outer loop
      vertex 6.53352 -4.31999 -0.6
      vertex 5.23619 -3.77999 -0.6
      vertex 6.11548 -4.85999 -0.6
    endloop
  endfacet
  facet normal 0 0 1
    outer loop
      vertex 4.91577 -2.69999 -0.6
      vertex 5.93768 -2.16 -0.6
      vertex 5.32791 -1.61999 -0.6
    endloop
  endfacet
  facet normal -0 0 1
    outer loop
      vertex 5.03352 -4.31999 -0.6
      vertex 6.11548 -4.85999 -0.6
      vertex 5.23619 -3.77999 -0.6
    endloop
  endfacet
  facet normal 0 0 1
    outer loop
      vertex 6.11548 -4.85999 -0.6
      vertex 5.03352 -4.31999 -0.6
      vertex 5.54077 -5.39999 -0.6
    endloop
  endfacet
  facet normal -0 0 1
    outer loop
      vertex 4.61548 -4.85999 -0.6
      vertex 5.54077 -5.39999 -0.6
      vertex 5.03352 -4.31999 -0.6
    endloop
  endfacet
  facet normal 0 0 1
    outer loop
      vertex 5.54077 -5.39999 -0.6
      vertex 4.61548 -4.85999 -0.6
      vertex 4.89011 -5.94 -0.6
    endloop
  endfacet
  facet normal -0 0 1
    outer loop
      vertex 4.04079 -5.39999 -0.6
      vertex 4.89011 -5.94 -0.6
      vertex 4.61548 -4.85999 -0.6
    endloop
  endfacet
  facet normal 0 0 1
    outer loop
      vertex 4.89011 -5.94 -0.6
      vertex 4.04079 -5.39999 -0.6
      vertex 4.25488 -6.47999 -0.6
    endloop
  endfacet
  facet normal -0 0 1
    outer loop
      vertex 3.39012 -5.94 -0.6
      vertex 4.25488 -6.47999 -0.6
      vertex 4.04079 -5.39999 -0.6
    endloop
  endfacet
  facet normal 0 0 1
    outer loop
      vertex 4.25488 -6.47999 -0.6
      vertex 3.39012 -5.94 -0.6
      vertex 3.72432 -7.02 -0.6
    endloop
  endfacet
  facet normal -0 0 1
    outer loop
      vertex 2.7549 -6.47999 -0.6
      vertex 3.72432 -7.02 -0.6
      vertex 3.39012 -5.94 -0.6
    endloop
  endfacet
  facet normal 0 0 1
    outer loop
      vertex 3.72432 -7.02 -0.6
      vertex 2.7549 -6.47999 -0.6
      vertex 3.64785 -7.1375 -0.6
    endloop
  endfacet
  facet normal -0 0 1
    outer loop
      vertex 2.22432 -7.02 -0.6
      vertex 3.64785 -7.1375 -0.6
      vertex 2.7549 -6.47999 -0.6
    endloop
  endfacet
  facet normal 0 0 1
    outer loop
      vertex 3.64785 -7.1375 -0.6
      vertex 2.22432 -7.02 -0.6
      vertex 2.14785 -7.1375 -0.6
    endloop
  endfacet
  facet normal 0.838139 -0.545457 1.24858e-17
    outer loop
      vertex 6.27568 4.32001 -0.6
      vertex 6.62711 4.86001 -1.6
      vertex 6.62711 4.86001 -0.6
    endloop
  endfacet
  facet normal 0.838139 -0.545457 1.24858e-17
    outer loop
      vertex 6.62711 4.86001 -1.6
      vertex 6.27568 4.32001 -0.6
      vertex 6.27568 4.32001 -1.6
    endloop
  endfacet
  facet normal 0.713307 -0.700851 -1.80817e-18
    outer loop
      vertex 5.7451 3.78 -0.6
      vertex 6.27568 4.32001 -1.6
      vertex 6.27568 4.32001 -0.6
    endloop
  endfacet
  facet normal 0.713307 -0.700851 -1.80817e-18
    outer loop
      vertex 6.27568 4.32001 -1.6
      vertex 5.7451 3.78 -0.6
      vertex 5.7451 3.78 -1.6
    endloop
  endfacet
  facet normal 0.647685 -0.761908 0
    outer loop
      vertex 5.10988 3.24001 -1.6
      vertex 5.7451 3.78 -0.6
      vertex 5.10988 3.24001 -0.6
    endloop
  endfacet
  facet normal 0.647685 -0.761908 0
    outer loop
      vertex 5.7451 3.78 -0.6
      vertex 5.10988 3.24001 -1.6
      vertex 5.7451 3.78 -1.6
    endloop
  endfacet
  facet normal 0.638637 -0.769508 0
    outer loop
      vertex 4.45921 2.7 -1.6
      vertex 5.10988 3.24001 -0.6
      vertex 4.45921 2.7 -0.6
    endloop
  endfacet
  facet normal 0.638637 -0.769508 0
    outer loop
      vertex 5.10988 3.24001 -0.6
      vertex 4.45921 2.7 -1.6
      vertex 5.10988 3.24001 -1.6
    endloop
  endfacet
  facet normal 0.684763 -0.728766 0
    outer loop
      vertex 3.88452 2.16001 -1.6
      vertex 4.45921 2.7 -0.6
      vertex 3.88452 2.16001 -0.6
    endloop
  endfacet
  facet normal 0.684763 -0.728766 0
    outer loop
      vertex 4.45921 2.7 -0.6
      vertex 3.88452 2.16001 -1.6
      vertex 4.45921 2.7 -1.6
    endloop
  endfacet
  facet normal 0.790747 -0.612144 3.20752e-18
    outer loop
      vertex 3.46648 1.62 -0.6
      vertex 3.88452 2.16001 -1.6
      vertex 3.88452 2.16001 -0.6
    endloop
  endfacet
  facet normal 0.790747 -0.612144 3.20752e-18
    outer loop
      vertex 3.88452 2.16001 -1.6
      vertex 3.46648 1.62 -0.6
      vertex 3.46648 1.62 -1.6
    endloop
  endfacet
  facet normal 0.93623 -0.351388 1.35568e-18
    outer loop
      vertex 3.26381 1.08001 -0.6
      vertex 3.46648 1.62 -1.6
      vertex 3.46648 1.62 -0.6
    endloop
  endfacet
  facet normal 0.93623 -0.351388 1.35568e-18
    outer loop
      vertex 3.46648 1.62 -1.6
      vertex 3.26381 1.08001 -0.6
      vertex 3.26381 1.08001 -1.6
    endloop
  endfacet
  facet normal 0.997105 0.0760392 -1.00818e-18
    outer loop
      vertex 3.30499 0.540015 -0.6
      vertex 3.26381 1.08001 -1.6
      vertex 3.26381 1.08001 -0.6
    endloop
  endfacet
  facet normal 0.997105 0.0760392 -1.00818e-18
    outer loop
      vertex 3.26381 1.08001 -1.6
      vertex 3.30499 0.540015 -0.6
      vertex 3.30499 0.540015 -1.6
    endloop
  endfacet
  facet normal 0.888268 0.459326 -9.05324e-18
    outer loop
      vertex 3.58423 6.10352e-06 -0.6
      vertex 3.30499 0.540015 -1.6
      vertex 3.30499 0.540015 -0.6
    endloop
  endfacet
  facet normal 0.888268 0.459326 -9.05324e-18
    outer loop
      vertex 3.30499 0.540015 -1.6
      vertex 3.58423 6.10352e-06 -0.6
      vertex 3.58423 6.10352e-06 -1.6
    endloop
  endfacet
  facet normal 0.748719 0.662888 -1.08471e-17
    outer loop
      vertex 4.06232 -0.539987 -0.6
      vertex 3.58423 6.10352e-06 -1.6
      vertex 3.58423 6.10352e-06 -0.6
    endloop
  endfacet
  facet normal 0.748719 0.662888 -1.08471e-17
    outer loop
      vertex 3.58423 6.10352e-06 -1.6
      vertex 4.06232 -0.539987 -0.6
      vertex 4.06232 -0.539987 -1.6
    endloop
  endfacet
  facet normal 0.663 0.748619 -0
    outer loop
      vertex 4.67207 -1.08 -1.6
      vertex 4.06232 -0.539987 -0.6
      vertex 4.67207 -1.08 -0.6
    endloop
  endfacet
  facet normal 0.663 0.748619 0
    outer loop
      vertex 4.06232 -0.539987 -0.6
      vertex 4.67207 -1.08 -1.6
      vertex 4.06232 -0.539987 -1.6
    endloop
  endfacet
  facet normal 0.635628 0.771996 -0
    outer loop
      vertex 5.32791 -1.61999 -1.6
      vertex 4.67207 -1.08 -0.6
      vertex 5.32791 -1.61999 -0.6
    endloop
  endfacet
  facet normal 0.635628 0.771996 0
    outer loop
      vertex 4.67207 -1.08 -0.6
      vertex 5.32791 -1.61999 -1.6
      vertex 4.67207 -1.08 -1.6
    endloop
  endfacet
  facet normal 0.662986 0.748632 -0
    outer loop
      vertex 5.93768 -2.16 -1.6
      vertex 5.32791 -1.61999 -0.6
      vertex 5.93768 -2.16 -0.6
    endloop
  endfacet
  facet normal 0.662986 0.748632 0
    outer loop
      vertex 5.32791 -1.61999 -0.6
      vertex 5.93768 -2.16 -1.6
      vertex 5.32791 -1.61999 -1.6
    endloop
  endfacet
  facet normal 0.748717 0.66289 -2.76589e-17
    outer loop
      vertex 6.41577 -2.69999 -0.6
      vertex 5.93768 -2.16 -1.6
      vertex 5.93768 -2.16 -0.6
    endloop
  endfacet
  facet normal 0.748717 0.66289 -2.76589e-17
    outer loop
      vertex 5.93768 -2.16 -1.6
      vertex 6.41577 -2.69999 -0.6
      vertex 6.41577 -2.69999 -1.6
    endloop
  endfacet
  facet normal 0.888268 0.459325 -1.33041e-17
    outer loop
      vertex 6.69501 -3.24 -0.6
      vertex 6.41577 -2.69999 -1.6
      vertex 6.41577 -2.69999 -0.6
    endloop
  endfacet
  facet normal 0.888268 0.459325 -1.33041e-17
    outer loop
      vertex 6.41577 -2.69999 -1.6
      vertex 6.69501 -3.24 -0.6
      vertex 6.69501 -3.24 -1.6
    endloop
  endfacet
  facet normal 0.997105 0.0760399 -2.11322e-18
    outer loop
      vertex 6.73619 -3.77999 -0.6
      vertex 6.69501 -3.24 -1.6
      vertex 6.69501 -3.24 -0.6
    endloop
  endfacet
  facet normal 0.997105 0.0760399 -2.11322e-18
    outer loop
      vertex 6.69501 -3.24 -1.6
      vertex 6.73619 -3.77999 -0.6
      vertex 6.73619 -3.77999 -1.6
    endloop
  endfacet
  facet normal 0.936232 -0.351382 -7.85837e-18
    outer loop
      vertex 6.53352 -4.31999 -0.6
      vertex 6.73619 -3.77999 -1.6
      vertex 6.73619 -3.77999 -0.6
    endloop
  endfacet
  facet normal 0.936232 -0.351382 -7.85837e-18
    outer loop
      vertex 6.73619 -3.77999 -1.6
      vertex 6.53352 -4.31999 -0.6
      vertex 6.53352 -4.31999 -1.6
    endloop
  endfacet
  facet normal 0.790741 -0.612151 6.13359e-19
    outer loop
      vertex 6.11548 -4.85999 -0.6
      vertex 6.53352 -4.31999 -1.6
      vertex 6.53352 -4.31999 -0.6
    endloop
  endfacet
  facet normal 0.790741 -0.612151 6.13359e-19
    outer loop
      vertex 6.53352 -4.31999 -1.6
      vertex 6.11548 -4.85999 -0.6
      vertex 6.11548 -4.85999 -1.6
    endloop
  endfacet
  facet normal 0.684757 -0.728772 0
    outer loop
      vertex 5.54077 -5.39999 -1.6
      vertex 6.11548 -4.85999 -0.6
      vertex 5.54077 -5.39999 -0.6
    endloop
  endfacet
  facet normal 0.684757 -0.728772 0
    outer loop
      vertex 6.11548 -4.85999 -0.6
      vertex 5.54077 -5.39999 -1.6
      vertex 6.11548 -4.85999 -1.6
    endloop
  endfacet
  facet normal 0.638643 -0.769503 0
    outer loop
      vertex 4.89011 -5.94 -1.6
      vertex 5.54077 -5.39999 -0.6
      vertex 4.89011 -5.94 -0.6
    endloop
  endfacet
  facet normal 0.638643 -0.769503 0
    outer loop
      vertex 5.54077 -5.39999 -0.6
      vertex 4.89011 -5.94 -1.6
      vertex 5.54077 -5.39999 -1.6
    endloop
  endfacet
  facet normal 0.647679 -0.761913 0
    outer loop
      vertex 4.25488 -6.47999 -1.6
      vertex 4.89011 -5.94 -0.6
      vertex 4.25488 -6.47999 -0.6
    endloop
  endfacet
  facet normal 0.647679 -0.761913 0
    outer loop
      vertex 4.89011 -5.94 -0.6
      vertex 4.25488 -6.47999 -1.6
      vertex 4.89011 -5.94 -1.6
    endloop
  endfacet
  facet normal 0.713321 -0.700838 2.11358e-18
    outer loop
      vertex 3.72432 -7.02 -0.6
      vertex 4.25488 -6.47999 -1.6
      vertex 4.25488 -6.47999 -0.6
    endloop
  endfacet
  facet normal 0.713321 -0.700838 2.11358e-18
    outer loop
      vertex 4.25488 -6.47999 -1.6
      vertex 3.72432 -7.02 -0.6
      vertex 3.72432 -7.02 -1.6
    endloop
  endfacet
  facet normal 0.838134 -0.545465 -6.13998e-18
    outer loop
      vertex 3.64785 -7.1375 -0.6
      vertex 3.72432 -7.02 -1.6
      vertex 3.72432 -7.02 -0.6
    endloop
  endfacet
  facet normal 0.838134 -0.545465 -6.13998e-18
    outer loop
      vertex 3.72432 -7.02 -1.6
      vertex 3.64785 -7.1375 -0.6
      vertex 3.64785 -7.1375 -1.6
    endloop
  endfacet
  facet normal -0.838134 0.545465 -6.13998e-18
    outer loop
      vertex 2.14785 -7.1375 -1.6
      vertex 2.22432 -7.02 -0.6
      vertex 2.22432 -7.02 -1.6
    endloop
  endfacet
  facet normal -0.838134 0.545465 -6.13998e-18
    outer loop
      vertex 2.22432 -7.02 -0.6
      vertex 2.14785 -7.1375 -1.6
      vertex 2.14785 -7.1375 -0.6
    endloop
  endfacet
  facet normal -0.713307 0.700851 3.0109e-17
    outer loop
      vertex 2.22432 -7.02 -1.6
      vertex 2.7549 -6.47999 -0.6
      vertex 2.7549 -6.47999 -1.6
    endloop
  endfacet
  facet normal -0.713307 0.700851 3.0109e-17
    outer loop
      vertex 2.7549 -6.47999 -0.6
      vertex 2.22432 -7.02 -1.6
      vertex 2.22432 -7.02 -0.6
    endloop
  endfacet
  facet normal -0.647685 0.761908 0
    outer loop
      vertex 3.39012 -5.94 -1.6
      vertex 2.7549 -6.47999 -0.6
      vertex 3.39012 -5.94 -0.6
    endloop
  endfacet
  facet normal -0.647685 0.761908 0
    outer loop
      vertex 2.7549 -6.47999 -0.6
      vertex 3.39012 -5.94 -1.6
      vertex 2.7549 -6.47999 -1.6
    endloop
  endfacet
  facet normal -0.638637 0.769508 0
    outer loop
      vertex 4.04079 -5.39999 -1.6
      vertex 3.39012 -5.94 -0.6
      vertex 4.04079 -5.39999 -0.6
    endloop
  endfacet
  facet normal -0.638637 0.769508 0
    outer loop
      vertex 3.39012 -5.94 -0.6
      vertex 4.04079 -5.39999 -1.6
      vertex 3.39012 -5.94 -1.6
    endloop
  endfacet
  facet normal -0.68477 0.72876 0
    outer loop
      vertex 4.61548 -4.85999 -1.6
      vertex 4.04079 -5.39999 -0.6
      vertex 4.61548 -4.85999 -0.6
    endloop
  endfacet
  facet normal -0.68477 0.72876 0
    outer loop
      vertex 4.04079 -5.39999 -0.6
      vertex 4.61548 -4.85999 -1.6
      vertex 4.04079 -5.39999 -1.6
    endloop
  endfacet
  facet normal -0.790741 0.612151 6.13359e-19
    outer loop
      vertex 4.61548 -4.85999 -1.6
      vertex 5.03352 -4.31999 -0.6
      vertex 5.03352 -4.31999 -1.6
    endloop
  endfacet
  facet normal -0.790741 0.612151 6.13359e-19
    outer loop
      vertex 5.03352 -4.31999 -0.6
      vertex 4.61548 -4.85999 -1.6
      vertex 4.61548 -4.85999 -0.6
    endloop
  endfacet
  facet normal -0.936232 0.351382 -7.85837e-18
    outer loop
      vertex 5.03352 -4.31999 -1.6
      vertex 5.23619 -3.77999 -0.6
      vertex 5.23619 -3.77999 -1.6
    endloop
  endfacet
  facet normal -0.936232 0.351382 -7.85837e-18
    outer loop
      vertex 5.23619 -3.77999 -0.6
      vertex 5.03352 -4.31999 -1.6
      vertex 5.03352 -4.31999 -0.6
    endloop
  endfacet
  facet normal -0.997105 -0.0760399 -2.11322e-18
    outer loop
      vertex 5.23619 -3.77999 -1.6
      vertex 5.19501 -3.24 -0.6
      vertex 5.19501 -3.24 -1.6
    endloop
  endfacet
  facet normal -0.997105 -0.0760399 -2.11322e-18
    outer loop
      vertex 5.19501 -3.24 -0.6
      vertex 5.23619 -3.77999 -1.6
      vertex 5.23619 -3.77999 -0.6
    endloop
  endfacet
  facet normal -0.888268 -0.459325 -1.33041e-17
    outer loop
      vertex 5.19501 -3.24 -1.6
      vertex 4.91577 -2.69999 -0.6
      vertex 4.91577 -2.69999 -1.6
    endloop
  endfacet
  facet normal -0.888268 -0.459325 -1.33041e-17
    outer loop
      vertex 4.91577 -2.69999 -0.6
      vertex 5.19501 -3.24 -1.6
      vertex 5.19501 -3.24 -0.6
    endloop
  endfacet
  facet normal -0.748717 -0.66289 -2.76589e-17
    outer loop
      vertex 4.91577 -2.69999 -1.6
      vertex 4.43768 -2.16 -0.6
      vertex 4.43768 -2.16 -1.6
    endloop
  endfacet
  facet normal -0.748717 -0.66289 -2.76589e-17
    outer loop
      vertex 4.43768 -2.16 -0.6
      vertex 4.91577 -2.69999 -1.6
      vertex 4.91577 -2.69999 -0.6
    endloop
  endfacet
  facet normal -0.662998 -0.748621 0
    outer loop
      vertex 3.82793 -1.61999 -1.6
      vertex 4.43768 -2.16 -0.6
      vertex 3.82793 -1.61999 -0.6
    endloop
  endfacet
  facet normal -0.662998 -0.748621 -0
    outer loop
      vertex 4.43768 -2.16 -0.6
      vertex 3.82793 -1.61999 -1.6
      vertex 4.43768 -2.16 -1.6
    endloop
  endfacet
  facet normal -0.635628 -0.771996 0
    outer loop
      vertex 3.17209 -1.08 -1.6
      vertex 3.82793 -1.61999 -0.6
      vertex 3.17209 -1.08 -0.6
    endloop
  endfacet
  facet normal -0.635628 -0.771996 -0
    outer loop
      vertex 3.82793 -1.61999 -0.6
      vertex 3.17209 -1.08 -1.6
      vertex 3.82793 -1.61999 -1.6
    endloop
  endfacet
  facet normal -0.662988 -0.74863 0
    outer loop
      vertex 2.56232 -0.539987 -1.6
      vertex 3.17209 -1.08 -0.6
      vertex 2.56232 -0.539987 -0.6
    endloop
  endfacet
  facet normal -0.662988 -0.74863 -0
    outer loop
      vertex 3.17209 -1.08 -0.6
      vertex 2.56232 -0.539987 -1.6
      vertex 3.17209 -1.08 -1.6
    endloop
  endfacet
  facet normal -0.748719 -0.662888 -3.54726e-17
    outer loop
      vertex 2.56232 -0.539987 -1.6
      vertex 2.08423 6.10352e-06 -0.6
      vertex 2.08423 6.10352e-06 -1.6
    endloop
  endfacet
  facet normal -0.748719 -0.662888 -3.54726e-17
    outer loop
      vertex 2.08423 6.10352e-06 -0.6
      vertex 2.56232 -0.539987 -1.6
      vertex 2.56232 -0.539987 -0.6
    endloop
  endfacet
  facet normal -0.888268 -0.459326 -9.05324e-18
    outer loop
      vertex 2.08423 6.10352e-06 -1.6
      vertex 1.80499 0.540015 -0.6
      vertex 1.80499 0.540015 -1.6
    endloop
  endfacet
  facet normal -0.888268 -0.459326 -9.05324e-18
    outer loop
      vertex 1.80499 0.540015 -0.6
      vertex 2.08423 6.10352e-06 -1.6
      vertex 2.08423 6.10352e-06 -0.6
    endloop
  endfacet
  facet normal -0.997105 -0.0760392 2.57733e-18
    outer loop
      vertex 1.80499 0.540015 -1.6
      vertex 1.76381 1.08001 -0.6
      vertex 1.76381 1.08001 -1.6
    endloop
  endfacet
  facet normal -0.997105 -0.0760392 2.57733e-18
    outer loop
      vertex 1.76381 1.08001 -0.6
      vertex 1.80499 0.540015 -1.6
      vertex 1.80499 0.540015 -0.6
    endloop
  endfacet
  facet normal -0.93623 0.351388 1.35568e-18
    outer loop
      vertex 1.76381 1.08001 -1.6
      vertex 1.96648 1.62 -0.6
      vertex 1.96648 1.62 -1.6
    endloop
  endfacet
  facet normal -0.93623 0.351388 1.35568e-18
    outer loop
      vertex 1.96648 1.62 -0.6
      vertex 1.76381 1.08001 -1.6
      vertex 1.76381 1.08001 -0.6
    endloop
  endfacet
  facet normal -0.790747 0.612144 -9.80149e-18
    outer loop
      vertex 1.96648 1.62 -1.6
      vertex 2.38452 2.16001 -0.6
      vertex 2.38452 2.16001 -1.6
    endloop
  endfacet
  facet normal -0.790747 0.612144 -9.80149e-18
    outer loop
      vertex 2.38452 2.16001 -0.6
      vertex 1.96648 1.62 -1.6
      vertex 1.96648 1.62 -0.6
    endloop
  endfacet
  facet normal -0.68475 0.728778 0
    outer loop
      vertex 2.95923 2.7 -1.6
      vertex 2.38452 2.16001 -0.6
      vertex 2.95923 2.7 -0.6
    endloop
  endfacet
  facet normal -0.68475 0.728778 0
    outer loop
      vertex 2.38452 2.16001 -0.6
      vertex 2.95923 2.7 -1.6
      vertex 2.38452 2.16001 -1.6
    endloop
  endfacet
  facet normal -0.638643 0.769503 0
    outer loop
      vertex 3.60989 3.24001 -1.6
      vertex 2.95923 2.7 -0.6
      vertex 3.60989 3.24001 -0.6
    endloop
  endfacet
  facet normal -0.638643 0.769503 0
    outer loop
      vertex 2.95923 2.7 -0.6
      vertex 3.60989 3.24001 -1.6
      vertex 2.95923 2.7 -1.6
    endloop
  endfacet
  facet normal -0.647679 0.761913 0
    outer loop
      vertex 4.24512 3.78 -1.6
      vertex 3.60989 3.24001 -0.6
      vertex 4.24512 3.78 -0.6
    endloop
  endfacet
  facet normal -0.647679 0.761913 0
    outer loop
      vertex 3.60989 3.24001 -0.6
      vertex 4.24512 3.78 -1.6
      vertex 3.60989 3.24001 -1.6
    endloop
  endfacet
  facet normal -0.713321 0.700838 -2.98159e-17
    outer loop
      vertex 4.24512 3.78 -1.6
      vertex 4.77568 4.32001 -0.6
      vertex 4.77568 4.32001 -1.6
    endloop
  endfacet
  facet normal -0.713321 0.700838 -2.98159e-17
    outer loop
      vertex 4.77568 4.32001 -0.6
      vertex 4.24512 3.78 -1.6
      vertex 4.24512 3.78 -0.6
    endloop
  endfacet
  facet normal -0.838139 0.545457 1.24858e-17
    outer loop
      vertex 4.77568 4.32001 -1.6
      vertex 5.12711 4.86001 -0.6
      vertex 5.12711 4.86001 -1.6
    endloop
  endfacet
  facet normal -0.838139 0.545457 1.24858e-17
    outer loop
      vertex 5.12711 4.86001 -0.6
      vertex 4.77568 4.32001 -1.6
      vertex 4.77568 4.32001 -0.6
    endloop
  endfacet
  facet normal -0.975068 0.221904 -3.57449e-18
    outer loop
      vertex 5.12711 4.86001 -1.6
      vertex 5.25 5.4 -0.6
      vertex 5.25 5.4 -1.6
    endloop
  endfacet
  facet normal -0.975068 0.221904 -3.57449e-18
    outer loop
      vertex 5.25 5.4 -0.6
      vertex 5.12711 4.86001 -1.6
      vertex 5.12711 4.86001 -0.6
    endloop
  endfacet
  facet normal -0.97507 -0.221897 1.07291e-17
    outer loop
      vertex 5.25 5.4 -1.6
      vertex 5.12711 5.94001 -0.6
      vertex 5.12711 5.94001 -1.6
    endloop
  endfacet
  facet normal -0.97507 -0.221897 1.07291e-17
    outer loop
      vertex 5.12711 5.94001 -0.6
      vertex 5.25 5.4 -1.6
      vertex 5.25 5.4 -0.6
    endloop
  endfacet
  facet normal -0.838134 -0.545465 -1.45725e-17
    outer loop
      vertex 5.12711 5.94001 -1.6
      vertex 4.77568 6.48 -0.6
      vertex 4.77568 6.48 -1.6
    endloop
  endfacet
  facet normal -0.838134 -0.545465 -1.45725e-17
    outer loop
      vertex 4.77568 6.48 -0.6
      vertex 5.12711 5.94001 -1.6
      vertex 5.12711 5.94001 -0.6
    endloop
  endfacet
  facet normal -0.713321 -0.700838 -2.55841e-17
    outer loop
      vertex 4.77568 6.48 -1.6
      vertex 4.24512 7.02001 -0.6
      vertex 4.24512 7.02001 -1.6
    endloop
  endfacet
  facet normal -0.713321 -0.700838 -2.55841e-17
    outer loop
      vertex 4.24512 7.02001 -0.6
      vertex 4.77568 6.48 -1.6
      vertex 4.77568 6.48 -0.6
    endloop
  endfacet
  facet normal -0.647679 -0.761913 0
    outer loop
      vertex 3.60989 7.56 -1.6
      vertex 4.24512 7.02001 -0.6
      vertex 3.60989 7.56 -0.6
    endloop
  endfacet
  facet normal -0.647679 -0.761913 -0
    outer loop
      vertex 4.24512 7.02001 -0.6
      vertex 3.60989 7.56 -1.6
      vertex 4.24512 7.02001 -1.6
    endloop
  endfacet
  facet normal -0.638643 -0.769503 0
    outer loop
      vertex 2.95923 8.10001 -1.6
      vertex 3.60989 7.56 -0.6
      vertex 2.95923 8.10001 -0.6
    endloop
  endfacet
  facet normal -0.638643 -0.769503 -0
    outer loop
      vertex 3.60989 7.56 -0.6
      vertex 2.95923 8.10001 -1.6
      vertex 3.60989 7.56 -1.6
    endloop
  endfacet
  facet normal -0.684757 -0.728772 0
    outer loop
      vertex 2.38452 8.64001 -1.6
      vertex 2.95923 8.10001 -0.6
      vertex 2.38452 8.64001 -0.6
    endloop
  endfacet
  facet normal -0.684757 -0.728772 -0
    outer loop
      vertex 2.95923 8.10001 -0.6
      vertex 2.38452 8.64001 -1.6
      vertex 2.95923 8.10001 -1.6
    endloop
  endfacet
  facet normal -0.790741 -0.612151 -1.2917e-17
    outer loop
      vertex 2.38452 8.64001 -1.6
      vertex 1.96648 9.18001 -0.6
      vertex 1.96648 9.18001 -1.6
    endloop
  endfacet
  facet normal -0.790741 -0.612151 -1.2917e-17
    outer loop
      vertex 1.96648 9.18001 -0.6
      vertex 2.38452 8.64001 -1.6
      vertex 2.38452 8.64001 -0.6
    endloop
  endfacet
  facet normal -0.936232 -0.351382 -9.85808e-18
    outer loop
      vertex 1.96648 9.18001 -1.6
      vertex 1.76381 9.72001 -0.6
      vertex 1.76381 9.72001 -1.6
    endloop
  endfacet
  facet normal -0.936232 -0.351382 -9.85808e-18
    outer loop
      vertex 1.76381 9.72001 -0.6
      vertex 1.96648 9.18001 -1.6
      vertex 1.96648 9.18001 -0.6
    endloop
  endfacet
  facet normal -0.997105 0.0760399 -2.4461e-18
    outer loop
      vertex 1.76381 9.72001 -1.6
      vertex 1.80499 10.26 -0.6
      vertex 1.80499 10.26 -1.6
    endloop
  endfacet
  facet normal -0.997105 0.0760399 -2.4461e-18
    outer loop
      vertex 1.80499 10.26 -0.6
      vertex 1.76381 9.72001 -1.6
      vertex 1.76381 9.72001 -0.6
    endloop
  endfacet
  facet normal -0.888265 0.459332 -8.5328e-18
    outer loop
      vertex 1.80499 10.26 -1.6
      vertex 2.08423 10.8 -0.6
      vertex 2.08423 10.8 -1.6
    endloop
  endfacet
  facet normal -0.888265 0.459332 -8.5328e-18
    outer loop
      vertex 2.08423 10.8 -0.6
      vertex 1.80499 10.26 -1.6
      vertex 1.80499 10.26 -0.6
    endloop
  endfacet
  facet normal -0.748723 0.662883 -3.25929e-17
    outer loop
      vertex 2.08423 10.8 -1.6
      vertex 2.56232 11.34 -0.6
      vertex 2.56232 11.34 -1.6
    endloop
  endfacet
  facet normal -0.748723 0.662883 -3.25929e-17
    outer loop
      vertex 2.56232 11.34 -0.6
      vertex 2.08423 10.8 -1.6
      vertex 2.08423 10.8 -0.6
    endloop
  endfacet
  facet normal -0.662979 0.748638 0
    outer loop
      vertex 3.17209 11.88 -1.6
      vertex 2.56232 11.34 -0.6
      vertex 3.17209 11.88 -0.6
    endloop
  endfacet
  facet normal -0.662979 0.748638 0
    outer loop
      vertex 2.56232 11.34 -0.6
      vertex 3.17209 11.88 -1.6
      vertex 2.56232 11.34 -1.6
    endloop
  endfacet
  facet normal -0.635635 0.77199 0
    outer loop
      vertex 3.82793 12.42 -1.6
      vertex 3.17209 11.88 -0.6
      vertex 3.82793 12.42 -0.6
    endloop
  endfacet
  facet normal -0.635635 0.77199 0
    outer loop
      vertex 3.17209 11.88 -0.6
      vertex 3.82793 12.42 -1.6
      vertex 3.17209 11.88 -1.6
    endloop
  endfacet
  facet normal -0.662991 0.748627 0
    outer loop
      vertex 4.43768 12.96 -1.6
      vertex 3.82793 12.42 -0.6
      vertex 4.43768 12.96 -0.6
    endloop
  endfacet
  facet normal -0.662991 0.748627 0
    outer loop
      vertex 3.82793 12.42 -0.6
      vertex 4.43768 12.96 -1.6
      vertex 3.82793 12.42 -1.6
    endloop
  endfacet
  facet normal -0.748723 0.662883 1.97451e-17
    outer loop
      vertex 4.43768 12.96 -1.6
      vertex 4.91577 13.5 -0.6
      vertex 4.91577 13.5 -1.6
    endloop
  endfacet
  facet normal -0.748723 0.662883 1.97451e-17
    outer loop
      vertex 4.91577 13.5 -0.6
      vertex 4.43768 12.96 -1.6
      vertex 4.43768 12.96 -0.6
    endloop
  endfacet
  facet normal -0.888265 0.459332 -2.6596e-18
    outer loop
      vertex 4.91577 13.5 -1.6
      vertex 5.19501 14.04 -0.6
      vertex 5.19501 14.04 -1.6
    endloop
  endfacet
  facet normal -0.888265 0.459332 -2.6596e-18
    outer loop
      vertex 5.19501 14.04 -0.6
      vertex 4.91577 13.5 -1.6
      vertex 4.91577 13.5 -0.6
    endloop
  endfacet
  facet normal -0.997105 0.0760385 -4.88396e-19
    outer loop
      vertex 5.19501 14.04 -1.6
      vertex 5.23619 14.58 -0.6
      vertex 5.23619 14.58 -1.6
    endloop
  endfacet
  facet normal -0.997105 0.0760385 -4.88396e-19
    outer loop
      vertex 5.23619 14.58 -0.6
      vertex 5.19501 14.04 -1.6
      vertex 5.19501 14.04 -0.6
    endloop
  endfacet
  facet normal -0.936232 -0.351382 -4.52235e-18
    outer loop
      vertex 5.23619 14.58 -1.6
      vertex 5.03352 15.12 -0.6
      vertex 5.03352 15.12 -1.6
    endloop
  endfacet
  facet normal -0.936232 -0.351382 -4.52235e-18
    outer loop
      vertex 5.03352 15.12 -0.6
      vertex 5.23619 14.58 -1.6
      vertex 5.23619 14.58 -0.6
    endloop
  endfacet
  facet normal -0.790741 -0.612151 -1.59473e-17
    outer loop
      vertex 5.03352 15.12 -1.6
      vertex 4.61548 15.66 -0.6
      vertex 4.61548 15.66 -1.6
    endloop
  endfacet
  facet normal -0.790741 -0.612151 -1.59473e-17
    outer loop
      vertex 4.61548 15.66 -0.6
      vertex 5.03352 15.12 -1.6
      vertex 5.03352 15.12 -0.6
    endloop
  endfacet
  facet normal -0.68477 -0.72876 0
    outer loop
      vertex 4.04079 16.2 -1.6
      vertex 4.61548 15.66 -0.6
      vertex 4.04079 16.2 -0.6
    endloop
  endfacet
  facet normal -0.68477 -0.72876 -0
    outer loop
      vertex 4.61548 15.66 -0.6
      vertex 4.04079 16.2 -1.6
      vertex 4.61548 15.66 -1.6
    endloop
  endfacet
  facet normal -0.63863 -0.769514 0
    outer loop
      vertex 3.39012 16.74 -1.6
      vertex 4.04079 16.2 -0.6
      vertex 3.39012 16.74 -0.6
    endloop
  endfacet
  facet normal -0.63863 -0.769514 -0
    outer loop
      vertex 4.04079 16.2 -0.6
      vertex 3.39012 16.74 -1.6
      vertex 4.04079 16.2 -1.6
    endloop
  endfacet
  facet normal -0.647692 -0.761902 0
    outer loop
      vertex 2.7549 17.28 -1.6
      vertex 3.39012 16.74 -0.6
      vertex 2.7549 17.28 -0.6
    endloop
  endfacet
  facet normal -0.647692 -0.761902 -0
    outer loop
      vertex 3.39012 16.74 -0.6
      vertex 2.7549 17.28 -1.6
      vertex 3.39012 16.74 -1.6
    endloop
  endfacet
  facet normal -0.713301 -0.700858 5.11148e-18
    outer loop
      vertex 2.7549 17.28 -1.6
      vertex 2.22432 17.82 -0.6
      vertex 2.22432 17.82 -1.6
    endloop
  endfacet
  facet normal -0.713301 -0.700858 5.11148e-18
    outer loop
      vertex 2.22432 17.82 -0.6
      vertex 2.7549 17.28 -1.6
      vertex 2.7549 17.28 -0.6
    endloop
  endfacet
  facet normal -0.838155 -0.545433 3.23669e-18
    outer loop
      vertex 2.22432 17.82 -1.6
      vertex 2.02584 18.125 -0.6
      vertex 2.02584 18.125 -1.6
    endloop
  endfacet
  facet normal -0.838155 -0.545433 3.23669e-18
    outer loop
      vertex 2.02584 18.125 -0.6
      vertex 2.22432 17.82 -1.6
      vertex 2.22432 17.82 -0.6
    endloop
  endfacet
  facet normal 0.838155 0.545433 3.23669e-18
    outer loop
      vertex 3.72432 17.82 -0.6
      vertex 3.52584 18.125 -1.6
      vertex 3.52584 18.125 -0.6
    endloop
  endfacet
  facet normal 0.838155 0.545433 3.23669e-18
    outer loop
      vertex 3.52584 18.125 -1.6
      vertex 3.72432 17.82 -0.6
      vertex 3.72432 17.82 -1.6
    endloop
  endfacet
  facet normal 0.713314 0.700844 -1.83758e-17
    outer loop
      vertex 4.25488 17.28 -0.6
      vertex 3.72432 17.82 -1.6
      vertex 3.72432 17.82 -0.6
    endloop
  endfacet
  facet normal 0.713314 0.700844 -1.83758e-17
    outer loop
      vertex 3.72432 17.82 -1.6
      vertex 4.25488 17.28 -0.6
      vertex 4.25488 17.28 -1.6
    endloop
  endfacet
  facet normal 0.647686 0.761907 -0
    outer loop
      vertex 4.89011 16.74 -1.6
      vertex 4.25488 17.28 -0.6
      vertex 4.89011 16.74 -0.6
    endloop
  endfacet
  facet normal 0.647686 0.761907 0
    outer loop
      vertex 4.25488 17.28 -0.6
      vertex 4.89011 16.74 -1.6
      vertex 4.25488 17.28 -1.6
    endloop
  endfacet
  facet normal 0.638636 0.769509 -0
    outer loop
      vertex 5.54077 16.2 -1.6
      vertex 4.89011 16.74 -0.6
      vertex 5.54077 16.2 -0.6
    endloop
  endfacet
  facet normal 0.638636 0.769509 0
    outer loop
      vertex 4.89011 16.74 -0.6
      vertex 5.54077 16.2 -1.6
      vertex 4.89011 16.74 -1.6
    endloop
  endfacet
  facet normal 0.684757 0.728772 -0
    outer loop
      vertex 6.11548 15.66 -1.6
      vertex 5.54077 16.2 -0.6
      vertex 6.11548 15.66 -0.6
    endloop
  endfacet
  facet normal 0.684757 0.728772 0
    outer loop
      vertex 5.54077 16.2 -0.6
      vertex 6.11548 15.66 -1.6
      vertex 5.54077 16.2 -1.6
    endloop
  endfacet
  facet normal 0.790741 0.612151 -1.59473e-17
    outer loop
      vertex 6.53352 15.12 -0.6
      vertex 6.11548 15.66 -1.6
      vertex 6.11548 15.66 -0.6
    endloop
  endfacet
  facet normal 0.790741 0.612151 -1.59473e-17
    outer loop
      vertex 6.11548 15.66 -1.6
      vertex 6.53352 15.12 -0.6
      vertex 6.53352 15.12 -1.6
    endloop
  endfacet
  facet normal 0.936232 0.351382 -4.52235e-18
    outer loop
      vertex 6.73619 14.58 -0.6
      vertex 6.53352 15.12 -1.6
      vertex 6.53352 15.12 -0.6
    endloop
  endfacet
  facet normal 0.936232 0.351382 -4.52235e-18
    outer loop
      vertex 6.53352 15.12 -1.6
      vertex 6.73619 14.58 -0.6
      vertex 6.73619 14.58 -1.6
    endloop
  endfacet
  facet normal 0.997105 -0.0760385 -4.88396e-19
    outer loop
      vertex 6.69501 14.04 -0.6
      vertex 6.73619 14.58 -1.6
      vertex 6.73619 14.58 -0.6
    endloop
  endfacet
  facet normal 0.997105 -0.0760385 -4.88396e-19
    outer loop
      vertex 6.73619 14.58 -1.6
      vertex 6.69501 14.04 -0.6
      vertex 6.69501 14.04 -1.6
    endloop
  endfacet
  facet normal 0.888265 -0.459332 -2.6596e-18
    outer loop
      vertex 6.41577 13.5 -0.6
      vertex 6.69501 14.04 -1.6
      vertex 6.69501 14.04 -0.6
    endloop
  endfacet
  facet normal 0.888265 -0.459332 -2.6596e-18
    outer loop
      vertex 6.69501 14.04 -1.6
      vertex 6.41577 13.5 -0.6
      vertex 6.41577 13.5 -1.6
    endloop
  endfacet
  facet normal 0.748723 -0.662883 1.97451e-17
    outer loop
      vertex 5.93768 12.96 -0.6
      vertex 6.41577 13.5 -1.6
      vertex 6.41577 13.5 -0.6
    endloop
  endfacet
  facet normal 0.748723 -0.662883 1.97451e-17
    outer loop
      vertex 6.41577 13.5 -1.6
      vertex 5.93768 12.96 -0.6
      vertex 5.93768 12.96 -1.6
    endloop
  endfacet
  facet normal 0.662979 -0.748638 0
    outer loop
      vertex 5.32791 12.42 -1.6
      vertex 5.93768 12.96 -0.6
      vertex 5.32791 12.42 -0.6
    endloop
  endfacet
  facet normal 0.662979 -0.748638 0
    outer loop
      vertex 5.93768 12.96 -0.6
      vertex 5.32791 12.42 -1.6
      vertex 5.93768 12.96 -1.6
    endloop
  endfacet
  facet normal 0.635635 -0.77199 0
    outer loop
      vertex 4.67207 11.88 -1.6
      vertex 5.32791 12.42 -0.6
      vertex 4.67207 11.88 -0.6
    endloop
  endfacet
  facet normal 0.635635 -0.77199 0
    outer loop
      vertex 5.32791 12.42 -0.6
      vertex 4.67207 11.88 -1.6
      vertex 5.32791 12.42 -1.6
    endloop
  endfacet
  facet normal 0.662991 -0.748627 0
    outer loop
      vertex 4.06232 11.34 -1.6
      vertex 4.67207 11.88 -0.6
      vertex 4.06232 11.34 -0.6
    endloop
  endfacet
  facet normal 0.662991 -0.748627 0
    outer loop
      vertex 4.67207 11.88 -0.6
      vertex 4.06232 11.34 -1.6
      vertex 4.67207 11.88 -1.6
    endloop
  endfacet
  facet normal 0.748723 -0.662883 1.97451e-17
    outer loop
      vertex 3.58423 10.8 -0.6
      vertex 4.06232 11.34 -1.6
      vertex 4.06232 11.34 -0.6
    endloop
  endfacet
  facet normal 0.748723 -0.662883 1.97451e-17
    outer loop
      vertex 4.06232 11.34 -1.6
      vertex 3.58423 10.8 -0.6
      vertex 3.58423 10.8 -1.6
    endloop
  endfacet
  facet normal 0.888265 -0.459332 -8.5328e-18
    outer loop
      vertex 3.30499 10.26 -0.6
      vertex 3.58423 10.8 -1.6
      vertex 3.58423 10.8 -0.6
    endloop
  endfacet
  facet normal 0.888265 -0.459332 -8.5328e-18
    outer loop
      vertex 3.58423 10.8 -1.6
      vertex 3.30499 10.26 -0.6
      vertex 3.30499 10.26 -1.6
    endloop
  endfacet
  facet normal 0.997105 -0.0760399 1.13739e-18
    outer loop
      vertex 3.26381 9.72001 -0.6
      vertex 3.30499 10.26 -1.6
      vertex 3.30499 10.26 -0.6
    endloop
  endfacet
  facet normal 0.997105 -0.0760399 1.13739e-18
    outer loop
      vertex 3.30499 10.26 -1.6
      vertex 3.26381 9.72001 -0.6
      vertex 3.26381 9.72001 -1.6
    endloop
  endfacet
  facet normal 0.936232 0.351382 -9.85808e-18
    outer loop
      vertex 3.46648 9.18001 -0.6
      vertex 3.26381 9.72001 -1.6
      vertex 3.26381 9.72001 -0.6
    endloop
  endfacet
  facet normal 0.936232 0.351382 -9.85808e-18
    outer loop
      vertex 3.26381 9.72001 -1.6
      vertex 3.46648 9.18001 -0.6
      vertex 3.46648 9.18001 -1.6
    endloop
  endfacet
  facet normal 0.790741 0.612151 1.47206e-17
    outer loop
      vertex 3.88452 8.64001 -0.6
      vertex 3.46648 9.18001 -1.6
      vertex 3.46648 9.18001 -0.6
    endloop
  endfacet
  facet normal 0.790741 0.612151 1.47206e-17
    outer loop
      vertex 3.46648 9.18001 -1.6
      vertex 3.88452 8.64001 -0.6
      vertex 3.88452 8.64001 -1.6
    endloop
  endfacet
  facet normal 0.68477 0.72876 -0
    outer loop
      vertex 4.45921 8.10001 -1.6
      vertex 3.88452 8.64001 -0.6
      vertex 4.45921 8.10001 -0.6
    endloop
  endfacet
  facet normal 0.68477 0.72876 0
    outer loop
      vertex 3.88452 8.64001 -0.6
      vertex 4.45921 8.10001 -1.6
      vertex 3.88452 8.64001 -1.6
    endloop
  endfacet
  facet normal 0.638637 0.769508 -0
    outer loop
      vertex 5.10988 7.56 -1.6
      vertex 4.45921 8.10001 -0.6
      vertex 5.10988 7.56 -0.6
    endloop
  endfacet
  facet normal 0.638637 0.769508 0
    outer loop
      vertex 4.45921 8.10001 -0.6
      vertex 5.10988 7.56 -1.6
      vertex 4.45921 8.10001 -1.6
    endloop
  endfacet
  facet normal 0.647685 0.761908 -0
    outer loop
      vertex 5.7451 7.02001 -1.6
      vertex 5.10988 7.56 -0.6
      vertex 5.7451 7.02001 -0.6
    endloop
  endfacet
  facet normal 0.647685 0.761908 0
    outer loop
      vertex 5.10988 7.56 -0.6
      vertex 5.7451 7.02001 -1.6
      vertex 5.10988 7.56 -1.6
    endloop
  endfacet
  facet normal 0.713307 0.700851 1.97465e-17
    outer loop
      vertex 6.27568 6.48 -0.6
      vertex 5.7451 7.02001 -1.6
      vertex 5.7451 7.02001 -0.6
    endloop
  endfacet
  facet normal 0.713307 0.700851 1.97465e-17
    outer loop
      vertex 5.7451 7.02001 -1.6
      vertex 6.27568 6.48 -0.6
      vertex 6.27568 6.48 -1.6
    endloop
  endfacet
  facet normal 0.838134 0.545465 -1.45725e-17
    outer loop
      vertex 6.62711 5.94001 -0.6
      vertex 6.27568 6.48 -1.6
      vertex 6.27568 6.48 -0.6
    endloop
  endfacet
  facet normal 0.838134 0.545465 -1.45725e-17
    outer loop
      vertex 6.27568 6.48 -1.6
      vertex 6.62711 5.94001 -0.6
      vertex 6.62711 5.94001 -1.6
    endloop
  endfacet
  facet normal 0.97507 0.221897 1.07291e-17
    outer loop
      vertex 6.75 5.4 -0.6
      vertex 6.62711 5.94001 -1.6
      vertex 6.62711 5.94001 -0.6
    endloop
  endfacet
  facet normal 0.97507 0.221897 1.07291e-17
    outer loop
      vertex 6.62711 5.94001 -1.6
      vertex 6.75 5.4 -0.6
      vertex 6.75 5.4 -1.6
    endloop
  endfacet
  facet normal 0.975068 -0.221904 -3.57449e-18
    outer loop
      vertex 6.62711 4.86001 -0.6
      vertex 6.75 5.4 -1.6
      vertex 6.75 5.4 -0.6
    endloop
  endfacet
  facet normal 0.975068 -0.221904 -3.57449e-18
    outer loop
      vertex 6.75 5.4 -1.6
      vertex 6.62711 4.86001 -0.6
      vertex 6.62711 4.86001 -1.6
    endloop
  endfacet
  facet normal -1 0 0
    outer loop
      vertex -6.5 -53.6 -2.1
      vertex -6.5 -45.0625 -0.1
      vertex -6.5 -45.0625 -2.1
    endloop
  endfacet
  facet normal -1 -0 0
    outer loop
      vertex -6.5 -45.0625 -0.1
      vertex -6.5 -53.6 -2.1
      vertex -6.5 -53.6 -0.1
    endloop
  endfacet
  facet normal -0.987686 -0.156448 -2.03414e-18
    outer loop
      vertex -6.40211 -54.218 -2.1
      vertex -6.5 -53.6 -0.1
      vertex -6.5 -53.6 -2.1
    endloop
  endfacet
  facet normal -0.987686 -0.156448 -2.03414e-18
    outer loop
      vertex -6.5 -53.6 -0.1
      vertex -6.40211 -54.218 -2.1
      vertex -6.40211 -54.218 -0.1
    endloop
  endfacet
  facet normal -0.156456 -0.987685 0
    outer loop
      vertex -5.11803 -55.5021 -2.1
      vertex -4.5 -55.6 -0.1
      vertex -5.11803 -55.5021 -0.1
    endloop
  endfacet
  facet normal -0.156456 -0.987685 -0
    outer loop
      vertex -4.5 -55.6 -0.1
      vertex -5.11803 -55.5021 -2.1
      vertex -4.5 -55.6 -2.1
    endloop
  endfacet
  facet normal 1 -0 0
    outer loop
      vertex 6.5 -53.6 -0.1
      vertex 6.5 -45.0625 -2.1
      vertex 6.5 -45.0625 -0.1
    endloop
  endfacet
  facet normal 1 0 0
    outer loop
      vertex 6.5 -45.0625 -2.1
      vertex 6.5 -53.6 -0.1
      vertex 6.5 -53.6 -2.1
    endloop
  endfacet
  facet normal -0.891027 -0.453951 -7.12266e-18
    outer loop
      vertex -6.11803 -54.7756 -2.1
      vertex -6.40211 -54.218 -0.1
      vertex -6.40211 -54.218 -2.1
    endloop
  endfacet
  facet normal -0.891027 -0.453951 -7.12266e-18
    outer loop
      vertex -6.40211 -54.218 -0.1
      vertex -6.11803 -54.7756 -2.1
      vertex -6.11803 -54.7756 -0.1
    endloop
  endfacet
  facet normal 0.987686 -0.156448 2.03414e-18
    outer loop
      vertex 6.40211 -54.218 -0.1
      vertex 6.5 -53.6 -2.1
      vertex 6.5 -53.6 -0.1
    endloop
  endfacet
  facet normal 0.987686 -0.156448 2.03414e-18
    outer loop
      vertex 6.5 -53.6 -2.1
      vertex 6.40211 -54.218 -0.1
      vertex 6.40211 -54.218 -2.1
    endloop
  endfacet
  facet normal 0 -1 0
    outer loop
      vertex -4.5 -55.6 -2.1
      vertex 4.5 -55.6 -0.1
      vertex -4.5 -55.6 -0.1
    endloop
  endfacet
  facet normal 0 -1 -0
    outer loop
      vertex 4.5 -55.6 -0.1
      vertex -4.5 -55.6 -2.1
      vertex 4.5 -55.6 -2.1
    endloop
  endfacet
  facet normal 0.707059 -0.707155 2.78673e-18
    outer loop
      vertex 5.67557 -55.218 -0.1
      vertex 6.11803 -54.7756 -2.1
      vertex 6.11803 -54.7756 -0.1
    endloop
  endfacet
  facet normal 0.707059 -0.707155 2.78673e-18
    outer loop
      vertex 6.11803 -54.7756 -2.1
      vertex 5.67557 -55.218 -0.1
      vertex 5.67557 -55.218 -2.1
    endloop
  endfacet
  facet normal -0.707059 -0.707155 -2.78673e-18
    outer loop
      vertex -5.67557 -55.218 -2.1
      vertex -6.11803 -54.7756 -0.1
      vertex -6.11803 -54.7756 -2.1
    endloop
  endfacet
  facet normal -0.707059 -0.707155 -2.78673e-18
    outer loop
      vertex -6.11803 -54.7756 -0.1
      vertex -5.67557 -55.218 -2.1
      vertex -5.67557 -55.218 -0.1
    endloop
  endfacet
  facet normal 0.891027 -0.453951 7.12266e-18
    outer loop
      vertex 6.11803 -54.7756 -0.1
      vertex 6.40211 -54.218 -2.1
      vertex 6.40211 -54.218 -0.1
    endloop
  endfacet
  facet normal 0.891027 -0.453951 7.12266e-18
    outer loop
      vertex 6.40211 -54.218 -2.1
      vertex 6.11803 -54.7756 -0.1
      vertex 6.11803 -54.7756 -2.1
    endloop
  endfacet
  facet normal 0.156456 -0.987685 0
    outer loop
      vertex 4.5 -55.6 -2.1
      vertex 5.11803 -55.5021 -0.1
      vertex 4.5 -55.6 -0.1
    endloop
  endfacet
  facet normal 0.156456 -0.987685 0
    outer loop
      vertex 5.11803 -55.5021 -0.1
      vertex 4.5 -55.6 -2.1
      vertex 5.11803 -55.5021 -2.1
    endloop
  endfacet
  facet normal 0.454015 -0.890994 0
    outer loop
      vertex 5.11803 -55.5021 -2.1
      vertex 5.67557 -55.218 -0.1
      vertex 5.11803 -55.5021 -0.1
    endloop
  endfacet
  facet normal 0.454015 -0.890994 0
    outer loop
      vertex 5.67557 -55.218 -0.1
      vertex 5.11803 -55.5021 -2.1
      vertex 5.67557 -55.218 -2.1
    endloop
  endfacet
  facet normal -0.454015 -0.890994 0
    outer loop
      vertex -5.67557 -55.218 -2.1
      vertex -5.11803 -55.5021 -0.1
      vertex -5.67557 -55.218 -0.1
    endloop
  endfacet
  facet normal -0.454015 -0.890994 -0
    outer loop
      vertex -5.11803 -55.5021 -0.1
      vertex -5.67557 -55.218 -2.1
      vertex -5.11803 -55.5021 -2.1
    endloop
  endfacet
  facet normal -0 0 -1
    outer loop
      vertex 6.5 -53.6 -2.1
      vertex 4.85595 -53.6281 -2.1
      vertex 4.9 -53.35 -2.1
    endloop
  endfacet
  facet normal 0 0 -1
    outer loop
      vertex 5.67557 -55.218 -2.1
      vertex 4.72812 -53.879 -2.1
      vertex 4.85595 -53.6281 -2.1
    endloop
  endfacet
  facet normal 0 0 -1
    outer loop
      vertex 5.67557 -55.218 -2.1
      vertex 4.52901 -54.0781 -2.1
      vertex 4.72812 -53.879 -2.1
    endloop
  endfacet
  facet normal 0 0 -1
    outer loop
      vertex 4.27812 -54.206 -2.1
      vertex 5.11803 -55.5021 -2.1
      vertex 4.5 -55.6 -2.1
    endloop
  endfacet
  facet normal 0 0 -1
    outer loop
      vertex 5.11803 -55.5021 -2.1
      vertex 4.27812 -54.206 -2.1
      vertex 4.52901 -54.0781 -2.1
    endloop
  endfacet
  facet normal 0 0 -1
    outer loop
      vertex 4.5 -55.6 -2.1
      vertex 4 -54.25 -2.1
      vertex 4.27812 -54.206 -2.1
    endloop
  endfacet
  facet normal 0 0 -1
    outer loop
      vertex 4.5 -55.6 -2.1
      vertex -4 -54.25 -2.1
      vertex 4 -54.25 -2.1
    endloop
  endfacet
  facet normal 0 0 -1
    outer loop
      vertex -4.5 -55.6 -2.1
      vertex -4 -54.25 -2.1
      vertex 4.5 -55.6 -2.1
    endloop
  endfacet
  facet normal -0 0 -1
    outer loop
      vertex -4 -54.25 -2.1
      vertex -4.5 -55.6 -2.1
      vertex -4.27812 -54.206 -2.1
    endloop
  endfacet
  facet normal 0 0 -1
    outer loop
      vertex -5.11803 -55.5021 -2.1
      vertex -4.27812 -54.206 -2.1
      vertex -4.5 -55.6 -2.1
    endloop
  endfacet
  facet normal -0 0 -1
    outer loop
      vertex -4.27812 -54.206 -2.1
      vertex -5.11803 -55.5021 -2.1
      vertex -4.52901 -54.0781 -2.1
    endloop
  endfacet
  facet normal 0 0 -1
    outer loop
      vertex -5.67557 -55.218 -2.1
      vertex -4.52901 -54.0781 -2.1
      vertex -5.11803 -55.5021 -2.1
    endloop
  endfacet
  facet normal 0 0 -1
    outer loop
      vertex -6.11803 -54.7756 -2.1
      vertex -4.72812 -53.879 -2.1
      vertex -5.67557 -55.218 -2.1
    endloop
  endfacet
  facet normal -0 0 -1
    outer loop
      vertex -4.52901 -54.0781 -2.1
      vertex -5.67557 -55.218 -2.1
      vertex -4.72812 -53.879 -2.1
    endloop
  endfacet
  facet normal 0 0 -1
    outer loop
      vertex 4.85595 -53.6281 -2.1
      vertex 6.5 -53.6 -2.1
      vertex 6.40211 -54.218 -2.1
    endloop
  endfacet
  facet normal 0 0 -1
    outer loop
      vertex 4.85595 -53.6281 -2.1
      vertex 6.40211 -54.218 -2.1
      vertex 6.11803 -54.7756 -2.1
    endloop
  endfacet
  facet normal 0 0 -1
    outer loop
      vertex 4.85595 -53.6281 -2.1
      vertex 6.11803 -54.7756 -2.1
      vertex 5.67557 -55.218 -2.1
    endloop
  endfacet
  facet normal 0 0 -1
    outer loop
      vertex 4.52901 -54.0781 -2.1
      vertex 5.67557 -55.218 -2.1
      vertex 5.11803 -55.5021 -2.1
    endloop
  endfacet
  facet normal 0 0 -1
    outer loop
      vertex 6.5 -53.6 -2.1
      vertex 4.9 -53.35 -2.1
      vertex 4.85595 -53.0719 -2.1
    endloop
  endfacet
  facet normal 0 0 -1
    outer loop
      vertex 6.5 -53.6 -2.1
      vertex 4.85595 -53.0719 -2.1
      vertex 4.72812 -52.821 -2.1
    endloop
  endfacet
  facet normal 0 0 -1
    outer loop
      vertex 4.52901 -52.6219 -2.1
      vertex 6.5 -53.6 -2.1
      vertex 4.72812 -52.821 -2.1
    endloop
  endfacet
  facet normal 0 0 -1
    outer loop
      vertex 6.5 -53.6 -2.1
      vertex 4.52901 -52.6219 -2.1
      vertex 6.5 -45.0625 -2.1
    endloop
  endfacet
  facet normal 0 0 -1
    outer loop
      vertex 4.27812 -52.494 -2.1
      vertex 6.5 -45.0625 -2.1
      vertex 4.52901 -52.6219 -2.1
    endloop
  endfacet
  facet normal 0 0 -1
    outer loop
      vertex 4 -52.45 -2.1
      vertex 6.5 -45.0625 -2.1
      vertex 4.27812 -52.494 -2.1
    endloop
  endfacet
  facet normal 0 0 -1
    outer loop
      vertex -4 -52.45 -2.1
      vertex 6.5 -45.0625 -2.1
      vertex 4 -52.45 -2.1
    endloop
  endfacet
  facet normal 0 0 -1
    outer loop
      vertex -6.5 -45.0625 -2.1
      vertex -4 -52.45 -2.1
      vertex -4.27812 -52.494 -2.1
    endloop
  endfacet
  facet normal 0 0 -1
    outer loop
      vertex -6.5 -45.0625 -2.1
      vertex -4.27812 -52.494 -2.1
      vertex -4.52901 -52.6219 -2.1
    endloop
  endfacet
  facet normal -0 0 -1
    outer loop
      vertex -4.72812 -53.879 -2.1
      vertex -6.11803 -54.7756 -2.1
      vertex -4.85595 -53.6281 -2.1
    endloop
  endfacet
  facet normal 0 0 -1
    outer loop
      vertex -6.40211 -54.218 -2.1
      vertex -4.85595 -53.6281 -2.1
      vertex -6.11803 -54.7756 -2.1
    endloop
  endfacet
  facet normal 0 0 -1
    outer loop
      vertex -6.5 -53.6 -2.1
      vertex -4.85595 -53.6281 -2.1
      vertex -6.40211 -54.218 -2.1
    endloop
  endfacet
  facet normal 0 0 -1
    outer loop
      vertex -4.85595 -53.6281 -2.1
      vertex -6.5 -53.6 -2.1
      vertex -4.9 -53.35 -2.1
    endloop
  endfacet
  facet normal -0 0 -1
    outer loop
      vertex -4.9 -53.35 -2.1
      vertex -6.5 -53.6 -2.1
      vertex -4.85595 -53.0719 -2.1
    endloop
  endfacet
  facet normal -0 0 -1
    outer loop
      vertex -4.85595 -53.0719 -2.1
      vertex -6.5 -53.6 -2.1
      vertex -4.72812 -52.821 -2.1
    endloop
  endfacet
  facet normal -0 0 -1
    outer loop
      vertex -4.72812 -52.821 -2.1
      vertex -6.5 -53.6 -2.1
      vertex -4.52901 -52.6219 -2.1
    endloop
  endfacet
  facet normal 0 0 -1
    outer loop
      vertex -6.5 -45.0625 -2.1
      vertex -4.52901 -52.6219 -2.1
      vertex -6.5 -53.6 -2.1
    endloop
  endfacet
  facet normal 0 0 -1
    outer loop
      vertex -4 -52.45 -2.1
      vertex -6.5 -45.0625 -2.1
      vertex 6.5 -45.0625 -2.1
    endloop
  endfacet
  facet normal -0 0 1
    outer loop
      vertex 4.52901 -52.6219 -0.1
      vertex 6.5 -53.6 -0.1
      vertex 6.5 -45.0625 -0.1
    endloop
  endfacet
  facet normal -0 -0 1
    outer loop
      vertex 4.85595 -53.0719 -0.1
      vertex 6.5 -53.6 -0.1
      vertex 4.72812 -52.821 -0.1
    endloop
  endfacet
  facet normal 0 0 1
    outer loop
      vertex 4.85595 -53.6281 -0.1
      vertex 6.5 -53.6 -0.1
      vertex 4.9 -53.35 -0.1
    endloop
  endfacet
  facet normal 0 0 1
    outer loop
      vertex 6.5 -53.6 -0.1
      vertex 4.85595 -53.6281 -0.1
      vertex 6.40211 -54.218 -0.1
    endloop
  endfacet
  facet normal -0 0 1
    outer loop
      vertex 4.72812 -53.879 -0.1
      vertex 6.11803 -54.7756 -0.1
      vertex 4.85595 -53.6281 -0.1
    endloop
  endfacet
  facet normal 0 0 1
    outer loop
      vertex 6.40211 -54.218 -0.1
      vertex 4.85595 -53.6281 -0.1
      vertex 6.11803 -54.7756 -0.1
    endloop
  endfacet
  facet normal -0 -0 1
    outer loop
      vertex 4.9 -53.35 -0.1
      vertex 6.5 -53.6 -0.1
      vertex 4.85595 -53.0719 -0.1
    endloop
  endfacet
  facet normal 0 0 1
    outer loop
      vertex 6.5 -53.6 -0.1
      vertex 4.52901 -52.6219 -0.1
      vertex 4.72812 -52.821 -0.1
    endloop
  endfacet
  facet normal 0 0 1
    outer loop
      vertex 6.5 -45.0625 -0.1
      vertex 4.27812 -52.494 -0.1
      vertex 4.52901 -52.6219 -0.1
    endloop
  endfacet
  facet normal 0 0 1
    outer loop
      vertex 6.5 -45.0625 -0.1
      vertex 4 -52.45 -0.1
      vertex 4.27812 -52.494 -0.1
    endloop
  endfacet
  facet normal 0 0 1
    outer loop
      vertex 6.5 -45.0625 -0.1
      vertex -4 -52.45 -0.1
      vertex 4 -52.45 -0.1
    endloop
  endfacet
  facet normal -0 0 1
    outer loop
      vertex -6.5 -45.0625 -0.1
      vertex -4 -52.45 -0.1
      vertex 6.5 -45.0625 -0.1
    endloop
  endfacet
  facet normal 0 0 1
    outer loop
      vertex -4 -52.45 -0.1
      vertex -6.5 -45.0625 -0.1
      vertex -4.27812 -52.494 -0.1
    endloop
  endfacet
  facet normal 0 0 1
    outer loop
      vertex -4.52901 -54.0781 -0.1
      vertex -5.67557 -55.218 -0.1
      vertex -5.11803 -55.5021 -0.1
    endloop
  endfacet
  facet normal 0 0 1
    outer loop
      vertex -6.5 -53.6 -0.1
      vertex -4.9 -53.35 -0.1
      vertex -4.85595 -53.0719 -0.1
    endloop
  endfacet
  facet normal 0 0 1
    outer loop
      vertex -4.85595 -53.6281 -0.1
      vertex -6.11803 -54.7756 -0.1
      vertex -5.67557 -55.218 -0.1
    endloop
  endfacet
  facet normal 0 0 1
    outer loop
      vertex -6.5 -53.6 -0.1
      vertex -4.85595 -53.0719 -0.1
      vertex -4.72812 -52.821 -0.1
    endloop
  endfacet
  facet normal 0 0 1
    outer loop
      vertex -4.85595 -53.6281 -0.1
      vertex -6.40211 -54.218 -0.1
      vertex -6.11803 -54.7756 -0.1
    endloop
  endfacet
  facet normal 0 0 1
    outer loop
      vertex -6.5 -53.6 -0.1
      vertex -4.72812 -52.821 -0.1
      vertex -4.52901 -52.6219 -0.1
    endloop
  endfacet
  facet normal 0 0 1
    outer loop
      vertex -4.27812 -52.494 -0.1
      vertex -6.5 -45.0625 -0.1
      vertex -4.52901 -52.6219 -0.1
    endloop
  endfacet
  facet normal 0 0 1
    outer loop
      vertex -6.5 -53.6 -0.1
      vertex -4.52901 -52.6219 -0.1
      vertex -6.5 -45.0625 -0.1
    endloop
  endfacet
  facet normal 0 0 1
    outer loop
      vertex -4.85595 -53.6281 -0.1
      vertex -6.5 -53.6 -0.1
      vertex -6.40211 -54.218 -0.1
    endloop
  endfacet
  facet normal 0 0 1
    outer loop
      vertex 6.11803 -54.7756 -0.1
      vertex 4.72812 -53.879 -0.1
      vertex 5.67557 -55.218 -0.1
    endloop
  endfacet
  facet normal -0 0 1
    outer loop
      vertex 4.52901 -54.0781 -0.1
      vertex 5.67557 -55.218 -0.1
      vertex 4.72812 -53.879 -0.1
    endloop
  endfacet
  facet normal 0 0 1
    outer loop
      vertex 5.67557 -55.218 -0.1
      vertex 4.52901 -54.0781 -0.1
      vertex 5.11803 -55.5021 -0.1
    endloop
  endfacet
  facet normal -0 0 1
    outer loop
      vertex 4.27812 -54.206 -0.1
      vertex 5.11803 -55.5021 -0.1
      vertex 4.52901 -54.0781 -0.1
    endloop
  endfacet
  facet normal 0 0 1
    outer loop
      vertex 5.11803 -55.5021 -0.1
      vertex 4.27812 -54.206 -0.1
      vertex 4.5 -55.6 -0.1
    endloop
  endfacet
  facet normal -0 0 1
    outer loop
      vertex 4 -54.25 -0.1
      vertex 4.5 -55.6 -0.1
      vertex 4.27812 -54.206 -0.1
    endloop
  endfacet
  facet normal -0 0 1
    outer loop
      vertex -4 -54.25 -0.1
      vertex 4.5 -55.6 -0.1
      vertex 4 -54.25 -0.1
    endloop
  endfacet
  facet normal 0 0 1
    outer loop
      vertex -4.5 -55.6 -0.1
      vertex -4 -54.25 -0.1
      vertex -4.27812 -54.206 -0.1
    endloop
  endfacet
  facet normal 0 0 1
    outer loop
      vertex -4 -54.25 -0.1
      vertex -4.5 -55.6 -0.1
      vertex 4.5 -55.6 -0.1
    endloop
  endfacet
  facet normal 0 0 1
    outer loop
      vertex -5.11803 -55.5021 -0.1
      vertex -4.27812 -54.206 -0.1
      vertex -4.52901 -54.0781 -0.1
    endloop
  endfacet
  facet normal 0 0 1
    outer loop
      vertex -5.67557 -55.218 -0.1
      vertex -4.52901 -54.0781 -0.1
      vertex -4.72812 -53.879 -0.1
    endloop
  endfacet
  facet normal 0 0 1
    outer loop
      vertex -5.67557 -55.218 -0.1
      vertex -4.72812 -53.879 -0.1
      vertex -4.85595 -53.6281 -0.1
    endloop
  endfacet
  facet normal 0 0 1
    outer loop
      vertex -4.27812 -54.206 -0.1
      vertex -5.11803 -55.5021 -0.1
      vertex -4.5 -55.6 -0.1
    endloop
  endfacet
  facet normal -0 0 1
    outer loop
      vertex -6.5 -53.6 -0.1
      vertex -4.85595 -53.6281 -0.1
      vertex -4.9 -53.35 -0.1
    endloop
  endfacet
  facet normal -0.454174 -0.890913 0
    outer loop
      vertex 4.27812 -52.494 -2.1
      vertex 4.52901 -52.6219 -0.1
      vertex 4.27812 -52.494 -0.1
    endloop
  endfacet
  facet normal -0.454174 -0.890913 -0
    outer loop
      vertex 4.52901 -52.6219 -0.1
      vertex 4.27812 -52.494 -2.1
      vertex 4.52901 -52.6219 -2.1
    endloop
  endfacet
  facet normal 0 1 -0
    outer loop
      vertex 4 -54.25 -2.1
      vertex -4 -54.25 -0.1
      vertex 4 -54.25 -0.1
    endloop
  endfacet
  facet normal 0 1 0
    outer loop
      vertex -4 -54.25 -0.1
      vertex 4 -54.25 -2.1
      vertex -4 -54.25 -2.1
    endloop
  endfacet
  facet normal -0.156262 -0.987716 0
    outer loop
      vertex 4 -52.45 -2.1
      vertex 4.27812 -52.494 -0.1
      vertex 4 -52.45 -0.1
    endloop
  endfacet
  facet normal -0.156262 -0.987716 -0
    outer loop
      vertex 4.27812 -52.494 -0.1
      vertex 4 -52.45 -2.1
      vertex 4.27812 -52.494 -2.1
    endloop
  endfacet
  facet normal 0.454174 -0.890913 0
    outer loop
      vertex -4.52901 -52.6219 -2.1
      vertex -4.27812 -52.494 -0.1
      vertex -4.52901 -52.6219 -0.1
    endloop
  endfacet
  facet normal 0.454174 -0.890913 0
    outer loop
      vertex -4.27812 -52.494 -0.1
      vertex -4.52901 -52.6219 -2.1
      vertex -4.27812 -52.494 -2.1
    endloop
  endfacet
  facet normal 0.707089 -0.707125 0
    outer loop
      vertex -4.72812 -52.821 -2.1
      vertex -4.52901 -52.6219 -0.1
      vertex -4.72812 -52.821 -0.1
    endloop
  endfacet
  facet normal 0.707089 -0.707125 0
    outer loop
      vertex -4.52901 -52.6219 -0.1
      vertex -4.72812 -52.821 -2.1
      vertex -4.52901 -52.6219 -2.1
    endloop
  endfacet
  facet normal -0.707089 -0.707125 0
    outer loop
      vertex 4.52901 -52.6219 -2.1
      vertex 4.72812 -52.821 -0.1
      vertex 4.52901 -52.6219 -0.1
    endloop
  endfacet
  facet normal -0.707089 -0.707125 -0
    outer loop
      vertex 4.72812 -52.821 -0.1
      vertex 4.52901 -52.6219 -2.1
      vertex 4.72812 -52.821 -2.1
    endloop
  endfacet
  facet normal -0.707089 0.707125 0
    outer loop
      vertex 4.72812 -53.879 -2.1
      vertex 4.52901 -54.0781 -0.1
      vertex 4.72812 -53.879 -0.1
    endloop
  endfacet
  facet normal -0.707089 0.707125 0
    outer loop
      vertex 4.52901 -54.0781 -0.1
      vertex 4.72812 -53.879 -2.1
      vertex 4.52901 -54.0781 -2.1
    endloop
  endfacet
  facet normal -0.987687 -0.156446 -4.52942e-19
    outer loop
      vertex 4.9 -53.35 -2.1
      vertex 4.85595 -53.0719 -0.1
      vertex 4.85595 -53.0719 -2.1
    endloop
  endfacet
  facet normal -0.987687 -0.156446 -4.52942e-19
    outer loop
      vertex 4.85595 -53.0719 -0.1
      vertex 4.9 -53.35 -2.1
      vertex 4.9 -53.35 -0.1
    endloop
  endfacet
  facet normal 0.891021 -0.453962 -1.95296e-18
    outer loop
      vertex -4.85595 -53.0719 -0.1
      vertex -4.72812 -52.821 -2.1
      vertex -4.72812 -52.821 -0.1
    endloop
  endfacet
  facet normal 0.891021 -0.453962 -1.95296e-18
    outer loop
      vertex -4.72812 -52.821 -2.1
      vertex -4.85595 -53.0719 -0.1
      vertex -4.85595 -53.0719 -2.1
    endloop
  endfacet
  facet normal 0 -1 0
    outer loop
      vertex -4 -52.45 -2.1
      vertex 4 -52.45 -0.1
      vertex -4 -52.45 -0.1
    endloop
  endfacet
  facet normal 0 -1 -0
    outer loop
      vertex 4 -52.45 -0.1
      vertex -4 -52.45 -2.1
      vertex 4 -52.45 -2.1
    endloop
  endfacet
  facet normal -0.987687 0.156446 4.52942e-19
    outer loop
      vertex 4.85595 -53.6281 -2.1
      vertex 4.9 -53.35 -0.1
      vertex 4.9 -53.35 -2.1
    endloop
  endfacet
  facet normal -0.987687 0.156446 4.52942e-19
    outer loop
      vertex 4.9 -53.35 -0.1
      vertex 4.85595 -53.6281 -2.1
      vertex 4.85595 -53.6281 -0.1
    endloop
  endfacet
  facet normal -0.891021 0.453962 -6.95227e-19
    outer loop
      vertex 4.72812 -53.879 -2.1
      vertex 4.85595 -53.6281 -0.1
      vertex 4.85595 -53.6281 -2.1
    endloop
  endfacet
  facet normal -0.891021 0.453962 -6.95227e-19
    outer loop
      vertex 4.85595 -53.6281 -0.1
      vertex 4.72812 -53.879 -2.1
      vertex 4.72812 -53.879 -0.1
    endloop
  endfacet
  facet normal -0.454174 0.890913 0
    outer loop
      vertex 4.52901 -54.0781 -2.1
      vertex 4.27812 -54.206 -0.1
      vertex 4.52901 -54.0781 -0.1
    endloop
  endfacet
  facet normal -0.454174 0.890913 0
    outer loop
      vertex 4.27812 -54.206 -0.1
      vertex 4.52901 -54.0781 -2.1
      vertex 4.27812 -54.206 -2.1
    endloop
  endfacet
  facet normal 0.454174 0.890913 -0
    outer loop
      vertex -4.27812 -54.206 -2.1
      vertex -4.52901 -54.0781 -0.1
      vertex -4.27812 -54.206 -0.1
    endloop
  endfacet
  facet normal 0.454174 0.890913 0
    outer loop
      vertex -4.52901 -54.0781 -0.1
      vertex -4.27812 -54.206 -2.1
      vertex -4.52901 -54.0781 -2.1
    endloop
  endfacet
  facet normal -0.156262 0.987716 0
    outer loop
      vertex 4.27812 -54.206 -2.1
      vertex 4 -54.25 -0.1
      vertex 4.27812 -54.206 -0.1
    endloop
  endfacet
  facet normal -0.156262 0.987716 0
    outer loop
      vertex 4 -54.25 -0.1
      vertex 4.27812 -54.206 -2.1
      vertex 4 -54.25 -2.1
    endloop
  endfacet
  facet normal -0.891021 -0.453962 1.95296e-18
    outer loop
      vertex 4.85595 -53.0719 -2.1
      vertex 4.72812 -52.821 -0.1
      vertex 4.72812 -52.821 -2.1
    endloop
  endfacet
  facet normal -0.891021 -0.453962 1.95296e-18
    outer loop
      vertex 4.72812 -52.821 -0.1
      vertex 4.85595 -53.0719 -2.1
      vertex 4.85595 -53.0719 -0.1
    endloop
  endfacet
  facet normal 0.987687 0.156446 -4.52942e-19
    outer loop
      vertex -4.85595 -53.6281 -0.1
      vertex -4.9 -53.35 -2.1
      vertex -4.9 -53.35 -0.1
    endloop
  endfacet
  facet normal 0.987687 0.156446 -4.52942e-19
    outer loop
      vertex -4.9 -53.35 -2.1
      vertex -4.85595 -53.6281 -0.1
      vertex -4.85595 -53.6281 -2.1
    endloop
  endfacet
  facet normal 0.156262 -0.987716 0
    outer loop
      vertex -4.27812 -52.494 -2.1
      vertex -4 -52.45 -0.1
      vertex -4.27812 -52.494 -0.1
    endloop
  endfacet
  facet normal 0.156262 -0.987716 0
    outer loop
      vertex -4 -52.45 -0.1
      vertex -4.27812 -52.494 -2.1
      vertex -4 -52.45 -2.1
    endloop
  endfacet
  facet normal 0.707089 0.707125 -0
    outer loop
      vertex -4.52901 -54.0781 -2.1
      vertex -4.72812 -53.879 -0.1
      vertex -4.52901 -54.0781 -0.1
    endloop
  endfacet
  facet normal 0.707089 0.707125 0
    outer loop
      vertex -4.72812 -53.879 -0.1
      vertex -4.52901 -54.0781 -2.1
      vertex -4.72812 -53.879 -2.1
    endloop
  endfacet
  facet normal 0.156262 0.987716 -0
    outer loop
      vertex -4 -54.25 -2.1
      vertex -4.27812 -54.206 -0.1
      vertex -4 -54.25 -0.1
    endloop
  endfacet
  facet normal 0.156262 0.987716 0
    outer loop
      vertex -4.27812 -54.206 -0.1
      vertex -4 -54.25 -2.1
      vertex -4.27812 -54.206 -2.1
    endloop
  endfacet
  facet normal 0.987687 -0.156446 4.52942e-19
    outer loop
      vertex -4.9 -53.35 -0.1
      vertex -4.85595 -53.0719 -2.1
      vertex -4.85595 -53.0719 -0.1
    endloop
  endfacet
  facet normal 0.987687 -0.156446 4.52942e-19
    outer loop
      vertex -4.85595 -53.0719 -2.1
      vertex -4.9 -53.35 -0.1
      vertex -4.9 -53.35 -2.1
    endloop
  endfacet
  facet normal 0.891021 0.453962 6.95227e-19
    outer loop
      vertex -4.72812 -53.879 -0.1
      vertex -4.85595 -53.6281 -2.1
      vertex -4.85595 -53.6281 -0.1
    endloop
  endfacet
  facet normal 0.891021 0.453962 6.95227e-19
    outer loop
      vertex -4.85595 -53.6281 -2.1
      vertex -4.72812 -53.879 -0.1
      vertex -4.72812 -53.879 -2.1
    endloop
  endfacet
  facet normal 1 -0 0
    outer loop
      vertex 9.75 -20.1 -3.1
      vertex 9.75 -18.1 -4.1
      vertex 9.75 -18.1 -2.6
    endloop
  endfacet
  facet normal 1 0 0
    outer loop
      vertex 9.75 -20.1 -3.1
      vertex 9.75 -18.1 -2.6
      vertex 9.75 -20.1 -2.6
    endloop
  endfacet
  facet normal 1 0 0
    outer loop
      vertex 9.75 -20.1 -8.89999
      vertex 9.75 -18.1 -4.1
      vertex 9.75 -20.1 -3.1
    endloop
  endfacet
  facet normal 1 0 0
    outer loop
      vertex 9.75 -18.1 -4.1
      vertex 9.75 -20.1 -8.89999
      vertex 9.75 -19.1 -8.89999
    endloop
  endfacet
  facet normal 1 0 -0
    outer loop
      vertex 9.75 -20.1 -8.89999
      vertex 9.75 -20.1 -3.1
      vertex 9.75 -21.1 -3.1
    endloop
  endfacet
  facet normal 1 0 0
    outer loop
      vertex 9.75 -18.1 -4.1
      vertex 9.75 -17.3 -5.89999
      vertex 9.75 -17.3 -4.89999
    endloop
  endfacet
  facet normal 1 0 0
    outer loop
      vertex 9.75 -17.3 -5.89999
      vertex 9.75 -18.1 -4.1
      vertex 9.75 -19.1 -8.89999
    endloop
  endfacet
  facet normal -1 0 0
    outer loop
      vertex -9.75 -20.1 -8.89999
      vertex -9.75 -21.1 -3.1
      vertex -9.75 -20.1 -3.1
    endloop
  endfacet
  facet normal -1 0 0
    outer loop
      vertex -9.75 -17.3 -5.89999
      vertex -9.75 -18.1 -4.1
      vertex -9.75 -17.3 -4.89999
    endloop
  endfacet
  facet normal -1 0 0
    outer loop
      vertex -9.75 -20.1 -8.89999
      vertex -9.75 -17.3 -5.89999
      vertex -9.75 -19.1 -8.89999
    endloop
  endfacet
  facet normal -1 -0 0
    outer loop
      vertex -9.75 -17.3 -5.89999
      vertex -9.75 -20.1 -8.89999
      vertex -9.75 -18.1 -4.1
    endloop
  endfacet
  facet normal -1 -0 0
    outer loop
      vertex -9.75 -18.1 -4.1
      vertex -9.75 -20.1 -8.89999
      vertex -9.75 -20.1 -3.1
    endloop
  endfacet
  facet normal -1 0 0
    outer loop
      vertex -9.75 -18.1 -4.1
      vertex -9.75 -20.1 -3.1
      vertex -9.75 -18.1 -2.6
    endloop
  endfacet
  facet normal -1 -0 0
    outer loop
      vertex -9.75 -18.1 -2.6
      vertex -9.75 -20.1 -3.1
      vertex -9.75 -20.1 -2.6
    endloop
  endfacet
  facet normal 2.41586e-18 0.707102 0.707111
    outer loop
      vertex 9.75 -17.3 -4.89999
      vertex -9.75 -18.1 -4.1
      vertex 9.75 -18.1 -4.1
    endloop
  endfacet
  facet normal 2.41586e-18 0.707102 0.707111
    outer loop
      vertex -9.75 -18.1 -4.1
      vertex 9.75 -17.3 -4.89999
      vertex -9.75 -17.3 -4.89999
    endloop
  endfacet
  facet normal 0 1 -0
    outer loop
      vertex 9.75 -17.3 -5.89999
      vertex -9.75 -17.3 -4.89999
      vertex 9.75 -17.3 -4.89999
    endloop
  endfacet
  facet normal 0 1 0
    outer loop
      vertex -9.75 -17.3 -4.89999
      vertex 9.75 -17.3 -5.89999
      vertex -9.75 -17.3 -5.89999
    endloop
  endfacet
  facet normal -2.60378e-18 0.857493 -0.514496
    outer loop
      vertex 9.75 -19.1 -8.89999
      vertex -9.75 -17.3 -5.89999
      vertex 9.75 -17.3 -5.89999
    endloop
  endfacet
  facet normal -2.60378e-18 0.857493 -0.514496
    outer loop
      vertex -9.75 -17.3 -5.89999
      vertex 9.75 -19.1 -8.89999
      vertex -9.75 -19.1 -8.89999
    endloop
  endfacet
  facet normal 0 0 -1
    outer loop
      vertex -9.75 -20.1 -8.89999
      vertex 9.75 -19.1 -8.89999
      vertex 9.75 -20.1 -8.89999
    endloop
  endfacet
  facet normal -0 0 -1
    outer loop
      vertex 9.75 -19.1 -8.89999
      vertex -9.75 -20.1 -8.89999
      vertex -9.75 -19.1 -8.89999
    endloop
  endfacet
  facet normal 0 -0.98546 -0.169907
    outer loop
      vertex -9.75 -20.1 -8.89999
      vertex 9.75 -21.1 -3.1
      vertex -9.75 -21.1 -3.1
    endloop
  endfacet
  facet normal 0 -0.98546 -0.169907
    outer loop
      vertex 9.75 -21.1 -3.1
      vertex -9.75 -20.1 -8.89999
      vertex 9.75 -20.1 -8.89999
    endloop
  endfacet
  facet normal -0 0 1
    outer loop
      vertex -9.75 -20.1 -3.1
      vertex 9.75 -21.1 -3.1
      vertex 9.75 -20.1 -3.1
    endloop
  endfacet
  facet normal 0 0 1
    outer loop
      vertex 9.75 -21.1 -3.1
      vertex -9.75 -20.1 -3.1
      vertex -9.75 -21.1 -3.1
    endloop
  endfacet
  facet normal 0 -1 0
    outer loop
      vertex -9.75 -20.1 -3.1
      vertex 9.75 -20.1 -2.6
      vertex -9.75 -20.1 -2.6
    endloop
  endfacet
  facet normal 0 -1 -0
    outer loop
      vertex 9.75 -20.1 -2.6
      vertex -9.75 -20.1 -3.1
      vertex 9.75 -20.1 -3.1
    endloop
  endfacet
  facet normal 0 1 -0
    outer loop
      vertex 9.75 -18.1 -4.1
      vertex -9.75 -18.1 -2.6
      vertex 9.75 -18.1 -2.6
    endloop
  endfacet
  facet normal 0 1 0
    outer loop
      vertex -9.75 -18.1 -2.6
      vertex 9.75 -18.1 -4.1
      vertex -9.75 -18.1 -4.1
    endloop
  endfacet
endsolid OpenSCAD_Model
